{
  "rmsd": 3.9,
  "rmsd_method": "C-alpha coordinates",
  "rmsd_tool": "BioPython",
  "docking": {
    "average_affinity": -4.702,
    "runs": [
      {
        "run": 1,
        "seed": 622364,
        "average": {
          "affinity": -4.689,
          "rmsd_l_b": 3.399,
          "rmsd_u_b": 5.77
        },
        "modes": [
          {
            "mode": 1,
            "affinity": -5.0,
            "rmsd_l_b": 0.0,
            "rmsd_u_b": 0.0
          },
          {
            "mode": 2,
            "affinity": -4.9,
            "rmsd_l_b": 2.811,
            "rmsd_u_b": 5.347
          },
          {
            "mode": 3,
            "affinity": -4.9,
            "rmsd_l_b": 2.049,
            "rmsd_u_b": 2.771
          },
          {
            "mode": 4,
            "affinity": -4.8,
            "rmsd_l_b": 2.165,
            "rmsd_u_b": 2.692
          },
          {
            "mode": 5,
            "affinity": -4.6,
            "rmsd_l_b": 7.372,
            "rmsd_u_b": 11.806
          },
          {
            "mode": 6,
            "affinity": -4.5,
            "rmsd_l_b": 2.559,
            "rmsd_u_b": 5.432
          },
          {
            "mode": 7,
            "affinity": -4.5,
            "rmsd_l_b": 3.005,
            "rmsd_u_b": 5.56
          },
          {
            "mode": 8,
            "affinity": -4.5,
            "rmsd_l_b": 3.235,
            "rmsd_u_b": 7.382
          },
          {
            "mode": 9,
            "affinity": -4.5,
            "rmsd_l_b": 7.391,
            "rmsd_u_b": 10.941
          }
        ]
      },
      {
        "run": 2,
        "seed": 796076,
        "average": {
          "affinity": -4.567,
          "rmsd_l_b": 3.732,
          "rmsd_u_b": 6.08
        },
        "modes": [
          {
            "mode": 1,
            "affinity": -4.8,
            "rmsd_l_b": 0.0,
            "rmsd_u_b": 0.0
          },
          {
            "mode": 2,
            "affinity": -4.8,
            "rmsd_l_b": 2.749,
            "rmsd_u_b": 5.461
          },
          {
            "mode": 3,
            "affinity": -4.8,
            "rmsd_l_b": 2.029,
            "rmsd_u_b": 2.687
          },
          {
            "mode": 4,
            "affinity": -4.7,
            "rmsd_l_b": 2.138,
            "rmsd_u_b": 2.856
          },
          {
            "mode": 5,
            "affinity": -4.5,
            "rmsd_l_b": 2.954,
            "rmsd_u_b": 5.607
          },
          {
            "mode": 6,
            "affinity": -4.4,
            "rmsd_l_b": 10.246,
            "rmsd_u_b": 13.406
          },
          {
            "mode": 7,
            "affinity": -4.4,
            "rmsd_l_b": 2.522,
            "rmsd_u_b": 5.457
          },
          {
            "mode": 8,
            "affinity": -4.4,
            "rmsd_l_b": 7.863,
            "rmsd_u_b": 11.926
          },
          {
            "mode": 9,
            "affinity": -4.3,
            "rmsd_l_b": 3.087,
            "rmsd_u_b": 7.323
          }
        ]
      },
      {
        "run": 3,
        "seed": 737228,
        "average": {
          "affinity": -4.844,
          "rmsd_l_b": 5.444,
          "rmsd_u_b": 8.024
        },
        "modes": [
          {
            "mode": 1,
            "affinity": -5.2,
            "rmsd_l_b": 0.0,
            "rmsd_u_b": 0.0
          },
          {
            "mode": 2,
            "affinity": -5.1,
            "rmsd_l_b": 2.775,
            "rmsd_u_b": 5.397
          },
          {
            "mode": 3,
            "affinity": -5.1,
            "rmsd_l_b": 2.316,
            "rmsd_u_b": 5.089
          },
          {
            "mode": 4,
            "affinity": -4.8,
            "rmsd_l_b": 3.256,
            "rmsd_u_b": 7.4
          },
          {
            "mode": 5,
            "affinity": -4.8,
            "rmsd_l_b": 7.997,
            "rmsd_u_b": 10.505
          },
          {
            "mode": 6,
            "affinity": -4.7,
            "rmsd_l_b": 9.675,
            "rmsd_u_b": 13.451
          },
          {
            "mode": 7,
            "affinity": -4.7,
            "rmsd_l_b": 2.964,
            "rmsd_u_b": 5.656
          },
          {
            "mode": 8,
            "affinity": -4.7,
            "rmsd_l_b": 9.54,
            "rmsd_u_b": 12.346
          },
          {
            "mode": 9,
            "affinity": -4.5,
            "rmsd_l_b": 10.477,
            "rmsd_u_b": 12.369
          }
        ]
      },
      {
        "run": 4,
        "seed": 788,
        "average": {
          "affinity": -4.389,
          "rmsd_l_b": 3.705,
          "rmsd_u_b": 6.022
        },
        "modes": [
          {
            "mode": 1,
            "affinity": -4.6,
            "rmsd_l_b": 0.0,
            "rmsd_u_b": 0.0
          },
          {
            "mode": 2,
            "affinity": -4.6,
            "rmsd_l_b": 2.849,
            "rmsd_u_b": 5.524
          },
          {
            "mode": 3,
            "affinity": -4.6,
            "rmsd_l_b": 1.913,
            "rmsd_u_b": 2.406
          },
          {
            "mode": 4,
            "affinity": -4.5,
            "rmsd_l_b": 1.903,
            "rmsd_u_b": 2.48
          },
          {
            "mode": 5,
            "affinity": -4.3,
            "rmsd_l_b": 3.035,
            "rmsd_u_b": 7.371
          },
          {
            "mode": 6,
            "affinity": -4.3,
            "rmsd_l_b": 2.562,
            "rmsd_u_b": 5.746
          },
          {
            "mode": 7,
            "affinity": -4.2,
            "rmsd_l_b": 10.344,
            "rmsd_u_b": 13.261
          },
          {
            "mode": 8,
            "affinity": -4.2,
            "rmsd_l_b": 7.773,
            "rmsd_u_b": 11.863
          },
          {
            "mode": 9,
            "affinity": -4.2,
            "rmsd_l_b": 2.966,
            "rmsd_u_b": 5.544
          }
        ]
      },
      {
        "run": 5,
        "seed": 959784,
        "average": {
          "affinity": -4.644,
          "rmsd_l_b": 3.814,
          "rmsd_u_b": 6.019
        },
        "modes": [
          {
            "mode": 1,
            "affinity": -4.9,
            "rmsd_l_b": 0.0,
            "rmsd_u_b": 0.0
          },
          {
            "mode": 2,
            "affinity": -4.9,
            "rmsd_l_b": 2.094,
            "rmsd_u_b": 2.812
          },
          {
            "mode": 3,
            "affinity": -4.8,
            "rmsd_l_b": 2.844,
            "rmsd_u_b": 5.4
          },
          {
            "mode": 4,
            "affinity": -4.8,
            "rmsd_l_b": 2.265,
            "rmsd_u_b": 2.878
          },
          {
            "mode": 5,
            "affinity": -4.5,
            "rmsd_l_b": 7.973,
            "rmsd_u_b": 11.866
          },
          {
            "mode": 6,
            "affinity": -4.5,
            "rmsd_l_b": 6.159,
            "rmsd_u_b": 9.101
          },
          {
            "mode": 7,
            "affinity": -4.5,
            "rmsd_l_b": 2.609,
            "rmsd_u_b": 5.521
          },
          {
            "mode": 8,
            "affinity": -4.5,
            "rmsd_l_b": 2.959,
            "rmsd_u_b": 5.58
          },
          {
            "mode": 9,
            "affinity": -4.4,
            "rmsd_l_b": 7.421,
            "rmsd_u_b": 11.01
          }
        ]
      },
      {
        "run": 6,
        "seed": 951418,
        "average": {
          "affinity": -4.656,
          "rmsd_l_b": 3.424,
          "rmsd_u_b": 5.86
        },
        "modes": [
          {
            "mode": 1,
            "affinity": -4.9,
            "rmsd_l_b": 0.0,
            "rmsd_u_b": 0.0
          },
          {
            "mode": 2,
            "affinity": -4.9,
            "rmsd_l_b": 2.131,
            "rmsd_u_b": 2.789
          },
          {
            "mode": 3,
            "affinity": -4.9,
            "rmsd_l_b": 2.81,
            "rmsd_u_b": 5.409
          },
          {
            "mode": 4,
            "affinity": -4.8,
            "rmsd_l_b": 2.232,
            "rmsd_u_b": 2.873
          },
          {
            "mode": 5,
            "affinity": -4.5,
            "rmsd_l_b": 2.889,
            "rmsd_u_b": 5.869
          },
          {
            "mode": 6,
            "affinity": -4.5,
            "rmsd_l_b": 7.524,
            "rmsd_u_b": 11.884
          },
          {
            "mode": 7,
            "affinity": -4.5,
            "rmsd_l_b": 2.581,
            "rmsd_u_b": 5.46
          },
          {
            "mode": 8,
            "affinity": -4.5,
            "rmsd_l_b": 3.193,
            "rmsd_u_b": 7.401
          },
          {
            "mode": 9,
            "affinity": -4.4,
            "rmsd_l_b": 7.459,
            "rmsd_u_b": 11.051
          }
        ]
      },
      {
        "run": 7,
        "seed": 666221,
        "average": {
          "affinity": -4.744,
          "rmsd_l_b": 4.873,
          "rmsd_u_b": 7.629
        },
        "modes": [
          {
            "mode": 1,
            "affinity": -5.1,
            "rmsd_l_b": 0.0,
            "rmsd_u_b": 0.0
          },
          {
            "mode": 2,
            "affinity": -4.9,
            "rmsd_l_b": 1.555,
            "rmsd_u_b": 2.035
          },
          {
            "mode": 3,
            "affinity": -4.7,
            "rmsd_l_b": 8.856,
            "rmsd_u_b": 12.468
          },
          {
            "mode": 4,
            "affinity": -4.7,
            "rmsd_l_b": 3.587,
            "rmsd_u_b": 6.898
          },
          {
            "mode": 5,
            "affinity": -4.7,
            "rmsd_l_b": 3.185,
            "rmsd_u_b": 8.014
          },
          {
            "mode": 6,
            "affinity": -4.7,
            "rmsd_l_b": 1.915,
            "rmsd_u_b": 5.156
          },
          {
            "mode": 7,
            "affinity": -4.7,
            "rmsd_l_b": 9.204,
            "rmsd_u_b": 12.119
          },
          {
            "mode": 8,
            "affinity": -4.6,
            "rmsd_l_b": 7.249,
            "rmsd_u_b": 10.353
          },
          {
            "mode": 9,
            "affinity": -4.6,
            "rmsd_l_b": 8.309,
            "rmsd_u_b": 11.615
          }
        ]
      },
      {
        "run": 8,
        "seed": 360014,
        "average": {
          "affinity": -4.689,
          "rmsd_l_b": 4.132,
          "rmsd_u_b": 6.331
        },
        "modes": [
          {
            "mode": 1,
            "affinity": -5.0,
            "rmsd_l_b": 0.0,
            "rmsd_u_b": 0.0
          },
          {
            "mode": 2,
            "affinity": -4.9,
            "rmsd_l_b": 1.552,
            "rmsd_u_b": 2.213
          },
          {
            "mode": 3,
            "affinity": -4.9,
            "rmsd_l_b": 1.528,
            "rmsd_u_b": 1.855
          },
          {
            "mode": 4,
            "affinity": -4.7,
            "rmsd_l_b": 1.87,
            "rmsd_u_b": 5.113
          },
          {
            "mode": 5,
            "affinity": -4.6,
            "rmsd_l_b": 8.884,
            "rmsd_u_b": 12.603
          },
          {
            "mode": 6,
            "affinity": -4.6,
            "rmsd_l_b": 8.298,
            "rmsd_u_b": 11.616
          },
          {
            "mode": 7,
            "affinity": -4.6,
            "rmsd_l_b": 2.859,
            "rmsd_u_b": 6.248
          },
          {
            "mode": 8,
            "affinity": -4.5,
            "rmsd_l_b": 2.226,
            "rmsd_u_b": 5.063
          },
          {
            "mode": 9,
            "affinity": -4.4,
            "rmsd_l_b": 9.969,
            "rmsd_u_b": 12.265
          }
        ]
      },
      {
        "run": 9,
        "seed": 56749,
        "average": {
          "affinity": -4.378,
          "rmsd_l_b": 3.733,
          "rmsd_u_b": 6.033
        },
        "modes": [
          {
            "mode": 1,
            "affinity": -4.6,
            "rmsd_l_b": 0.0,
            "rmsd_u_b": 0.0
          },
          {
            "mode": 2,
            "affinity": -4.6,
            "rmsd_l_b": 2.843,
            "rmsd_u_b": 5.537
          },
          {
            "mode": 3,
            "affinity": -4.5,
            "rmsd_l_b": 1.89,
            "rmsd_u_b": 2.399
          },
          {
            "mode": 4,
            "affinity": -4.5,
            "rmsd_l_b": 1.914,
            "rmsd_u_b": 2.493
          },
          {
            "mode": 5,
            "affinity": -4.3,
            "rmsd_l_b": 7.617,
            "rmsd_u_b": 11.793
          },
          {
            "mode": 6,
            "affinity": -4.3,
            "rmsd_l_b": 2.979,
            "rmsd_u_b": 5.619
          },
          {
            "mode": 7,
            "affinity": -4.2,
            "rmsd_l_b": 3.098,
            "rmsd_u_b": 7.426
          },
          {
            "mode": 8,
            "affinity": -4.2,
            "rmsd_l_b": 2.962,
            "rmsd_u_b": 5.808
          },
          {
            "mode": 9,
            "affinity": -4.2,
            "rmsd_l_b": 10.293,
            "rmsd_u_b": 13.223
          }
        ]
      },
      {
        "run": 10,
        "seed": 823554,
        "average": {
          "affinity": -4.756,
          "rmsd_l_b": 4.097,
          "rmsd_u_b": 6.669
        },
        "modes": [
          {
            "mode": 1,
            "affinity": -5.1,
            "rmsd_l_b": 0.0,
            "rmsd_u_b": 0.0
          },
          {
            "mode": 2,
            "affinity": -4.9,
            "rmsd_l_b": 1.546,
            "rmsd_u_b": 2.152
          },
          {
            "mode": 3,
            "affinity": -4.7,
            "rmsd_l_b": 2.237,
            "rmsd_u_b": 4.825
          },
          {
            "mode": 4,
            "affinity": -4.7,
            "rmsd_l_b": 1.883,
            "rmsd_u_b": 5.159
          },
          {
            "mode": 5,
            "affinity": -4.7,
            "rmsd_l_b": 3.392,
            "rmsd_u_b": 6.44
          },
          {
            "mode": 6,
            "affinity": -4.7,
            "rmsd_l_b": 9.367,
            "rmsd_u_b": 12.268
          },
          {
            "mode": 7,
            "affinity": -4.7,
            "rmsd_l_b": 1.849,
            "rmsd_u_b": 5.202
          },
          {
            "mode": 8,
            "affinity": -4.7,
            "rmsd_l_b": 8.303,
            "rmsd_u_b": 12.369
          },
          {
            "mode": 9,
            "affinity": -4.6,
            "rmsd_l_b": 8.294,
            "rmsd_u_b": 11.605
          }
        ]
      },
      {
        "run": 11,
        "seed": 713315,
        "average": {
          "affinity": -4.522,
          "rmsd_l_b": 2.968,
          "rmsd_u_b": 5.201
        },
        "modes": [
          {
            "mode": 1,
            "affinity": -4.8,
            "rmsd_l_b": 0.0,
            "rmsd_u_b": 0.0
          },
          {
            "mode": 2,
            "affinity": -4.8,
            "rmsd_l_b": 2.062,
            "rmsd_u_b": 2.765
          },
          {
            "mode": 3,
            "affinity": -4.6,
            "rmsd_l_b": 2.12,
            "rmsd_u_b": 2.677
          },
          {
            "mode": 4,
            "affinity": -4.5,
            "rmsd_l_b": 2.536,
            "rmsd_u_b": 5.322
          },
          {
            "mode": 5,
            "affinity": -4.4,
            "rmsd_l_b": 3.081,
            "rmsd_u_b": 7.321
          },
          {
            "mode": 6,
            "affinity": -4.4,
            "rmsd_l_b": 2.776,
            "rmsd_u_b": 5.307
          },
          {
            "mode": 7,
            "affinity": -4.4,
            "rmsd_l_b": 2.975,
            "rmsd_u_b": 5.661
          },
          {
            "mode": 8,
            "affinity": -4.4,
            "rmsd_l_b": 8.17,
            "rmsd_u_b": 11.862
          },
          {
            "mode": 9,
            "affinity": -4.4,
            "rmsd_l_b": 2.991,
            "rmsd_u_b": 5.896
          }
        ]
      },
      {
        "run": 12,
        "seed": 472487,
        "average": {
          "affinity": -4.722,
          "rmsd_l_b": 2.73,
          "rmsd_u_b": 4.774
        },
        "modes": [
          {
            "mode": 1,
            "affinity": -5.0,
            "rmsd_l_b": 0.0,
            "rmsd_u_b": 0.0
          },
          {
            "mode": 2,
            "affinity": -4.9,
            "rmsd_l_b": 2.812,
            "rmsd_u_b": 5.378
          },
          {
            "mode": 3,
            "affinity": -4.9,
            "rmsd_l_b": 2.04,
            "rmsd_u_b": 2.759
          },
          {
            "mode": 4,
            "affinity": -4.8,
            "rmsd_l_b": 2.171,
            "rmsd_u_b": 2.813
          },
          {
            "mode": 5,
            "affinity": -4.6,
            "rmsd_l_b": 1.157,
            "rmsd_u_b": 1.739
          },
          {
            "mode": 6,
            "affinity": -4.6,
            "rmsd_l_b": 2.997,
            "rmsd_u_b": 5.616
          },
          {
            "mode": 7,
            "affinity": -4.6,
            "rmsd_l_b": 3.286,
            "rmsd_u_b": 7.396
          },
          {
            "mode": 8,
            "affinity": -4.6,
            "rmsd_l_b": 2.571,
            "rmsd_u_b": 5.42
          },
          {
            "mode": 9,
            "affinity": -4.5,
            "rmsd_l_b": 7.532,
            "rmsd_u_b": 11.842
          }
        ]
      },
      {
        "run": 13,
        "seed": 74655,
        "average": {
          "affinity": -4.322,
          "rmsd_l_b": 4.234,
          "rmsd_u_b": 6.8
        },
        "modes": [
          {
            "mode": 1,
            "affinity": -4.6,
            "rmsd_l_b": 0.0,
            "rmsd_u_b": 0.0
          },
          {
            "mode": 2,
            "affinity": -4.6,
            "rmsd_l_b": 1.916,
            "rmsd_u_b": 2.337
          },
          {
            "mode": 3,
            "affinity": -4.5,
            "rmsd_l_b": 1.864,
            "rmsd_u_b": 2.422
          },
          {
            "mode": 4,
            "affinity": -4.3,
            "rmsd_l_b": 7.633,
            "rmsd_u_b": 11.825
          },
          {
            "mode": 5,
            "affinity": -4.3,
            "rmsd_l_b": 3.214,
            "rmsd_u_b": 7.427
          },
          {
            "mode": 6,
            "affinity": -4.2,
            "rmsd_l_b": 2.574,
            "rmsd_u_b": 5.708
          },
          {
            "mode": 7,
            "affinity": -4.2,
            "rmsd_l_b": 10.329,
            "rmsd_u_b": 13.293
          },
          {
            "mode": 8,
            "affinity": -4.1,
            "rmsd_l_b": 2.838,
            "rmsd_u_b": 7.054
          },
          {
            "mode": 9,
            "affinity": -4.1,
            "rmsd_l_b": 7.741,
            "rmsd_u_b": 11.138
          }
        ]
      },
      {
        "run": 14,
        "seed": 336497,
        "average": {
          "affinity": -4.844,
          "rmsd_l_b": 4.018,
          "rmsd_u_b": 6.012
        },
        "modes": [
          {
            "mode": 1,
            "affinity": -5.2,
            "rmsd_l_b": 0.0,
            "rmsd_u_b": 0.0
          },
          {
            "mode": 2,
            "affinity": -5.1,
            "rmsd_l_b": 2.324,
            "rmsd_u_b": 5.032
          },
          {
            "mode": 3,
            "affinity": -5.0,
            "rmsd_l_b": 3.186,
            "rmsd_u_b": 5.637
          },
          {
            "mode": 4,
            "affinity": -4.8,
            "rmsd_l_b": 2.069,
            "rmsd_u_b": 2.845
          },
          {
            "mode": 5,
            "affinity": -4.8,
            "rmsd_l_b": 8.57,
            "rmsd_u_b": 11.454
          },
          {
            "mode": 6,
            "affinity": -4.7,
            "rmsd_l_b": 2.954,
            "rmsd_u_b": 5.676
          },
          {
            "mode": 7,
            "affinity": -4.7,
            "rmsd_l_b": 9.591,
            "rmsd_u_b": 12.367
          },
          {
            "mode": 8,
            "affinity": -4.7,
            "rmsd_l_b": 2.012,
            "rmsd_u_b": 2.742
          },
          {
            "mode": 9,
            "affinity": -4.6,
            "rmsd_l_b": 5.46,
            "rmsd_u_b": 8.352
          }
        ]
      },
      {
        "run": 15,
        "seed": 727903,
        "average": {
          "affinity": -4.611,
          "rmsd_l_b": 4.285,
          "rmsd_u_b": 6.836
        },
        "modes": [
          {
            "mode": 1,
            "affinity": -5.0,
            "rmsd_l_b": 0.0,
            "rmsd_u_b": 0.0
          },
          {
            "mode": 2,
            "affinity": -4.9,
            "rmsd_l_b": 2.102,
            "rmsd_u_b": 2.799
          },
          {
            "mode": 3,
            "affinity": -4.8,
            "rmsd_l_b": 2.205,
            "rmsd_u_b": 2.767
          },
          {
            "mode": 4,
            "affinity": -4.5,
            "rmsd_l_b": 7.472,
            "rmsd_u_b": 11.866
          },
          {
            "mode": 5,
            "affinity": -4.5,
            "rmsd_l_b": 2.584,
            "rmsd_u_b": 5.425
          },
          {
            "mode": 6,
            "affinity": -4.5,
            "rmsd_l_b": 10.283,
            "rmsd_u_b": 13.425
          },
          {
            "mode": 7,
            "affinity": -4.5,
            "rmsd_l_b": 3.152,
            "rmsd_u_b": 7.3
          },
          {
            "mode": 8,
            "affinity": -4.4,
            "rmsd_l_b": 3.342,
            "rmsd_u_b": 6.92
          },
          {
            "mode": 9,
            "affinity": -4.4,
            "rmsd_l_b": 7.425,
            "rmsd_u_b": 11.024
          }
        ]
      },
      {
        "run": 16,
        "seed": 938842,
        "average": {
          "affinity": -4.922,
          "rmsd_l_b": 4.36,
          "rmsd_u_b": 6.679
        },
        "modes": [
          {
            "mode": 1,
            "affinity": -5.2,
            "rmsd_l_b": 0.0,
            "rmsd_u_b": 0.0
          },
          {
            "mode": 2,
            "affinity": -5.2,
            "rmsd_l_b": 2.333,
            "rmsd_u_b": 5.031
          },
          {
            "mode": 3,
            "affinity": -5.1,
            "rmsd_l_b": 2.85,
            "rmsd_u_b": 5.591
          },
          {
            "mode": 4,
            "affinity": -5.0,
            "rmsd_l_b": 3.193,
            "rmsd_u_b": 5.612
          },
          {
            "mode": 5,
            "affinity": -4.8,
            "rmsd_l_b": 3.289,
            "rmsd_u_b": 7.445
          },
          {
            "mode": 6,
            "affinity": -4.8,
            "rmsd_l_b": 1.332,
            "rmsd_u_b": 2.003
          },
          {
            "mode": 7,
            "affinity": -4.8,
            "rmsd_l_b": 8.641,
            "rmsd_u_b": 11.557
          },
          {
            "mode": 8,
            "affinity": -4.7,
            "rmsd_l_b": 8.001,
            "rmsd_u_b": 10.516
          },
          {
            "mode": 9,
            "affinity": -4.7,
            "rmsd_l_b": 9.598,
            "rmsd_u_b": 12.36
          }
        ]
      },
      {
        "run": 17,
        "seed": 31511,
        "average": {
          "affinity": -4.978,
          "rmsd_l_b": 4.316,
          "rmsd_u_b": 6.447
        },
        "modes": [
          {
            "mode": 1,
            "affinity": -5.2,
            "rmsd_l_b": 0.0,
            "rmsd_u_b": 0.0
          },
          {
            "mode": 2,
            "affinity": -5.2,
            "rmsd_l_b": 2.328,
            "rmsd_u_b": 5.057
          },
          {
            "mode": 3,
            "affinity": -5.1,
            "rmsd_l_b": 2.753,
            "rmsd_u_b": 5.315
          },
          {
            "mode": 4,
            "affinity": -5.1,
            "rmsd_l_b": 3.181,
            "rmsd_u_b": 5.61
          },
          {
            "mode": 5,
            "affinity": -4.9,
            "rmsd_l_b": 2.188,
            "rmsd_u_b": 2.89
          },
          {
            "mode": 6,
            "affinity": -4.9,
            "rmsd_l_b": 1.313,
            "rmsd_u_b": 1.985
          },
          {
            "mode": 7,
            "affinity": -4.8,
            "rmsd_l_b": 9.384,
            "rmsd_u_b": 13.206
          },
          {
            "mode": 8,
            "affinity": -4.8,
            "rmsd_l_b": 9.688,
            "rmsd_u_b": 13.444
          },
          {
            "mode": 9,
            "affinity": -4.8,
            "rmsd_l_b": 8.009,
            "rmsd_u_b": 10.514
          }
        ]
      },
      {
        "run": 18,
        "seed": 369136,
        "average": {
          "affinity": -4.967,
          "rmsd_l_b": 3.879,
          "rmsd_u_b": 6.417
        },
        "modes": [
          {
            "mode": 1,
            "affinity": -5.2,
            "rmsd_l_b": 0.0,
            "rmsd_u_b": 0.0
          },
          {
            "mode": 2,
            "affinity": -5.2,
            "rmsd_l_b": 2.337,
            "rmsd_u_b": 5.067
          },
          {
            "mode": 3,
            "affinity": -5.2,
            "rmsd_l_b": 2.782,
            "rmsd_u_b": 5.42
          },
          {
            "mode": 4,
            "affinity": -5.1,
            "rmsd_l_b": 3.179,
            "rmsd_u_b": 5.594
          },
          {
            "mode": 5,
            "affinity": -4.9,
            "rmsd_l_b": 4.296,
            "rmsd_u_b": 8.154
          },
          {
            "mode": 6,
            "affinity": -4.8,
            "rmsd_l_b": 1.345,
            "rmsd_u_b": 2.034
          },
          {
            "mode": 7,
            "affinity": -4.8,
            "rmsd_l_b": 9.562,
            "rmsd_u_b": 13.344
          },
          {
            "mode": 8,
            "affinity": -4.8,
            "rmsd_l_b": 3.421,
            "rmsd_u_b": 7.622
          },
          {
            "mode": 9,
            "affinity": -4.7,
            "rmsd_l_b": 7.991,
            "rmsd_u_b": 10.515
          }
        ]
      },
      {
        "run": 19,
        "seed": 298031,
        "average": {
          "affinity": -4.811,
          "rmsd_l_b": 3.438,
          "rmsd_u_b": 5.922
        },
        "modes": [
          {
            "mode": 1,
            "affinity": -5.1,
            "rmsd_l_b": 0.0,
            "rmsd_u_b": 0.0
          },
          {
            "mode": 2,
            "affinity": -5.0,
            "rmsd_l_b": 2.358,
            "rmsd_u_b": 5.018
          },
          {
            "mode": 3,
            "affinity": -5.0,
            "rmsd_l_b": 1.566,
            "rmsd_u_b": 2.129
          },
          {
            "mode": 4,
            "affinity": -4.8,
            "rmsd_l_b": 8.266,
            "rmsd_u_b": 12.393
          },
          {
            "mode": 5,
            "affinity": -4.7,
            "rmsd_l_b": 1.752,
            "rmsd_u_b": 2.426
          },
          {
            "mode": 6,
            "affinity": -4.7,
            "rmsd_l_b": 1.869,
            "rmsd_u_b": 5.095
          },
          {
            "mode": 7,
            "affinity": -4.7,
            "rmsd_l_b": 3.081,
            "rmsd_u_b": 7.931
          },
          {
            "mode": 8,
            "affinity": -4.7,
            "rmsd_l_b": 9.185,
            "rmsd_u_b": 12.051
          },
          {
            "mode": 9,
            "affinity": -4.6,
            "rmsd_l_b": 2.864,
            "rmsd_u_b": 6.253
          }
        ]
      },
      {
        "run": 20,
        "seed": 126253,
        "average": {
          "affinity": -4.978,
          "rmsd_l_b": 3.596,
          "rmsd_u_b": 5.781
        },
        "modes": [
          {
            "mode": 1,
            "affinity": -5.2,
            "rmsd_l_b": 0.0,
            "rmsd_u_b": 0.0
          },
          {
            "mode": 2,
            "affinity": -5.2,
            "rmsd_l_b": 2.342,
            "rmsd_u_b": 5.058
          },
          {
            "mode": 3,
            "affinity": -5.1,
            "rmsd_l_b": 2.628,
            "rmsd_u_b": 5.271
          },
          {
            "mode": 4,
            "affinity": -5.1,
            "rmsd_l_b": 3.176,
            "rmsd_u_b": 5.65
          },
          {
            "mode": 5,
            "affinity": -4.9,
            "rmsd_l_b": 2.023,
            "rmsd_u_b": 2.741
          },
          {
            "mode": 6,
            "affinity": -4.9,
            "rmsd_l_b": 3.264,
            "rmsd_u_b": 7.426
          },
          {
            "mode": 7,
            "affinity": -4.8,
            "rmsd_l_b": 9.388,
            "rmsd_u_b": 13.198
          },
          {
            "mode": 8,
            "affinity": -4.8,
            "rmsd_l_b": 1.546,
            "rmsd_u_b": 2.196
          },
          {
            "mode": 9,
            "affinity": -4.8,
            "rmsd_l_b": 7.995,
            "rmsd_u_b": 10.492
          }
        ]
      }
    ]
  }
}