{
  "rmsd": 3.367,
  "rmsd_method": "C-alpha coordinates",
  "rmsd_tool": "BioPython",
  "docking": {
    "average_affinity": -5.784,
    "runs": [
      {
        "run": 1,
        "seed": 387807,
        "average": {
          "affinity": -5.867,
          "rmsd_l_b": 2.139,
          "rmsd_u_b": 5.839
        },
        "modes": [
          {
            "mode": 1,
            "affinity": -6.2,
            "rmsd_l_b": 0.0,
            "rmsd_u_b": 0.0
          },
          {
            "mode": 2,
            "affinity": -6.1,
            "rmsd_l_b": 3.663,
            "rmsd_u_b": 9.045
          },
          {
            "mode": 3,
            "affinity": -6.0,
            "rmsd_l_b": 1.704,
            "rmsd_u_b": 5.203
          },
          {
            "mode": 4,
            "affinity": -5.9,
            "rmsd_l_b": 1.652,
            "rmsd_u_b": 4.928
          },
          {
            "mode": 5,
            "affinity": -5.9,
            "rmsd_l_b": 3.692,
            "rmsd_u_b": 8.565
          },
          {
            "mode": 6,
            "affinity": -5.8,
            "rmsd_l_b": 1.297,
            "rmsd_u_b": 1.72
          },
          {
            "mode": 7,
            "affinity": -5.7,
            "rmsd_l_b": 2.344,
            "rmsd_u_b": 9.449
          },
          {
            "mode": 8,
            "affinity": -5.6,
            "rmsd_l_b": 2.597,
            "rmsd_u_b": 4.443
          },
          {
            "mode": 9,
            "affinity": -5.6,
            "rmsd_l_b": 2.306,
            "rmsd_u_b": 9.195
          }
        ]
      },
      {
        "run": 2,
        "seed": 950039,
        "average": {
          "affinity": -5.889,
          "rmsd_l_b": 2.127,
          "rmsd_u_b": 5.2
        },
        "modes": [
          {
            "mode": 1,
            "affinity": -6.2,
            "rmsd_l_b": 0.0,
            "rmsd_u_b": 0.0
          },
          {
            "mode": 2,
            "affinity": -6.1,
            "rmsd_l_b": 1.717,
            "rmsd_u_b": 5.229
          },
          {
            "mode": 3,
            "affinity": -6.0,
            "rmsd_l_b": 2.5,
            "rmsd_u_b": 5.028
          },
          {
            "mode": 4,
            "affinity": -5.9,
            "rmsd_l_b": 2.011,
            "rmsd_u_b": 5.071
          },
          {
            "mode": 5,
            "affinity": -5.8,
            "rmsd_l_b": 4.366,
            "rmsd_u_b": 7.809
          },
          {
            "mode": 6,
            "affinity": -5.8,
            "rmsd_l_b": 2.773,
            "rmsd_u_b": 6.784
          },
          {
            "mode": 7,
            "affinity": -5.8,
            "rmsd_l_b": 2.348,
            "rmsd_u_b": 9.395
          },
          {
            "mode": 8,
            "affinity": -5.7,
            "rmsd_l_b": 1.935,
            "rmsd_u_b": 5.373
          },
          {
            "mode": 9,
            "affinity": -5.7,
            "rmsd_l_b": 1.491,
            "rmsd_u_b": 2.114
          }
        ]
      },
      {
        "run": 3,
        "seed": 291824,
        "average": {
          "affinity": -5.778,
          "rmsd_l_b": 2.357,
          "rmsd_u_b": 5.363
        },
        "modes": [
          {
            "mode": 1,
            "affinity": -6.2,
            "rmsd_l_b": 0.0,
            "rmsd_u_b": 0.0
          },
          {
            "mode": 2,
            "affinity": -6.0,
            "rmsd_l_b": 3.542,
            "rmsd_u_b": 9.042
          },
          {
            "mode": 3,
            "affinity": -5.9,
            "rmsd_l_b": 1.643,
            "rmsd_u_b": 4.895
          },
          {
            "mode": 4,
            "affinity": -5.7,
            "rmsd_l_b": 2.447,
            "rmsd_u_b": 9.614
          },
          {
            "mode": 5,
            "affinity": -5.7,
            "rmsd_l_b": 2.345,
            "rmsd_u_b": 4.062
          },
          {
            "mode": 6,
            "affinity": -5.7,
            "rmsd_l_b": 4.55,
            "rmsd_u_b": 8.098
          },
          {
            "mode": 7,
            "affinity": -5.6,
            "rmsd_l_b": 3.733,
            "rmsd_u_b": 8.365
          },
          {
            "mode": 8,
            "affinity": -5.6,
            "rmsd_l_b": 1.46,
            "rmsd_u_b": 2.027
          },
          {
            "mode": 9,
            "affinity": -5.6,
            "rmsd_l_b": 1.495,
            "rmsd_u_b": 2.163
          }
        ]
      },
      {
        "run": 4,
        "seed": 587559,
        "average": {
          "affinity": -6.0,
          "rmsd_l_b": 2.343,
          "rmsd_u_b": 4.884
        },
        "modes": [
          {
            "mode": 1,
            "affinity": -6.3,
            "rmsd_l_b": 0.0,
            "rmsd_u_b": 0.0
          },
          {
            "mode": 2,
            "affinity": -6.2,
            "rmsd_l_b": 3.115,
            "rmsd_u_b": 5.326
          },
          {
            "mode": 3,
            "affinity": -6.1,
            "rmsd_l_b": 2.346,
            "rmsd_u_b": 4.519
          },
          {
            "mode": 4,
            "affinity": -6.0,
            "rmsd_l_b": 3.716,
            "rmsd_u_b": 8.894
          },
          {
            "mode": 5,
            "affinity": -6.0,
            "rmsd_l_b": 2.137,
            "rmsd_u_b": 5.105
          },
          {
            "mode": 6,
            "affinity": -5.9,
            "rmsd_l_b": 1.67,
            "rmsd_u_b": 4.975
          },
          {
            "mode": 7,
            "affinity": -5.9,
            "rmsd_l_b": 1.23,
            "rmsd_u_b": 1.595
          },
          {
            "mode": 8,
            "affinity": -5.8,
            "rmsd_l_b": 4.527,
            "rmsd_u_b": 8.186
          },
          {
            "mode": 9,
            "affinity": -5.8,
            "rmsd_l_b": 2.343,
            "rmsd_u_b": 5.356
          }
        ]
      },
      {
        "run": 5,
        "seed": 731074,
        "average": {
          "affinity": -5.167,
          "rmsd_l_b": 2.892,
          "rmsd_u_b": 6.434
        },
        "modes": [
          {
            "mode": 1,
            "affinity": -5.5,
            "rmsd_l_b": 0.0,
            "rmsd_u_b": 0.0
          },
          {
            "mode": 2,
            "affinity": -5.4,
            "rmsd_l_b": 3.218,
            "rmsd_u_b": 5.277
          },
          {
            "mode": 3,
            "affinity": -5.3,
            "rmsd_l_b": 3.596,
            "rmsd_u_b": 7.318
          },
          {
            "mode": 4,
            "affinity": -5.2,
            "rmsd_l_b": 2.454,
            "rmsd_u_b": 6.217
          },
          {
            "mode": 5,
            "affinity": -5.1,
            "rmsd_l_b": 3.452,
            "rmsd_u_b": 6.883
          },
          {
            "mode": 6,
            "affinity": -5.1,
            "rmsd_l_b": 3.206,
            "rmsd_u_b": 8.76
          },
          {
            "mode": 7,
            "affinity": -5.0,
            "rmsd_l_b": 2.817,
            "rmsd_u_b": 8.318
          },
          {
            "mode": 8,
            "affinity": -5.0,
            "rmsd_l_b": 3.571,
            "rmsd_u_b": 8.056
          },
          {
            "mode": 9,
            "affinity": -4.9,
            "rmsd_l_b": 3.715,
            "rmsd_u_b": 7.077
          }
        ]
      },
      {
        "run": 6,
        "seed": 255757,
        "average": {
          "affinity": -5.8,
          "rmsd_l_b": 2.255,
          "rmsd_u_b": 5.511
        },
        "modes": [
          {
            "mode": 1,
            "affinity": -6.2,
            "rmsd_l_b": 0.0,
            "rmsd_u_b": 0.0
          },
          {
            "mode": 2,
            "affinity": -6.0,
            "rmsd_l_b": 1.722,
            "rmsd_u_b": 5.203
          },
          {
            "mode": 3,
            "affinity": -5.9,
            "rmsd_l_b": 1.263,
            "rmsd_u_b": 1.871
          },
          {
            "mode": 4,
            "affinity": -5.7,
            "rmsd_l_b": 2.446,
            "rmsd_u_b": 9.605
          },
          {
            "mode": 5,
            "affinity": -5.7,
            "rmsd_l_b": 2.558,
            "rmsd_u_b": 5.038
          },
          {
            "mode": 6,
            "affinity": -5.7,
            "rmsd_l_b": 2.686,
            "rmsd_u_b": 4.391
          },
          {
            "mode": 7,
            "affinity": -5.7,
            "rmsd_l_b": 2.773,
            "rmsd_u_b": 6.757
          },
          {
            "mode": 8,
            "affinity": -5.7,
            "rmsd_l_b": 3.709,
            "rmsd_u_b": 8.317
          },
          {
            "mode": 9,
            "affinity": -5.6,
            "rmsd_l_b": 3.139,
            "rmsd_u_b": 8.416
          }
        ]
      },
      {
        "run": 7,
        "seed": 83241,
        "average": {
          "affinity": -5.789,
          "rmsd_l_b": 1.812,
          "rmsd_u_b": 4.587
        },
        "modes": [
          {
            "mode": 1,
            "affinity": -6.2,
            "rmsd_l_b": 0.0,
            "rmsd_u_b": 0.0
          },
          {
            "mode": 2,
            "affinity": -5.9,
            "rmsd_l_b": 2.016,
            "rmsd_u_b": 5.034
          },
          {
            "mode": 3,
            "affinity": -5.9,
            "rmsd_l_b": 1.662,
            "rmsd_u_b": 4.907
          },
          {
            "mode": 4,
            "affinity": -5.9,
            "rmsd_l_b": 1.067,
            "rmsd_u_b": 1.494
          },
          {
            "mode": 5,
            "affinity": -5.7,
            "rmsd_l_b": 2.466,
            "rmsd_u_b": 9.608
          },
          {
            "mode": 6,
            "affinity": -5.7,
            "rmsd_l_b": 2.88,
            "rmsd_u_b": 6.924
          },
          {
            "mode": 7,
            "affinity": -5.6,
            "rmsd_l_b": 2.682,
            "rmsd_u_b": 5.204
          },
          {
            "mode": 8,
            "affinity": -5.6,
            "rmsd_l_b": 1.736,
            "rmsd_u_b": 2.466
          },
          {
            "mode": 9,
            "affinity": -5.6,
            "rmsd_l_b": 1.796,
            "rmsd_u_b": 5.642
          }
        ]
      },
      {
        "run": 8,
        "seed": 602383,
        "average": {
          "affinity": -5.078,
          "rmsd_l_b": 3.189,
          "rmsd_u_b": 6.829
        },
        "modes": [
          {
            "mode": 1,
            "affinity": -5.4,
            "rmsd_l_b": 0.0,
            "rmsd_u_b": 0.0
          },
          {
            "mode": 2,
            "affinity": -5.4,
            "rmsd_l_b": 3.074,
            "rmsd_u_b": 5.21
          },
          {
            "mode": 3,
            "affinity": -5.2,
            "rmsd_l_b": 3.527,
            "rmsd_u_b": 7.238
          },
          {
            "mode": 4,
            "affinity": -5.1,
            "rmsd_l_b": 1.917,
            "rmsd_u_b": 5.96
          },
          {
            "mode": 5,
            "affinity": -5.1,
            "rmsd_l_b": 2.942,
            "rmsd_u_b": 8.317
          },
          {
            "mode": 6,
            "affinity": -5.0,
            "rmsd_l_b": 3.632,
            "rmsd_u_b": 9.134
          },
          {
            "mode": 7,
            "affinity": -4.9,
            "rmsd_l_b": 3.218,
            "rmsd_u_b": 6.769
          },
          {
            "mode": 8,
            "affinity": -4.8,
            "rmsd_l_b": 7.356,
            "rmsd_u_b": 11.358
          },
          {
            "mode": 9,
            "affinity": -4.8,
            "rmsd_l_b": 3.033,
            "rmsd_u_b": 7.471
          }
        ]
      },
      {
        "run": 9,
        "seed": 218605,
        "average": {
          "affinity": -5.867,
          "rmsd_l_b": 1.959,
          "rmsd_u_b": 5.295
        },
        "modes": [
          {
            "mode": 1,
            "affinity": -6.2,
            "rmsd_l_b": 0.0,
            "rmsd_u_b": 0.0
          },
          {
            "mode": 2,
            "affinity": -6.1,
            "rmsd_l_b": 1.681,
            "rmsd_u_b": 5.194
          },
          {
            "mode": 3,
            "affinity": -6.0,
            "rmsd_l_b": 2.059,
            "rmsd_u_b": 5.048
          },
          {
            "mode": 4,
            "affinity": -6.0,
            "rmsd_l_b": 1.592,
            "rmsd_u_b": 4.903
          },
          {
            "mode": 5,
            "affinity": -5.8,
            "rmsd_l_b": 1.974,
            "rmsd_u_b": 5.318
          },
          {
            "mode": 6,
            "affinity": -5.7,
            "rmsd_l_b": 4.284,
            "rmsd_u_b": 7.968
          },
          {
            "mode": 7,
            "affinity": -5.7,
            "rmsd_l_b": 1.44,
            "rmsd_u_b": 5.598
          },
          {
            "mode": 8,
            "affinity": -5.7,
            "rmsd_l_b": 2.156,
            "rmsd_u_b": 4.101
          },
          {
            "mode": 9,
            "affinity": -5.6,
            "rmsd_l_b": 2.444,
            "rmsd_u_b": 9.524
          }
        ]
      },
      {
        "run": 10,
        "seed": 19558,
        "average": {
          "affinity": -5.878,
          "rmsd_l_b": 2.134,
          "rmsd_u_b": 6.098
        },
        "modes": [
          {
            "mode": 1,
            "affinity": -6.2,
            "rmsd_l_b": 0.0,
            "rmsd_u_b": 0.0
          },
          {
            "mode": 2,
            "affinity": -6.0,
            "rmsd_l_b": 1.7,
            "rmsd_u_b": 5.223
          },
          {
            "mode": 3,
            "affinity": -5.9,
            "rmsd_l_b": 1.988,
            "rmsd_u_b": 5.067
          },
          {
            "mode": 4,
            "affinity": -5.9,
            "rmsd_l_b": 3.661,
            "rmsd_u_b": 8.483
          },
          {
            "mode": 5,
            "affinity": -5.9,
            "rmsd_l_b": 1.767,
            "rmsd_u_b": 4.913
          },
          {
            "mode": 6,
            "affinity": -5.8,
            "rmsd_l_b": 3.652,
            "rmsd_u_b": 9.247
          },
          {
            "mode": 7,
            "affinity": -5.8,
            "rmsd_l_b": 2.357,
            "rmsd_u_b": 9.4
          },
          {
            "mode": 8,
            "affinity": -5.7,
            "rmsd_l_b": 1.121,
            "rmsd_u_b": 5.557
          },
          {
            "mode": 9,
            "affinity": -5.7,
            "rmsd_l_b": 2.958,
            "rmsd_u_b": 6.99
          }
        ]
      },
      {
        "run": 11,
        "seed": 706338,
        "average": {
          "affinity": -5.833,
          "rmsd_l_b": 1.988,
          "rmsd_u_b": 5.906
        },
        "modes": [
          {
            "mode": 1,
            "affinity": -6.2,
            "rmsd_l_b": 0.0,
            "rmsd_u_b": 0.0
          },
          {
            "mode": 2,
            "affinity": -5.9,
            "rmsd_l_b": 1.678,
            "rmsd_u_b": 5.159
          },
          {
            "mode": 3,
            "affinity": -5.9,
            "rmsd_l_b": 1.631,
            "rmsd_u_b": 5.008
          },
          {
            "mode": 4,
            "affinity": -5.8,
            "rmsd_l_b": 2.975,
            "rmsd_u_b": 9.25
          },
          {
            "mode": 5,
            "affinity": -5.8,
            "rmsd_l_b": 2.764,
            "rmsd_u_b": 6.772
          },
          {
            "mode": 6,
            "affinity": -5.8,
            "rmsd_l_b": 2.321,
            "rmsd_u_b": 9.398
          },
          {
            "mode": 7,
            "affinity": -5.7,
            "rmsd_l_b": 1.449,
            "rmsd_u_b": 1.994
          },
          {
            "mode": 8,
            "affinity": -5.7,
            "rmsd_l_b": 1.442,
            "rmsd_u_b": 5.545
          },
          {
            "mode": 9,
            "affinity": -5.7,
            "rmsd_l_b": 3.632,
            "rmsd_u_b": 10.027
          }
        ]
      },
      {
        "run": 12,
        "seed": 314175,
        "average": {
          "affinity": -5.856,
          "rmsd_l_b": 1.946,
          "rmsd_u_b": 5.276
        },
        "modes": [
          {
            "mode": 1,
            "affinity": -6.2,
            "rmsd_l_b": 0.0,
            "rmsd_u_b": 0.0
          },
          {
            "mode": 2,
            "affinity": -6.0,
            "rmsd_l_b": 1.698,
            "rmsd_u_b": 5.169
          },
          {
            "mode": 3,
            "affinity": -5.9,
            "rmsd_l_b": 2.041,
            "rmsd_u_b": 5.059
          },
          {
            "mode": 4,
            "affinity": -5.9,
            "rmsd_l_b": 1.183,
            "rmsd_u_b": 1.459
          },
          {
            "mode": 5,
            "affinity": -5.8,
            "rmsd_l_b": 2.768,
            "rmsd_u_b": 6.792
          },
          {
            "mode": 6,
            "affinity": -5.8,
            "rmsd_l_b": 2.365,
            "rmsd_u_b": 9.418
          },
          {
            "mode": 7,
            "affinity": -5.7,
            "rmsd_l_b": 1.126,
            "rmsd_u_b": 5.586
          },
          {
            "mode": 8,
            "affinity": -5.7,
            "rmsd_l_b": 3.738,
            "rmsd_u_b": 8.387
          },
          {
            "mode": 9,
            "affinity": -5.7,
            "rmsd_l_b": 2.594,
            "rmsd_u_b": 5.618
          }
        ]
      },
      {
        "run": 13,
        "seed": 51816,
        "average": {
          "affinity": -5.833,
          "rmsd_l_b": 1.701,
          "rmsd_u_b": 5.2
        },
        "modes": [
          {
            "mode": 1,
            "affinity": -6.2,
            "rmsd_l_b": 0.0,
            "rmsd_u_b": 0.0
          },
          {
            "mode": 2,
            "affinity": -6.0,
            "rmsd_l_b": 1.707,
            "rmsd_u_b": 5.233
          },
          {
            "mode": 3,
            "affinity": -6.0,
            "rmsd_l_b": 1.579,
            "rmsd_u_b": 4.864
          },
          {
            "mode": 4,
            "affinity": -5.8,
            "rmsd_l_b": 1.957,
            "rmsd_u_b": 4.985
          },
          {
            "mode": 5,
            "affinity": -5.8,
            "rmsd_l_b": 2.553,
            "rmsd_u_b": 5.105
          },
          {
            "mode": 6,
            "affinity": -5.7,
            "rmsd_l_b": 1.743,
            "rmsd_u_b": 2.351
          },
          {
            "mode": 7,
            "affinity": -5.7,
            "rmsd_l_b": 2.342,
            "rmsd_u_b": 9.429
          },
          {
            "mode": 8,
            "affinity": -5.7,
            "rmsd_l_b": 1.118,
            "rmsd_u_b": 5.608
          },
          {
            "mode": 9,
            "affinity": -5.6,
            "rmsd_l_b": 2.311,
            "rmsd_u_b": 9.223
          }
        ]
      },
      {
        "run": 14,
        "seed": 654987,
        "average": {
          "affinity": -5.778,
          "rmsd_l_b": 2.753,
          "rmsd_u_b": 6.367
        },
        "modes": [
          {
            "mode": 1,
            "affinity": -6.2,
            "rmsd_l_b": 0.0,
            "rmsd_u_b": 0.0
          },
          {
            "mode": 2,
            "affinity": -6.0,
            "rmsd_l_b": 1.739,
            "rmsd_u_b": 5.133
          },
          {
            "mode": 3,
            "affinity": -5.8,
            "rmsd_l_b": 1.632,
            "rmsd_u_b": 2.266
          },
          {
            "mode": 4,
            "affinity": -5.7,
            "rmsd_l_b": 2.347,
            "rmsd_u_b": 9.379
          },
          {
            "mode": 5,
            "affinity": -5.7,
            "rmsd_l_b": 1.179,
            "rmsd_u_b": 5.541
          },
          {
            "mode": 6,
            "affinity": -5.7,
            "rmsd_l_b": 3.091,
            "rmsd_u_b": 8.419
          },
          {
            "mode": 7,
            "affinity": -5.7,
            "rmsd_l_b": 3.695,
            "rmsd_u_b": 8.325
          },
          {
            "mode": 8,
            "affinity": -5.6,
            "rmsd_l_b": 8.125,
            "rmsd_u_b": 12.564
          },
          {
            "mode": 9,
            "affinity": -5.6,
            "rmsd_l_b": 2.967,
            "rmsd_u_b": 5.679
          }
        ]
      },
      {
        "run": 15,
        "seed": 373958,
        "average": {
          "affinity": -5.867,
          "rmsd_l_b": 1.974,
          "rmsd_u_b": 5.143
        },
        "modes": [
          {
            "mode": 1,
            "affinity": -6.2,
            "rmsd_l_b": 0.0,
            "rmsd_u_b": 0.0
          },
          {
            "mode": 2,
            "affinity": -6.0,
            "rmsd_l_b": 1.757,
            "rmsd_u_b": 5.029
          },
          {
            "mode": 3,
            "affinity": -6.0,
            "rmsd_l_b": 1.675,
            "rmsd_u_b": 4.956
          },
          {
            "mode": 4,
            "affinity": -5.9,
            "rmsd_l_b": 3.739,
            "rmsd_u_b": 8.535
          },
          {
            "mode": 5,
            "affinity": -5.8,
            "rmsd_l_b": 1.361,
            "rmsd_u_b": 1.905
          },
          {
            "mode": 6,
            "affinity": -5.8,
            "rmsd_l_b": 1.684,
            "rmsd_u_b": 2.249
          },
          {
            "mode": 7,
            "affinity": -5.7,
            "rmsd_l_b": 2.444,
            "rmsd_u_b": 9.648
          },
          {
            "mode": 8,
            "affinity": -5.7,
            "rmsd_l_b": 3.719,
            "rmsd_u_b": 8.282
          },
          {
            "mode": 9,
            "affinity": -5.7,
            "rmsd_l_b": 1.386,
            "rmsd_u_b": 5.683
          }
        ]
      },
      {
        "run": 16,
        "seed": 748546,
        "average": {
          "affinity": -5.867,
          "rmsd_l_b": 2.314,
          "rmsd_u_b": 5.891
        },
        "modes": [
          {
            "mode": 1,
            "affinity": -6.2,
            "rmsd_l_b": 0.0,
            "rmsd_u_b": 0.0
          },
          {
            "mode": 2,
            "affinity": -6.1,
            "rmsd_l_b": 1.77,
            "rmsd_u_b": 5.051
          },
          {
            "mode": 3,
            "affinity": -6.0,
            "rmsd_l_b": 2.069,
            "rmsd_u_b": 5.127
          },
          {
            "mode": 4,
            "affinity": -5.9,
            "rmsd_l_b": 2.618,
            "rmsd_u_b": 5.235
          },
          {
            "mode": 5,
            "affinity": -5.9,
            "rmsd_l_b": 4.382,
            "rmsd_u_b": 7.703
          },
          {
            "mode": 6,
            "affinity": -5.8,
            "rmsd_l_b": 2.356,
            "rmsd_u_b": 9.432
          },
          {
            "mode": 7,
            "affinity": -5.7,
            "rmsd_l_b": 1.636,
            "rmsd_u_b": 2.256
          },
          {
            "mode": 8,
            "affinity": -5.6,
            "rmsd_l_b": 2.289,
            "rmsd_u_b": 9.227
          },
          {
            "mode": 9,
            "affinity": -5.6,
            "rmsd_l_b": 3.708,
            "rmsd_u_b": 8.984
          }
        ]
      },
      {
        "run": 17,
        "seed": 362726,
        "average": {
          "affinity": -5.867,
          "rmsd_l_b": 2.117,
          "rmsd_u_b": 5.653
        },
        "modes": [
          {
            "mode": 1,
            "affinity": -6.2,
            "rmsd_l_b": 0.0,
            "rmsd_u_b": 0.0
          },
          {
            "mode": 2,
            "affinity": -6.1,
            "rmsd_l_b": 3.592,
            "rmsd_u_b": 9.005
          },
          {
            "mode": 3,
            "affinity": -6.0,
            "rmsd_l_b": 1.782,
            "rmsd_u_b": 5.094
          },
          {
            "mode": 4,
            "affinity": -5.9,
            "rmsd_l_b": 2.121,
            "rmsd_u_b": 5.129
          },
          {
            "mode": 5,
            "affinity": -5.9,
            "rmsd_l_b": 1.246,
            "rmsd_u_b": 1.726
          },
          {
            "mode": 6,
            "affinity": -5.8,
            "rmsd_l_b": 2.778,
            "rmsd_u_b": 5.727
          },
          {
            "mode": 7,
            "affinity": -5.7,
            "rmsd_l_b": 2.43,
            "rmsd_u_b": 9.557
          },
          {
            "mode": 8,
            "affinity": -5.6,
            "rmsd_l_b": 1.422,
            "rmsd_u_b": 5.71
          },
          {
            "mode": 9,
            "affinity": -5.6,
            "rmsd_l_b": 3.682,
            "rmsd_u_b": 8.929
          }
        ]
      },
      {
        "run": 18,
        "seed": 289403,
        "average": {
          "affinity": -5.833,
          "rmsd_l_b": 2.766,
          "rmsd_u_b": 6.282
        },
        "modes": [
          {
            "mode": 1,
            "affinity": -6.3,
            "rmsd_l_b": 0.0,
            "rmsd_u_b": 0.0
          },
          {
            "mode": 2,
            "affinity": -6.1,
            "rmsd_l_b": 1.634,
            "rmsd_u_b": 5.179
          },
          {
            "mode": 3,
            "affinity": -5.9,
            "rmsd_l_b": 1.641,
            "rmsd_u_b": 4.913
          },
          {
            "mode": 4,
            "affinity": -5.9,
            "rmsd_l_b": 2.118,
            "rmsd_u_b": 5.111
          },
          {
            "mode": 5,
            "affinity": -5.7,
            "rmsd_l_b": 2.916,
            "rmsd_u_b": 9.178
          },
          {
            "mode": 6,
            "affinity": -5.7,
            "rmsd_l_b": 2.291,
            "rmsd_u_b": 9.453
          },
          {
            "mode": 7,
            "affinity": -5.7,
            "rmsd_l_b": 1.671,
            "rmsd_u_b": 2.254
          },
          {
            "mode": 8,
            "affinity": -5.6,
            "rmsd_l_b": 4.537,
            "rmsd_u_b": 7.84
          },
          {
            "mode": 9,
            "affinity": -5.6,
            "rmsd_l_b": 8.084,
            "rmsd_u_b": 12.614
          }
        ]
      },
      {
        "run": 19,
        "seed": 861134,
        "average": {
          "affinity": -5.9,
          "rmsd_l_b": 2.054,
          "rmsd_u_b": 6.003
        },
        "modes": [
          {
            "mode": 1,
            "affinity": -6.2,
            "rmsd_l_b": 0.0,
            "rmsd_u_b": 0.0
          },
          {
            "mode": 2,
            "affinity": -6.0,
            "rmsd_l_b": 1.745,
            "rmsd_u_b": 5.133
          },
          {
            "mode": 3,
            "affinity": -6.0,
            "rmsd_l_b": 1.616,
            "rmsd_u_b": 4.882
          },
          {
            "mode": 4,
            "affinity": -6.0,
            "rmsd_l_b": 3.609,
            "rmsd_u_b": 9.411
          },
          {
            "mode": 5,
            "affinity": -6.0,
            "rmsd_l_b": 2.753,
            "rmsd_u_b": 5.539
          },
          {
            "mode": 6,
            "affinity": -5.9,
            "rmsd_l_b": 2.056,
            "rmsd_u_b": 5.097
          },
          {
            "mode": 7,
            "affinity": -5.7,
            "rmsd_l_b": 2.042,
            "rmsd_u_b": 5.397
          },
          {
            "mode": 8,
            "affinity": -5.7,
            "rmsd_l_b": 2.352,
            "rmsd_u_b": 9.395
          },
          {
            "mode": 9,
            "affinity": -5.6,
            "rmsd_l_b": 2.316,
            "rmsd_u_b": 9.173
          }
        ]
      },
      {
        "run": 20,
        "seed": 768238,
        "average": {
          "affinity": -5.933,
          "rmsd_l_b": 2.281,
          "rmsd_u_b": 5.773
        },
        "modes": [
          {
            "mode": 1,
            "affinity": -6.2,
            "rmsd_l_b": 0.0,
            "rmsd_u_b": 0.0
          },
          {
            "mode": 2,
            "affinity": -6.1,
            "rmsd_l_b": 3.723,
            "rmsd_u_b": 9.128
          },
          {
            "mode": 3,
            "affinity": -6.1,
            "rmsd_l_b": 1.654,
            "rmsd_u_b": 5.114
          },
          {
            "mode": 4,
            "affinity": -6.0,
            "rmsd_l_b": 2.115,
            "rmsd_u_b": 5.058
          },
          {
            "mode": 5,
            "affinity": -5.9,
            "rmsd_l_b": 3.774,
            "rmsd_u_b": 8.544
          },
          {
            "mode": 6,
            "affinity": -5.8,
            "rmsd_l_b": 2.332,
            "rmsd_u_b": 5.207
          },
          {
            "mode": 7,
            "affinity": -5.8,
            "rmsd_l_b": 1.613,
            "rmsd_u_b": 2.2
          },
          {
            "mode": 8,
            "affinity": -5.8,
            "rmsd_l_b": 2.904,
            "rmsd_u_b": 7.06
          },
          {
            "mode": 9,
            "affinity": -5.7,
            "rmsd_l_b": 2.411,
            "rmsd_u_b": 9.65
          }
        ]
      }
    ]
  }
}