{
  "rmsd": 0.831,
  "rmsd_method": "C-alpha coordinates",
  "rmsd_tool": "BioPython",
  "docking": {
    "average_affinity": -3.524,
    "runs": [
      {
        "run": 1,
        "seed": 834740,
        "average": {
          "affinity": -3.467,
          "rmsd_l_b": 2.872,
          "rmsd_u_b": 4.837
        },
        "modes": [
          {
            "mode": 1,
            "affinity": -3.6,
            "rmsd_l_b": 0.0,
            "rmsd_u_b": 0.0
          },
          {
            "mode": 2,
            "affinity": -3.5,
            "rmsd_l_b": 3.119,
            "rmsd_u_b": 4.935
          },
          {
            "mode": 3,
            "affinity": -3.5,
            "rmsd_l_b": 1.134,
            "rmsd_u_b": 1.725
          },
          {
            "mode": 4,
            "affinity": -3.5,
            "rmsd_l_b": 2.581,
            "rmsd_u_b": 4.607
          },
          {
            "mode": 5,
            "affinity": -3.5,
            "rmsd_l_b": 2.663,
            "rmsd_u_b": 4.823
          },
          {
            "mode": 6,
            "affinity": -3.4,
            "rmsd_l_b": 3.27,
            "rmsd_u_b": 6.925
          },
          {
            "mode": 7,
            "affinity": -3.4,
            "rmsd_l_b": 2.635,
            "rmsd_u_b": 5.667
          },
          {
            "mode": 8,
            "affinity": -3.4,
            "rmsd_l_b": 2.355,
            "rmsd_u_b": 4.919
          },
          {
            "mode": 9,
            "affinity": -3.4,
            "rmsd_l_b": 8.09,
            "rmsd_u_b": 9.929
          }
        ]
      },
      {
        "run": 2,
        "seed": 559508,
        "average": {
          "affinity": -3.556,
          "rmsd_l_b": 2.917,
          "rmsd_u_b": 4.701
        },
        "modes": [
          {
            "mode": 1,
            "affinity": -3.7,
            "rmsd_l_b": 0.0,
            "rmsd_u_b": 0.0
          },
          {
            "mode": 2,
            "affinity": -3.7,
            "rmsd_l_b": 2.353,
            "rmsd_u_b": 4.891
          },
          {
            "mode": 3,
            "affinity": -3.6,
            "rmsd_l_b": 3.405,
            "rmsd_u_b": 4.352
          },
          {
            "mode": 4,
            "affinity": -3.5,
            "rmsd_l_b": 3.225,
            "rmsd_u_b": 5.114
          },
          {
            "mode": 5,
            "affinity": -3.5,
            "rmsd_l_b": 1.458,
            "rmsd_u_b": 2.11
          },
          {
            "mode": 6,
            "affinity": -3.5,
            "rmsd_l_b": 2.339,
            "rmsd_u_b": 5.381
          },
          {
            "mode": 7,
            "affinity": -3.5,
            "rmsd_l_b": 8.043,
            "rmsd_u_b": 9.94
          },
          {
            "mode": 8,
            "affinity": -3.5,
            "rmsd_l_b": 2.781,
            "rmsd_u_b": 4.881
          },
          {
            "mode": 9,
            "affinity": -3.5,
            "rmsd_l_b": 2.648,
            "rmsd_u_b": 5.643
          }
        ]
      },
      {
        "run": 3,
        "seed": 458287,
        "average": {
          "affinity": -3.578,
          "rmsd_l_b": 2.984,
          "rmsd_u_b": 5.056
        },
        "modes": [
          {
            "mode": 1,
            "affinity": -3.7,
            "rmsd_l_b": 0.0,
            "rmsd_u_b": 0.0
          },
          {
            "mode": 2,
            "affinity": -3.7,
            "rmsd_l_b": 3.332,
            "rmsd_u_b": 5.364
          },
          {
            "mode": 3,
            "affinity": -3.6,
            "rmsd_l_b": 2.352,
            "rmsd_u_b": 4.905
          },
          {
            "mode": 4,
            "affinity": -3.6,
            "rmsd_l_b": 2.589,
            "rmsd_u_b": 4.545
          },
          {
            "mode": 5,
            "affinity": -3.6,
            "rmsd_l_b": 1.466,
            "rmsd_u_b": 2.074
          },
          {
            "mode": 6,
            "affinity": -3.5,
            "rmsd_l_b": 2.631,
            "rmsd_u_b": 5.614
          },
          {
            "mode": 7,
            "affinity": -3.5,
            "rmsd_l_b": 2.748,
            "rmsd_u_b": 6.31
          },
          {
            "mode": 8,
            "affinity": -3.5,
            "rmsd_l_b": 3.689,
            "rmsd_u_b": 6.766
          },
          {
            "mode": 9,
            "affinity": -3.5,
            "rmsd_l_b": 8.045,
            "rmsd_u_b": 9.928
          }
        ]
      },
      {
        "run": 4,
        "seed": 751137,
        "average": {
          "affinity": -3.533,
          "rmsd_l_b": 2.831,
          "rmsd_u_b": 4.43
        },
        "modes": [
          {
            "mode": 1,
            "affinity": -3.7,
            "rmsd_l_b": 0.0,
            "rmsd_u_b": 0.0
          },
          {
            "mode": 2,
            "affinity": -3.6,
            "rmsd_l_b": 2.377,
            "rmsd_u_b": 4.852
          },
          {
            "mode": 3,
            "affinity": -3.6,
            "rmsd_l_b": 1.135,
            "rmsd_u_b": 1.506
          },
          {
            "mode": 4,
            "affinity": -3.6,
            "rmsd_l_b": 2.601,
            "rmsd_u_b": 4.445
          },
          {
            "mode": 5,
            "affinity": -3.5,
            "rmsd_l_b": 3.318,
            "rmsd_u_b": 4.187
          },
          {
            "mode": 6,
            "affinity": -3.5,
            "rmsd_l_b": 3.289,
            "rmsd_u_b": 5.125
          },
          {
            "mode": 7,
            "affinity": -3.5,
            "rmsd_l_b": 2.202,
            "rmsd_u_b": 4.225
          },
          {
            "mode": 8,
            "affinity": -3.4,
            "rmsd_l_b": 2.589,
            "rmsd_u_b": 5.669
          },
          {
            "mode": 9,
            "affinity": -3.4,
            "rmsd_l_b": 7.97,
            "rmsd_u_b": 9.864
          }
        ]
      },
      {
        "run": 5,
        "seed": 261798,
        "average": {
          "affinity": -3.378,
          "rmsd_l_b": 2.612,
          "rmsd_u_b": 4.927
        },
        "modes": [
          {
            "mode": 1,
            "affinity": -3.5,
            "rmsd_l_b": 0.0,
            "rmsd_u_b": 0.0
          },
          {
            "mode": 2,
            "affinity": -3.5,
            "rmsd_l_b": 2.37,
            "rmsd_u_b": 5.13
          },
          {
            "mode": 3,
            "affinity": -3.5,
            "rmsd_l_b": 3.097,
            "rmsd_u_b": 4.812
          },
          {
            "mode": 4,
            "affinity": -3.4,
            "rmsd_l_b": 3.151,
            "rmsd_u_b": 4.06
          },
          {
            "mode": 5,
            "affinity": -3.3,
            "rmsd_l_b": 2.678,
            "rmsd_u_b": 5.584
          },
          {
            "mode": 6,
            "affinity": -3.3,
            "rmsd_l_b": 3.645,
            "rmsd_u_b": 6.666
          },
          {
            "mode": 7,
            "affinity": -3.3,
            "rmsd_l_b": 2.689,
            "rmsd_u_b": 6.158
          },
          {
            "mode": 8,
            "affinity": -3.3,
            "rmsd_l_b": 2.493,
            "rmsd_u_b": 5.191
          },
          {
            "mode": 9,
            "affinity": -3.3,
            "rmsd_l_b": 3.382,
            "rmsd_u_b": 6.744
          }
        ]
      },
      {
        "run": 6,
        "seed": 581044,
        "average": {
          "affinity": -3.544,
          "rmsd_l_b": 2.789,
          "rmsd_u_b": 4.487
        },
        "modes": [
          {
            "mode": 1,
            "affinity": -3.7,
            "rmsd_l_b": 0.0,
            "rmsd_u_b": 0.0
          },
          {
            "mode": 2,
            "affinity": -3.6,
            "rmsd_l_b": 1.196,
            "rmsd_u_b": 1.842
          },
          {
            "mode": 3,
            "affinity": -3.6,
            "rmsd_l_b": 2.6,
            "rmsd_u_b": 4.487
          },
          {
            "mode": 4,
            "affinity": -3.6,
            "rmsd_l_b": 3.379,
            "rmsd_u_b": 4.233
          },
          {
            "mode": 5,
            "affinity": -3.5,
            "rmsd_l_b": 2.145,
            "rmsd_u_b": 4.275
          },
          {
            "mode": 6,
            "affinity": -3.5,
            "rmsd_l_b": 2.46,
            "rmsd_u_b": 5.08
          },
          {
            "mode": 7,
            "affinity": -3.5,
            "rmsd_l_b": 2.673,
            "rmsd_u_b": 4.839
          },
          {
            "mode": 8,
            "affinity": -3.5,
            "rmsd_l_b": 2.602,
            "rmsd_u_b": 5.635
          },
          {
            "mode": 9,
            "affinity": -3.4,
            "rmsd_l_b": 8.042,
            "rmsd_u_b": 9.991
          }
        ]
      },
      {
        "run": 7,
        "seed": 895120,
        "average": {
          "affinity": -3.533,
          "rmsd_l_b": 2.908,
          "rmsd_u_b": 4.736
        },
        "modes": [
          {
            "mode": 1,
            "affinity": -3.7,
            "rmsd_l_b": 0.0,
            "rmsd_u_b": 0.0
          },
          {
            "mode": 2,
            "affinity": -3.7,
            "rmsd_l_b": 2.349,
            "rmsd_u_b": 4.887
          },
          {
            "mode": 3,
            "affinity": -3.6,
            "rmsd_l_b": 1.106,
            "rmsd_u_b": 1.603
          },
          {
            "mode": 4,
            "affinity": -3.6,
            "rmsd_l_b": 3.418,
            "rmsd_u_b": 4.317
          },
          {
            "mode": 5,
            "affinity": -3.6,
            "rmsd_l_b": 2.618,
            "rmsd_u_b": 4.462
          },
          {
            "mode": 6,
            "affinity": -3.4,
            "rmsd_l_b": 8.005,
            "rmsd_u_b": 9.96
          },
          {
            "mode": 7,
            "affinity": -3.4,
            "rmsd_l_b": 2.592,
            "rmsd_u_b": 5.639
          },
          {
            "mode": 8,
            "affinity": -3.4,
            "rmsd_l_b": 3.228,
            "rmsd_u_b": 6.7
          },
          {
            "mode": 9,
            "affinity": -3.4,
            "rmsd_l_b": 2.86,
            "rmsd_u_b": 5.053
          }
        ]
      },
      {
        "run": 8,
        "seed": 733081,
        "average": {
          "affinity": -3.5,
          "rmsd_l_b": 3.118,
          "rmsd_u_b": 4.895
        },
        "modes": [
          {
            "mode": 1,
            "affinity": -3.7,
            "rmsd_l_b": 0.0,
            "rmsd_u_b": 0.0
          },
          {
            "mode": 2,
            "affinity": -3.6,
            "rmsd_l_b": 2.387,
            "rmsd_u_b": 4.88
          },
          {
            "mode": 3,
            "affinity": -3.6,
            "rmsd_l_b": 1.116,
            "rmsd_u_b": 1.666
          },
          {
            "mode": 4,
            "affinity": -3.5,
            "rmsd_l_b": 3.326,
            "rmsd_u_b": 4.275
          },
          {
            "mode": 5,
            "affinity": -3.5,
            "rmsd_l_b": 2.815,
            "rmsd_u_b": 4.82
          },
          {
            "mode": 6,
            "affinity": -3.4,
            "rmsd_l_b": 7.974,
            "rmsd_u_b": 9.852
          },
          {
            "mode": 7,
            "affinity": -3.4,
            "rmsd_l_b": 3.372,
            "rmsd_u_b": 5.21
          },
          {
            "mode": 8,
            "affinity": -3.4,
            "rmsd_l_b": 3.49,
            "rmsd_u_b": 6.348
          },
          {
            "mode": 9,
            "affinity": -3.4,
            "rmsd_l_b": 3.58,
            "rmsd_u_b": 7.001
          }
        ]
      },
      {
        "run": 9,
        "seed": 141800,
        "average": {
          "affinity": -3.533,
          "rmsd_l_b": 2.784,
          "rmsd_u_b": 4.179
        },
        "modes": [
          {
            "mode": 1,
            "affinity": -3.7,
            "rmsd_l_b": 0.0,
            "rmsd_u_b": 0.0
          },
          {
            "mode": 2,
            "affinity": -3.6,
            "rmsd_l_b": 1.059,
            "rmsd_u_b": 1.43
          },
          {
            "mode": 3,
            "affinity": -3.6,
            "rmsd_l_b": 2.609,
            "rmsd_u_b": 4.486
          },
          {
            "mode": 4,
            "affinity": -3.5,
            "rmsd_l_b": 3.3,
            "rmsd_u_b": 5.235
          },
          {
            "mode": 5,
            "affinity": -3.5,
            "rmsd_l_b": 3.355,
            "rmsd_u_b": 4.277
          },
          {
            "mode": 6,
            "affinity": -3.5,
            "rmsd_l_b": 1.5,
            "rmsd_u_b": 2.066
          },
          {
            "mode": 7,
            "affinity": -3.5,
            "rmsd_l_b": 2.646,
            "rmsd_u_b": 4.607
          },
          {
            "mode": 8,
            "affinity": -3.5,
            "rmsd_l_b": 2.59,
            "rmsd_u_b": 5.607
          },
          {
            "mode": 9,
            "affinity": -3.4,
            "rmsd_l_b": 7.996,
            "rmsd_u_b": 9.905
          }
        ]
      },
      {
        "run": 10,
        "seed": 336449,
        "average": {
          "affinity": -3.522,
          "rmsd_l_b": 2.628,
          "rmsd_u_b": 4.369
        },
        "modes": [
          {
            "mode": 1,
            "affinity": -3.7,
            "rmsd_l_b": 0.0,
            "rmsd_u_b": 0.0
          },
          {
            "mode": 2,
            "affinity": -3.6,
            "rmsd_l_b": 1.266,
            "rmsd_u_b": 1.952
          },
          {
            "mode": 3,
            "affinity": -3.6,
            "rmsd_l_b": 3.336,
            "rmsd_u_b": 4.283
          },
          {
            "mode": 4,
            "affinity": -3.5,
            "rmsd_l_b": 2.802,
            "rmsd_u_b": 4.845
          },
          {
            "mode": 5,
            "affinity": -3.5,
            "rmsd_l_b": 2.198,
            "rmsd_u_b": 4.407
          },
          {
            "mode": 6,
            "affinity": -3.5,
            "rmsd_l_b": 3.431,
            "rmsd_u_b": 5.586
          },
          {
            "mode": 7,
            "affinity": -3.5,
            "rmsd_l_b": 2.773,
            "rmsd_u_b": 4.849
          },
          {
            "mode": 8,
            "affinity": -3.4,
            "rmsd_l_b": 4.632,
            "rmsd_u_b": 6.858
          },
          {
            "mode": 9,
            "affinity": -3.4,
            "rmsd_l_b": 3.216,
            "rmsd_u_b": 6.545
          }
        ]
      },
      {
        "run": 11,
        "seed": 973650,
        "average": {
          "affinity": -3.589,
          "rmsd_l_b": 3.143,
          "rmsd_u_b": 5.114
        },
        "modes": [
          {
            "mode": 1,
            "affinity": -3.7,
            "rmsd_l_b": 0.0,
            "rmsd_u_b": 0.0
          },
          {
            "mode": 2,
            "affinity": -3.7,
            "rmsd_l_b": 2.344,
            "rmsd_u_b": 4.908
          },
          {
            "mode": 3,
            "affinity": -3.7,
            "rmsd_l_b": 3.247,
            "rmsd_u_b": 5.24
          },
          {
            "mode": 4,
            "affinity": -3.6,
            "rmsd_l_b": 2.605,
            "rmsd_u_b": 4.482
          },
          {
            "mode": 5,
            "affinity": -3.6,
            "rmsd_l_b": 3.387,
            "rmsd_u_b": 4.349
          },
          {
            "mode": 6,
            "affinity": -3.5,
            "rmsd_l_b": 2.718,
            "rmsd_u_b": 4.733
          },
          {
            "mode": 7,
            "affinity": -3.5,
            "rmsd_l_b": 2.685,
            "rmsd_u_b": 5.641
          },
          {
            "mode": 8,
            "affinity": -3.5,
            "rmsd_l_b": 8.027,
            "rmsd_u_b": 9.95
          },
          {
            "mode": 9,
            "affinity": -3.5,
            "rmsd_l_b": 3.277,
            "rmsd_u_b": 6.725
          }
        ]
      },
      {
        "run": 12,
        "seed": 352528,
        "average": {
          "affinity": -3.589,
          "rmsd_l_b": 2.336,
          "rmsd_u_b": 3.92
        },
        "modes": [
          {
            "mode": 1,
            "affinity": -3.7,
            "rmsd_l_b": 0.0,
            "rmsd_u_b": 0.0
          },
          {
            "mode": 2,
            "affinity": -3.6,
            "rmsd_l_b": 3.236,
            "rmsd_u_b": 5.226
          },
          {
            "mode": 3,
            "affinity": -3.6,
            "rmsd_l_b": 2.195,
            "rmsd_u_b": 4.224
          },
          {
            "mode": 4,
            "affinity": -3.6,
            "rmsd_l_b": 1.421,
            "rmsd_u_b": 2.005
          },
          {
            "mode": 5,
            "affinity": -3.6,
            "rmsd_l_b": 3.378,
            "rmsd_u_b": 4.239
          },
          {
            "mode": 6,
            "affinity": -3.6,
            "rmsd_l_b": 2.614,
            "rmsd_u_b": 4.523
          },
          {
            "mode": 7,
            "affinity": -3.6,
            "rmsd_l_b": 2.741,
            "rmsd_u_b": 4.793
          },
          {
            "mode": 8,
            "affinity": -3.5,
            "rmsd_l_b": 2.694,
            "rmsd_u_b": 3.96
          },
          {
            "mode": 9,
            "affinity": -3.5,
            "rmsd_l_b": 2.741,
            "rmsd_u_b": 6.306
          }
        ]
      },
      {
        "run": 13,
        "seed": 12712,
        "average": {
          "affinity": -3.567,
          "rmsd_l_b": 2.846,
          "rmsd_u_b": 4.977
        },
        "modes": [
          {
            "mode": 1,
            "affinity": -3.7,
            "rmsd_l_b": 0.0,
            "rmsd_u_b": 0.0
          },
          {
            "mode": 2,
            "affinity": -3.7,
            "rmsd_l_b": 3.313,
            "rmsd_u_b": 5.35
          },
          {
            "mode": 3,
            "affinity": -3.6,
            "rmsd_l_b": 2.347,
            "rmsd_u_b": 4.847
          },
          {
            "mode": 4,
            "affinity": -3.6,
            "rmsd_l_b": 2.175,
            "rmsd_u_b": 4.195
          },
          {
            "mode": 5,
            "affinity": -3.6,
            "rmsd_l_b": 1.086,
            "rmsd_u_b": 1.619
          },
          {
            "mode": 6,
            "affinity": -3.5,
            "rmsd_l_b": 3.334,
            "rmsd_u_b": 6.974
          },
          {
            "mode": 7,
            "affinity": -3.5,
            "rmsd_l_b": 2.589,
            "rmsd_u_b": 5.614
          },
          {
            "mode": 8,
            "affinity": -3.5,
            "rmsd_l_b": 2.739,
            "rmsd_u_b": 6.289
          },
          {
            "mode": 9,
            "affinity": -3.4,
            "rmsd_l_b": 8.029,
            "rmsd_u_b": 9.909
          }
        ]
      },
      {
        "run": 14,
        "seed": 921342,
        "average": {
          "affinity": -3.578,
          "rmsd_l_b": 2.266,
          "rmsd_u_b": 3.924
        },
        "modes": [
          {
            "mode": 1,
            "affinity": -3.7,
            "rmsd_l_b": 0.0,
            "rmsd_u_b": 0.0
          },
          {
            "mode": 2,
            "affinity": -3.7,
            "rmsd_l_b": 1.218,
            "rmsd_u_b": 1.788
          },
          {
            "mode": 3,
            "affinity": -3.6,
            "rmsd_l_b": 2.39,
            "rmsd_u_b": 4.995
          },
          {
            "mode": 4,
            "affinity": -3.6,
            "rmsd_l_b": 3.25,
            "rmsd_u_b": 5.15
          },
          {
            "mode": 5,
            "affinity": -3.6,
            "rmsd_l_b": 2.585,
            "rmsd_u_b": 4.536
          },
          {
            "mode": 6,
            "affinity": -3.5,
            "rmsd_l_b": 2.671,
            "rmsd_u_b": 5.612
          },
          {
            "mode": 7,
            "affinity": -3.5,
            "rmsd_l_b": 1.434,
            "rmsd_u_b": 2.119
          },
          {
            "mode": 8,
            "affinity": -3.5,
            "rmsd_l_b": 3.51,
            "rmsd_u_b": 6.887
          },
          {
            "mode": 9,
            "affinity": -3.5,
            "rmsd_l_b": 3.335,
            "rmsd_u_b": 4.228
          }
        ]
      },
      {
        "run": 15,
        "seed": 613800,
        "average": {
          "affinity": -3.433,
          "rmsd_l_b": 2.262,
          "rmsd_u_b": 3.901
        },
        "modes": [
          {
            "mode": 1,
            "affinity": -3.5,
            "rmsd_l_b": 0.0,
            "rmsd_u_b": 0.0
          },
          {
            "mode": 2,
            "affinity": -3.5,
            "rmsd_l_b": 2.351,
            "rmsd_u_b": 4.996
          },
          {
            "mode": 3,
            "affinity": -3.5,
            "rmsd_l_b": 3.829,
            "rmsd_u_b": 7.52
          },
          {
            "mode": 4,
            "affinity": -3.5,
            "rmsd_l_b": 1.508,
            "rmsd_u_b": 1.83
          },
          {
            "mode": 5,
            "affinity": -3.5,
            "rmsd_l_b": 2.293,
            "rmsd_u_b": 4.872
          },
          {
            "mode": 6,
            "affinity": -3.4,
            "rmsd_l_b": 3.66,
            "rmsd_u_b": 5.739
          },
          {
            "mode": 7,
            "affinity": -3.4,
            "rmsd_l_b": 1.78,
            "rmsd_u_b": 2.319
          },
          {
            "mode": 8,
            "affinity": -3.3,
            "rmsd_l_b": 2.325,
            "rmsd_u_b": 2.793
          },
          {
            "mode": 9,
            "affinity": -3.3,
            "rmsd_l_b": 2.613,
            "rmsd_u_b": 5.044
          }
        ]
      },
      {
        "run": 16,
        "seed": 945419,
        "average": {
          "affinity": -3.578,
          "rmsd_l_b": 2.129,
          "rmsd_u_b": 4.046
        },
        "modes": [
          {
            "mode": 1,
            "affinity": -3.7,
            "rmsd_l_b": 0.0,
            "rmsd_u_b": 0.0
          },
          {
            "mode": 2,
            "affinity": -3.7,
            "rmsd_l_b": 2.35,
            "rmsd_u_b": 4.918
          },
          {
            "mode": 3,
            "affinity": -3.6,
            "rmsd_l_b": 1.155,
            "rmsd_u_b": 1.821
          },
          {
            "mode": 4,
            "affinity": -3.6,
            "rmsd_l_b": 3.176,
            "rmsd_u_b": 5.054
          },
          {
            "mode": 5,
            "affinity": -3.6,
            "rmsd_l_b": 2.619,
            "rmsd_u_b": 4.5
          },
          {
            "mode": 6,
            "affinity": -3.6,
            "rmsd_l_b": 2.68,
            "rmsd_u_b": 4.803
          },
          {
            "mode": 7,
            "affinity": -3.5,
            "rmsd_l_b": 2.172,
            "rmsd_u_b": 4.295
          },
          {
            "mode": 8,
            "affinity": -3.5,
            "rmsd_l_b": 2.689,
            "rmsd_u_b": 5.644
          },
          {
            "mode": 9,
            "affinity": -3.4,
            "rmsd_l_b": 2.324,
            "rmsd_u_b": 5.378
          }
        ]
      },
      {
        "run": 17,
        "seed": 506974,
        "average": {
          "affinity": -3.444,
          "rmsd_l_b": 2.626,
          "rmsd_u_b": 4.725
        },
        "modes": [
          {
            "mode": 1,
            "affinity": -3.6,
            "rmsd_l_b": 0.0,
            "rmsd_u_b": 0.0
          },
          {
            "mode": 2,
            "affinity": -3.6,
            "rmsd_l_b": 1.073,
            "rmsd_u_b": 1.642
          },
          {
            "mode": 3,
            "affinity": -3.6,
            "rmsd_l_b": 2.385,
            "rmsd_u_b": 4.957
          },
          {
            "mode": 4,
            "affinity": -3.4,
            "rmsd_l_b": 2.717,
            "rmsd_u_b": 4.743
          },
          {
            "mode": 5,
            "affinity": -3.4,
            "rmsd_l_b": 2.601,
            "rmsd_u_b": 5.715
          },
          {
            "mode": 6,
            "affinity": -3.4,
            "rmsd_l_b": 3.284,
            "rmsd_u_b": 6.675
          },
          {
            "mode": 7,
            "affinity": -3.4,
            "rmsd_l_b": 3.681,
            "rmsd_u_b": 6.539
          },
          {
            "mode": 8,
            "affinity": -3.3,
            "rmsd_l_b": 4.52,
            "rmsd_u_b": 6.747
          },
          {
            "mode": 9,
            "affinity": -3.3,
            "rmsd_l_b": 3.373,
            "rmsd_u_b": 5.507
          }
        ]
      },
      {
        "run": 18,
        "seed": 640854,
        "average": {
          "affinity": -3.489,
          "rmsd_l_b": 2.956,
          "rmsd_u_b": 4.89
        },
        "modes": [
          {
            "mode": 1,
            "affinity": -3.7,
            "rmsd_l_b": 0.0,
            "rmsd_u_b": 0.0
          },
          {
            "mode": 2,
            "affinity": -3.6,
            "rmsd_l_b": 0.969,
            "rmsd_u_b": 1.423
          },
          {
            "mode": 3,
            "affinity": -3.5,
            "rmsd_l_b": 2.581,
            "rmsd_u_b": 4.505
          },
          {
            "mode": 4,
            "affinity": -3.5,
            "rmsd_l_b": 2.388,
            "rmsd_u_b": 5.01
          },
          {
            "mode": 5,
            "affinity": -3.5,
            "rmsd_l_b": 3.28,
            "rmsd_u_b": 4.122
          },
          {
            "mode": 6,
            "affinity": -3.4,
            "rmsd_l_b": 2.663,
            "rmsd_u_b": 5.623
          },
          {
            "mode": 7,
            "affinity": -3.4,
            "rmsd_l_b": 3.057,
            "rmsd_u_b": 6.577
          },
          {
            "mode": 8,
            "affinity": -3.4,
            "rmsd_l_b": 3.62,
            "rmsd_u_b": 6.868
          },
          {
            "mode": 9,
            "affinity": -3.4,
            "rmsd_l_b": 8.047,
            "rmsd_u_b": 9.879
          }
        ]
      },
      {
        "run": 19,
        "seed": 964646,
        "average": {
          "affinity": -3.556,
          "rmsd_l_b": 2.26,
          "rmsd_u_b": 4.028
        },
        "modes": [
          {
            "mode": 1,
            "affinity": -3.7,
            "rmsd_l_b": 0.0,
            "rmsd_u_b": 0.0
          },
          {
            "mode": 2,
            "affinity": -3.6,
            "rmsd_l_b": 1.087,
            "rmsd_u_b": 1.614
          },
          {
            "mode": 3,
            "affinity": -3.6,
            "rmsd_l_b": 2.346,
            "rmsd_u_b": 4.749
          },
          {
            "mode": 4,
            "affinity": -3.6,
            "rmsd_l_b": 2.601,
            "rmsd_u_b": 4.453
          },
          {
            "mode": 5,
            "affinity": -3.6,
            "rmsd_l_b": 3.301,
            "rmsd_u_b": 4.172
          },
          {
            "mode": 6,
            "affinity": -3.6,
            "rmsd_l_b": 3.208,
            "rmsd_u_b": 5.142
          },
          {
            "mode": 7,
            "affinity": -3.5,
            "rmsd_l_b": 2.585,
            "rmsd_u_b": 5.633
          },
          {
            "mode": 8,
            "affinity": -3.4,
            "rmsd_l_b": 2.89,
            "rmsd_u_b": 5.157
          },
          {
            "mode": 9,
            "affinity": -3.4,
            "rmsd_l_b": 2.318,
            "rmsd_u_b": 5.33
          }
        ]
      },
      {
        "run": 20,
        "seed": 638128,
        "average": {
          "affinity": -3.522,
          "rmsd_l_b": 2.885,
          "rmsd_u_b": 4.609
        },
        "modes": [
          {
            "mode": 1,
            "affinity": -3.7,
            "rmsd_l_b": 0.0,
            "rmsd_u_b": 0.0
          },
          {
            "mode": 2,
            "affinity": -3.6,
            "rmsd_l_b": 2.333,
            "rmsd_u_b": 4.945
          },
          {
            "mode": 3,
            "affinity": -3.6,
            "rmsd_l_b": 1.194,
            "rmsd_u_b": 1.77
          },
          {
            "mode": 4,
            "affinity": -3.6,
            "rmsd_l_b": 2.155,
            "rmsd_u_b": 4.277
          },
          {
            "mode": 5,
            "affinity": -3.5,
            "rmsd_l_b": 3.218,
            "rmsd_u_b": 5.075
          },
          {
            "mode": 6,
            "affinity": -3.5,
            "rmsd_l_b": 2.711,
            "rmsd_u_b": 4.817
          },
          {
            "mode": 7,
            "affinity": -3.4,
            "rmsd_l_b": 3.602,
            "rmsd_u_b": 6.698
          },
          {
            "mode": 8,
            "affinity": -3.4,
            "rmsd_l_b": 2.653,
            "rmsd_u_b": 3.926
          },
          {
            "mode": 9,
            "affinity": -3.4,
            "rmsd_l_b": 8.101,
            "rmsd_u_b": 9.972
          }
        ]
      }
    ]
  }
}