{
  "rmsd": 5.48,
  "rmsd_method": "C-alpha coordinates",
  "rmsd_tool": "BioPython",
  "docking": {
    "average_affinity": -5.292,
    "runs": [
      {
        "run": 1,
        "seed": 398866,
        "average": {
          "affinity": -5.322,
          "rmsd_l_b": 2.549,
          "rmsd_u_b": 4.932
        },
        "modes": [
          {
            "mode": 1,
            "affinity": -5.6,
            "rmsd_l_b": 0.0,
            "rmsd_u_b": 0.0
          },
          {
            "mode": 2,
            "affinity": -5.5,
            "rmsd_l_b": 3.141,
            "rmsd_u_b": 5.427
          },
          {
            "mode": 3,
            "affinity": -5.5,
            "rmsd_l_b": 2.494,
            "rmsd_u_b": 7.603
          },
          {
            "mode": 4,
            "affinity": -5.4,
            "rmsd_l_b": 1.622,
            "rmsd_u_b": 2.312
          },
          {
            "mode": 5,
            "affinity": -5.3,
            "rmsd_l_b": 3.329,
            "rmsd_u_b": 5.199
          },
          {
            "mode": 6,
            "affinity": -5.3,
            "rmsd_l_b": 4.02,
            "rmsd_u_b": 6.32
          },
          {
            "mode": 7,
            "affinity": -5.1,
            "rmsd_l_b": 3.347,
            "rmsd_u_b": 8.614
          },
          {
            "mode": 8,
            "affinity": -5.1,
            "rmsd_l_b": 3.326,
            "rmsd_u_b": 6.712
          },
          {
            "mode": 9,
            "affinity": -5.1,
            "rmsd_l_b": 1.663,
            "rmsd_u_b": 2.198
          }
        ]
      },
      {
        "run": 2,
        "seed": 320975,
        "average": {
          "affinity": -5.267,
          "rmsd_l_b": 2.507,
          "rmsd_u_b": 5.545
        },
        "modes": [
          {
            "mode": 1,
            "affinity": -5.6,
            "rmsd_l_b": 0.0,
            "rmsd_u_b": 0.0
          },
          {
            "mode": 2,
            "affinity": -5.6,
            "rmsd_l_b": 2.853,
            "rmsd_u_b": 4.665
          },
          {
            "mode": 3,
            "affinity": -5.5,
            "rmsd_l_b": 3.118,
            "rmsd_u_b": 5.433
          },
          {
            "mode": 4,
            "affinity": -5.5,
            "rmsd_l_b": 2.528,
            "rmsd_u_b": 7.617
          },
          {
            "mode": 5,
            "affinity": -5.1,
            "rmsd_l_b": 3.337,
            "rmsd_u_b": 8.661
          },
          {
            "mode": 6,
            "affinity": -5.1,
            "rmsd_l_b": 3.501,
            "rmsd_u_b": 5.889
          },
          {
            "mode": 7,
            "affinity": -5.0,
            "rmsd_l_b": 3.326,
            "rmsd_u_b": 6.731
          },
          {
            "mode": 8,
            "affinity": -5.0,
            "rmsd_l_b": 1.902,
            "rmsd_u_b": 2.756
          },
          {
            "mode": 9,
            "affinity": -5.0,
            "rmsd_l_b": 1.994,
            "rmsd_u_b": 8.151
          }
        ]
      },
      {
        "run": 3,
        "seed": 851507,
        "average": {
          "affinity": -5.233,
          "rmsd_l_b": 2.713,
          "rmsd_u_b": 5.128
        },
        "modes": [
          {
            "mode": 1,
            "affinity": -5.6,
            "rmsd_l_b": 0.0,
            "rmsd_u_b": 0.0
          },
          {
            "mode": 2,
            "affinity": -5.5,
            "rmsd_l_b": 3.125,
            "rmsd_u_b": 5.421
          },
          {
            "mode": 3,
            "affinity": -5.4,
            "rmsd_l_b": 1.823,
            "rmsd_u_b": 2.363
          },
          {
            "mode": 4,
            "affinity": -5.2,
            "rmsd_l_b": 4.0,
            "rmsd_u_b": 6.344
          },
          {
            "mode": 5,
            "affinity": -5.2,
            "rmsd_l_b": 3.272,
            "rmsd_u_b": 5.144
          },
          {
            "mode": 6,
            "affinity": -5.2,
            "rmsd_l_b": 3.634,
            "rmsd_u_b": 8.627
          },
          {
            "mode": 7,
            "affinity": -5.0,
            "rmsd_l_b": 3.245,
            "rmsd_u_b": 8.705
          },
          {
            "mode": 8,
            "affinity": -5.0,
            "rmsd_l_b": 2.009,
            "rmsd_u_b": 2.863
          },
          {
            "mode": 9,
            "affinity": -5.0,
            "rmsd_l_b": 3.305,
            "rmsd_u_b": 6.682
          }
        ]
      },
      {
        "run": 4,
        "seed": 665954,
        "average": {
          "affinity": -5.311,
          "rmsd_l_b": 2.722,
          "rmsd_u_b": 5.669
        },
        "modes": [
          {
            "mode": 1,
            "affinity": -5.6,
            "rmsd_l_b": 0.0,
            "rmsd_u_b": 0.0
          },
          {
            "mode": 2,
            "affinity": -5.5,
            "rmsd_l_b": 3.136,
            "rmsd_u_b": 5.434
          },
          {
            "mode": 3,
            "affinity": -5.5,
            "rmsd_l_b": 2.426,
            "rmsd_u_b": 7.644
          },
          {
            "mode": 4,
            "affinity": -5.4,
            "rmsd_l_b": 3.416,
            "rmsd_u_b": 5.817
          },
          {
            "mode": 5,
            "affinity": -5.3,
            "rmsd_l_b": 1.377,
            "rmsd_u_b": 2.052
          },
          {
            "mode": 6,
            "affinity": -5.3,
            "rmsd_l_b": 4.006,
            "rmsd_u_b": 6.294
          },
          {
            "mode": 7,
            "affinity": -5.1,
            "rmsd_l_b": 3.628,
            "rmsd_u_b": 8.651
          },
          {
            "mode": 8,
            "affinity": -5.1,
            "rmsd_l_b": 3.281,
            "rmsd_u_b": 8.702
          },
          {
            "mode": 9,
            "affinity": -5.0,
            "rmsd_l_b": 3.23,
            "rmsd_u_b": 6.43
          }
        ]
      },
      {
        "run": 5,
        "seed": 282048,
        "average": {
          "affinity": -5.322,
          "rmsd_l_b": 2.787,
          "rmsd_u_b": 5.381
        },
        "modes": [
          {
            "mode": 1,
            "affinity": -5.6,
            "rmsd_l_b": 0.0,
            "rmsd_u_b": 0.0
          },
          {
            "mode": 2,
            "affinity": -5.5,
            "rmsd_l_b": 3.115,
            "rmsd_u_b": 5.406
          },
          {
            "mode": 3,
            "affinity": -5.5,
            "rmsd_l_b": 2.922,
            "rmsd_u_b": 4.712
          },
          {
            "mode": 4,
            "affinity": -5.4,
            "rmsd_l_b": 2.491,
            "rmsd_u_b": 7.695
          },
          {
            "mode": 5,
            "affinity": -5.3,
            "rmsd_l_b": 2.166,
            "rmsd_u_b": 2.895
          },
          {
            "mode": 6,
            "affinity": -5.2,
            "rmsd_l_b": 3.937,
            "rmsd_u_b": 6.211
          },
          {
            "mode": 7,
            "affinity": -5.2,
            "rmsd_l_b": 3.936,
            "rmsd_u_b": 6.411
          },
          {
            "mode": 8,
            "affinity": -5.1,
            "rmsd_l_b": 3.179,
            "rmsd_u_b": 8.343
          },
          {
            "mode": 9,
            "affinity": -5.1,
            "rmsd_l_b": 3.334,
            "rmsd_u_b": 6.752
          }
        ]
      },
      {
        "run": 6,
        "seed": 623915,
        "average": {
          "affinity": -5.333,
          "rmsd_l_b": 2.525,
          "rmsd_u_b": 5.41
        },
        "modes": [
          {
            "mode": 1,
            "affinity": -5.7,
            "rmsd_l_b": 0.0,
            "rmsd_u_b": 0.0
          },
          {
            "mode": 2,
            "affinity": -5.5,
            "rmsd_l_b": 3.111,
            "rmsd_u_b": 5.43
          },
          {
            "mode": 3,
            "affinity": -5.5,
            "rmsd_l_b": 2.495,
            "rmsd_u_b": 7.559
          },
          {
            "mode": 4,
            "affinity": -5.4,
            "rmsd_l_b": 1.604,
            "rmsd_u_b": 2.31
          },
          {
            "mode": 5,
            "affinity": -5.4,
            "rmsd_l_b": 1.841,
            "rmsd_u_b": 2.349
          },
          {
            "mode": 6,
            "affinity": -5.3,
            "rmsd_l_b": 3.903,
            "rmsd_u_b": 6.274
          },
          {
            "mode": 7,
            "affinity": -5.1,
            "rmsd_l_b": 3.19,
            "rmsd_u_b": 8.683
          },
          {
            "mode": 8,
            "affinity": -5.1,
            "rmsd_l_b": 3.307,
            "rmsd_u_b": 6.693
          },
          {
            "mode": 9,
            "affinity": -5.0,
            "rmsd_l_b": 3.271,
            "rmsd_u_b": 9.391
          }
        ]
      },
      {
        "run": 7,
        "seed": 629328,
        "average": {
          "affinity": -5.278,
          "rmsd_l_b": 3.035,
          "rmsd_u_b": 6.193
        },
        "modes": [
          {
            "mode": 1,
            "affinity": -5.6,
            "rmsd_l_b": 0.0,
            "rmsd_u_b": 0.0
          },
          {
            "mode": 2,
            "affinity": -5.5,
            "rmsd_l_b": 3.154,
            "rmsd_u_b": 5.438
          },
          {
            "mode": 3,
            "affinity": -5.4,
            "rmsd_l_b": 2.701,
            "rmsd_u_b": 7.773
          },
          {
            "mode": 4,
            "affinity": -5.3,
            "rmsd_l_b": 3.397,
            "rmsd_u_b": 5.443
          },
          {
            "mode": 5,
            "affinity": -5.2,
            "rmsd_l_b": 3.932,
            "rmsd_u_b": 6.473
          },
          {
            "mode": 6,
            "affinity": -5.2,
            "rmsd_l_b": 3.637,
            "rmsd_u_b": 8.638
          },
          {
            "mode": 7,
            "affinity": -5.2,
            "rmsd_l_b": 3.924,
            "rmsd_u_b": 6.443
          },
          {
            "mode": 8,
            "affinity": -5.1,
            "rmsd_l_b": 3.33,
            "rmsd_u_b": 6.749
          },
          {
            "mode": 9,
            "affinity": -5.0,
            "rmsd_l_b": 3.24,
            "rmsd_u_b": 8.784
          }
        ]
      },
      {
        "run": 8,
        "seed": 615351,
        "average": {
          "affinity": -5.244,
          "rmsd_l_b": 2.745,
          "rmsd_u_b": 6.071
        },
        "modes": [
          {
            "mode": 1,
            "affinity": -5.6,
            "rmsd_l_b": 0.0,
            "rmsd_u_b": 0.0
          },
          {
            "mode": 2,
            "affinity": -5.5,
            "rmsd_l_b": 3.141,
            "rmsd_u_b": 5.477
          },
          {
            "mode": 3,
            "affinity": -5.4,
            "rmsd_l_b": 2.516,
            "rmsd_u_b": 7.702
          },
          {
            "mode": 4,
            "affinity": -5.3,
            "rmsd_l_b": 3.94,
            "rmsd_u_b": 6.266
          },
          {
            "mode": 5,
            "affinity": -5.1,
            "rmsd_l_b": 3.634,
            "rmsd_u_b": 8.609
          },
          {
            "mode": 6,
            "affinity": -5.1,
            "rmsd_l_b": 3.143,
            "rmsd_u_b": 5.551
          },
          {
            "mode": 7,
            "affinity": -5.1,
            "rmsd_l_b": 2.549,
            "rmsd_u_b": 8.619
          },
          {
            "mode": 8,
            "affinity": -5.1,
            "rmsd_l_b": 3.874,
            "rmsd_u_b": 9.733
          },
          {
            "mode": 9,
            "affinity": -5.0,
            "rmsd_l_b": 1.91,
            "rmsd_u_b": 2.686
          }
        ]
      },
      {
        "run": 9,
        "seed": 483787,
        "average": {
          "affinity": -5.233,
          "rmsd_l_b": 2.766,
          "rmsd_u_b": 6.772
        },
        "modes": [
          {
            "mode": 1,
            "affinity": -5.7,
            "rmsd_l_b": 0.0,
            "rmsd_u_b": 0.0
          },
          {
            "mode": 2,
            "affinity": -5.5,
            "rmsd_l_b": 3.118,
            "rmsd_u_b": 5.423
          },
          {
            "mode": 3,
            "affinity": -5.5,
            "rmsd_l_b": 2.44,
            "rmsd_u_b": 7.621
          },
          {
            "mode": 4,
            "affinity": -5.3,
            "rmsd_l_b": 3.973,
            "rmsd_u_b": 6.289
          },
          {
            "mode": 5,
            "affinity": -5.2,
            "rmsd_l_b": 3.615,
            "rmsd_u_b": 8.615
          },
          {
            "mode": 6,
            "affinity": -5.1,
            "rmsd_l_b": 3.194,
            "rmsd_u_b": 8.813
          },
          {
            "mode": 7,
            "affinity": -5.0,
            "rmsd_l_b": 3.33,
            "rmsd_u_b": 6.732
          },
          {
            "mode": 8,
            "affinity": -4.9,
            "rmsd_l_b": 1.924,
            "rmsd_u_b": 8.011
          },
          {
            "mode": 9,
            "affinity": -4.9,
            "rmsd_l_b": 3.299,
            "rmsd_u_b": 9.441
          }
        ]
      },
      {
        "run": 10,
        "seed": 351306,
        "average": {
          "affinity": -5.311,
          "rmsd_l_b": 2.768,
          "rmsd_u_b": 5.653
        },
        "modes": [
          {
            "mode": 1,
            "affinity": -5.6,
            "rmsd_l_b": 0.0,
            "rmsd_u_b": 0.0
          },
          {
            "mode": 2,
            "affinity": -5.5,
            "rmsd_l_b": 2.857,
            "rmsd_u_b": 4.7
          },
          {
            "mode": 3,
            "affinity": -5.4,
            "rmsd_l_b": 3.497,
            "rmsd_u_b": 5.99
          },
          {
            "mode": 4,
            "affinity": -5.4,
            "rmsd_l_b": 2.624,
            "rmsd_u_b": 7.763
          },
          {
            "mode": 5,
            "affinity": -5.4,
            "rmsd_l_b": 1.856,
            "rmsd_u_b": 2.297
          },
          {
            "mode": 6,
            "affinity": -5.3,
            "rmsd_l_b": 4.011,
            "rmsd_u_b": 6.258
          },
          {
            "mode": 7,
            "affinity": -5.1,
            "rmsd_l_b": 3.579,
            "rmsd_u_b": 8.554
          },
          {
            "mode": 8,
            "affinity": -5.1,
            "rmsd_l_b": 3.301,
            "rmsd_u_b": 6.544
          },
          {
            "mode": 9,
            "affinity": -5.0,
            "rmsd_l_b": 3.191,
            "rmsd_u_b": 8.772
          }
        ]
      },
      {
        "run": 11,
        "seed": 544688,
        "average": {
          "affinity": -5.267,
          "rmsd_l_b": 2.556,
          "rmsd_u_b": 5.971
        },
        "modes": [
          {
            "mode": 1,
            "affinity": -5.6,
            "rmsd_l_b": 0.0,
            "rmsd_u_b": 0.0
          },
          {
            "mode": 2,
            "affinity": -5.5,
            "rmsd_l_b": 3.126,
            "rmsd_u_b": 5.441
          },
          {
            "mode": 3,
            "affinity": -5.5,
            "rmsd_l_b": 2.464,
            "rmsd_u_b": 7.606
          },
          {
            "mode": 4,
            "affinity": -5.4,
            "rmsd_l_b": 1.536,
            "rmsd_u_b": 2.243
          },
          {
            "mode": 5,
            "affinity": -5.3,
            "rmsd_l_b": 3.943,
            "rmsd_u_b": 6.266
          },
          {
            "mode": 6,
            "affinity": -5.1,
            "rmsd_l_b": 3.372,
            "rmsd_u_b": 8.56
          },
          {
            "mode": 7,
            "affinity": -5.0,
            "rmsd_l_b": 3.249,
            "rmsd_u_b": 8.757
          },
          {
            "mode": 8,
            "affinity": -5.0,
            "rmsd_l_b": 3.293,
            "rmsd_u_b": 6.675
          },
          {
            "mode": 9,
            "affinity": -5.0,
            "rmsd_l_b": 2.024,
            "rmsd_u_b": 8.191
          }
        ]
      },
      {
        "run": 12,
        "seed": 740854,
        "average": {
          "affinity": -5.389,
          "rmsd_l_b": 2.451,
          "rmsd_u_b": 5.157
        },
        "modes": [
          {
            "mode": 1,
            "affinity": -5.6,
            "rmsd_l_b": 0.0,
            "rmsd_u_b": 0.0
          },
          {
            "mode": 2,
            "affinity": -5.5,
            "rmsd_l_b": 3.077,
            "rmsd_u_b": 5.495
          },
          {
            "mode": 3,
            "affinity": -5.5,
            "rmsd_l_b": 1.354,
            "rmsd_u_b": 1.559
          },
          {
            "mode": 4,
            "affinity": -5.5,
            "rmsd_l_b": 2.498,
            "rmsd_u_b": 7.653
          },
          {
            "mode": 5,
            "affinity": -5.5,
            "rmsd_l_b": 1.692,
            "rmsd_u_b": 2.405
          },
          {
            "mode": 6,
            "affinity": -5.3,
            "rmsd_l_b": 3.283,
            "rmsd_u_b": 5.778
          },
          {
            "mode": 7,
            "affinity": -5.3,
            "rmsd_l_b": 3.979,
            "rmsd_u_b": 6.261
          },
          {
            "mode": 8,
            "affinity": -5.2,
            "rmsd_l_b": 3.634,
            "rmsd_u_b": 8.634
          },
          {
            "mode": 9,
            "affinity": -5.1,
            "rmsd_l_b": 2.546,
            "rmsd_u_b": 8.624
          }
        ]
      },
      {
        "run": 13,
        "seed": 802418,
        "average": {
          "affinity": -5.2,
          "rmsd_l_b": 2.51,
          "rmsd_u_b": 4.976
        },
        "modes": [
          {
            "mode": 1,
            "affinity": -5.6,
            "rmsd_l_b": 0.0,
            "rmsd_u_b": 0.0
          },
          {
            "mode": 2,
            "affinity": -5.5,
            "rmsd_l_b": 2.859,
            "rmsd_u_b": 4.674
          },
          {
            "mode": 3,
            "affinity": -5.4,
            "rmsd_l_b": 1.674,
            "rmsd_u_b": 2.413
          },
          {
            "mode": 4,
            "affinity": -5.2,
            "rmsd_l_b": 3.878,
            "rmsd_u_b": 6.163
          },
          {
            "mode": 5,
            "affinity": -5.1,
            "rmsd_l_b": 2.692,
            "rmsd_u_b": 4.565
          },
          {
            "mode": 6,
            "affinity": -5.1,
            "rmsd_l_b": 3.176,
            "rmsd_u_b": 8.392
          },
          {
            "mode": 7,
            "affinity": -5.0,
            "rmsd_l_b": 3.179,
            "rmsd_u_b": 8.779
          },
          {
            "mode": 8,
            "affinity": -5.0,
            "rmsd_l_b": 1.716,
            "rmsd_u_b": 2.635
          },
          {
            "mode": 9,
            "affinity": -4.9,
            "rmsd_l_b": 3.42,
            "rmsd_u_b": 7.16
          }
        ]
      },
      {
        "run": 14,
        "seed": 342158,
        "average": {
          "affinity": -5.289,
          "rmsd_l_b": 2.541,
          "rmsd_u_b": 6.034
        },
        "modes": [
          {
            "mode": 1,
            "affinity": -5.7,
            "rmsd_l_b": 0.0,
            "rmsd_u_b": 0.0
          },
          {
            "mode": 2,
            "affinity": -5.5,
            "rmsd_l_b": 2.406,
            "rmsd_u_b": 7.641
          },
          {
            "mode": 3,
            "affinity": -5.5,
            "rmsd_l_b": 3.107,
            "rmsd_u_b": 5.515
          },
          {
            "mode": 4,
            "affinity": -5.5,
            "rmsd_l_b": 1.553,
            "rmsd_u_b": 2.233
          },
          {
            "mode": 5,
            "affinity": -5.3,
            "rmsd_l_b": 4.032,
            "rmsd_u_b": 6.33
          },
          {
            "mode": 6,
            "affinity": -5.1,
            "rmsd_l_b": 3.307,
            "rmsd_u_b": 8.632
          },
          {
            "mode": 7,
            "affinity": -5.0,
            "rmsd_l_b": 3.228,
            "rmsd_u_b": 6.424
          },
          {
            "mode": 8,
            "affinity": -5.0,
            "rmsd_l_b": 1.985,
            "rmsd_u_b": 8.126
          },
          {
            "mode": 9,
            "affinity": -5.0,
            "rmsd_l_b": 3.251,
            "rmsd_u_b": 9.401
          }
        ]
      },
      {
        "run": 15,
        "seed": 511692,
        "average": {
          "affinity": -5.3,
          "rmsd_l_b": 2.693,
          "rmsd_u_b": 5.554
        },
        "modes": [
          {
            "mode": 1,
            "affinity": -5.6,
            "rmsd_l_b": 0.0,
            "rmsd_u_b": 0.0
          },
          {
            "mode": 2,
            "affinity": -5.5,
            "rmsd_l_b": 2.84,
            "rmsd_u_b": 4.64
          },
          {
            "mode": 3,
            "affinity": -5.5,
            "rmsd_l_b": 2.496,
            "rmsd_u_b": 7.603
          },
          {
            "mode": 4,
            "affinity": -5.3,
            "rmsd_l_b": 1.902,
            "rmsd_u_b": 2.488
          },
          {
            "mode": 5,
            "affinity": -5.3,
            "rmsd_l_b": 3.889,
            "rmsd_u_b": 6.241
          },
          {
            "mode": 6,
            "affinity": -5.3,
            "rmsd_l_b": 3.377,
            "rmsd_u_b": 5.406
          },
          {
            "mode": 7,
            "affinity": -5.1,
            "rmsd_l_b": 3.183,
            "rmsd_u_b": 8.338
          },
          {
            "mode": 8,
            "affinity": -5.1,
            "rmsd_l_b": 3.273,
            "rmsd_u_b": 8.721
          },
          {
            "mode": 9,
            "affinity": -5.0,
            "rmsd_l_b": 3.273,
            "rmsd_u_b": 6.549
          }
        ]
      },
      {
        "run": 16,
        "seed": 151141,
        "average": {
          "affinity": -5.233,
          "rmsd_l_b": 2.98,
          "rmsd_u_b": 6.025
        },
        "modes": [
          {
            "mode": 1,
            "affinity": -5.6,
            "rmsd_l_b": 0.0,
            "rmsd_u_b": 0.0
          },
          {
            "mode": 2,
            "affinity": -5.5,
            "rmsd_l_b": 3.113,
            "rmsd_u_b": 5.425
          },
          {
            "mode": 3,
            "affinity": -5.5,
            "rmsd_l_b": 2.448,
            "rmsd_u_b": 7.622
          },
          {
            "mode": 4,
            "affinity": -5.3,
            "rmsd_l_b": 3.929,
            "rmsd_u_b": 6.229
          },
          {
            "mode": 5,
            "affinity": -5.1,
            "rmsd_l_b": 3.313,
            "rmsd_u_b": 5.203
          },
          {
            "mode": 6,
            "affinity": -5.1,
            "rmsd_l_b": 3.403,
            "rmsd_u_b": 8.32
          },
          {
            "mode": 7,
            "affinity": -5.1,
            "rmsd_l_b": 3.299,
            "rmsd_u_b": 8.75
          },
          {
            "mode": 8,
            "affinity": -5.0,
            "rmsd_l_b": 3.352,
            "rmsd_u_b": 6.837
          },
          {
            "mode": 9,
            "affinity": -4.9,
            "rmsd_l_b": 3.963,
            "rmsd_u_b": 5.837
          }
        ]
      },
      {
        "run": 17,
        "seed": 531334,
        "average": {
          "affinity": -5.356,
          "rmsd_l_b": 2.687,
          "rmsd_u_b": 5.413
        },
        "modes": [
          {
            "mode": 1,
            "affinity": -5.6,
            "rmsd_l_b": 0.0,
            "rmsd_u_b": 0.0
          },
          {
            "mode": 2,
            "affinity": -5.5,
            "rmsd_l_b": 2.452,
            "rmsd_u_b": 7.627
          },
          {
            "mode": 3,
            "affinity": -5.5,
            "rmsd_l_b": 2.882,
            "rmsd_u_b": 4.655
          },
          {
            "mode": 4,
            "affinity": -5.4,
            "rmsd_l_b": 3.131,
            "rmsd_u_b": 5.34
          },
          {
            "mode": 5,
            "affinity": -5.4,
            "rmsd_l_b": 1.612,
            "rmsd_u_b": 2.303
          },
          {
            "mode": 6,
            "affinity": -5.4,
            "rmsd_l_b": 3.347,
            "rmsd_u_b": 5.319
          },
          {
            "mode": 7,
            "affinity": -5.3,
            "rmsd_l_b": 3.99,
            "rmsd_u_b": 6.231
          },
          {
            "mode": 8,
            "affinity": -5.1,
            "rmsd_l_b": 3.559,
            "rmsd_u_b": 8.566
          },
          {
            "mode": 9,
            "affinity": -5.0,
            "rmsd_l_b": 3.213,
            "rmsd_u_b": 8.676
          }
        ]
      },
      {
        "run": 18,
        "seed": 634948,
        "average": {
          "affinity": -5.289,
          "rmsd_l_b": 2.56,
          "rmsd_u_b": 5.366
        },
        "modes": [
          {
            "mode": 1,
            "affinity": -5.6,
            "rmsd_l_b": 0.0,
            "rmsd_u_b": 0.0
          },
          {
            "mode": 2,
            "affinity": -5.5,
            "rmsd_l_b": 2.912,
            "rmsd_u_b": 4.78
          },
          {
            "mode": 3,
            "affinity": -5.5,
            "rmsd_l_b": 1.512,
            "rmsd_u_b": 2.199
          },
          {
            "mode": 4,
            "affinity": -5.5,
            "rmsd_l_b": 2.431,
            "rmsd_u_b": 7.604
          },
          {
            "mode": 5,
            "affinity": -5.2,
            "rmsd_l_b": 4.008,
            "rmsd_u_b": 6.483
          },
          {
            "mode": 6,
            "affinity": -5.2,
            "rmsd_l_b": 3.63,
            "rmsd_u_b": 8.62
          },
          {
            "mode": 7,
            "affinity": -5.1,
            "rmsd_l_b": 3.359,
            "rmsd_u_b": 6.734
          },
          {
            "mode": 8,
            "affinity": -5.0,
            "rmsd_l_b": 2.034,
            "rmsd_u_b": 3.092
          },
          {
            "mode": 9,
            "affinity": -5.0,
            "rmsd_l_b": 3.155,
            "rmsd_u_b": 8.783
          }
        ]
      },
      {
        "run": 19,
        "seed": 88768,
        "average": {
          "affinity": -5.3,
          "rmsd_l_b": 2.497,
          "rmsd_u_b": 5.135
        },
        "modes": [
          {
            "mode": 1,
            "affinity": -5.6,
            "rmsd_l_b": 0.0,
            "rmsd_u_b": 0.0
          },
          {
            "mode": 2,
            "affinity": -5.5,
            "rmsd_l_b": 3.084,
            "rmsd_u_b": 5.496
          },
          {
            "mode": 3,
            "affinity": -5.5,
            "rmsd_l_b": 1.597,
            "rmsd_u_b": 2.273
          },
          {
            "mode": 4,
            "affinity": -5.3,
            "rmsd_l_b": 2.544,
            "rmsd_u_b": 7.703
          },
          {
            "mode": 5,
            "affinity": -5.3,
            "rmsd_l_b": 4.0,
            "rmsd_u_b": 6.312
          },
          {
            "mode": 6,
            "affinity": -5.2,
            "rmsd_l_b": 1.766,
            "rmsd_u_b": 2.544
          },
          {
            "mode": 7,
            "affinity": -5.2,
            "rmsd_l_b": 3.632,
            "rmsd_u_b": 8.648
          },
          {
            "mode": 8,
            "affinity": -5.1,
            "rmsd_l_b": 3.177,
            "rmsd_u_b": 8.652
          },
          {
            "mode": 9,
            "affinity": -5.0,
            "rmsd_l_b": 2.674,
            "rmsd_u_b": 4.586
          }
        ]
      },
      {
        "run": 20,
        "seed": 606651,
        "average": {
          "affinity": -5.356,
          "rmsd_l_b": 2.39,
          "rmsd_u_b": 4.593
        },
        "modes": [
          {
            "mode": 1,
            "affinity": -5.6,
            "rmsd_l_b": 0.0,
            "rmsd_u_b": 0.0
          },
          {
            "mode": 2,
            "affinity": -5.5,
            "rmsd_l_b": 2.912,
            "rmsd_u_b": 4.747
          },
          {
            "mode": 3,
            "affinity": -5.5,
            "rmsd_l_b": 1.617,
            "rmsd_u_b": 2.307
          },
          {
            "mode": 4,
            "affinity": -5.5,
            "rmsd_l_b": 2.438,
            "rmsd_u_b": 7.645
          },
          {
            "mode": 5,
            "affinity": -5.3,
            "rmsd_l_b": 0.996,
            "rmsd_u_b": 1.189
          },
          {
            "mode": 6,
            "affinity": -5.3,
            "rmsd_l_b": 3.304,
            "rmsd_u_b": 5.707
          },
          {
            "mode": 7,
            "affinity": -5.3,
            "rmsd_l_b": 3.991,
            "rmsd_u_b": 6.3
          },
          {
            "mode": 8,
            "affinity": -5.1,
            "rmsd_l_b": 3.04,
            "rmsd_u_b": 5.113
          },
          {
            "mode": 9,
            "affinity": -5.1,
            "rmsd_l_b": 3.212,
            "rmsd_u_b": 8.329
          }
        ]
      }
    ]
  }
}