{
  "rmsd": 5.178,
  "rmsd_method": "C-alpha coordinates",
  "rmsd_tool": "BioPython",
  "docking": {
    "average_affinity": -4.256,
    "runs": [
      {
        "run": 1,
        "seed": 915991,
        "average": {
          "affinity": -4.233,
          "rmsd_l_b": 9.753,
          "rmsd_u_b": 11.57
        },
        "modes": [
          {
            "mode": 1,
            "affinity": -4.7,
            "rmsd_l_b": 0.0,
            "rmsd_u_b": 0.0
          },
          {
            "mode": 2,
            "affinity": -4.5,
            "rmsd_l_b": 11.528,
            "rmsd_u_b": 13.694
          },
          {
            "mode": 3,
            "affinity": -4.3,
            "rmsd_l_b": 14.34,
            "rmsd_u_b": 16.553
          },
          {
            "mode": 4,
            "affinity": -4.3,
            "rmsd_l_b": 10.706,
            "rmsd_u_b": 13.212
          },
          {
            "mode": 5,
            "affinity": -4.1,
            "rmsd_l_b": 1.645,
            "rmsd_u_b": 2.066
          },
          {
            "mode": 6,
            "affinity": -4.1,
            "rmsd_l_b": 9.957,
            "rmsd_u_b": 12.621
          },
          {
            "mode": 7,
            "affinity": -4.1,
            "rmsd_l_b": 14.237,
            "rmsd_u_b": 15.682
          },
          {
            "mode": 8,
            "affinity": -4.0,
            "rmsd_l_b": 10.91,
            "rmsd_u_b": 13.419
          },
          {
            "mode": 9,
            "affinity": -4.0,
            "rmsd_l_b": 14.455,
            "rmsd_u_b": 16.883
          }
        ]
      },
      {
        "run": 2,
        "seed": 448761,
        "average": {
          "affinity": -4.2,
          "rmsd_l_b": 10.443,
          "rmsd_u_b": 12.49
        },
        "modes": [
          {
            "mode": 1,
            "affinity": -4.7,
            "rmsd_l_b": 0.0,
            "rmsd_u_b": 0.0
          },
          {
            "mode": 2,
            "affinity": -4.4,
            "rmsd_l_b": 14.38,
            "rmsd_u_b": 16.59
          },
          {
            "mode": 3,
            "affinity": -4.3,
            "rmsd_l_b": 10.719,
            "rmsd_u_b": 13.219
          },
          {
            "mode": 4,
            "affinity": -4.1,
            "rmsd_l_b": 9.948,
            "rmsd_u_b": 12.61
          },
          {
            "mode": 5,
            "affinity": -4.1,
            "rmsd_l_b": 10.771,
            "rmsd_u_b": 13.381
          },
          {
            "mode": 6,
            "affinity": -4.1,
            "rmsd_l_b": 9.702,
            "rmsd_u_b": 12.359
          },
          {
            "mode": 7,
            "affinity": -4.1,
            "rmsd_l_b": 14.267,
            "rmsd_u_b": 15.717
          },
          {
            "mode": 8,
            "affinity": -4.0,
            "rmsd_l_b": 13.282,
            "rmsd_u_b": 15.106
          },
          {
            "mode": 9,
            "affinity": -4.0,
            "rmsd_l_b": 10.92,
            "rmsd_u_b": 13.424
          }
        ]
      },
      {
        "run": 3,
        "seed": 795622,
        "average": {
          "affinity": -4.122,
          "rmsd_l_b": 6.458,
          "rmsd_u_b": 8.66
        },
        "modes": [
          {
            "mode": 1,
            "affinity": -4.4,
            "rmsd_l_b": 0.0,
            "rmsd_u_b": 0.0
          },
          {
            "mode": 2,
            "affinity": -4.4,
            "rmsd_l_b": 8.939,
            "rmsd_u_b": 11.964
          },
          {
            "mode": 3,
            "affinity": -4.3,
            "rmsd_l_b": 10.004,
            "rmsd_u_b": 11.925
          },
          {
            "mode": 4,
            "affinity": -4.1,
            "rmsd_l_b": 10.099,
            "rmsd_u_b": 12.724
          },
          {
            "mode": 5,
            "affinity": -4.0,
            "rmsd_l_b": 3.081,
            "rmsd_u_b": 5.848
          },
          {
            "mode": 6,
            "affinity": -4.0,
            "rmsd_l_b": 9.64,
            "rmsd_u_b": 11.94
          },
          {
            "mode": 7,
            "affinity": -4.0,
            "rmsd_l_b": 3.448,
            "rmsd_u_b": 5.625
          },
          {
            "mode": 8,
            "affinity": -4.0,
            "rmsd_l_b": 10.302,
            "rmsd_u_b": 12.664
          },
          {
            "mode": 9,
            "affinity": -3.9,
            "rmsd_l_b": 2.611,
            "rmsd_u_b": 5.248
          }
        ]
      },
      {
        "run": 4,
        "seed": 805105,
        "average": {
          "affinity": -4.367,
          "rmsd_l_b": 6.979,
          "rmsd_u_b": 8.544
        },
        "modes": [
          {
            "mode": 1,
            "affinity": -4.7,
            "rmsd_l_b": 0.0,
            "rmsd_u_b": 0.0
          },
          {
            "mode": 2,
            "affinity": -4.5,
            "rmsd_l_b": 11.536,
            "rmsd_u_b": 13.668
          },
          {
            "mode": 3,
            "affinity": -4.4,
            "rmsd_l_b": 1.952,
            "rmsd_u_b": 3.107
          },
          {
            "mode": 4,
            "affinity": -4.4,
            "rmsd_l_b": 10.774,
            "rmsd_u_b": 13.07
          },
          {
            "mode": 5,
            "affinity": -4.4,
            "rmsd_l_b": 14.398,
            "rmsd_u_b": 16.602
          },
          {
            "mode": 6,
            "affinity": -4.3,
            "rmsd_l_b": 10.733,
            "rmsd_u_b": 13.219
          },
          {
            "mode": 7,
            "affinity": -4.3,
            "rmsd_l_b": 2.225,
            "rmsd_u_b": 3.248
          },
          {
            "mode": 8,
            "affinity": -4.2,
            "rmsd_l_b": 1.22,
            "rmsd_u_b": 1.367
          },
          {
            "mode": 9,
            "affinity": -4.1,
            "rmsd_l_b": 9.97,
            "rmsd_u_b": 12.617
          }
        ]
      },
      {
        "run": 5,
        "seed": 857612,
        "average": {
          "affinity": -4.278,
          "rmsd_l_b": 10.377,
          "rmsd_u_b": 12.411
        },
        "modes": [
          {
            "mode": 1,
            "affinity": -4.7,
            "rmsd_l_b": 0.0,
            "rmsd_u_b": 0.0
          },
          {
            "mode": 2,
            "affinity": -4.5,
            "rmsd_l_b": 11.552,
            "rmsd_u_b": 13.684
          },
          {
            "mode": 3,
            "affinity": -4.4,
            "rmsd_l_b": 10.724,
            "rmsd_u_b": 13.018
          },
          {
            "mode": 4,
            "affinity": -4.4,
            "rmsd_l_b": 14.433,
            "rmsd_u_b": 16.64
          },
          {
            "mode": 5,
            "affinity": -4.3,
            "rmsd_l_b": 10.719,
            "rmsd_u_b": 13.21
          },
          {
            "mode": 6,
            "affinity": -4.1,
            "rmsd_l_b": 9.938,
            "rmsd_u_b": 12.59
          },
          {
            "mode": 7,
            "affinity": -4.1,
            "rmsd_l_b": 14.321,
            "rmsd_u_b": 15.776
          },
          {
            "mode": 8,
            "affinity": -4.0,
            "rmsd_l_b": 10.8,
            "rmsd_u_b": 13.375
          },
          {
            "mode": 9,
            "affinity": -4.0,
            "rmsd_l_b": 10.907,
            "rmsd_u_b": 13.406
          }
        ]
      },
      {
        "run": 6,
        "seed": 269490,
        "average": {
          "affinity": -4.333,
          "rmsd_l_b": 7.013,
          "rmsd_u_b": 8.619
        },
        "modes": [
          {
            "mode": 1,
            "affinity": -4.5,
            "rmsd_l_b": 0.0,
            "rmsd_u_b": 0.0
          },
          {
            "mode": 2,
            "affinity": -4.5,
            "rmsd_l_b": 11.553,
            "rmsd_u_b": 13.681
          },
          {
            "mode": 3,
            "affinity": -4.4,
            "rmsd_l_b": 1.998,
            "rmsd_u_b": 3.19
          },
          {
            "mode": 4,
            "affinity": -4.4,
            "rmsd_l_b": 10.681,
            "rmsd_u_b": 12.996
          },
          {
            "mode": 5,
            "affinity": -4.4,
            "rmsd_l_b": 14.528,
            "rmsd_u_b": 16.717
          },
          {
            "mode": 6,
            "affinity": -4.3,
            "rmsd_l_b": 2.13,
            "rmsd_u_b": 3.134
          },
          {
            "mode": 7,
            "affinity": -4.3,
            "rmsd_l_b": 10.682,
            "rmsd_u_b": 13.15
          },
          {
            "mode": 8,
            "affinity": -4.1,
            "rmsd_l_b": 9.881,
            "rmsd_u_b": 12.53
          },
          {
            "mode": 9,
            "affinity": -4.1,
            "rmsd_l_b": 1.664,
            "rmsd_u_b": 2.17
          }
        ]
      },
      {
        "run": 7,
        "seed": 443105,
        "average": {
          "affinity": -4.278,
          "rmsd_l_b": 9.375,
          "rmsd_u_b": 11.185
        },
        "modes": [
          {
            "mode": 1,
            "affinity": -4.7,
            "rmsd_l_b": 0.0,
            "rmsd_u_b": 0.0
          },
          {
            "mode": 2,
            "affinity": -4.5,
            "rmsd_l_b": 11.56,
            "rmsd_u_b": 13.701
          },
          {
            "mode": 3,
            "affinity": -4.4,
            "rmsd_l_b": 10.713,
            "rmsd_u_b": 13.002
          },
          {
            "mode": 4,
            "affinity": -4.3,
            "rmsd_l_b": 14.392,
            "rmsd_u_b": 16.609
          },
          {
            "mode": 5,
            "affinity": -4.3,
            "rmsd_l_b": 10.729,
            "rmsd_u_b": 13.21
          },
          {
            "mode": 6,
            "affinity": -4.1,
            "rmsd_l_b": 9.96,
            "rmsd_u_b": 12.606
          },
          {
            "mode": 7,
            "affinity": -4.1,
            "rmsd_l_b": 1.787,
            "rmsd_u_b": 2.382
          },
          {
            "mode": 8,
            "affinity": -4.1,
            "rmsd_l_b": 14.293,
            "rmsd_u_b": 15.744
          },
          {
            "mode": 9,
            "affinity": -4.0,
            "rmsd_l_b": 10.937,
            "rmsd_u_b": 13.414
          }
        ]
      },
      {
        "run": 8,
        "seed": 861337,
        "average": {
          "affinity": -4.289,
          "rmsd_l_b": 8.766,
          "rmsd_u_b": 10.301
        },
        "modes": [
          {
            "mode": 1,
            "affinity": -4.7,
            "rmsd_l_b": 0.0,
            "rmsd_u_b": 0.0
          },
          {
            "mode": 2,
            "affinity": -4.5,
            "rmsd_l_b": 11.529,
            "rmsd_u_b": 13.631
          },
          {
            "mode": 3,
            "affinity": -4.4,
            "rmsd_l_b": 10.699,
            "rmsd_u_b": 12.976
          },
          {
            "mode": 4,
            "affinity": -4.3,
            "rmsd_l_b": 14.436,
            "rmsd_u_b": 16.657
          },
          {
            "mode": 5,
            "affinity": -4.3,
            "rmsd_l_b": 10.698,
            "rmsd_u_b": 13.196
          },
          {
            "mode": 6,
            "affinity": -4.2,
            "rmsd_l_b": 2.247,
            "rmsd_u_b": 3.276
          },
          {
            "mode": 7,
            "affinity": -4.1,
            "rmsd_l_b": 1.586,
            "rmsd_u_b": 1.987
          },
          {
            "mode": 8,
            "affinity": -4.1,
            "rmsd_l_b": 14.343,
            "rmsd_u_b": 15.806
          },
          {
            "mode": 9,
            "affinity": -4.0,
            "rmsd_l_b": 13.356,
            "rmsd_u_b": 15.184
          }
        ]
      },
      {
        "run": 9,
        "seed": 81497,
        "average": {
          "affinity": -4.3,
          "rmsd_l_b": 8.152,
          "rmsd_u_b": 9.878
        },
        "modes": [
          {
            "mode": 1,
            "affinity": -4.6,
            "rmsd_l_b": 0.0,
            "rmsd_u_b": 0.0
          },
          {
            "mode": 2,
            "affinity": -4.5,
            "rmsd_l_b": 11.533,
            "rmsd_u_b": 13.693
          },
          {
            "mode": 3,
            "affinity": -4.4,
            "rmsd_l_b": 14.438,
            "rmsd_u_b": 16.626
          },
          {
            "mode": 4,
            "affinity": -4.4,
            "rmsd_l_b": 10.772,
            "rmsd_u_b": 13.069
          },
          {
            "mode": 5,
            "affinity": -4.3,
            "rmsd_l_b": 10.74,
            "rmsd_u_b": 13.251
          },
          {
            "mode": 6,
            "affinity": -4.2,
            "rmsd_l_b": 2.263,
            "rmsd_u_b": 3.274
          },
          {
            "mode": 7,
            "affinity": -4.1,
            "rmsd_l_b": 1.617,
            "rmsd_u_b": 2.01
          },
          {
            "mode": 8,
            "affinity": -4.1,
            "rmsd_l_b": 9.984,
            "rmsd_u_b": 12.649
          },
          {
            "mode": 9,
            "affinity": -4.1,
            "rmsd_l_b": 12.025,
            "rmsd_u_b": 14.329
          }
        ]
      },
      {
        "run": 10,
        "seed": 9441,
        "average": {
          "affinity": -4.278,
          "rmsd_l_b": 8.688,
          "rmsd_u_b": 10.333
        },
        "modes": [
          {
            "mode": 1,
            "affinity": -4.6,
            "rmsd_l_b": 0.0,
            "rmsd_u_b": 0.0
          },
          {
            "mode": 2,
            "affinity": -4.5,
            "rmsd_l_b": 11.569,
            "rmsd_u_b": 13.715
          },
          {
            "mode": 3,
            "affinity": -4.4,
            "rmsd_l_b": 14.454,
            "rmsd_u_b": 16.664
          },
          {
            "mode": 4,
            "affinity": -4.3,
            "rmsd_l_b": 10.624,
            "rmsd_u_b": 12.842
          },
          {
            "mode": 5,
            "affinity": -4.3,
            "rmsd_l_b": 10.717,
            "rmsd_u_b": 13.202
          },
          {
            "mode": 6,
            "affinity": -4.3,
            "rmsd_l_b": 2.134,
            "rmsd_u_b": 3.087
          },
          {
            "mode": 7,
            "affinity": -4.1,
            "rmsd_l_b": 1.734,
            "rmsd_u_b": 2.284
          },
          {
            "mode": 8,
            "affinity": -4.1,
            "rmsd_l_b": 12.04,
            "rmsd_u_b": 14.312
          },
          {
            "mode": 9,
            "affinity": -3.9,
            "rmsd_l_b": 14.92,
            "rmsd_u_b": 16.889
          }
        ]
      },
      {
        "run": 11,
        "seed": 496130,
        "average": {
          "affinity": -4.278,
          "rmsd_l_b": 10.629,
          "rmsd_u_b": 12.587
        },
        "modes": [
          {
            "mode": 1,
            "affinity": -4.7,
            "rmsd_l_b": 0.0,
            "rmsd_u_b": 0.0
          },
          {
            "mode": 2,
            "affinity": -4.5,
            "rmsd_l_b": 11.538,
            "rmsd_u_b": 13.671
          },
          {
            "mode": 3,
            "affinity": -4.4,
            "rmsd_l_b": 10.767,
            "rmsd_u_b": 13.038
          },
          {
            "mode": 4,
            "affinity": -4.3,
            "rmsd_l_b": 10.725,
            "rmsd_u_b": 13.206
          },
          {
            "mode": 5,
            "affinity": -4.3,
            "rmsd_l_b": 14.434,
            "rmsd_u_b": 16.647
          },
          {
            "mode": 6,
            "affinity": -4.1,
            "rmsd_l_b": 9.975,
            "rmsd_u_b": 12.604
          },
          {
            "mode": 7,
            "affinity": -4.1,
            "rmsd_l_b": 10.633,
            "rmsd_u_b": 13.267
          },
          {
            "mode": 8,
            "affinity": -4.1,
            "rmsd_l_b": 14.301,
            "rmsd_u_b": 15.75
          },
          {
            "mode": 9,
            "affinity": -4.0,
            "rmsd_l_b": 13.284,
            "rmsd_u_b": 15.097
          }
        ]
      },
      {
        "run": 12,
        "seed": 140646,
        "average": {
          "affinity": -4.133,
          "rmsd_l_b": 6.824,
          "rmsd_u_b": 8.964
        },
        "modes": [
          {
            "mode": 1,
            "affinity": -4.5,
            "rmsd_l_b": 0.0,
            "rmsd_u_b": 0.0
          },
          {
            "mode": 2,
            "affinity": -4.3,
            "rmsd_l_b": 9.162,
            "rmsd_u_b": 10.713
          },
          {
            "mode": 3,
            "affinity": -4.3,
            "rmsd_l_b": 3.682,
            "rmsd_u_b": 5.464
          },
          {
            "mode": 4,
            "affinity": -4.3,
            "rmsd_l_b": 3.537,
            "rmsd_u_b": 7.559
          },
          {
            "mode": 5,
            "affinity": -4.0,
            "rmsd_l_b": 9.366,
            "rmsd_u_b": 11.464
          },
          {
            "mode": 6,
            "affinity": -4.0,
            "rmsd_l_b": 3.877,
            "rmsd_u_b": 7.161
          },
          {
            "mode": 7,
            "affinity": -4.0,
            "rmsd_l_b": 10.871,
            "rmsd_u_b": 13.202
          },
          {
            "mode": 8,
            "affinity": -3.9,
            "rmsd_l_b": 10.316,
            "rmsd_u_b": 12.715
          },
          {
            "mode": 9,
            "affinity": -3.9,
            "rmsd_l_b": 10.609,
            "rmsd_u_b": 12.402
          }
        ]
      },
      {
        "run": 13,
        "seed": 207809,
        "average": {
          "affinity": -4.267,
          "rmsd_l_b": 9.35,
          "rmsd_u_b": 11.139
        },
        "modes": [
          {
            "mode": 1,
            "affinity": -4.6,
            "rmsd_l_b": 0.0,
            "rmsd_u_b": 0.0
          },
          {
            "mode": 2,
            "affinity": -4.5,
            "rmsd_l_b": 11.533,
            "rmsd_u_b": 13.663
          },
          {
            "mode": 3,
            "affinity": -4.4,
            "rmsd_l_b": 10.732,
            "rmsd_u_b": 13.02
          },
          {
            "mode": 4,
            "affinity": -4.3,
            "rmsd_l_b": 14.489,
            "rmsd_u_b": 16.69
          },
          {
            "mode": 5,
            "affinity": -4.3,
            "rmsd_l_b": 10.698,
            "rmsd_u_b": 13.194
          },
          {
            "mode": 6,
            "affinity": -4.1,
            "rmsd_l_b": 1.559,
            "rmsd_u_b": 1.927
          },
          {
            "mode": 7,
            "affinity": -4.1,
            "rmsd_l_b": 9.915,
            "rmsd_u_b": 12.569
          },
          {
            "mode": 8,
            "affinity": -4.1,
            "rmsd_l_b": 14.344,
            "rmsd_u_b": 15.807
          },
          {
            "mode": 9,
            "affinity": -4.0,
            "rmsd_l_b": 10.878,
            "rmsd_u_b": 13.383
          }
        ]
      },
      {
        "run": 14,
        "seed": 186098,
        "average": {
          "affinity": -4.133,
          "rmsd_l_b": 6.83,
          "rmsd_u_b": 9.047
        },
        "modes": [
          {
            "mode": 1,
            "affinity": -4.5,
            "rmsd_l_b": 0.0,
            "rmsd_u_b": 0.0
          },
          {
            "mode": 2,
            "affinity": -4.3,
            "rmsd_l_b": 9.125,
            "rmsd_u_b": 10.665
          },
          {
            "mode": 3,
            "affinity": -4.3,
            "rmsd_l_b": 3.378,
            "rmsd_u_b": 4.998
          },
          {
            "mode": 4,
            "affinity": -4.3,
            "rmsd_l_b": 3.539,
            "rmsd_u_b": 7.559
          },
          {
            "mode": 5,
            "affinity": -4.1,
            "rmsd_l_b": 4.351,
            "rmsd_u_b": 8.507
          },
          {
            "mode": 6,
            "affinity": -4.0,
            "rmsd_l_b": 10.617,
            "rmsd_u_b": 12.574
          },
          {
            "mode": 7,
            "affinity": -3.9,
            "rmsd_l_b": 10.301,
            "rmsd_u_b": 12.699
          },
          {
            "mode": 8,
            "affinity": -3.9,
            "rmsd_l_b": 10.615,
            "rmsd_u_b": 12.405
          },
          {
            "mode": 9,
            "affinity": -3.9,
            "rmsd_l_b": 9.546,
            "rmsd_u_b": 12.015
          }
        ]
      },
      {
        "run": 15,
        "seed": 650885,
        "average": {
          "affinity": -4.322,
          "rmsd_l_b": 8.986,
          "rmsd_u_b": 11.0
        },
        "modes": [
          {
            "mode": 1,
            "affinity": -4.7,
            "rmsd_l_b": 0.0,
            "rmsd_u_b": 0.0
          },
          {
            "mode": 2,
            "affinity": -4.5,
            "rmsd_l_b": 11.536,
            "rmsd_u_b": 13.693
          },
          {
            "mode": 3,
            "affinity": -4.4,
            "rmsd_l_b": 1.961,
            "rmsd_u_b": 3.133
          },
          {
            "mode": 4,
            "affinity": -4.4,
            "rmsd_l_b": 10.748,
            "rmsd_u_b": 13.045
          },
          {
            "mode": 5,
            "affinity": -4.3,
            "rmsd_l_b": 14.413,
            "rmsd_u_b": 16.614
          },
          {
            "mode": 6,
            "affinity": -4.3,
            "rmsd_l_b": 10.715,
            "rmsd_u_b": 13.211
          },
          {
            "mode": 7,
            "affinity": -4.2,
            "rmsd_l_b": 9.963,
            "rmsd_u_b": 12.611
          },
          {
            "mode": 8,
            "affinity": -4.1,
            "rmsd_l_b": 10.619,
            "rmsd_u_b": 13.28
          },
          {
            "mode": 9,
            "affinity": -4.0,
            "rmsd_l_b": 10.917,
            "rmsd_u_b": 13.415
          }
        ]
      },
      {
        "run": 16,
        "seed": 440248,
        "average": {
          "affinity": -4.278,
          "rmsd_l_b": 10.236,
          "rmsd_u_b": 12.295
        },
        "modes": [
          {
            "mode": 1,
            "affinity": -4.7,
            "rmsd_l_b": 0.0,
            "rmsd_u_b": 0.0
          },
          {
            "mode": 2,
            "affinity": -4.5,
            "rmsd_l_b": 11.534,
            "rmsd_u_b": 13.697
          },
          {
            "mode": 3,
            "affinity": -4.4,
            "rmsd_l_b": 10.75,
            "rmsd_u_b": 13.053
          },
          {
            "mode": 4,
            "affinity": -4.4,
            "rmsd_l_b": 14.371,
            "rmsd_u_b": 16.576
          },
          {
            "mode": 5,
            "affinity": -4.3,
            "rmsd_l_b": 10.717,
            "rmsd_u_b": 13.222
          },
          {
            "mode": 6,
            "affinity": -4.1,
            "rmsd_l_b": 9.964,
            "rmsd_u_b": 12.622
          },
          {
            "mode": 7,
            "affinity": -4.1,
            "rmsd_l_b": 14.261,
            "rmsd_u_b": 15.708
          },
          {
            "mode": 8,
            "affinity": -4.0,
            "rmsd_l_b": 9.72,
            "rmsd_u_b": 12.373
          },
          {
            "mode": 9,
            "affinity": -4.0,
            "rmsd_l_b": 10.809,
            "rmsd_u_b": 13.404
          }
        ]
      },
      {
        "run": 17,
        "seed": 357857,
        "average": {
          "affinity": -4.2,
          "rmsd_l_b": 5.37,
          "rmsd_u_b": 7.783
        },
        "modes": [
          {
            "mode": 1,
            "affinity": -4.5,
            "rmsd_l_b": 0.0,
            "rmsd_u_b": 0.0
          },
          {
            "mode": 2,
            "affinity": -4.4,
            "rmsd_l_b": 3.708,
            "rmsd_u_b": 5.508
          },
          {
            "mode": 3,
            "affinity": -4.4,
            "rmsd_l_b": 9.13,
            "rmsd_u_b": 10.687
          },
          {
            "mode": 4,
            "affinity": -4.3,
            "rmsd_l_b": 3.541,
            "rmsd_u_b": 7.555
          },
          {
            "mode": 5,
            "affinity": -4.1,
            "rmsd_l_b": 4.355,
            "rmsd_u_b": 8.5
          },
          {
            "mode": 6,
            "affinity": -4.1,
            "rmsd_l_b": 9.353,
            "rmsd_u_b": 11.471
          },
          {
            "mode": 7,
            "affinity": -4.0,
            "rmsd_l_b": 10.816,
            "rmsd_u_b": 13.165
          },
          {
            "mode": 8,
            "affinity": -4.0,
            "rmsd_l_b": 3.547,
            "rmsd_u_b": 6.003
          },
          {
            "mode": 9,
            "affinity": -4.0,
            "rmsd_l_b": 3.878,
            "rmsd_u_b": 7.156
          }
        ]
      },
      {
        "run": 18,
        "seed": 182270,
        "average": {
          "affinity": -4.289,
          "rmsd_l_b": 6.999,
          "rmsd_u_b": 8.501
        },
        "modes": [
          {
            "mode": 1,
            "affinity": -4.6,
            "rmsd_l_b": 0.0,
            "rmsd_u_b": 0.0
          },
          {
            "mode": 2,
            "affinity": -4.5,
            "rmsd_l_b": 11.553,
            "rmsd_u_b": 13.714
          },
          {
            "mode": 3,
            "affinity": -4.4,
            "rmsd_l_b": 2.049,
            "rmsd_u_b": 3.277
          },
          {
            "mode": 4,
            "affinity": -4.4,
            "rmsd_l_b": 10.721,
            "rmsd_u_b": 13.027
          },
          {
            "mode": 5,
            "affinity": -4.3,
            "rmsd_l_b": 10.708,
            "rmsd_u_b": 13.205
          },
          {
            "mode": 6,
            "affinity": -4.2,
            "rmsd_l_b": 1.668,
            "rmsd_u_b": 2.237
          },
          {
            "mode": 7,
            "affinity": -4.1,
            "rmsd_l_b": 10.022,
            "rmsd_u_b": 12.684
          },
          {
            "mode": 8,
            "affinity": -4.1,
            "rmsd_l_b": 14.353,
            "rmsd_u_b": 15.81
          },
          {
            "mode": 9,
            "affinity": -4.0,
            "rmsd_l_b": 1.916,
            "rmsd_u_b": 2.559
          }
        ]
      },
      {
        "run": 19,
        "seed": 339140,
        "average": {
          "affinity": -4.344,
          "rmsd_l_b": 7.95,
          "rmsd_u_b": 9.643
        },
        "modes": [
          {
            "mode": 1,
            "affinity": -4.7,
            "rmsd_l_b": 0.0,
            "rmsd_u_b": 0.0
          },
          {
            "mode": 2,
            "affinity": -4.6,
            "rmsd_l_b": 1.841,
            "rmsd_u_b": 2.265
          },
          {
            "mode": 3,
            "affinity": -4.5,
            "rmsd_l_b": 11.547,
            "rmsd_u_b": 13.7
          },
          {
            "mode": 4,
            "affinity": -4.4,
            "rmsd_l_b": 10.717,
            "rmsd_u_b": 13.013
          },
          {
            "mode": 5,
            "affinity": -4.3,
            "rmsd_l_b": 10.721,
            "rmsd_u_b": 13.212
          },
          {
            "mode": 6,
            "affinity": -4.3,
            "rmsd_l_b": 14.44,
            "rmsd_u_b": 16.642
          },
          {
            "mode": 7,
            "affinity": -4.1,
            "rmsd_l_b": 9.954,
            "rmsd_u_b": 12.603
          },
          {
            "mode": 8,
            "affinity": -4.1,
            "rmsd_l_b": 1.608,
            "rmsd_u_b": 2.008
          },
          {
            "mode": 9,
            "affinity": -4.1,
            "rmsd_l_b": 10.719,
            "rmsd_u_b": 13.348
          }
        ]
      },
      {
        "run": 20,
        "seed": 296319,
        "average": {
          "affinity": -4.2,
          "rmsd_l_b": 5.31,
          "rmsd_u_b": 7.672
        },
        "modes": [
          {
            "mode": 1,
            "affinity": -4.5,
            "rmsd_l_b": 0.0,
            "rmsd_u_b": 0.0
          },
          {
            "mode": 2,
            "affinity": -4.4,
            "rmsd_l_b": 8.949,
            "rmsd_u_b": 10.514
          },
          {
            "mode": 3,
            "affinity": -4.4,
            "rmsd_l_b": 3.664,
            "rmsd_u_b": 5.431
          },
          {
            "mode": 4,
            "affinity": -4.3,
            "rmsd_l_b": 3.56,
            "rmsd_u_b": 7.596
          },
          {
            "mode": 5,
            "affinity": -4.1,
            "rmsd_l_b": 4.353,
            "rmsd_u_b": 8.574
          },
          {
            "mode": 6,
            "affinity": -4.1,
            "rmsd_l_b": 9.237,
            "rmsd_u_b": 11.267
          },
          {
            "mode": 7,
            "affinity": -4.0,
            "rmsd_l_b": 10.577,
            "rmsd_u_b": 12.376
          },
          {
            "mode": 8,
            "affinity": -4.0,
            "rmsd_l_b": 3.597,
            "rmsd_u_b": 6.1
          },
          {
            "mode": 9,
            "affinity": -4.0,
            "rmsd_l_b": 3.852,
            "rmsd_u_b": 7.186
          }
        ]
      }
    ]
  }
}