{
  "rmsd": 2.745,
  "rmsd_method": "C-alpha coordinates",
  "rmsd_tool": "BioPython",
  "docking": {
    "average_affinity": -3.81,
    "runs": [
      {
        "run": 1,
        "seed": 631408,
        "average": {
          "affinity": -3.689,
          "rmsd_l_b": 4.201,
          "rmsd_u_b": 6.251
        },
        "modes": [
          {
            "mode": 1,
            "affinity": -4.1,
            "rmsd_l_b": 0.0,
            "rmsd_u_b": 0.0
          },
          {
            "mode": 2,
            "affinity": -3.8,
            "rmsd_l_b": 3.163,
            "rmsd_u_b": 6.038
          },
          {
            "mode": 3,
            "affinity": -3.7,
            "rmsd_l_b": 4.12,
            "rmsd_u_b": 8.3
          },
          {
            "mode": 4,
            "affinity": -3.7,
            "rmsd_l_b": 3.298,
            "rmsd_u_b": 6.43
          },
          {
            "mode": 5,
            "affinity": -3.6,
            "rmsd_l_b": 2.035,
            "rmsd_u_b": 2.292
          },
          {
            "mode": 6,
            "affinity": -3.6,
            "rmsd_l_b": 2.815,
            "rmsd_u_b": 6.272
          },
          {
            "mode": 7,
            "affinity": -3.6,
            "rmsd_l_b": 10.267,
            "rmsd_u_b": 12.313
          },
          {
            "mode": 8,
            "affinity": -3.6,
            "rmsd_l_b": 10.045,
            "rmsd_u_b": 11.866
          },
          {
            "mode": 9,
            "affinity": -3.5,
            "rmsd_l_b": 2.065,
            "rmsd_u_b": 2.746
          }
        ]
      },
      {
        "run": 2,
        "seed": 430838,
        "average": {
          "affinity": -4.0,
          "rmsd_l_b": 4.621,
          "rmsd_u_b": 6.379
        },
        "modes": [
          {
            "mode": 1,
            "affinity": -4.2,
            "rmsd_l_b": 0.0,
            "rmsd_u_b": 0.0
          },
          {
            "mode": 2,
            "affinity": -4.2,
            "rmsd_l_b": 0.391,
            "rmsd_u_b": 1.115
          },
          {
            "mode": 3,
            "affinity": -4.1,
            "rmsd_l_b": 3.154,
            "rmsd_u_b": 6.05
          },
          {
            "mode": 4,
            "affinity": -4.1,
            "rmsd_l_b": 3.301,
            "rmsd_u_b": 6.429
          },
          {
            "mode": 5,
            "affinity": -3.9,
            "rmsd_l_b": 9.817,
            "rmsd_u_b": 11.487
          },
          {
            "mode": 6,
            "affinity": -3.9,
            "rmsd_l_b": 2.84,
            "rmsd_u_b": 6.112
          },
          {
            "mode": 7,
            "affinity": -3.9,
            "rmsd_l_b": 2.033,
            "rmsd_u_b": 2.336
          },
          {
            "mode": 8,
            "affinity": -3.9,
            "rmsd_l_b": 9.939,
            "rmsd_u_b": 11.674
          },
          {
            "mode": 9,
            "affinity": -3.8,
            "rmsd_l_b": 10.11,
            "rmsd_u_b": 12.207
          }
        ]
      },
      {
        "run": 3,
        "seed": 74876,
        "average": {
          "affinity": -3.922,
          "rmsd_l_b": 3.415,
          "rmsd_u_b": 5.016
        },
        "modes": [
          {
            "mode": 1,
            "affinity": -4.2,
            "rmsd_l_b": 0.0,
            "rmsd_u_b": 0.0
          },
          {
            "mode": 2,
            "affinity": -4.1,
            "rmsd_l_b": 3.139,
            "rmsd_u_b": 6.035
          },
          {
            "mode": 3,
            "affinity": -4.0,
            "rmsd_l_b": 3.18,
            "rmsd_u_b": 6.395
          },
          {
            "mode": 4,
            "affinity": -3.9,
            "rmsd_l_b": 1.733,
            "rmsd_u_b": 1.989
          },
          {
            "mode": 5,
            "affinity": -3.9,
            "rmsd_l_b": 2.077,
            "rmsd_u_b": 2.573
          },
          {
            "mode": 6,
            "affinity": -3.8,
            "rmsd_l_b": 2.488,
            "rmsd_u_b": 3.041
          },
          {
            "mode": 7,
            "affinity": -3.8,
            "rmsd_l_b": 10.116,
            "rmsd_u_b": 12.193
          },
          {
            "mode": 8,
            "affinity": -3.8,
            "rmsd_l_b": 4.592,
            "rmsd_u_b": 7.131
          },
          {
            "mode": 9,
            "affinity": -3.8,
            "rmsd_l_b": 3.413,
            "rmsd_u_b": 5.784
          }
        ]
      },
      {
        "run": 4,
        "seed": 544075,
        "average": {
          "affinity": -3.878,
          "rmsd_l_b": 6.091,
          "rmsd_u_b": 8.15
        },
        "modes": [
          {
            "mode": 1,
            "affinity": -4.2,
            "rmsd_l_b": 0.0,
            "rmsd_u_b": 0.0
          },
          {
            "mode": 2,
            "affinity": -4.0,
            "rmsd_l_b": 3.318,
            "rmsd_u_b": 6.395
          },
          {
            "mode": 3,
            "affinity": -3.9,
            "rmsd_l_b": 1.905,
            "rmsd_u_b": 2.423
          },
          {
            "mode": 4,
            "affinity": -3.8,
            "rmsd_l_b": 4.524,
            "rmsd_u_b": 8.991
          },
          {
            "mode": 5,
            "affinity": -3.8,
            "rmsd_l_b": 4.683,
            "rmsd_u_b": 7.978
          },
          {
            "mode": 6,
            "affinity": -3.8,
            "rmsd_l_b": 9.806,
            "rmsd_u_b": 11.483
          },
          {
            "mode": 7,
            "affinity": -3.8,
            "rmsd_l_b": 9.963,
            "rmsd_u_b": 11.692
          },
          {
            "mode": 8,
            "affinity": -3.8,
            "rmsd_l_b": 10.466,
            "rmsd_u_b": 12.229
          },
          {
            "mode": 9,
            "affinity": -3.8,
            "rmsd_l_b": 10.156,
            "rmsd_u_b": 12.161
          }
        ]
      },
      {
        "run": 5,
        "seed": 509112,
        "average": {
          "affinity": -3.922,
          "rmsd_l_b": 3.247,
          "rmsd_u_b": 5.103
        },
        "modes": [
          {
            "mode": 1,
            "affinity": -4.2,
            "rmsd_l_b": 0.0,
            "rmsd_u_b": 0.0
          },
          {
            "mode": 2,
            "affinity": -3.9,
            "rmsd_l_b": 9.813,
            "rmsd_u_b": 11.391
          },
          {
            "mode": 3,
            "affinity": -3.9,
            "rmsd_l_b": 2.338,
            "rmsd_u_b": 2.99
          },
          {
            "mode": 4,
            "affinity": -3.9,
            "rmsd_l_b": 2.9,
            "rmsd_u_b": 6.117
          },
          {
            "mode": 5,
            "affinity": -3.9,
            "rmsd_l_b": 3.315,
            "rmsd_u_b": 6.696
          },
          {
            "mode": 6,
            "affinity": -3.9,
            "rmsd_l_b": 3.187,
            "rmsd_u_b": 6.08
          },
          {
            "mode": 7,
            "affinity": -3.9,
            "rmsd_l_b": 4.283,
            "rmsd_u_b": 8.615
          },
          {
            "mode": 8,
            "affinity": -3.9,
            "rmsd_l_b": 2.117,
            "rmsd_u_b": 2.317
          },
          {
            "mode": 9,
            "affinity": -3.8,
            "rmsd_l_b": 1.27,
            "rmsd_u_b": 1.723
          }
        ]
      },
      {
        "run": 6,
        "seed": 752469,
        "average": {
          "affinity": -3.678,
          "rmsd_l_b": 5.226,
          "rmsd_u_b": 7.452
        },
        "modes": [
          {
            "mode": 1,
            "affinity": -4.1,
            "rmsd_l_b": 0.0,
            "rmsd_u_b": 0.0
          },
          {
            "mode": 2,
            "affinity": -3.7,
            "rmsd_l_b": 2.868,
            "rmsd_u_b": 6.202
          },
          {
            "mode": 3,
            "affinity": -3.7,
            "rmsd_l_b": 4.238,
            "rmsd_u_b": 8.369
          },
          {
            "mode": 4,
            "affinity": -3.7,
            "rmsd_l_b": 3.307,
            "rmsd_u_b": 6.441
          },
          {
            "mode": 5,
            "affinity": -3.6,
            "rmsd_l_b": 10.013,
            "rmsd_u_b": 11.824
          },
          {
            "mode": 6,
            "affinity": -3.6,
            "rmsd_l_b": 10.294,
            "rmsd_u_b": 12.347
          },
          {
            "mode": 7,
            "affinity": -3.6,
            "rmsd_l_b": 4.86,
            "rmsd_u_b": 8.109
          },
          {
            "mode": 8,
            "affinity": -3.6,
            "rmsd_l_b": 1.563,
            "rmsd_u_b": 2.112
          },
          {
            "mode": 9,
            "affinity": -3.5,
            "rmsd_l_b": 9.888,
            "rmsd_u_b": 11.663
          }
        ]
      },
      {
        "run": 7,
        "seed": 728129,
        "average": {
          "affinity": -3.756,
          "rmsd_l_b": 4.533,
          "rmsd_u_b": 6.551
        },
        "modes": [
          {
            "mode": 1,
            "affinity": -4.0,
            "rmsd_l_b": 0.0,
            "rmsd_u_b": 0.0
          },
          {
            "mode": 2,
            "affinity": -3.9,
            "rmsd_l_b": 3.101,
            "rmsd_u_b": 6.115
          },
          {
            "mode": 3,
            "affinity": -3.8,
            "rmsd_l_b": 2.684,
            "rmsd_u_b": 3.225
          },
          {
            "mode": 4,
            "affinity": -3.8,
            "rmsd_l_b": 3.303,
            "rmsd_u_b": 6.433
          },
          {
            "mode": 5,
            "affinity": -3.7,
            "rmsd_l_b": 4.292,
            "rmsd_u_b": 8.454
          },
          {
            "mode": 6,
            "affinity": -3.7,
            "rmsd_l_b": 10.13,
            "rmsd_u_b": 11.862
          },
          {
            "mode": 7,
            "affinity": -3.7,
            "rmsd_l_b": 4.923,
            "rmsd_u_b": 8.111
          },
          {
            "mode": 8,
            "affinity": -3.6,
            "rmsd_l_b": 2.113,
            "rmsd_u_b": 2.515
          },
          {
            "mode": 9,
            "affinity": -3.6,
            "rmsd_l_b": 10.252,
            "rmsd_u_b": 12.241
          }
        ]
      },
      {
        "run": 8,
        "seed": 479272,
        "average": {
          "affinity": -3.933,
          "rmsd_l_b": 3.906,
          "rmsd_u_b": 6.496
        },
        "modes": [
          {
            "mode": 1,
            "affinity": -4.1,
            "rmsd_l_b": 0.0,
            "rmsd_u_b": 0.0
          },
          {
            "mode": 2,
            "affinity": -4.1,
            "rmsd_l_b": 2.874,
            "rmsd_u_b": 6.146
          },
          {
            "mode": 3,
            "affinity": -4.0,
            "rmsd_l_b": 3.322,
            "rmsd_u_b": 6.418
          },
          {
            "mode": 4,
            "affinity": -3.9,
            "rmsd_l_b": 4.226,
            "rmsd_u_b": 8.331
          },
          {
            "mode": 5,
            "affinity": -3.9,
            "rmsd_l_b": 2.206,
            "rmsd_u_b": 2.534
          },
          {
            "mode": 6,
            "affinity": -3.9,
            "rmsd_l_b": 4.777,
            "rmsd_u_b": 9.066
          },
          {
            "mode": 7,
            "affinity": -3.9,
            "rmsd_l_b": 9.867,
            "rmsd_u_b": 11.736
          },
          {
            "mode": 8,
            "affinity": -3.8,
            "rmsd_l_b": 2.894,
            "rmsd_u_b": 6.11
          },
          {
            "mode": 9,
            "affinity": -3.8,
            "rmsd_l_b": 4.99,
            "rmsd_u_b": 8.123
          }
        ]
      },
      {
        "run": 9,
        "seed": 585064,
        "average": {
          "affinity": -3.689,
          "rmsd_l_b": 5.884,
          "rmsd_u_b": 7.894
        },
        "modes": [
          {
            "mode": 1,
            "affinity": -4.1,
            "rmsd_l_b": 0.0,
            "rmsd_u_b": 0.0
          },
          {
            "mode": 2,
            "affinity": -3.7,
            "rmsd_l_b": 10.019,
            "rmsd_u_b": 11.591
          },
          {
            "mode": 3,
            "affinity": -3.7,
            "rmsd_l_b": 3.3,
            "rmsd_u_b": 6.455
          },
          {
            "mode": 4,
            "affinity": -3.7,
            "rmsd_l_b": 2.772,
            "rmsd_u_b": 6.087
          },
          {
            "mode": 5,
            "affinity": -3.6,
            "rmsd_l_b": 9.303,
            "rmsd_u_b": 12.512
          },
          {
            "mode": 6,
            "affinity": -3.6,
            "rmsd_l_b": 1.946,
            "rmsd_u_b": 2.217
          },
          {
            "mode": 7,
            "affinity": -3.6,
            "rmsd_l_b": 10.332,
            "rmsd_u_b": 12.205
          },
          {
            "mode": 8,
            "affinity": -3.6,
            "rmsd_l_b": 10.159,
            "rmsd_u_b": 11.825
          },
          {
            "mode": 9,
            "affinity": -3.6,
            "rmsd_l_b": 5.122,
            "rmsd_u_b": 8.15
          }
        ]
      },
      {
        "run": 10,
        "seed": 653726,
        "average": {
          "affinity": -3.667,
          "rmsd_l_b": 4.612,
          "rmsd_u_b": 6.845
        },
        "modes": [
          {
            "mode": 1,
            "affinity": -4.1,
            "rmsd_l_b": 0.0,
            "rmsd_u_b": 0.0
          },
          {
            "mode": 2,
            "affinity": -3.7,
            "rmsd_l_b": 4.272,
            "rmsd_u_b": 8.416
          },
          {
            "mode": 3,
            "affinity": -3.7,
            "rmsd_l_b": 2.797,
            "rmsd_u_b": 6.202
          },
          {
            "mode": 4,
            "affinity": -3.6,
            "rmsd_l_b": 9.91,
            "rmsd_u_b": 11.737
          },
          {
            "mode": 5,
            "affinity": -3.6,
            "rmsd_l_b": 10.263,
            "rmsd_u_b": 12.182
          },
          {
            "mode": 6,
            "affinity": -3.6,
            "rmsd_l_b": 2.683,
            "rmsd_u_b": 3.234
          },
          {
            "mode": 7,
            "affinity": -3.6,
            "rmsd_l_b": 3.194,
            "rmsd_u_b": 6.078
          },
          {
            "mode": 8,
            "affinity": -3.6,
            "rmsd_l_b": 3.486,
            "rmsd_u_b": 6.067
          },
          {
            "mode": 9,
            "affinity": -3.5,
            "rmsd_l_b": 4.904,
            "rmsd_u_b": 7.69
          }
        ]
      },
      {
        "run": 11,
        "seed": 902588,
        "average": {
          "affinity": -3.722,
          "rmsd_l_b": 4.231,
          "rmsd_u_b": 6.233
        },
        "modes": [
          {
            "mode": 1,
            "affinity": -4.1,
            "rmsd_l_b": 0.0,
            "rmsd_u_b": 0.0
          },
          {
            "mode": 2,
            "affinity": -3.7,
            "rmsd_l_b": 3.105,
            "rmsd_u_b": 6.164
          },
          {
            "mode": 3,
            "affinity": -3.7,
            "rmsd_l_b": 3.296,
            "rmsd_u_b": 6.444
          },
          {
            "mode": 4,
            "affinity": -3.7,
            "rmsd_l_b": 4.235,
            "rmsd_u_b": 8.357
          },
          {
            "mode": 5,
            "affinity": -3.7,
            "rmsd_l_b": 1.849,
            "rmsd_u_b": 2.273
          },
          {
            "mode": 6,
            "affinity": -3.7,
            "rmsd_l_b": 2.472,
            "rmsd_u_b": 3.102
          },
          {
            "mode": 7,
            "affinity": -3.7,
            "rmsd_l_b": 9.968,
            "rmsd_u_b": 11.598
          },
          {
            "mode": 8,
            "affinity": -3.6,
            "rmsd_l_b": 3.064,
            "rmsd_u_b": 6.333
          },
          {
            "mode": 9,
            "affinity": -3.6,
            "rmsd_l_b": 10.087,
            "rmsd_u_b": 11.829
          }
        ]
      },
      {
        "run": 12,
        "seed": 847932,
        "average": {
          "affinity": -3.922,
          "rmsd_l_b": 5.244,
          "rmsd_u_b": 7.409
        },
        "modes": [
          {
            "mode": 1,
            "affinity": -4.2,
            "rmsd_l_b": 0.0,
            "rmsd_u_b": 0.0
          },
          {
            "mode": 2,
            "affinity": -4.0,
            "rmsd_l_b": 3.152,
            "rmsd_u_b": 6.186
          },
          {
            "mode": 3,
            "affinity": -4.0,
            "rmsd_l_b": 3.259,
            "rmsd_u_b": 6.379
          },
          {
            "mode": 4,
            "affinity": -3.9,
            "rmsd_l_b": 4.276,
            "rmsd_u_b": 8.57
          },
          {
            "mode": 5,
            "affinity": -3.9,
            "rmsd_l_b": 9.831,
            "rmsd_u_b": 11.524
          },
          {
            "mode": 6,
            "affinity": -3.9,
            "rmsd_l_b": 2.024,
            "rmsd_u_b": 2.444
          },
          {
            "mode": 7,
            "affinity": -3.8,
            "rmsd_l_b": 9.947,
            "rmsd_u_b": 11.646
          },
          {
            "mode": 8,
            "affinity": -3.8,
            "rmsd_l_b": 10.106,
            "rmsd_u_b": 11.912
          },
          {
            "mode": 9,
            "affinity": -3.8,
            "rmsd_l_b": 4.602,
            "rmsd_u_b": 8.02
          }
        ]
      },
      {
        "run": 13,
        "seed": 303153,
        "average": {
          "affinity": -3.922,
          "rmsd_l_b": 3.924,
          "rmsd_u_b": 6.475
        },
        "modes": [
          {
            "mode": 1,
            "affinity": -4.2,
            "rmsd_l_b": 0.0,
            "rmsd_u_b": 0.0
          },
          {
            "mode": 2,
            "affinity": -4.1,
            "rmsd_l_b": 2.862,
            "rmsd_u_b": 6.132
          },
          {
            "mode": 3,
            "affinity": -3.9,
            "rmsd_l_b": 1.943,
            "rmsd_u_b": 2.203
          },
          {
            "mode": 4,
            "affinity": -3.9,
            "rmsd_l_b": 4.225,
            "rmsd_u_b": 8.525
          },
          {
            "mode": 5,
            "affinity": -3.9,
            "rmsd_l_b": 9.752,
            "rmsd_u_b": 11.585
          },
          {
            "mode": 6,
            "affinity": -3.9,
            "rmsd_l_b": 2.996,
            "rmsd_u_b": 6.588
          },
          {
            "mode": 7,
            "affinity": -3.8,
            "rmsd_l_b": 4.714,
            "rmsd_u_b": 9.109
          },
          {
            "mode": 8,
            "affinity": -3.8,
            "rmsd_l_b": 3.961,
            "rmsd_u_b": 6.603
          },
          {
            "mode": 9,
            "affinity": -3.8,
            "rmsd_l_b": 4.861,
            "rmsd_u_b": 7.531
          }
        ]
      },
      {
        "run": 14,
        "seed": 570542,
        "average": {
          "affinity": -3.922,
          "rmsd_l_b": 2.833,
          "rmsd_u_b": 5.194
        },
        "modes": [
          {
            "mode": 1,
            "affinity": -4.2,
            "rmsd_l_b": 0.0,
            "rmsd_u_b": 0.0
          },
          {
            "mode": 2,
            "affinity": -4.1,
            "rmsd_l_b": 3.083,
            "rmsd_u_b": 6.047
          },
          {
            "mode": 3,
            "affinity": -3.9,
            "rmsd_l_b": 3.358,
            "rmsd_u_b": 6.803
          },
          {
            "mode": 4,
            "affinity": -3.9,
            "rmsd_l_b": 4.28,
            "rmsd_u_b": 8.631
          },
          {
            "mode": 5,
            "affinity": -3.9,
            "rmsd_l_b": 1.542,
            "rmsd_u_b": 1.841
          },
          {
            "mode": 6,
            "affinity": -3.9,
            "rmsd_l_b": 2.873,
            "rmsd_u_b": 6.114
          },
          {
            "mode": 7,
            "affinity": -3.8,
            "rmsd_l_b": 4.672,
            "rmsd_u_b": 7.868
          },
          {
            "mode": 8,
            "affinity": -3.8,
            "rmsd_l_b": 1.892,
            "rmsd_u_b": 2.153
          },
          {
            "mode": 9,
            "affinity": -3.8,
            "rmsd_l_b": 3.799,
            "rmsd_u_b": 7.289
          }
        ]
      },
      {
        "run": 15,
        "seed": 866739,
        "average": {
          "affinity": -3.767,
          "rmsd_l_b": 3.747,
          "rmsd_u_b": 6.349
        },
        "modes": [
          {
            "mode": 1,
            "affinity": -4.1,
            "rmsd_l_b": 0.0,
            "rmsd_u_b": 0.0
          },
          {
            "mode": 2,
            "affinity": -3.9,
            "rmsd_l_b": 3.144,
            "rmsd_u_b": 5.953
          },
          {
            "mode": 3,
            "affinity": -3.8,
            "rmsd_l_b": 2.263,
            "rmsd_u_b": 2.797
          },
          {
            "mode": 4,
            "affinity": -3.7,
            "rmsd_l_b": 4.643,
            "rmsd_u_b": 8.887
          },
          {
            "mode": 5,
            "affinity": -3.7,
            "rmsd_l_b": 3.281,
            "rmsd_u_b": 6.394
          },
          {
            "mode": 6,
            "affinity": -3.7,
            "rmsd_l_b": 2.789,
            "rmsd_u_b": 6.019
          },
          {
            "mode": 7,
            "affinity": -3.7,
            "rmsd_l_b": 3.397,
            "rmsd_u_b": 7.183
          },
          {
            "mode": 8,
            "affinity": -3.7,
            "rmsd_l_b": 4.216,
            "rmsd_u_b": 8.337
          },
          {
            "mode": 9,
            "affinity": -3.6,
            "rmsd_l_b": 9.992,
            "rmsd_u_b": 11.567
          }
        ]
      },
      {
        "run": 16,
        "seed": 978422,
        "average": {
          "affinity": -3.867,
          "rmsd_l_b": 5.952,
          "rmsd_u_b": 8.048
        },
        "modes": [
          {
            "mode": 1,
            "affinity": -4.2,
            "rmsd_l_b": 0.0,
            "rmsd_u_b": 0.0
          },
          {
            "mode": 2,
            "affinity": -3.9,
            "rmsd_l_b": 3.004,
            "rmsd_u_b": 6.171
          },
          {
            "mode": 3,
            "affinity": -3.9,
            "rmsd_l_b": 4.314,
            "rmsd_u_b": 8.605
          },
          {
            "mode": 4,
            "affinity": -3.9,
            "rmsd_l_b": 9.522,
            "rmsd_u_b": 12.713
          },
          {
            "mode": 5,
            "affinity": -3.8,
            "rmsd_l_b": 10.108,
            "rmsd_u_b": 12.221
          },
          {
            "mode": 6,
            "affinity": -3.8,
            "rmsd_l_b": 10.117,
            "rmsd_u_b": 12.053
          },
          {
            "mode": 7,
            "affinity": -3.8,
            "rmsd_l_b": 9.963,
            "rmsd_u_b": 11.682
          },
          {
            "mode": 8,
            "affinity": -3.8,
            "rmsd_l_b": 2.073,
            "rmsd_u_b": 2.313
          },
          {
            "mode": 9,
            "affinity": -3.7,
            "rmsd_l_b": 4.468,
            "rmsd_u_b": 6.674
          }
        ]
      },
      {
        "run": 17,
        "seed": 979680,
        "average": {
          "affinity": -3.711,
          "rmsd_l_b": 4.375,
          "rmsd_u_b": 6.657
        },
        "modes": [
          {
            "mode": 1,
            "affinity": -4.1,
            "rmsd_l_b": 0.0,
            "rmsd_u_b": 0.0
          },
          {
            "mode": 2,
            "affinity": -3.9,
            "rmsd_l_b": 2.875,
            "rmsd_u_b": 6.16
          },
          {
            "mode": 3,
            "affinity": -3.7,
            "rmsd_l_b": 3.404,
            "rmsd_u_b": 6.758
          },
          {
            "mode": 4,
            "affinity": -3.7,
            "rmsd_l_b": 4.268,
            "rmsd_u_b": 8.425
          },
          {
            "mode": 5,
            "affinity": -3.6,
            "rmsd_l_b": 2.83,
            "rmsd_u_b": 6.306
          },
          {
            "mode": 6,
            "affinity": -3.6,
            "rmsd_l_b": 2.039,
            "rmsd_u_b": 2.671
          },
          {
            "mode": 7,
            "affinity": -3.6,
            "rmsd_l_b": 10.052,
            "rmsd_u_b": 11.818
          },
          {
            "mode": 8,
            "affinity": -3.6,
            "rmsd_l_b": 9.57,
            "rmsd_u_b": 10.896
          },
          {
            "mode": 9,
            "affinity": -3.6,
            "rmsd_l_b": 4.336,
            "rmsd_u_b": 6.878
          }
        ]
      },
      {
        "run": 18,
        "seed": 237446,
        "average": {
          "affinity": -3.744,
          "rmsd_l_b": 3.336,
          "rmsd_u_b": 5.371
        },
        "modes": [
          {
            "mode": 1,
            "affinity": -4.1,
            "rmsd_l_b": 0.0,
            "rmsd_u_b": 0.0
          },
          {
            "mode": 2,
            "affinity": -3.8,
            "rmsd_l_b": 3.327,
            "rmsd_u_b": 6.429
          },
          {
            "mode": 3,
            "affinity": -3.8,
            "rmsd_l_b": 3.179,
            "rmsd_u_b": 5.946
          },
          {
            "mode": 4,
            "affinity": -3.7,
            "rmsd_l_b": 1.2,
            "rmsd_u_b": 1.706
          },
          {
            "mode": 5,
            "affinity": -3.7,
            "rmsd_l_b": 2.805,
            "rmsd_u_b": 6.029
          },
          {
            "mode": 6,
            "affinity": -3.7,
            "rmsd_l_b": 4.23,
            "rmsd_u_b": 8.39
          },
          {
            "mode": 7,
            "affinity": -3.7,
            "rmsd_l_b": 10.122,
            "rmsd_u_b": 11.836
          },
          {
            "mode": 8,
            "affinity": -3.6,
            "rmsd_l_b": 1.707,
            "rmsd_u_b": 2.109
          },
          {
            "mode": 9,
            "affinity": -3.6,
            "rmsd_l_b": 3.452,
            "rmsd_u_b": 5.891
          }
        ]
      },
      {
        "run": 19,
        "seed": 407489,
        "average": {
          "affinity": -3.822,
          "rmsd_l_b": 3.934,
          "rmsd_u_b": 5.477
        },
        "modes": [
          {
            "mode": 1,
            "affinity": -4.1,
            "rmsd_l_b": 0.0,
            "rmsd_u_b": 0.0
          },
          {
            "mode": 2,
            "affinity": -3.9,
            "rmsd_l_b": 10.027,
            "rmsd_u_b": 11.733
          },
          {
            "mode": 3,
            "affinity": -3.8,
            "rmsd_l_b": 2.338,
            "rmsd_u_b": 2.66
          },
          {
            "mode": 4,
            "affinity": -3.8,
            "rmsd_l_b": 1.448,
            "rmsd_u_b": 1.612
          },
          {
            "mode": 5,
            "affinity": -3.8,
            "rmsd_l_b": 4.669,
            "rmsd_u_b": 7.977
          },
          {
            "mode": 6,
            "affinity": -3.8,
            "rmsd_l_b": 4.355,
            "rmsd_u_b": 7.065
          },
          {
            "mode": 7,
            "affinity": -3.8,
            "rmsd_l_b": 2.369,
            "rmsd_u_b": 2.777
          },
          {
            "mode": 8,
            "affinity": -3.7,
            "rmsd_l_b": 6.402,
            "rmsd_u_b": 8.196
          },
          {
            "mode": 9,
            "affinity": -3.7,
            "rmsd_l_b": 3.799,
            "rmsd_u_b": 7.272
          }
        ]
      },
      {
        "run": 20,
        "seed": 305063,
        "average": {
          "affinity": -3.667,
          "rmsd_l_b": 3.608,
          "rmsd_u_b": 5.612
        },
        "modes": [
          {
            "mode": 1,
            "affinity": -4.1,
            "rmsd_l_b": 0.0,
            "rmsd_u_b": 0.0
          },
          {
            "mode": 2,
            "affinity": -3.9,
            "rmsd_l_b": 3.15,
            "rmsd_u_b": 5.995
          },
          {
            "mode": 3,
            "affinity": -3.7,
            "rmsd_l_b": 3.378,
            "rmsd_u_b": 6.695
          },
          {
            "mode": 4,
            "affinity": -3.6,
            "rmsd_l_b": 2.141,
            "rmsd_u_b": 2.574
          },
          {
            "mode": 5,
            "affinity": -3.6,
            "rmsd_l_b": 3.318,
            "rmsd_u_b": 5.717
          },
          {
            "mode": 6,
            "affinity": -3.6,
            "rmsd_l_b": 2.196,
            "rmsd_u_b": 2.76
          },
          {
            "mode": 7,
            "affinity": -3.5,
            "rmsd_l_b": 4.007,
            "rmsd_u_b": 7.731
          },
          {
            "mode": 8,
            "affinity": -3.5,
            "rmsd_l_b": 10.34,
            "rmsd_u_b": 12.323
          },
          {
            "mode": 9,
            "affinity": -3.5,
            "rmsd_l_b": 3.944,
            "rmsd_u_b": 6.715
          }
        ]
      }
    ]
  }
}