{
  "rmsd": 2.322,
  "rmsd_method": "C-alpha coordinates",
  "rmsd_tool": "BioPython",
  "docking": {
    "average_affinity": -3.138,
    "runs": [
      {
        "run": 1,
        "seed": 228196,
        "average": {
          "affinity": -3.167,
          "rmsd_l_b": 6.603,
          "rmsd_u_b": 8.213
        },
        "modes": [
          {
            "mode": 1,
            "affinity": -3.3,
            "rmsd_l_b": 0.0,
            "rmsd_u_b": 0.0
          },
          {
            "mode": 2,
            "affinity": -3.3,
            "rmsd_l_b": 7.803,
            "rmsd_u_b": 8.977
          },
          {
            "mode": 3,
            "affinity": -3.3,
            "rmsd_l_b": 8.563,
            "rmsd_u_b": 9.912
          },
          {
            "mode": 4,
            "affinity": -3.1,
            "rmsd_l_b": 8.289,
            "rmsd_u_b": 9.239
          },
          {
            "mode": 5,
            "affinity": -3.1,
            "rmsd_l_b": 8.719,
            "rmsd_u_b": 10.484
          },
          {
            "mode": 6,
            "affinity": -3.1,
            "rmsd_l_b": 3.025,
            "rmsd_u_b": 6.59
          },
          {
            "mode": 7,
            "affinity": -3.1,
            "rmsd_l_b": 3.363,
            "rmsd_u_b": 5.872
          },
          {
            "mode": 8,
            "affinity": -3.1,
            "rmsd_l_b": 9.927,
            "rmsd_u_b": 11.302
          },
          {
            "mode": 9,
            "affinity": -3.1,
            "rmsd_l_b": 9.739,
            "rmsd_u_b": 11.54
          }
        ]
      },
      {
        "run": 2,
        "seed": 256552,
        "average": {
          "affinity": -3.133,
          "rmsd_l_b": 6.163,
          "rmsd_u_b": 7.807
        },
        "modes": [
          {
            "mode": 1,
            "affinity": -3.3,
            "rmsd_l_b": 0.0,
            "rmsd_u_b": 0.0
          },
          {
            "mode": 2,
            "affinity": -3.3,
            "rmsd_l_b": 7.794,
            "rmsd_u_b": 8.973
          },
          {
            "mode": 3,
            "affinity": -3.3,
            "rmsd_l_b": 8.592,
            "rmsd_u_b": 9.942
          },
          {
            "mode": 4,
            "affinity": -3.1,
            "rmsd_l_b": 8.236,
            "rmsd_u_b": 9.136
          },
          {
            "mode": 5,
            "affinity": -3.1,
            "rmsd_l_b": 8.691,
            "rmsd_u_b": 10.47
          },
          {
            "mode": 6,
            "affinity": -3.1,
            "rmsd_l_b": 3.367,
            "rmsd_u_b": 5.851
          },
          {
            "mode": 7,
            "affinity": -3.1,
            "rmsd_l_b": 2.946,
            "rmsd_u_b": 6.515
          },
          {
            "mode": 8,
            "affinity": -3.0,
            "rmsd_l_b": 8.26,
            "rmsd_u_b": 9.785
          },
          {
            "mode": 9,
            "affinity": -2.9,
            "rmsd_l_b": 7.582,
            "rmsd_u_b": 9.592
          }
        ]
      },
      {
        "run": 3,
        "seed": 104830,
        "average": {
          "affinity": -3.156,
          "rmsd_l_b": 6.594,
          "rmsd_u_b": 8.215
        },
        "modes": [
          {
            "mode": 1,
            "affinity": -3.3,
            "rmsd_l_b": 0.0,
            "rmsd_u_b": 0.0
          },
          {
            "mode": 2,
            "affinity": -3.3,
            "rmsd_l_b": 7.756,
            "rmsd_u_b": 8.93
          },
          {
            "mode": 3,
            "affinity": -3.3,
            "rmsd_l_b": 8.582,
            "rmsd_u_b": 9.934
          },
          {
            "mode": 4,
            "affinity": -3.1,
            "rmsd_l_b": 8.214,
            "rmsd_u_b": 9.156
          },
          {
            "mode": 5,
            "affinity": -3.1,
            "rmsd_l_b": 8.698,
            "rmsd_u_b": 10.5
          },
          {
            "mode": 6,
            "affinity": -3.1,
            "rmsd_l_b": 3.01,
            "rmsd_u_b": 6.577
          },
          {
            "mode": 7,
            "affinity": -3.1,
            "rmsd_l_b": 3.343,
            "rmsd_u_b": 5.914
          },
          {
            "mode": 8,
            "affinity": -3.1,
            "rmsd_l_b": 9.991,
            "rmsd_u_b": 11.356
          },
          {
            "mode": 9,
            "affinity": -3.0,
            "rmsd_l_b": 9.756,
            "rmsd_u_b": 11.564
          }
        ]
      },
      {
        "run": 4,
        "seed": 334470,
        "average": {
          "affinity": -3.133,
          "rmsd_l_b": 6.459,
          "rmsd_u_b": 8.061
        },
        "modes": [
          {
            "mode": 1,
            "affinity": -3.3,
            "rmsd_l_b": 0.0,
            "rmsd_u_b": 0.0
          },
          {
            "mode": 2,
            "affinity": -3.3,
            "rmsd_l_b": 7.772,
            "rmsd_u_b": 8.947
          },
          {
            "mode": 3,
            "affinity": -3.2,
            "rmsd_l_b": 8.711,
            "rmsd_u_b": 10.046
          },
          {
            "mode": 4,
            "affinity": -3.1,
            "rmsd_l_b": 8.266,
            "rmsd_u_b": 9.189
          },
          {
            "mode": 5,
            "affinity": -3.1,
            "rmsd_l_b": 8.757,
            "rmsd_u_b": 10.528
          },
          {
            "mode": 6,
            "affinity": -3.1,
            "rmsd_l_b": 3.022,
            "rmsd_u_b": 6.586
          },
          {
            "mode": 7,
            "affinity": -3.1,
            "rmsd_l_b": 3.363,
            "rmsd_u_b": 5.876
          },
          {
            "mode": 8,
            "affinity": -3.1,
            "rmsd_l_b": 10.011,
            "rmsd_u_b": 11.379
          },
          {
            "mode": 9,
            "affinity": -2.9,
            "rmsd_l_b": 8.226,
            "rmsd_u_b": 9.996
          }
        ]
      },
      {
        "run": 5,
        "seed": 187393,
        "average": {
          "affinity": -3.167,
          "rmsd_l_b": 6.6,
          "rmsd_u_b": 8.202
        },
        "modes": [
          {
            "mode": 1,
            "affinity": -3.3,
            "rmsd_l_b": 0.0,
            "rmsd_u_b": 0.0
          },
          {
            "mode": 2,
            "affinity": -3.3,
            "rmsd_l_b": 7.75,
            "rmsd_u_b": 8.918
          },
          {
            "mode": 3,
            "affinity": -3.3,
            "rmsd_l_b": 8.584,
            "rmsd_u_b": 9.932
          },
          {
            "mode": 4,
            "affinity": -3.1,
            "rmsd_l_b": 8.231,
            "rmsd_u_b": 9.128
          },
          {
            "mode": 5,
            "affinity": -3.1,
            "rmsd_l_b": 8.73,
            "rmsd_u_b": 10.51
          },
          {
            "mode": 6,
            "affinity": -3.1,
            "rmsd_l_b": 3.013,
            "rmsd_u_b": 6.579
          },
          {
            "mode": 7,
            "affinity": -3.1,
            "rmsd_l_b": 9.989,
            "rmsd_u_b": 11.353
          },
          {
            "mode": 8,
            "affinity": -3.1,
            "rmsd_l_b": 3.367,
            "rmsd_u_b": 5.889
          },
          {
            "mode": 9,
            "affinity": -3.1,
            "rmsd_l_b": 9.733,
            "rmsd_u_b": 11.51
          }
        ]
      },
      {
        "run": 6,
        "seed": 641738,
        "average": {
          "affinity": -3.133,
          "rmsd_l_b": 6.567,
          "rmsd_u_b": 8.098
        },
        "modes": [
          {
            "mode": 1,
            "affinity": -3.3,
            "rmsd_l_b": 0.0,
            "rmsd_u_b": 0.0
          },
          {
            "mode": 2,
            "affinity": -3.3,
            "rmsd_l_b": 7.76,
            "rmsd_u_b": 8.931
          },
          {
            "mode": 3,
            "affinity": -3.3,
            "rmsd_l_b": 8.563,
            "rmsd_u_b": 9.916
          },
          {
            "mode": 4,
            "affinity": -3.1,
            "rmsd_l_b": 8.231,
            "rmsd_u_b": 9.139
          },
          {
            "mode": 5,
            "affinity": -3.1,
            "rmsd_l_b": 8.721,
            "rmsd_u_b": 10.514
          },
          {
            "mode": 6,
            "affinity": -3.1,
            "rmsd_l_b": 3.025,
            "rmsd_u_b": 6.588
          },
          {
            "mode": 7,
            "affinity": -3.1,
            "rmsd_l_b": 3.367,
            "rmsd_u_b": 5.884
          },
          {
            "mode": 8,
            "affinity": -3.1,
            "rmsd_l_b": 9.966,
            "rmsd_u_b": 11.335
          },
          {
            "mode": 9,
            "affinity": -2.8,
            "rmsd_l_b": 9.472,
            "rmsd_u_b": 10.572
          }
        ]
      },
      {
        "run": 7,
        "seed": 809832,
        "average": {
          "affinity": -3.156,
          "rmsd_l_b": 6.565,
          "rmsd_u_b": 8.179
        },
        "modes": [
          {
            "mode": 1,
            "affinity": -3.3,
            "rmsd_l_b": 0.0,
            "rmsd_u_b": 0.0
          },
          {
            "mode": 2,
            "affinity": -3.3,
            "rmsd_l_b": 7.799,
            "rmsd_u_b": 8.972
          },
          {
            "mode": 3,
            "affinity": -3.3,
            "rmsd_l_b": 8.587,
            "rmsd_u_b": 9.938
          },
          {
            "mode": 4,
            "affinity": -3.1,
            "rmsd_l_b": 8.25,
            "rmsd_u_b": 9.157
          },
          {
            "mode": 5,
            "affinity": -3.1,
            "rmsd_l_b": 8.723,
            "rmsd_u_b": 10.503
          },
          {
            "mode": 6,
            "affinity": -3.1,
            "rmsd_l_b": 3.022,
            "rmsd_u_b": 6.588
          },
          {
            "mode": 7,
            "affinity": -3.1,
            "rmsd_l_b": 3.363,
            "rmsd_u_b": 5.861
          },
          {
            "mode": 8,
            "affinity": -3.1,
            "rmsd_l_b": 9.771,
            "rmsd_u_b": 11.551
          },
          {
            "mode": 9,
            "affinity": -3.0,
            "rmsd_l_b": 9.572,
            "rmsd_u_b": 11.043
          }
        ]
      },
      {
        "run": 8,
        "seed": 85418,
        "average": {
          "affinity": -3.144,
          "rmsd_l_b": 7.191,
          "rmsd_u_b": 8.691
        },
        "modes": [
          {
            "mode": 1,
            "affinity": -3.3,
            "rmsd_l_b": 0.0,
            "rmsd_u_b": 0.0
          },
          {
            "mode": 2,
            "affinity": -3.3,
            "rmsd_l_b": 7.808,
            "rmsd_u_b": 8.982
          },
          {
            "mode": 3,
            "affinity": -3.3,
            "rmsd_l_b": 8.573,
            "rmsd_u_b": 9.922
          },
          {
            "mode": 4,
            "affinity": -3.1,
            "rmsd_l_b": 8.215,
            "rmsd_u_b": 9.184
          },
          {
            "mode": 5,
            "affinity": -3.1,
            "rmsd_l_b": 8.705,
            "rmsd_u_b": 10.505
          },
          {
            "mode": 6,
            "affinity": -3.1,
            "rmsd_l_b": 2.983,
            "rmsd_u_b": 6.558
          },
          {
            "mode": 7,
            "affinity": -3.1,
            "rmsd_l_b": 10.014,
            "rmsd_u_b": 11.375
          },
          {
            "mode": 8,
            "affinity": -3.0,
            "rmsd_l_b": 10.02,
            "rmsd_u_b": 11.667
          },
          {
            "mode": 9,
            "affinity": -3.0,
            "rmsd_l_b": 8.398,
            "rmsd_u_b": 10.028
          }
        ]
      },
      {
        "run": 9,
        "seed": 87349,
        "average": {
          "affinity": -3.111,
          "rmsd_l_b": 6.308,
          "rmsd_u_b": 7.78
        },
        "modes": [
          {
            "mode": 1,
            "affinity": -3.3,
            "rmsd_l_b": 0.0,
            "rmsd_u_b": 0.0
          },
          {
            "mode": 2,
            "affinity": -3.3,
            "rmsd_l_b": 7.745,
            "rmsd_u_b": 8.923
          },
          {
            "mode": 3,
            "affinity": -3.3,
            "rmsd_l_b": 8.555,
            "rmsd_u_b": 9.904
          },
          {
            "mode": 4,
            "affinity": -3.1,
            "rmsd_l_b": 8.253,
            "rmsd_u_b": 9.157
          },
          {
            "mode": 5,
            "affinity": -3.1,
            "rmsd_l_b": 2.977,
            "rmsd_u_b": 6.55
          },
          {
            "mode": 6,
            "affinity": -3.1,
            "rmsd_l_b": 8.689,
            "rmsd_u_b": 10.49
          },
          {
            "mode": 7,
            "affinity": -3.1,
            "rmsd_l_b": 9.931,
            "rmsd_u_b": 11.297
          },
          {
            "mode": 8,
            "affinity": -2.9,
            "rmsd_l_b": 8.39,
            "rmsd_u_b": 10.02
          },
          {
            "mode": 9,
            "affinity": -2.8,
            "rmsd_l_b": 2.234,
            "rmsd_u_b": 3.675
          }
        ]
      },
      {
        "run": 10,
        "seed": 691241,
        "average": {
          "affinity": -3.133,
          "rmsd_l_b": 6.241,
          "rmsd_u_b": 7.826
        },
        "modes": [
          {
            "mode": 1,
            "affinity": -3.3,
            "rmsd_l_b": 0.0,
            "rmsd_u_b": 0.0
          },
          {
            "mode": 2,
            "affinity": -3.3,
            "rmsd_l_b": 7.803,
            "rmsd_u_b": 8.973
          },
          {
            "mode": 3,
            "affinity": -3.3,
            "rmsd_l_b": 8.586,
            "rmsd_u_b": 9.934
          },
          {
            "mode": 4,
            "affinity": -3.1,
            "rmsd_l_b": 8.26,
            "rmsd_u_b": 9.179
          },
          {
            "mode": 5,
            "affinity": -3.1,
            "rmsd_l_b": 8.72,
            "rmsd_u_b": 10.511
          },
          {
            "mode": 6,
            "affinity": -3.1,
            "rmsd_l_b": 3.026,
            "rmsd_u_b": 6.589
          },
          {
            "mode": 7,
            "affinity": -3.1,
            "rmsd_l_b": 3.358,
            "rmsd_u_b": 5.873
          },
          {
            "mode": 8,
            "affinity": -3.0,
            "rmsd_l_b": 8.32,
            "rmsd_u_b": 9.809
          },
          {
            "mode": 9,
            "affinity": -2.9,
            "rmsd_l_b": 8.099,
            "rmsd_u_b": 9.566
          }
        ]
      },
      {
        "run": 11,
        "seed": 549409,
        "average": {
          "affinity": -3.133,
          "rmsd_l_b": 5.942,
          "rmsd_u_b": 7.49
        },
        "modes": [
          {
            "mode": 1,
            "affinity": -3.3,
            "rmsd_l_b": 0.0,
            "rmsd_u_b": 0.0
          },
          {
            "mode": 2,
            "affinity": -3.3,
            "rmsd_l_b": 8.575,
            "rmsd_u_b": 9.925
          },
          {
            "mode": 3,
            "affinity": -3.3,
            "rmsd_l_b": 7.746,
            "rmsd_u_b": 8.919
          },
          {
            "mode": 4,
            "affinity": -3.1,
            "rmsd_l_b": 8.289,
            "rmsd_u_b": 9.233
          },
          {
            "mode": 5,
            "affinity": -3.1,
            "rmsd_l_b": 3.025,
            "rmsd_u_b": 6.587
          },
          {
            "mode": 6,
            "affinity": -3.1,
            "rmsd_l_b": 9.967,
            "rmsd_u_b": 11.336
          },
          {
            "mode": 7,
            "affinity": -3.1,
            "rmsd_l_b": 3.374,
            "rmsd_u_b": 5.89
          },
          {
            "mode": 8,
            "affinity": -3.0,
            "rmsd_l_b": 10.018,
            "rmsd_u_b": 11.664
          },
          {
            "mode": 9,
            "affinity": -2.9,
            "rmsd_l_b": 2.48,
            "rmsd_u_b": 3.857
          }
        ]
      },
      {
        "run": 12,
        "seed": 558952,
        "average": {
          "affinity": -3.122,
          "rmsd_l_b": 6.338,
          "rmsd_u_b": 7.977
        },
        "modes": [
          {
            "mode": 1,
            "affinity": -3.3,
            "rmsd_l_b": 0.0,
            "rmsd_u_b": 0.0
          },
          {
            "mode": 2,
            "affinity": -3.3,
            "rmsd_l_b": 7.754,
            "rmsd_u_b": 8.923
          },
          {
            "mode": 3,
            "affinity": -3.3,
            "rmsd_l_b": 8.577,
            "rmsd_u_b": 9.93
          },
          {
            "mode": 4,
            "affinity": -3.1,
            "rmsd_l_b": 8.249,
            "rmsd_u_b": 9.155
          },
          {
            "mode": 5,
            "affinity": -3.1,
            "rmsd_l_b": 8.706,
            "rmsd_u_b": 10.505
          },
          {
            "mode": 6,
            "affinity": -3.1,
            "rmsd_l_b": 3.024,
            "rmsd_u_b": 6.586
          },
          {
            "mode": 7,
            "affinity": -3.1,
            "rmsd_l_b": 3.36,
            "rmsd_u_b": 5.877
          },
          {
            "mode": 8,
            "affinity": -2.9,
            "rmsd_l_b": 7.554,
            "rmsd_u_b": 9.549
          },
          {
            "mode": 9,
            "affinity": -2.9,
            "rmsd_l_b": 9.819,
            "rmsd_u_b": 11.269
          }
        ]
      },
      {
        "run": 13,
        "seed": 806366,
        "average": {
          "affinity": -3.156,
          "rmsd_l_b": 6.598,
          "rmsd_u_b": 8.173
        },
        "modes": [
          {
            "mode": 1,
            "affinity": -3.3,
            "rmsd_l_b": 0.0,
            "rmsd_u_b": 0.0
          },
          {
            "mode": 2,
            "affinity": -3.3,
            "rmsd_l_b": 8.589,
            "rmsd_u_b": 9.94
          },
          {
            "mode": 3,
            "affinity": -3.2,
            "rmsd_l_b": 7.828,
            "rmsd_u_b": 8.997
          },
          {
            "mode": 4,
            "affinity": -3.1,
            "rmsd_l_b": 8.737,
            "rmsd_u_b": 10.53
          },
          {
            "mode": 5,
            "affinity": -3.1,
            "rmsd_l_b": 3.016,
            "rmsd_u_b": 6.582
          },
          {
            "mode": 6,
            "affinity": -3.1,
            "rmsd_l_b": 8.287,
            "rmsd_u_b": 9.226
          },
          {
            "mode": 7,
            "affinity": -3.1,
            "rmsd_l_b": 3.378,
            "rmsd_u_b": 5.903
          },
          {
            "mode": 8,
            "affinity": -3.1,
            "rmsd_l_b": 9.99,
            "rmsd_u_b": 11.356
          },
          {
            "mode": 9,
            "affinity": -3.1,
            "rmsd_l_b": 9.559,
            "rmsd_u_b": 11.021
          }
        ]
      },
      {
        "run": 14,
        "seed": 766859,
        "average": {
          "affinity": -3.1,
          "rmsd_l_b": 5.536,
          "rmsd_u_b": 7.32
        },
        "modes": [
          {
            "mode": 1,
            "affinity": -3.3,
            "rmsd_l_b": 0.0,
            "rmsd_u_b": 0.0
          },
          {
            "mode": 2,
            "affinity": -3.3,
            "rmsd_l_b": 7.774,
            "rmsd_u_b": 8.953
          },
          {
            "mode": 3,
            "affinity": -3.3,
            "rmsd_l_b": 8.562,
            "rmsd_u_b": 9.913
          },
          {
            "mode": 4,
            "affinity": -3.1,
            "rmsd_l_b": 8.248,
            "rmsd_u_b": 9.213
          },
          {
            "mode": 5,
            "affinity": -3.1,
            "rmsd_l_b": 8.691,
            "rmsd_u_b": 10.494
          },
          {
            "mode": 6,
            "affinity": -3.1,
            "rmsd_l_b": 3.362,
            "rmsd_u_b": 5.901
          },
          {
            "mode": 7,
            "affinity": -3.1,
            "rmsd_l_b": 3.029,
            "rmsd_u_b": 6.594
          },
          {
            "mode": 8,
            "affinity": -2.8,
            "rmsd_l_b": 2.161,
            "rmsd_u_b": 5.269
          },
          {
            "mode": 9,
            "affinity": -2.8,
            "rmsd_l_b": 7.997,
            "rmsd_u_b": 9.543
          }
        ]
      },
      {
        "run": 15,
        "seed": 872445,
        "average": {
          "affinity": -3.133,
          "rmsd_l_b": 7.156,
          "rmsd_u_b": 8.673
        },
        "modes": [
          {
            "mode": 1,
            "affinity": -3.3,
            "rmsd_l_b": 0.0,
            "rmsd_u_b": 0.0
          },
          {
            "mode": 2,
            "affinity": -3.3,
            "rmsd_l_b": 7.815,
            "rmsd_u_b": 8.986
          },
          {
            "mode": 3,
            "affinity": -3.3,
            "rmsd_l_b": 8.586,
            "rmsd_u_b": 9.936
          },
          {
            "mode": 4,
            "affinity": -3.1,
            "rmsd_l_b": 8.221,
            "rmsd_u_b": 9.192
          },
          {
            "mode": 5,
            "affinity": -3.1,
            "rmsd_l_b": 8.688,
            "rmsd_u_b": 10.496
          },
          {
            "mode": 6,
            "affinity": -3.1,
            "rmsd_l_b": 9.934,
            "rmsd_u_b": 11.305
          },
          {
            "mode": 7,
            "affinity": -3.1,
            "rmsd_l_b": 2.95,
            "rmsd_u_b": 6.485
          },
          {
            "mode": 8,
            "affinity": -3.0,
            "rmsd_l_b": 9.879,
            "rmsd_u_b": 11.683
          },
          {
            "mode": 9,
            "affinity": -2.9,
            "rmsd_l_b": 8.331,
            "rmsd_u_b": 9.978
          }
        ]
      },
      {
        "run": 16,
        "seed": 112102,
        "average": {
          "affinity": -3.167,
          "rmsd_l_b": 6.596,
          "rmsd_u_b": 8.214
        },
        "modes": [
          {
            "mode": 1,
            "affinity": -3.3,
            "rmsd_l_b": 0.0,
            "rmsd_u_b": 0.0
          },
          {
            "mode": 2,
            "affinity": -3.3,
            "rmsd_l_b": 7.791,
            "rmsd_u_b": 8.967
          },
          {
            "mode": 3,
            "affinity": -3.3,
            "rmsd_l_b": 8.562,
            "rmsd_u_b": 9.915
          },
          {
            "mode": 4,
            "affinity": -3.1,
            "rmsd_l_b": 8.217,
            "rmsd_u_b": 9.181
          },
          {
            "mode": 5,
            "affinity": -3.1,
            "rmsd_l_b": 3.005,
            "rmsd_u_b": 6.573
          },
          {
            "mode": 6,
            "affinity": -3.1,
            "rmsd_l_b": 8.696,
            "rmsd_u_b": 10.499
          },
          {
            "mode": 7,
            "affinity": -3.1,
            "rmsd_l_b": 9.973,
            "rmsd_u_b": 11.337
          },
          {
            "mode": 8,
            "affinity": -3.1,
            "rmsd_l_b": 3.357,
            "rmsd_u_b": 5.879
          },
          {
            "mode": 9,
            "affinity": -3.1,
            "rmsd_l_b": 9.764,
            "rmsd_u_b": 11.571
          }
        ]
      },
      {
        "run": 17,
        "seed": 129017,
        "average": {
          "affinity": -3.111,
          "rmsd_l_b": 6.511,
          "rmsd_u_b": 8.088
        },
        "modes": [
          {
            "mode": 1,
            "affinity": -3.3,
            "rmsd_l_b": 0.0,
            "rmsd_u_b": 0.0
          },
          {
            "mode": 2,
            "affinity": -3.3,
            "rmsd_l_b": 8.551,
            "rmsd_u_b": 9.905
          },
          {
            "mode": 3,
            "affinity": -3.2,
            "rmsd_l_b": 7.781,
            "rmsd_u_b": 8.97
          },
          {
            "mode": 4,
            "affinity": -3.1,
            "rmsd_l_b": 8.228,
            "rmsd_u_b": 9.128
          },
          {
            "mode": 5,
            "affinity": -3.1,
            "rmsd_l_b": 3.005,
            "rmsd_u_b": 6.564
          },
          {
            "mode": 6,
            "affinity": -3.1,
            "rmsd_l_b": 9.99,
            "rmsd_u_b": 11.358
          },
          {
            "mode": 7,
            "affinity": -3.0,
            "rmsd_l_b": 3.257,
            "rmsd_u_b": 6.133
          },
          {
            "mode": 8,
            "affinity": -3.0,
            "rmsd_l_b": 9.501,
            "rmsd_u_b": 10.7
          },
          {
            "mode": 9,
            "affinity": -2.9,
            "rmsd_l_b": 8.289,
            "rmsd_u_b": 10.035
          }
        ]
      },
      {
        "run": 18,
        "seed": 323495,
        "average": {
          "affinity": -3.122,
          "rmsd_l_b": 7.106,
          "rmsd_u_b": 8.586
        },
        "modes": [
          {
            "mode": 1,
            "affinity": -3.3,
            "rmsd_l_b": 0.0,
            "rmsd_u_b": 0.0
          },
          {
            "mode": 2,
            "affinity": -3.3,
            "rmsd_l_b": 8.572,
            "rmsd_u_b": 9.923
          },
          {
            "mode": 3,
            "affinity": -3.2,
            "rmsd_l_b": 7.822,
            "rmsd_u_b": 8.989
          },
          {
            "mode": 4,
            "affinity": -3.1,
            "rmsd_l_b": 8.242,
            "rmsd_u_b": 9.147
          },
          {
            "mode": 5,
            "affinity": -3.1,
            "rmsd_l_b": 2.964,
            "rmsd_u_b": 6.514
          },
          {
            "mode": 6,
            "affinity": -3.1,
            "rmsd_l_b": 9.955,
            "rmsd_u_b": 11.323
          },
          {
            "mode": 7,
            "affinity": -3.1,
            "rmsd_l_b": 9.728,
            "rmsd_u_b": 11.542
          },
          {
            "mode": 8,
            "affinity": -3.0,
            "rmsd_l_b": 8.259,
            "rmsd_u_b": 9.784
          },
          {
            "mode": 9,
            "affinity": -2.9,
            "rmsd_l_b": 8.414,
            "rmsd_u_b": 10.051
          }
        ]
      },
      {
        "run": 19,
        "seed": 825394,
        "average": {
          "affinity": -3.156,
          "rmsd_l_b": 6.59,
          "rmsd_u_b": 8.161
        },
        "modes": [
          {
            "mode": 1,
            "affinity": -3.3,
            "rmsd_l_b": 0.0,
            "rmsd_u_b": 0.0
          },
          {
            "mode": 2,
            "affinity": -3.3,
            "rmsd_l_b": 7.789,
            "rmsd_u_b": 8.965
          },
          {
            "mode": 3,
            "affinity": -3.2,
            "rmsd_l_b": 8.664,
            "rmsd_u_b": 10.01
          },
          {
            "mode": 4,
            "affinity": -3.1,
            "rmsd_l_b": 8.251,
            "rmsd_u_b": 9.157
          },
          {
            "mode": 5,
            "affinity": -3.1,
            "rmsd_l_b": 8.737,
            "rmsd_u_b": 10.532
          },
          {
            "mode": 6,
            "affinity": -3.1,
            "rmsd_l_b": 3.01,
            "rmsd_u_b": 6.57
          },
          {
            "mode": 7,
            "affinity": -3.1,
            "rmsd_l_b": 3.361,
            "rmsd_u_b": 5.879
          },
          {
            "mode": 8,
            "affinity": -3.1,
            "rmsd_l_b": 9.93,
            "rmsd_u_b": 11.302
          },
          {
            "mode": 9,
            "affinity": -3.1,
            "rmsd_l_b": 9.568,
            "rmsd_u_b": 11.034
          }
        ]
      },
      {
        "run": 20,
        "seed": 396853,
        "average": {
          "affinity": -3.133,
          "rmsd_l_b": 6.692,
          "rmsd_u_b": 8.272
        },
        "modes": [
          {
            "mode": 1,
            "affinity": -3.3,
            "rmsd_l_b": 0.0,
            "rmsd_u_b": 0.0
          },
          {
            "mode": 2,
            "affinity": -3.3,
            "rmsd_l_b": 8.557,
            "rmsd_u_b": 9.909
          },
          {
            "mode": 3,
            "affinity": -3.2,
            "rmsd_l_b": 7.851,
            "rmsd_u_b": 9.024
          },
          {
            "mode": 4,
            "affinity": -3.1,
            "rmsd_l_b": 8.242,
            "rmsd_u_b": 9.206
          },
          {
            "mode": 5,
            "affinity": -3.1,
            "rmsd_l_b": 9.962,
            "rmsd_u_b": 11.334
          },
          {
            "mode": 6,
            "affinity": -3.1,
            "rmsd_l_b": 3.023,
            "rmsd_u_b": 6.588
          },
          {
            "mode": 7,
            "affinity": -3.1,
            "rmsd_l_b": 3.34,
            "rmsd_u_b": 5.877
          },
          {
            "mode": 8,
            "affinity": -3.0,
            "rmsd_l_b": 9.561,
            "rmsd_u_b": 11.044
          },
          {
            "mode": 9,
            "affinity": -3.0,
            "rmsd_l_b": 9.696,
            "rmsd_u_b": 11.466
          }
        ]
      }
    ]
  }
}