{
  "rmsd": 3.666,
  "rmsd_method": "C-alpha coordinates",
  "rmsd_tool": "BioPython",
  "docking": {
    "average_affinity": -3.157,
    "runs": [
      {
        "run": 1,
        "seed": 505780,
        "average": {
          "affinity": -3.133,
          "rmsd_l_b": 3.479,
          "rmsd_u_b": 4.334
        },
        "modes": [
          {
            "mode": 1,
            "affinity": -3.4,
            "rmsd_l_b": 0.0,
            "rmsd_u_b": 0.0
          },
          {
            "mode": 2,
            "affinity": -3.3,
            "rmsd_l_b": 1.486,
            "rmsd_u_b": 2.025
          },
          {
            "mode": 3,
            "affinity": -3.2,
            "rmsd_l_b": 1.679,
            "rmsd_u_b": 2.122
          },
          {
            "mode": 4,
            "affinity": -3.2,
            "rmsd_l_b": 1.812,
            "rmsd_u_b": 2.509
          },
          {
            "mode": 5,
            "affinity": -3.1,
            "rmsd_l_b": 6.84,
            "rmsd_u_b": 8.065
          },
          {
            "mode": 6,
            "affinity": -3.1,
            "rmsd_l_b": 2.338,
            "rmsd_u_b": 2.962
          },
          {
            "mode": 7,
            "affinity": -3.0,
            "rmsd_l_b": 2.341,
            "rmsd_u_b": 3.614
          },
          {
            "mode": 8,
            "affinity": -3.0,
            "rmsd_l_b": 2.437,
            "rmsd_u_b": 4.811
          },
          {
            "mode": 9,
            "affinity": -2.9,
            "rmsd_l_b": 12.381,
            "rmsd_u_b": 12.896
          }
        ]
      },
      {
        "run": 2,
        "seed": 868157,
        "average": {
          "affinity": -3.178,
          "rmsd_l_b": 3.368,
          "rmsd_u_b": 4.178
        },
        "modes": [
          {
            "mode": 1,
            "affinity": -3.4,
            "rmsd_l_b": 0.0,
            "rmsd_u_b": 0.0
          },
          {
            "mode": 2,
            "affinity": -3.3,
            "rmsd_l_b": 3.237,
            "rmsd_u_b": 4.179
          },
          {
            "mode": 3,
            "affinity": -3.3,
            "rmsd_l_b": 1.548,
            "rmsd_u_b": 1.652
          },
          {
            "mode": 4,
            "affinity": -3.2,
            "rmsd_l_b": 1.671,
            "rmsd_u_b": 2.042
          },
          {
            "mode": 5,
            "affinity": -3.2,
            "rmsd_l_b": 1.801,
            "rmsd_u_b": 2.493
          },
          {
            "mode": 6,
            "affinity": -3.1,
            "rmsd_l_b": 1.811,
            "rmsd_u_b": 2.589
          },
          {
            "mode": 7,
            "affinity": -3.1,
            "rmsd_l_b": 6.793,
            "rmsd_u_b": 8.017
          },
          {
            "mode": 8,
            "affinity": -3.0,
            "rmsd_l_b": 2.481,
            "rmsd_u_b": 4.992
          },
          {
            "mode": 9,
            "affinity": -3.0,
            "rmsd_l_b": 10.966,
            "rmsd_u_b": 11.637
          }
        ]
      },
      {
        "run": 3,
        "seed": 682250,
        "average": {
          "affinity": -3.078,
          "rmsd_l_b": 4.038,
          "rmsd_u_b": 5.088
        },
        "modes": [
          {
            "mode": 1,
            "affinity": -3.3,
            "rmsd_l_b": 0.0,
            "rmsd_u_b": 0.0
          },
          {
            "mode": 2,
            "affinity": -3.3,
            "rmsd_l_b": 3.19,
            "rmsd_u_b": 4.162
          },
          {
            "mode": 3,
            "affinity": -3.2,
            "rmsd_l_b": 2.61,
            "rmsd_u_b": 3.456
          },
          {
            "mode": 4,
            "affinity": -3.2,
            "rmsd_l_b": 2.525,
            "rmsd_u_b": 3.46
          },
          {
            "mode": 5,
            "affinity": -3.0,
            "rmsd_l_b": 7.5,
            "rmsd_u_b": 8.76
          },
          {
            "mode": 6,
            "affinity": -3.0,
            "rmsd_l_b": 3.221,
            "rmsd_u_b": 5.797
          },
          {
            "mode": 7,
            "affinity": -2.9,
            "rmsd_l_b": 2.671,
            "rmsd_u_b": 3.702
          },
          {
            "mode": 8,
            "affinity": -2.9,
            "rmsd_l_b": 2.243,
            "rmsd_u_b": 2.881
          },
          {
            "mode": 9,
            "affinity": -2.9,
            "rmsd_l_b": 12.381,
            "rmsd_u_b": 13.571
          }
        ]
      },
      {
        "run": 4,
        "seed": 390977,
        "average": {
          "affinity": -3.2,
          "rmsd_l_b": 3.567,
          "rmsd_u_b": 4.332
        },
        "modes": [
          {
            "mode": 1,
            "affinity": -3.4,
            "rmsd_l_b": 0.0,
            "rmsd_u_b": 0.0
          },
          {
            "mode": 2,
            "affinity": -3.4,
            "rmsd_l_b": 3.208,
            "rmsd_u_b": 4.161
          },
          {
            "mode": 3,
            "affinity": -3.4,
            "rmsd_l_b": 1.514,
            "rmsd_u_b": 1.607
          },
          {
            "mode": 4,
            "affinity": -3.2,
            "rmsd_l_b": 1.811,
            "rmsd_u_b": 2.501
          },
          {
            "mode": 5,
            "affinity": -3.2,
            "rmsd_l_b": 1.356,
            "rmsd_u_b": 1.643
          },
          {
            "mode": 6,
            "affinity": -3.1,
            "rmsd_l_b": 7.008,
            "rmsd_u_b": 8.189
          },
          {
            "mode": 7,
            "affinity": -3.1,
            "rmsd_l_b": 2.493,
            "rmsd_u_b": 5.013
          },
          {
            "mode": 8,
            "affinity": -3.1,
            "rmsd_l_b": 2.315,
            "rmsd_u_b": 2.936
          },
          {
            "mode": 9,
            "affinity": -2.9,
            "rmsd_l_b": 12.402,
            "rmsd_u_b": 12.934
          }
        ]
      },
      {
        "run": 5,
        "seed": 185667,
        "average": {
          "affinity": -3.189,
          "rmsd_l_b": 2.434,
          "rmsd_u_b": 3.344
        },
        "modes": [
          {
            "mode": 1,
            "affinity": -3.4,
            "rmsd_l_b": 0.0,
            "rmsd_u_b": 0.0
          },
          {
            "mode": 2,
            "affinity": -3.4,
            "rmsd_l_b": 3.23,
            "rmsd_u_b": 4.248
          },
          {
            "mode": 3,
            "affinity": -3.3,
            "rmsd_l_b": 1.608,
            "rmsd_u_b": 2.168
          },
          {
            "mode": 4,
            "affinity": -3.2,
            "rmsd_l_b": 1.747,
            "rmsd_u_b": 2.166
          },
          {
            "mode": 5,
            "affinity": -3.2,
            "rmsd_l_b": 1.8,
            "rmsd_u_b": 2.568
          },
          {
            "mode": 6,
            "affinity": -3.1,
            "rmsd_l_b": 7.0,
            "rmsd_u_b": 8.152
          },
          {
            "mode": 7,
            "affinity": -3.1,
            "rmsd_l_b": 1.771,
            "rmsd_u_b": 2.286
          },
          {
            "mode": 8,
            "affinity": -3.0,
            "rmsd_l_b": 2.425,
            "rmsd_u_b": 4.926
          },
          {
            "mode": 9,
            "affinity": -3.0,
            "rmsd_l_b": 2.323,
            "rmsd_u_b": 3.582
          }
        ]
      },
      {
        "run": 6,
        "seed": 172588,
        "average": {
          "affinity": -3.111,
          "rmsd_l_b": 4.185,
          "rmsd_u_b": 5.273
        },
        "modes": [
          {
            "mode": 1,
            "affinity": -3.3,
            "rmsd_l_b": 0.0,
            "rmsd_u_b": 0.0
          },
          {
            "mode": 2,
            "affinity": -3.3,
            "rmsd_l_b": 3.189,
            "rmsd_u_b": 4.157
          },
          {
            "mode": 3,
            "affinity": -3.3,
            "rmsd_l_b": 2.509,
            "rmsd_u_b": 4.195
          },
          {
            "mode": 4,
            "affinity": -3.1,
            "rmsd_l_b": 2.515,
            "rmsd_u_b": 3.434
          },
          {
            "mode": 5,
            "affinity": -3.1,
            "rmsd_l_b": 7.626,
            "rmsd_u_b": 8.941
          },
          {
            "mode": 6,
            "affinity": -3.0,
            "rmsd_l_b": 3.215,
            "rmsd_u_b": 5.875
          },
          {
            "mode": 7,
            "affinity": -3.0,
            "rmsd_l_b": 3.669,
            "rmsd_u_b": 4.509
          },
          {
            "mode": 8,
            "affinity": -3.0,
            "rmsd_l_b": 12.779,
            "rmsd_u_b": 13.617
          },
          {
            "mode": 9,
            "affinity": -2.9,
            "rmsd_l_b": 2.159,
            "rmsd_u_b": 2.725
          }
        ]
      },
      {
        "run": 7,
        "seed": 276893,
        "average": {
          "affinity": -3.189,
          "rmsd_l_b": 2.591,
          "rmsd_u_b": 3.578
        },
        "modes": [
          {
            "mode": 1,
            "affinity": -3.4,
            "rmsd_l_b": 0.0,
            "rmsd_u_b": 0.0
          },
          {
            "mode": 2,
            "affinity": -3.4,
            "rmsd_l_b": 3.204,
            "rmsd_u_b": 4.254
          },
          {
            "mode": 3,
            "affinity": -3.4,
            "rmsd_l_b": 1.495,
            "rmsd_u_b": 1.583
          },
          {
            "mode": 4,
            "affinity": -3.2,
            "rmsd_l_b": 1.633,
            "rmsd_u_b": 1.984
          },
          {
            "mode": 5,
            "affinity": -3.2,
            "rmsd_l_b": 1.802,
            "rmsd_u_b": 2.494
          },
          {
            "mode": 6,
            "affinity": -3.1,
            "rmsd_l_b": 6.934,
            "rmsd_u_b": 8.132
          },
          {
            "mode": 7,
            "affinity": -3.0,
            "rmsd_l_b": 2.49,
            "rmsd_u_b": 5.014
          },
          {
            "mode": 8,
            "affinity": -3.0,
            "rmsd_l_b": 2.341,
            "rmsd_u_b": 3.732
          },
          {
            "mode": 9,
            "affinity": -3.0,
            "rmsd_l_b": 3.419,
            "rmsd_u_b": 5.009
          }
        ]
      },
      {
        "run": 8,
        "seed": 145598,
        "average": {
          "affinity": -3.233,
          "rmsd_l_b": 2.156,
          "rmsd_u_b": 3.016
        },
        "modes": [
          {
            "mode": 1,
            "affinity": -3.4,
            "rmsd_l_b": 0.0,
            "rmsd_u_b": 0.0
          },
          {
            "mode": 2,
            "affinity": -3.4,
            "rmsd_l_b": 0.098,
            "rmsd_u_b": 1.302
          },
          {
            "mode": 3,
            "affinity": -3.4,
            "rmsd_l_b": 3.237,
            "rmsd_u_b": 4.177
          },
          {
            "mode": 4,
            "affinity": -3.3,
            "rmsd_l_b": 1.536,
            "rmsd_u_b": 1.636
          },
          {
            "mode": 5,
            "affinity": -3.2,
            "rmsd_l_b": 1.812,
            "rmsd_u_b": 2.509
          },
          {
            "mode": 6,
            "affinity": -3.2,
            "rmsd_l_b": 1.421,
            "rmsd_u_b": 1.722
          },
          {
            "mode": 7,
            "affinity": -3.1,
            "rmsd_l_b": 7.086,
            "rmsd_u_b": 8.256
          },
          {
            "mode": 8,
            "affinity": -3.1,
            "rmsd_l_b": 1.728,
            "rmsd_u_b": 2.535
          },
          {
            "mode": 9,
            "affinity": -3.0,
            "rmsd_l_b": 2.489,
            "rmsd_u_b": 5.009
          }
        ]
      },
      {
        "run": 9,
        "seed": 229860,
        "average": {
          "affinity": -3.133,
          "rmsd_l_b": 2.449,
          "rmsd_u_b": 3.426
        },
        "modes": [
          {
            "mode": 1,
            "affinity": -3.3,
            "rmsd_l_b": 0.0,
            "rmsd_u_b": 0.0
          },
          {
            "mode": 2,
            "affinity": -3.3,
            "rmsd_l_b": 3.172,
            "rmsd_u_b": 4.149
          },
          {
            "mode": 3,
            "affinity": -3.3,
            "rmsd_l_b": 2.48,
            "rmsd_u_b": 4.207
          },
          {
            "mode": 4,
            "affinity": -3.2,
            "rmsd_l_b": 2.605,
            "rmsd_u_b": 3.459
          },
          {
            "mode": 5,
            "affinity": -3.2,
            "rmsd_l_b": 2.524,
            "rmsd_u_b": 3.435
          },
          {
            "mode": 6,
            "affinity": -3.0,
            "rmsd_l_b": 3.593,
            "rmsd_u_b": 4.441
          },
          {
            "mode": 7,
            "affinity": -3.0,
            "rmsd_l_b": 3.174,
            "rmsd_u_b": 5.735
          },
          {
            "mode": 8,
            "affinity": -3.0,
            "rmsd_l_b": 2.6,
            "rmsd_u_b": 3.351
          },
          {
            "mode": 9,
            "affinity": -2.9,
            "rmsd_l_b": 1.894,
            "rmsd_u_b": 2.053
          }
        ]
      },
      {
        "run": 10,
        "seed": 647966,
        "average": {
          "affinity": -3.156,
          "rmsd_l_b": 3.512,
          "rmsd_u_b": 4.437
        },
        "modes": [
          {
            "mode": 1,
            "affinity": -3.4,
            "rmsd_l_b": 0.0,
            "rmsd_u_b": 0.0
          },
          {
            "mode": 2,
            "affinity": -3.4,
            "rmsd_l_b": 3.205,
            "rmsd_u_b": 4.162
          },
          {
            "mode": 3,
            "affinity": -3.2,
            "rmsd_l_b": 1.674,
            "rmsd_u_b": 2.137
          },
          {
            "mode": 4,
            "affinity": -3.2,
            "rmsd_l_b": 1.803,
            "rmsd_u_b": 2.496
          },
          {
            "mode": 5,
            "affinity": -3.1,
            "rmsd_l_b": 6.802,
            "rmsd_u_b": 8.03
          },
          {
            "mode": 6,
            "affinity": -3.1,
            "rmsd_l_b": 2.484,
            "rmsd_u_b": 4.915
          },
          {
            "mode": 7,
            "affinity": -3.0,
            "rmsd_l_b": 2.338,
            "rmsd_u_b": 2.984
          },
          {
            "mode": 8,
            "affinity": -3.0,
            "rmsd_l_b": 10.968,
            "rmsd_u_b": 11.592
          },
          {
            "mode": 9,
            "affinity": -3.0,
            "rmsd_l_b": 2.336,
            "rmsd_u_b": 3.62
          }
        ]
      },
      {
        "run": 11,
        "seed": 297515,
        "average": {
          "affinity": -3.133,
          "rmsd_l_b": 4.601,
          "rmsd_u_b": 5.697
        },
        "modes": [
          {
            "mode": 1,
            "affinity": -3.3,
            "rmsd_l_b": 0.0,
            "rmsd_u_b": 0.0
          },
          {
            "mode": 2,
            "affinity": -3.3,
            "rmsd_l_b": 3.194,
            "rmsd_u_b": 4.164
          },
          {
            "mode": 3,
            "affinity": -3.3,
            "rmsd_l_b": 3.199,
            "rmsd_u_b": 4.238
          },
          {
            "mode": 4,
            "affinity": -3.3,
            "rmsd_l_b": 2.501,
            "rmsd_u_b": 4.211
          },
          {
            "mode": 5,
            "affinity": -3.1,
            "rmsd_l_b": 2.541,
            "rmsd_u_b": 3.505
          },
          {
            "mode": 6,
            "affinity": -3.0,
            "rmsd_l_b": 3.221,
            "rmsd_u_b": 5.884
          },
          {
            "mode": 7,
            "affinity": -3.0,
            "rmsd_l_b": 12.791,
            "rmsd_u_b": 13.674
          },
          {
            "mode": 8,
            "affinity": -3.0,
            "rmsd_l_b": 2.153,
            "rmsd_u_b": 2.602
          },
          {
            "mode": 9,
            "affinity": -2.9,
            "rmsd_l_b": 11.81,
            "rmsd_u_b": 12.993
          }
        ]
      },
      {
        "run": 12,
        "seed": 216067,
        "average": {
          "affinity": -3.167,
          "rmsd_l_b": 3.509,
          "rmsd_u_b": 4.4
        },
        "modes": [
          {
            "mode": 1,
            "affinity": -3.4,
            "rmsd_l_b": 0.0,
            "rmsd_u_b": 0.0
          },
          {
            "mode": 2,
            "affinity": -3.4,
            "rmsd_l_b": 3.215,
            "rmsd_u_b": 4.165
          },
          {
            "mode": 3,
            "affinity": -3.3,
            "rmsd_l_b": 1.46,
            "rmsd_u_b": 1.53
          },
          {
            "mode": 4,
            "affinity": -3.2,
            "rmsd_l_b": 1.814,
            "rmsd_u_b": 2.567
          },
          {
            "mode": 5,
            "affinity": -3.1,
            "rmsd_l_b": 7.035,
            "rmsd_u_b": 8.208
          },
          {
            "mode": 6,
            "affinity": -3.1,
            "rmsd_l_b": 2.258,
            "rmsd_u_b": 2.908
          },
          {
            "mode": 7,
            "affinity": -3.0,
            "rmsd_l_b": 2.487,
            "rmsd_u_b": 5.002
          },
          {
            "mode": 8,
            "affinity": -3.0,
            "rmsd_l_b": 10.973,
            "rmsd_u_b": 11.6
          },
          {
            "mode": 9,
            "affinity": -3.0,
            "rmsd_l_b": 2.343,
            "rmsd_u_b": 3.622
          }
        ]
      },
      {
        "run": 13,
        "seed": 602775,
        "average": {
          "affinity": -3.167,
          "rmsd_l_b": 2.499,
          "rmsd_u_b": 3.398
        },
        "modes": [
          {
            "mode": 1,
            "affinity": -3.4,
            "rmsd_l_b": 0.0,
            "rmsd_u_b": 0.0
          },
          {
            "mode": 2,
            "affinity": -3.4,
            "rmsd_l_b": 1.506,
            "rmsd_u_b": 1.596
          },
          {
            "mode": 3,
            "affinity": -3.3,
            "rmsd_l_b": 3.236,
            "rmsd_u_b": 4.182
          },
          {
            "mode": 4,
            "affinity": -3.2,
            "rmsd_l_b": 1.81,
            "rmsd_u_b": 2.503
          },
          {
            "mode": 5,
            "affinity": -3.1,
            "rmsd_l_b": 6.795,
            "rmsd_u_b": 8.02
          },
          {
            "mode": 6,
            "affinity": -3.1,
            "rmsd_l_b": 1.809,
            "rmsd_u_b": 2.58
          },
          {
            "mode": 7,
            "affinity": -3.0,
            "rmsd_l_b": 2.492,
            "rmsd_u_b": 5.01
          },
          {
            "mode": 8,
            "affinity": -3.0,
            "rmsd_l_b": 2.337,
            "rmsd_u_b": 3.717
          },
          {
            "mode": 9,
            "affinity": -3.0,
            "rmsd_l_b": 2.507,
            "rmsd_u_b": 2.97
          }
        ]
      },
      {
        "run": 14,
        "seed": 431261,
        "average": {
          "affinity": -3.156,
          "rmsd_l_b": 3.015,
          "rmsd_u_b": 4.08
        },
        "modes": [
          {
            "mode": 1,
            "affinity": -3.3,
            "rmsd_l_b": 0.0,
            "rmsd_u_b": 0.0
          },
          {
            "mode": 2,
            "affinity": -3.3,
            "rmsd_l_b": 3.197,
            "rmsd_u_b": 4.17
          },
          {
            "mode": 3,
            "affinity": -3.3,
            "rmsd_l_b": 2.496,
            "rmsd_u_b": 4.238
          },
          {
            "mode": 4,
            "affinity": -3.2,
            "rmsd_l_b": 2.519,
            "rmsd_u_b": 3.445
          },
          {
            "mode": 5,
            "affinity": -3.2,
            "rmsd_l_b": 2.668,
            "rmsd_u_b": 3.337
          },
          {
            "mode": 6,
            "affinity": -3.1,
            "rmsd_l_b": 7.524,
            "rmsd_u_b": 8.827
          },
          {
            "mode": 7,
            "affinity": -3.0,
            "rmsd_l_b": 3.469,
            "rmsd_u_b": 4.358
          },
          {
            "mode": 8,
            "affinity": -3.0,
            "rmsd_l_b": 3.224,
            "rmsd_u_b": 5.795
          },
          {
            "mode": 9,
            "affinity": -3.0,
            "rmsd_l_b": 2.039,
            "rmsd_u_b": 2.548
          }
        ]
      },
      {
        "run": 15,
        "seed": 315667,
        "average": {
          "affinity": -3.189,
          "rmsd_l_b": 2.427,
          "rmsd_u_b": 3.226
        },
        "modes": [
          {
            "mode": 1,
            "affinity": -3.4,
            "rmsd_l_b": 0.0,
            "rmsd_u_b": 0.0
          },
          {
            "mode": 2,
            "affinity": -3.4,
            "rmsd_l_b": 3.237,
            "rmsd_u_b": 4.176
          },
          {
            "mode": 3,
            "affinity": -3.3,
            "rmsd_l_b": 1.484,
            "rmsd_u_b": 1.566
          },
          {
            "mode": 4,
            "affinity": -3.2,
            "rmsd_l_b": 1.673,
            "rmsd_u_b": 2.04
          },
          {
            "mode": 5,
            "affinity": -3.2,
            "rmsd_l_b": 1.81,
            "rmsd_u_b": 2.503
          },
          {
            "mode": 6,
            "affinity": -3.1,
            "rmsd_l_b": 7.044,
            "rmsd_u_b": 8.216
          },
          {
            "mode": 7,
            "affinity": -3.1,
            "rmsd_l_b": 1.777,
            "rmsd_u_b": 2.567
          },
          {
            "mode": 8,
            "affinity": -3.0,
            "rmsd_l_b": 2.485,
            "rmsd_u_b": 5.004
          },
          {
            "mode": 9,
            "affinity": -3.0,
            "rmsd_l_b": 2.337,
            "rmsd_u_b": 2.958
          }
        ]
      },
      {
        "run": 16,
        "seed": 393249,
        "average": {
          "affinity": -3.144,
          "rmsd_l_b": 2.866,
          "rmsd_u_b": 3.909
        },
        "modes": [
          {
            "mode": 1,
            "affinity": -3.3,
            "rmsd_l_b": 0.0,
            "rmsd_u_b": 0.0
          },
          {
            "mode": 2,
            "affinity": -3.3,
            "rmsd_l_b": 3.196,
            "rmsd_u_b": 4.168
          },
          {
            "mode": 3,
            "affinity": -3.3,
            "rmsd_l_b": 2.499,
            "rmsd_u_b": 4.222
          },
          {
            "mode": 4,
            "affinity": -3.2,
            "rmsd_l_b": 2.59,
            "rmsd_u_b": 3.447
          },
          {
            "mode": 5,
            "affinity": -3.2,
            "rmsd_l_b": 2.524,
            "rmsd_u_b": 3.446
          },
          {
            "mode": 6,
            "affinity": -3.1,
            "rmsd_l_b": 7.58,
            "rmsd_u_b": 8.899
          },
          {
            "mode": 7,
            "affinity": -3.0,
            "rmsd_l_b": 3.243,
            "rmsd_u_b": 5.827
          },
          {
            "mode": 8,
            "affinity": -3.0,
            "rmsd_l_b": 2.013,
            "rmsd_u_b": 2.46
          },
          {
            "mode": 9,
            "affinity": -2.9,
            "rmsd_l_b": 2.148,
            "rmsd_u_b": 2.714
          }
        ]
      },
      {
        "run": 17,
        "seed": 103906,
        "average": {
          "affinity": -3.144,
          "rmsd_l_b": 2.98,
          "rmsd_u_b": 3.727
        },
        "modes": [
          {
            "mode": 1,
            "affinity": -3.3,
            "rmsd_l_b": 0.0,
            "rmsd_u_b": 0.0
          },
          {
            "mode": 2,
            "affinity": -3.3,
            "rmsd_l_b": 3.19,
            "rmsd_u_b": 4.165
          },
          {
            "mode": 3,
            "affinity": -3.3,
            "rmsd_l_b": 3.202,
            "rmsd_u_b": 4.24
          },
          {
            "mode": 4,
            "affinity": -3.2,
            "rmsd_l_b": 2.652,
            "rmsd_u_b": 3.306
          },
          {
            "mode": 5,
            "affinity": -3.1,
            "rmsd_l_b": 2.519,
            "rmsd_u_b": 3.444
          },
          {
            "mode": 6,
            "affinity": -3.1,
            "rmsd_l_b": 7.558,
            "rmsd_u_b": 8.863
          },
          {
            "mode": 7,
            "affinity": -3.0,
            "rmsd_l_b": 1.93,
            "rmsd_u_b": 2.35
          },
          {
            "mode": 8,
            "affinity": -3.0,
            "rmsd_l_b": 3.62,
            "rmsd_u_b": 4.462
          },
          {
            "mode": 9,
            "affinity": -3.0,
            "rmsd_l_b": 2.145,
            "rmsd_u_b": 2.714
          }
        ]
      },
      {
        "run": 18,
        "seed": 383364,
        "average": {
          "affinity": -3.122,
          "rmsd_l_b": 2.871,
          "rmsd_u_b": 3.895
        },
        "modes": [
          {
            "mode": 1,
            "affinity": -3.3,
            "rmsd_l_b": 0.0,
            "rmsd_u_b": 0.0
          },
          {
            "mode": 2,
            "affinity": -3.3,
            "rmsd_l_b": 3.194,
            "rmsd_u_b": 4.158
          },
          {
            "mode": 3,
            "affinity": -3.3,
            "rmsd_l_b": 2.509,
            "rmsd_u_b": 4.219
          },
          {
            "mode": 4,
            "affinity": -3.2,
            "rmsd_l_b": 2.606,
            "rmsd_u_b": 3.465
          },
          {
            "mode": 5,
            "affinity": -3.1,
            "rmsd_l_b": 2.523,
            "rmsd_u_b": 3.441
          },
          {
            "mode": 6,
            "affinity": -3.0,
            "rmsd_l_b": 7.677,
            "rmsd_u_b": 8.892
          },
          {
            "mode": 7,
            "affinity": -3.0,
            "rmsd_l_b": 3.245,
            "rmsd_u_b": 5.84
          },
          {
            "mode": 8,
            "affinity": -3.0,
            "rmsd_l_b": 2.152,
            "rmsd_u_b": 2.602
          },
          {
            "mode": 9,
            "affinity": -2.9,
            "rmsd_l_b": 1.933,
            "rmsd_u_b": 2.44
          }
        ]
      },
      {
        "run": 19,
        "seed": 971706,
        "average": {
          "affinity": -3.111,
          "rmsd_l_b": 3.438,
          "rmsd_u_b": 4.492
        },
        "modes": [
          {
            "mode": 1,
            "affinity": -3.3,
            "rmsd_l_b": 0.0,
            "rmsd_u_b": 0.0
          },
          {
            "mode": 2,
            "affinity": -3.3,
            "rmsd_l_b": 3.176,
            "rmsd_u_b": 4.217
          },
          {
            "mode": 3,
            "affinity": -3.3,
            "rmsd_l_b": 2.463,
            "rmsd_u_b": 4.254
          },
          {
            "mode": 4,
            "affinity": -3.2,
            "rmsd_l_b": 2.508,
            "rmsd_u_b": 3.471
          },
          {
            "mode": 5,
            "affinity": -3.0,
            "rmsd_l_b": 3.19,
            "rmsd_u_b": 5.823
          },
          {
            "mode": 6,
            "affinity": -3.0,
            "rmsd_l_b": 12.718,
            "rmsd_u_b": 13.595
          },
          {
            "mode": 7,
            "affinity": -3.0,
            "rmsd_l_b": 2.128,
            "rmsd_u_b": 2.687
          },
          {
            "mode": 8,
            "affinity": -3.0,
            "rmsd_l_b": 2.019,
            "rmsd_u_b": 2.593
          },
          {
            "mode": 9,
            "affinity": -2.9,
            "rmsd_l_b": 2.739,
            "rmsd_u_b": 3.788
          }
        ]
      },
      {
        "run": 20,
        "seed": 935128,
        "average": {
          "affinity": -3.2,
          "rmsd_l_b": 3.383,
          "rmsd_u_b": 4.182
        },
        "modes": [
          {
            "mode": 1,
            "affinity": -3.4,
            "rmsd_l_b": 0.0,
            "rmsd_u_b": 0.0
          },
          {
            "mode": 2,
            "affinity": -3.4,
            "rmsd_l_b": 3.204,
            "rmsd_u_b": 4.163
          },
          {
            "mode": 3,
            "affinity": -3.3,
            "rmsd_l_b": 1.444,
            "rmsd_u_b": 1.512
          },
          {
            "mode": 4,
            "affinity": -3.2,
            "rmsd_l_b": 1.65,
            "rmsd_u_b": 2.08
          },
          {
            "mode": 5,
            "affinity": -3.2,
            "rmsd_l_b": 1.808,
            "rmsd_u_b": 2.497
          },
          {
            "mode": 6,
            "affinity": -3.1,
            "rmsd_l_b": 1.792,
            "rmsd_u_b": 2.573
          },
          {
            "mode": 7,
            "affinity": -3.1,
            "rmsd_l_b": 7.087,
            "rmsd_u_b": 8.241
          },
          {
            "mode": 8,
            "affinity": -3.1,
            "rmsd_l_b": 2.484,
            "rmsd_u_b": 4.911
          },
          {
            "mode": 9,
            "affinity": -3.0,
            "rmsd_l_b": 10.978,
            "rmsd_u_b": 11.659
          }
        ]
      }
    ]
  }
}