{
  "rmsd": 3.333,
  "rmsd_method": "C-alpha coordinates",
  "rmsd_tool": "BioPython",
  "docking": {
    "average_affinity": -3.757,
    "runs": [
      {
        "run": 1,
        "seed": 846934,
        "average": {
          "affinity": -3.789,
          "rmsd_l_b": 3.369,
          "rmsd_u_b": 6.027
        },
        "modes": [
          {
            "mode": 1,
            "affinity": -4.1,
            "rmsd_l_b": 0.0,
            "rmsd_u_b": 0.0
          },
          {
            "mode": 2,
            "affinity": -4.0,
            "rmsd_l_b": 2.674,
            "rmsd_u_b": 6.016
          },
          {
            "mode": 3,
            "affinity": -4.0,
            "rmsd_l_b": 2.688,
            "rmsd_u_b": 6.134
          },
          {
            "mode": 4,
            "affinity": -3.8,
            "rmsd_l_b": 2.065,
            "rmsd_u_b": 2.668
          },
          {
            "mode": 5,
            "affinity": -3.7,
            "rmsd_l_b": 4.115,
            "rmsd_u_b": 7.961
          },
          {
            "mode": 6,
            "affinity": -3.7,
            "rmsd_l_b": 2.823,
            "rmsd_u_b": 6.363
          },
          {
            "mode": 7,
            "affinity": -3.7,
            "rmsd_l_b": 1.629,
            "rmsd_u_b": 2.357
          },
          {
            "mode": 8,
            "affinity": -3.6,
            "rmsd_l_b": 5.113,
            "rmsd_u_b": 10.478
          },
          {
            "mode": 9,
            "affinity": -3.5,
            "rmsd_l_b": 9.217,
            "rmsd_u_b": 12.268
          }
        ]
      },
      {
        "run": 2,
        "seed": 27035,
        "average": {
          "affinity": -3.767,
          "rmsd_l_b": 3.504,
          "rmsd_u_b": 6.361
        },
        "modes": [
          {
            "mode": 1,
            "affinity": -4.1,
            "rmsd_l_b": 0.0,
            "rmsd_u_b": 0.0
          },
          {
            "mode": 2,
            "affinity": -4.0,
            "rmsd_l_b": 2.686,
            "rmsd_u_b": 6.021
          },
          {
            "mode": 3,
            "affinity": -4.0,
            "rmsd_l_b": 2.693,
            "rmsd_u_b": 6.159
          },
          {
            "mode": 4,
            "affinity": -3.8,
            "rmsd_l_b": 2.651,
            "rmsd_u_b": 6.209
          },
          {
            "mode": 5,
            "affinity": -3.7,
            "rmsd_l_b": 4.18,
            "rmsd_u_b": 8.041
          },
          {
            "mode": 6,
            "affinity": -3.7,
            "rmsd_l_b": 5.006,
            "rmsd_u_b": 10.322
          },
          {
            "mode": 7,
            "affinity": -3.6,
            "rmsd_l_b": 2.871,
            "rmsd_u_b": 7.072
          },
          {
            "mode": 8,
            "affinity": -3.5,
            "rmsd_l_b": 1.789,
            "rmsd_u_b": 2.518
          },
          {
            "mode": 9,
            "affinity": -3.5,
            "rmsd_l_b": 9.656,
            "rmsd_u_b": 10.909
          }
        ]
      },
      {
        "run": 3,
        "seed": 920043,
        "average": {
          "affinity": -3.778,
          "rmsd_l_b": 3.559,
          "rmsd_u_b": 5.94
        },
        "modes": [
          {
            "mode": 1,
            "affinity": -4.2,
            "rmsd_l_b": 0.0,
            "rmsd_u_b": 0.0
          },
          {
            "mode": 2,
            "affinity": -4.0,
            "rmsd_l_b": 2.693,
            "rmsd_u_b": 6.099
          },
          {
            "mode": 3,
            "affinity": -4.0,
            "rmsd_l_b": 2.72,
            "rmsd_u_b": 6.003
          },
          {
            "mode": 4,
            "affinity": -3.9,
            "rmsd_l_b": 1.51,
            "rmsd_u_b": 1.909
          },
          {
            "mode": 5,
            "affinity": -3.8,
            "rmsd_l_b": 4.201,
            "rmsd_u_b": 8.125
          },
          {
            "mode": 6,
            "affinity": -3.7,
            "rmsd_l_b": 1.683,
            "rmsd_u_b": 2.175
          },
          {
            "mode": 7,
            "affinity": -3.6,
            "rmsd_l_b": 5.089,
            "rmsd_u_b": 10.483
          },
          {
            "mode": 8,
            "affinity": -3.4,
            "rmsd_l_b": 9.581,
            "rmsd_u_b": 10.831
          },
          {
            "mode": 9,
            "affinity": -3.4,
            "rmsd_l_b": 4.555,
            "rmsd_u_b": 7.838
          }
        ]
      },
      {
        "run": 4,
        "seed": 129777,
        "average": {
          "affinity": -3.811,
          "rmsd_l_b": 2.429,
          "rmsd_u_b": 4.916
        },
        "modes": [
          {
            "mode": 1,
            "affinity": -4.1,
            "rmsd_l_b": 0.0,
            "rmsd_u_b": 0.0
          },
          {
            "mode": 2,
            "affinity": -4.0,
            "rmsd_l_b": 2.678,
            "rmsd_u_b": 6.052
          },
          {
            "mode": 3,
            "affinity": -4.0,
            "rmsd_l_b": 2.727,
            "rmsd_u_b": 6.13
          },
          {
            "mode": 4,
            "affinity": -3.9,
            "rmsd_l_b": 1.32,
            "rmsd_u_b": 2.136
          },
          {
            "mode": 5,
            "affinity": -3.7,
            "rmsd_l_b": 1.423,
            "rmsd_u_b": 2.053
          },
          {
            "mode": 6,
            "affinity": -3.7,
            "rmsd_l_b": 2.665,
            "rmsd_u_b": 6.83
          },
          {
            "mode": 7,
            "affinity": -3.7,
            "rmsd_l_b": 4.218,
            "rmsd_u_b": 8.0
          },
          {
            "mode": 8,
            "affinity": -3.6,
            "rmsd_l_b": 1.754,
            "rmsd_u_b": 2.658
          },
          {
            "mode": 9,
            "affinity": -3.6,
            "rmsd_l_b": 5.073,
            "rmsd_u_b": 10.388
          }
        ]
      },
      {
        "run": 5,
        "seed": 680868,
        "average": {
          "affinity": -3.756,
          "rmsd_l_b": 2.608,
          "rmsd_u_b": 5.385
        },
        "modes": [
          {
            "mode": 1,
            "affinity": -4.1,
            "rmsd_l_b": 0.0,
            "rmsd_u_b": 0.0
          },
          {
            "mode": 2,
            "affinity": -4.0,
            "rmsd_l_b": 2.688,
            "rmsd_u_b": 6.076
          },
          {
            "mode": 3,
            "affinity": -4.0,
            "rmsd_l_b": 2.682,
            "rmsd_u_b": 6.044
          },
          {
            "mode": 4,
            "affinity": -3.9,
            "rmsd_l_b": 0.917,
            "rmsd_u_b": 1.542
          },
          {
            "mode": 5,
            "affinity": -3.7,
            "rmsd_l_b": 4.195,
            "rmsd_u_b": 8.077
          },
          {
            "mode": 6,
            "affinity": -3.6,
            "rmsd_l_b": 3.205,
            "rmsd_u_b": 6.855
          },
          {
            "mode": 7,
            "affinity": -3.6,
            "rmsd_l_b": 5.076,
            "rmsd_u_b": 10.415
          },
          {
            "mode": 8,
            "affinity": -3.5,
            "rmsd_l_b": 1.738,
            "rmsd_u_b": 2.444
          },
          {
            "mode": 9,
            "affinity": -3.4,
            "rmsd_l_b": 2.974,
            "rmsd_u_b": 7.008
          }
        ]
      },
      {
        "run": 6,
        "seed": 561366,
        "average": {
          "affinity": -3.789,
          "rmsd_l_b": 3.467,
          "rmsd_u_b": 6.076
        },
        "modes": [
          {
            "mode": 1,
            "affinity": -4.2,
            "rmsd_l_b": 0.0,
            "rmsd_u_b": 0.0
          },
          {
            "mode": 2,
            "affinity": -4.1,
            "rmsd_l_b": 1.649,
            "rmsd_u_b": 2.133
          },
          {
            "mode": 3,
            "affinity": -4.0,
            "rmsd_l_b": 2.682,
            "rmsd_u_b": 6.069
          },
          {
            "mode": 4,
            "affinity": -4.0,
            "rmsd_l_b": 2.742,
            "rmsd_u_b": 6.057
          },
          {
            "mode": 5,
            "affinity": -3.7,
            "rmsd_l_b": 2.721,
            "rmsd_u_b": 6.727
          },
          {
            "mode": 6,
            "affinity": -3.6,
            "rmsd_l_b": 1.475,
            "rmsd_u_b": 2.055
          },
          {
            "mode": 7,
            "affinity": -3.6,
            "rmsd_l_b": 5.07,
            "rmsd_u_b": 10.493
          },
          {
            "mode": 8,
            "affinity": -3.5,
            "rmsd_l_b": 5.345,
            "rmsd_u_b": 10.343
          },
          {
            "mode": 9,
            "affinity": -3.4,
            "rmsd_l_b": 9.517,
            "rmsd_u_b": 10.805
          }
        ]
      },
      {
        "run": 7,
        "seed": 384272,
        "average": {
          "affinity": -3.744,
          "rmsd_l_b": 3.279,
          "rmsd_u_b": 5.869
        },
        "modes": [
          {
            "mode": 1,
            "affinity": -4.1,
            "rmsd_l_b": 0.0,
            "rmsd_u_b": 0.0
          },
          {
            "mode": 2,
            "affinity": -4.0,
            "rmsd_l_b": 2.701,
            "rmsd_u_b": 6.051
          },
          {
            "mode": 3,
            "affinity": -4.0,
            "rmsd_l_b": 2.726,
            "rmsd_u_b": 6.128
          },
          {
            "mode": 4,
            "affinity": -3.8,
            "rmsd_l_b": 2.664,
            "rmsd_u_b": 6.357
          },
          {
            "mode": 5,
            "affinity": -3.7,
            "rmsd_l_b": 2.028,
            "rmsd_u_b": 2.636
          },
          {
            "mode": 6,
            "affinity": -3.7,
            "rmsd_l_b": 4.18,
            "rmsd_u_b": 8.065
          },
          {
            "mode": 7,
            "affinity": -3.6,
            "rmsd_l_b": 5.073,
            "rmsd_u_b": 10.419
          },
          {
            "mode": 8,
            "affinity": -3.4,
            "rmsd_l_b": 1.615,
            "rmsd_u_b": 2.102
          },
          {
            "mode": 9,
            "affinity": -3.4,
            "rmsd_l_b": 8.527,
            "rmsd_u_b": 11.06
          }
        ]
      },
      {
        "run": 8,
        "seed": 432342,
        "average": {
          "affinity": -3.711,
          "rmsd_l_b": 3.964,
          "rmsd_u_b": 7.341
        },
        "modes": [
          {
            "mode": 1,
            "affinity": -4.1,
            "rmsd_l_b": 0.0,
            "rmsd_u_b": 0.0
          },
          {
            "mode": 2,
            "affinity": -4.0,
            "rmsd_l_b": 2.683,
            "rmsd_u_b": 6.039
          },
          {
            "mode": 3,
            "affinity": -4.0,
            "rmsd_l_b": 2.723,
            "rmsd_u_b": 6.142
          },
          {
            "mode": 4,
            "affinity": -3.8,
            "rmsd_l_b": 2.827,
            "rmsd_u_b": 6.541
          },
          {
            "mode": 5,
            "affinity": -3.7,
            "rmsd_l_b": 4.107,
            "rmsd_u_b": 7.947
          },
          {
            "mode": 6,
            "affinity": -3.6,
            "rmsd_l_b": 5.094,
            "rmsd_u_b": 10.377
          },
          {
            "mode": 7,
            "affinity": -3.4,
            "rmsd_l_b": 8.554,
            "rmsd_u_b": 11.064
          },
          {
            "mode": 8,
            "affinity": -3.4,
            "rmsd_l_b": 5.267,
            "rmsd_u_b": 10.243
          },
          {
            "mode": 9,
            "affinity": -3.4,
            "rmsd_l_b": 4.417,
            "rmsd_u_b": 7.716
          }
        ]
      },
      {
        "run": 9,
        "seed": 300365,
        "average": {
          "affinity": -3.811,
          "rmsd_l_b": 3.705,
          "rmsd_u_b": 6.663
        },
        "modes": [
          {
            "mode": 1,
            "affinity": -4.1,
            "rmsd_l_b": 0.0,
            "rmsd_u_b": 0.0
          },
          {
            "mode": 2,
            "affinity": -4.1,
            "rmsd_l_b": 1.307,
            "rmsd_u_b": 2.128
          },
          {
            "mode": 3,
            "affinity": -4.0,
            "rmsd_l_b": 2.684,
            "rmsd_u_b": 6.061
          },
          {
            "mode": 4,
            "affinity": -4.0,
            "rmsd_l_b": 2.695,
            "rmsd_u_b": 6.077
          },
          {
            "mode": 5,
            "affinity": -3.9,
            "rmsd_l_b": 2.676,
            "rmsd_u_b": 5.973
          },
          {
            "mode": 6,
            "affinity": -3.7,
            "rmsd_l_b": 4.218,
            "rmsd_u_b": 8.279
          },
          {
            "mode": 7,
            "affinity": -3.6,
            "rmsd_l_b": 5.074,
            "rmsd_u_b": 10.449
          },
          {
            "mode": 8,
            "affinity": -3.5,
            "rmsd_l_b": 5.246,
            "rmsd_u_b": 10.281
          },
          {
            "mode": 9,
            "affinity": -3.4,
            "rmsd_l_b": 9.447,
            "rmsd_u_b": 10.721
          }
        ]
      },
      {
        "run": 10,
        "seed": 884837,
        "average": {
          "affinity": -3.811,
          "rmsd_l_b": 3.487,
          "rmsd_u_b": 5.931
        },
        "modes": [
          {
            "mode": 1,
            "affinity": -4.1,
            "rmsd_l_b": 0.0,
            "rmsd_u_b": 0.0
          },
          {
            "mode": 2,
            "affinity": -4.0,
            "rmsd_l_b": 2.705,
            "rmsd_u_b": 6.014
          },
          {
            "mode": 3,
            "affinity": -4.0,
            "rmsd_l_b": 2.688,
            "rmsd_u_b": 6.062
          },
          {
            "mode": 4,
            "affinity": -4.0,
            "rmsd_l_b": 1.693,
            "rmsd_u_b": 2.16
          },
          {
            "mode": 5,
            "affinity": -3.9,
            "rmsd_l_b": 2.204,
            "rmsd_u_b": 2.867
          },
          {
            "mode": 6,
            "affinity": -3.7,
            "rmsd_l_b": 4.234,
            "rmsd_u_b": 8.27
          },
          {
            "mode": 7,
            "affinity": -3.6,
            "rmsd_l_b": 4.996,
            "rmsd_u_b": 10.352
          },
          {
            "mode": 8,
            "affinity": -3.5,
            "rmsd_l_b": 3.378,
            "rmsd_u_b": 6.881
          },
          {
            "mode": 9,
            "affinity": -3.5,
            "rmsd_l_b": 9.481,
            "rmsd_u_b": 10.775
          }
        ]
      },
      {
        "run": 11,
        "seed": 63025,
        "average": {
          "affinity": -3.778,
          "rmsd_l_b": 2.889,
          "rmsd_u_b": 5.233
        },
        "modes": [
          {
            "mode": 1,
            "affinity": -4.1,
            "rmsd_l_b": 0.0,
            "rmsd_u_b": 0.0
          },
          {
            "mode": 2,
            "affinity": -4.0,
            "rmsd_l_b": 2.741,
            "rmsd_u_b": 6.055
          },
          {
            "mode": 3,
            "affinity": -4.0,
            "rmsd_l_b": 2.703,
            "rmsd_u_b": 6.093
          },
          {
            "mode": 4,
            "affinity": -4.0,
            "rmsd_l_b": 1.259,
            "rmsd_u_b": 1.827
          },
          {
            "mode": 5,
            "affinity": -3.7,
            "rmsd_l_b": 1.115,
            "rmsd_u_b": 1.51
          },
          {
            "mode": 6,
            "affinity": -3.7,
            "rmsd_l_b": 5.077,
            "rmsd_u_b": 10.48
          },
          {
            "mode": 7,
            "affinity": -3.5,
            "rmsd_l_b": 2.803,
            "rmsd_u_b": 6.89
          },
          {
            "mode": 8,
            "affinity": -3.5,
            "rmsd_l_b": 8.506,
            "rmsd_u_b": 11.027
          },
          {
            "mode": 9,
            "affinity": -3.5,
            "rmsd_l_b": 1.799,
            "rmsd_u_b": 3.211
          }
        ]
      },
      {
        "run": 12,
        "seed": 340576,
        "average": {
          "affinity": -3.7,
          "rmsd_l_b": 3.688,
          "rmsd_u_b": 7.042
        },
        "modes": [
          {
            "mode": 1,
            "affinity": -4.1,
            "rmsd_l_b": 0.0,
            "rmsd_u_b": 0.0
          },
          {
            "mode": 2,
            "affinity": -4.0,
            "rmsd_l_b": 2.703,
            "rmsd_u_b": 6.044
          },
          {
            "mode": 3,
            "affinity": -4.0,
            "rmsd_l_b": 2.724,
            "rmsd_u_b": 6.162
          },
          {
            "mode": 4,
            "affinity": -3.7,
            "rmsd_l_b": 2.741,
            "rmsd_u_b": 6.764
          },
          {
            "mode": 5,
            "affinity": -3.6,
            "rmsd_l_b": 3.917,
            "rmsd_u_b": 8.119
          },
          {
            "mode": 6,
            "affinity": -3.6,
            "rmsd_l_b": 5.104,
            "rmsd_u_b": 10.477
          },
          {
            "mode": 7,
            "affinity": -3.5,
            "rmsd_l_b": 3.06,
            "rmsd_u_b": 7.018
          },
          {
            "mode": 8,
            "affinity": -3.4,
            "rmsd_l_b": 8.53,
            "rmsd_u_b": 11.065
          },
          {
            "mode": 9,
            "affinity": -3.4,
            "rmsd_l_b": 4.415,
            "rmsd_u_b": 7.731
          }
        ]
      },
      {
        "run": 13,
        "seed": 749439,
        "average": {
          "affinity": -3.7,
          "rmsd_l_b": 3.609,
          "rmsd_u_b": 5.755
        },
        "modes": [
          {
            "mode": 1,
            "affinity": -4.1,
            "rmsd_l_b": 0.0,
            "rmsd_u_b": 0.0
          },
          {
            "mode": 2,
            "affinity": -4.0,
            "rmsd_l_b": 2.692,
            "rmsd_u_b": 6.05
          },
          {
            "mode": 3,
            "affinity": -3.9,
            "rmsd_l_b": 2.714,
            "rmsd_u_b": 6.107
          },
          {
            "mode": 4,
            "affinity": -3.9,
            "rmsd_l_b": 2.681,
            "rmsd_u_b": 6.074
          },
          {
            "mode": 5,
            "affinity": -3.6,
            "rmsd_l_b": 2.944,
            "rmsd_u_b": 6.482
          },
          {
            "mode": 6,
            "affinity": -3.5,
            "rmsd_l_b": 1.488,
            "rmsd_u_b": 2.071
          },
          {
            "mode": 7,
            "affinity": -3.5,
            "rmsd_l_b": 9.568,
            "rmsd_u_b": 10.863
          },
          {
            "mode": 8,
            "affinity": -3.4,
            "rmsd_l_b": 1.764,
            "rmsd_u_b": 3.051
          },
          {
            "mode": 9,
            "affinity": -3.4,
            "rmsd_l_b": 8.63,
            "rmsd_u_b": 11.094
          }
        ]
      },
      {
        "run": 14,
        "seed": 901593,
        "average": {
          "affinity": -3.744,
          "rmsd_l_b": 3.426,
          "rmsd_u_b": 6.368
        },
        "modes": [
          {
            "mode": 1,
            "affinity": -4.2,
            "rmsd_l_b": 0.0,
            "rmsd_u_b": 0.0
          },
          {
            "mode": 2,
            "affinity": -4.0,
            "rmsd_l_b": 2.676,
            "rmsd_u_b": 6.054
          },
          {
            "mode": 3,
            "affinity": -4.0,
            "rmsd_l_b": 2.712,
            "rmsd_u_b": 6.095
          },
          {
            "mode": 4,
            "affinity": -3.8,
            "rmsd_l_b": 1.31,
            "rmsd_u_b": 1.612
          },
          {
            "mode": 5,
            "affinity": -3.7,
            "rmsd_l_b": 4.235,
            "rmsd_u_b": 8.149
          },
          {
            "mode": 6,
            "affinity": -3.7,
            "rmsd_l_b": 5.102,
            "rmsd_u_b": 10.484
          },
          {
            "mode": 7,
            "affinity": -3.5,
            "rmsd_l_b": 3.399,
            "rmsd_u_b": 6.946
          },
          {
            "mode": 8,
            "affinity": -3.4,
            "rmsd_l_b": 8.473,
            "rmsd_u_b": 10.994
          },
          {
            "mode": 9,
            "affinity": -3.4,
            "rmsd_l_b": 2.924,
            "rmsd_u_b": 6.977
          }
        ]
      },
      {
        "run": 15,
        "seed": 835007,
        "average": {
          "affinity": -3.8,
          "rmsd_l_b": 4.234,
          "rmsd_u_b": 7.052
        },
        "modes": [
          {
            "mode": 1,
            "affinity": -4.1,
            "rmsd_l_b": 0.0,
            "rmsd_u_b": 0.0
          },
          {
            "mode": 2,
            "affinity": -4.1,
            "rmsd_l_b": 1.432,
            "rmsd_u_b": 2.199
          },
          {
            "mode": 3,
            "affinity": -4.0,
            "rmsd_l_b": 2.701,
            "rmsd_u_b": 6.065
          },
          {
            "mode": 4,
            "affinity": -4.0,
            "rmsd_l_b": 2.716,
            "rmsd_u_b": 6.174
          },
          {
            "mode": 5,
            "affinity": -3.7,
            "rmsd_l_b": 4.2,
            "rmsd_u_b": 8.04
          },
          {
            "mode": 6,
            "affinity": -3.7,
            "rmsd_l_b": 2.853,
            "rmsd_u_b": 6.658
          },
          {
            "mode": 7,
            "affinity": -3.7,
            "rmsd_l_b": 5.083,
            "rmsd_u_b": 10.371
          },
          {
            "mode": 8,
            "affinity": -3.5,
            "rmsd_l_b": 8.639,
            "rmsd_u_b": 11.137
          },
          {
            "mode": 9,
            "affinity": -3.4,
            "rmsd_l_b": 10.482,
            "rmsd_u_b": 12.828
          }
        ]
      },
      {
        "run": 16,
        "seed": 554108,
        "average": {
          "affinity": -3.689,
          "rmsd_l_b": 4.624,
          "rmsd_u_b": 7.806
        },
        "modes": [
          {
            "mode": 1,
            "affinity": -4.1,
            "rmsd_l_b": 0.0,
            "rmsd_u_b": 0.0
          },
          {
            "mode": 2,
            "affinity": -4.0,
            "rmsd_l_b": 2.697,
            "rmsd_u_b": 6.104
          },
          {
            "mode": 3,
            "affinity": -4.0,
            "rmsd_l_b": 2.701,
            "rmsd_u_b": 5.963
          },
          {
            "mode": 4,
            "affinity": -3.8,
            "rmsd_l_b": 2.764,
            "rmsd_u_b": 6.209
          },
          {
            "mode": 5,
            "affinity": -3.6,
            "rmsd_l_b": 5.03,
            "rmsd_u_b": 10.233
          },
          {
            "mode": 6,
            "affinity": -3.5,
            "rmsd_l_b": 8.478,
            "rmsd_u_b": 10.993
          },
          {
            "mode": 7,
            "affinity": -3.4,
            "rmsd_l_b": 4.444,
            "rmsd_u_b": 7.688
          },
          {
            "mode": 8,
            "affinity": -3.4,
            "rmsd_l_b": 5.079,
            "rmsd_u_b": 10.305
          },
          {
            "mode": 9,
            "affinity": -3.4,
            "rmsd_l_b": 10.422,
            "rmsd_u_b": 12.756
          }
        ]
      },
      {
        "run": 17,
        "seed": 94695,
        "average": {
          "affinity": -3.733,
          "rmsd_l_b": 3.377,
          "rmsd_u_b": 5.922
        },
        "modes": [
          {
            "mode": 1,
            "affinity": -4.1,
            "rmsd_l_b": 0.0,
            "rmsd_u_b": 0.0
          },
          {
            "mode": 2,
            "affinity": -4.0,
            "rmsd_l_b": 2.692,
            "rmsd_u_b": 6.04
          },
          {
            "mode": 3,
            "affinity": -4.0,
            "rmsd_l_b": 2.688,
            "rmsd_u_b": 6.093
          },
          {
            "mode": 4,
            "affinity": -3.7,
            "rmsd_l_b": 4.184,
            "rmsd_u_b": 7.99
          },
          {
            "mode": 5,
            "affinity": -3.7,
            "rmsd_l_b": 1.538,
            "rmsd_u_b": 1.939
          },
          {
            "mode": 6,
            "affinity": -3.7,
            "rmsd_l_b": 2.848,
            "rmsd_u_b": 6.825
          },
          {
            "mode": 7,
            "affinity": -3.5,
            "rmsd_l_b": 5.083,
            "rmsd_u_b": 10.496
          },
          {
            "mode": 8,
            "affinity": -3.5,
            "rmsd_l_b": 1.796,
            "rmsd_u_b": 3.041
          },
          {
            "mode": 9,
            "affinity": -3.4,
            "rmsd_l_b": 9.562,
            "rmsd_u_b": 10.876
          }
        ]
      },
      {
        "run": 18,
        "seed": 684040,
        "average": {
          "affinity": -3.767,
          "rmsd_l_b": 3.427,
          "rmsd_u_b": 6.362
        },
        "modes": [
          {
            "mode": 1,
            "affinity": -4.2,
            "rmsd_l_b": 0.0,
            "rmsd_u_b": 0.0
          },
          {
            "mode": 2,
            "affinity": -4.1,
            "rmsd_l_b": 1.611,
            "rmsd_u_b": 2.203
          },
          {
            "mode": 3,
            "affinity": -4.0,
            "rmsd_l_b": 2.709,
            "rmsd_u_b": 6.06
          },
          {
            "mode": 4,
            "affinity": -4.0,
            "rmsd_l_b": 2.728,
            "rmsd_u_b": 6.136
          },
          {
            "mode": 5,
            "affinity": -3.7,
            "rmsd_l_b": 2.686,
            "rmsd_u_b": 6.741
          },
          {
            "mode": 6,
            "affinity": -3.7,
            "rmsd_l_b": 5.13,
            "rmsd_u_b": 10.496
          },
          {
            "mode": 7,
            "affinity": -3.4,
            "rmsd_l_b": 8.566,
            "rmsd_u_b": 11.066
          },
          {
            "mode": 8,
            "affinity": -3.4,
            "rmsd_l_b": 2.981,
            "rmsd_u_b": 6.904
          },
          {
            "mode": 9,
            "affinity": -3.4,
            "rmsd_l_b": 4.432,
            "rmsd_u_b": 7.653
          }
        ]
      },
      {
        "run": 19,
        "seed": 287670,
        "average": {
          "affinity": -3.722,
          "rmsd_l_b": 4.392,
          "rmsd_u_b": 7.481
        },
        "modes": [
          {
            "mode": 1,
            "affinity": -4.2,
            "rmsd_l_b": 0.0,
            "rmsd_u_b": 0.0
          },
          {
            "mode": 2,
            "affinity": -4.0,
            "rmsd_l_b": 2.679,
            "rmsd_u_b": 6.036
          },
          {
            "mode": 3,
            "affinity": -3.9,
            "rmsd_l_b": 2.766,
            "rmsd_u_b": 6.077
          },
          {
            "mode": 4,
            "affinity": -3.7,
            "rmsd_l_b": 4.195,
            "rmsd_u_b": 8.099
          },
          {
            "mode": 5,
            "affinity": -3.6,
            "rmsd_l_b": 5.09,
            "rmsd_u_b": 10.453
          },
          {
            "mode": 6,
            "affinity": -3.6,
            "rmsd_l_b": 2.823,
            "rmsd_u_b": 6.793
          },
          {
            "mode": 7,
            "affinity": -3.5,
            "rmsd_l_b": 3.32,
            "rmsd_u_b": 6.916
          },
          {
            "mode": 8,
            "affinity": -3.5,
            "rmsd_l_b": 9.1,
            "rmsd_u_b": 12.16
          },
          {
            "mode": 9,
            "affinity": -3.5,
            "rmsd_l_b": 9.558,
            "rmsd_u_b": 10.795
          }
        ]
      },
      {
        "run": 20,
        "seed": 823913,
        "average": {
          "affinity": -3.733,
          "rmsd_l_b": 3.285,
          "rmsd_u_b": 5.987
        },
        "modes": [
          {
            "mode": 1,
            "affinity": -4.1,
            "rmsd_l_b": 0.0,
            "rmsd_u_b": 0.0
          },
          {
            "mode": 2,
            "affinity": -4.0,
            "rmsd_l_b": 2.696,
            "rmsd_u_b": 6.085
          },
          {
            "mode": 3,
            "affinity": -4.0,
            "rmsd_l_b": 2.735,
            "rmsd_u_b": 6.03
          },
          {
            "mode": 4,
            "affinity": -3.8,
            "rmsd_l_b": 1.288,
            "rmsd_u_b": 1.937
          },
          {
            "mode": 5,
            "affinity": -3.7,
            "rmsd_l_b": 2.675,
            "rmsd_u_b": 6.625
          },
          {
            "mode": 6,
            "affinity": -3.6,
            "rmsd_l_b": 3.938,
            "rmsd_u_b": 8.229
          },
          {
            "mode": 7,
            "affinity": -3.5,
            "rmsd_l_b": 5.099,
            "rmsd_u_b": 10.496
          },
          {
            "mode": 8,
            "affinity": -3.5,
            "rmsd_l_b": 8.529,
            "rmsd_u_b": 11.047
          },
          {
            "mode": 9,
            "affinity": -3.4,
            "rmsd_l_b": 2.602,
            "rmsd_u_b": 3.436
          }
        ]
      }
    ]
  }
}