{
  "rmsd": 3.387,
  "rmsd_method": "C-alpha coordinates",
  "rmsd_tool": "BioPython",
  "docking": {
    "average_affinity": -4.763,
    "runs": [
      {
        "run": 1,
        "seed": 524779,
        "average": {
          "affinity": -4.689,
          "rmsd_l_b": 3.57,
          "rmsd_u_b": 5.511
        },
        "modes": [
          {
            "mode": 1,
            "affinity": -5.1,
            "rmsd_l_b": 0.0,
            "rmsd_u_b": 0.0
          },
          {
            "mode": 2,
            "affinity": -5.1,
            "rmsd_l_b": 1.558,
            "rmsd_u_b": 1.75
          },
          {
            "mode": 3,
            "affinity": -5.0,
            "rmsd_l_b": 1.785,
            "rmsd_u_b": 2.132
          },
          {
            "mode": 4,
            "affinity": -4.7,
            "rmsd_l_b": 2.48,
            "rmsd_u_b": 3.152
          },
          {
            "mode": 5,
            "affinity": -4.5,
            "rmsd_l_b": 5.103,
            "rmsd_u_b": 9.044
          },
          {
            "mode": 6,
            "affinity": -4.5,
            "rmsd_l_b": 7.19,
            "rmsd_u_b": 10.952
          },
          {
            "mode": 7,
            "affinity": -4.5,
            "rmsd_l_b": 1.998,
            "rmsd_u_b": 2.386
          },
          {
            "mode": 8,
            "affinity": -4.4,
            "rmsd_l_b": 4.892,
            "rmsd_u_b": 9.377
          },
          {
            "mode": 9,
            "affinity": -4.4,
            "rmsd_l_b": 7.122,
            "rmsd_u_b": 10.802
          }
        ]
      },
      {
        "run": 2,
        "seed": 667485,
        "average": {
          "affinity": -4.789,
          "rmsd_l_b": 3.293,
          "rmsd_u_b": 4.879
        },
        "modes": [
          {
            "mode": 1,
            "affinity": -5.2,
            "rmsd_l_b": 0.0,
            "rmsd_u_b": 0.0
          },
          {
            "mode": 2,
            "affinity": -5.0,
            "rmsd_l_b": 1.59,
            "rmsd_u_b": 1.784
          },
          {
            "mode": 3,
            "affinity": -5.0,
            "rmsd_l_b": 1.508,
            "rmsd_u_b": 2.017
          },
          {
            "mode": 4,
            "affinity": -5.0,
            "rmsd_l_b": 2.21,
            "rmsd_u_b": 2.879
          },
          {
            "mode": 5,
            "affinity": -4.9,
            "rmsd_l_b": 2.223,
            "rmsd_u_b": 2.843
          },
          {
            "mode": 6,
            "affinity": -4.6,
            "rmsd_l_b": 5.126,
            "rmsd_u_b": 9.043
          },
          {
            "mode": 7,
            "affinity": -4.6,
            "rmsd_l_b": 2.725,
            "rmsd_u_b": 3.644
          },
          {
            "mode": 8,
            "affinity": -4.4,
            "rmsd_l_b": 7.114,
            "rmsd_u_b": 10.774
          },
          {
            "mode": 9,
            "affinity": -4.4,
            "rmsd_l_b": 7.141,
            "rmsd_u_b": 10.925
          }
        ]
      },
      {
        "run": 3,
        "seed": 288340,
        "average": {
          "affinity": -4.722,
          "rmsd_l_b": 3.497,
          "rmsd_u_b": 5.488
        },
        "modes": [
          {
            "mode": 1,
            "affinity": -5.2,
            "rmsd_l_b": 0.0,
            "rmsd_u_b": 0.0
          },
          {
            "mode": 2,
            "affinity": -5.1,
            "rmsd_l_b": 1.669,
            "rmsd_u_b": 1.846
          },
          {
            "mode": 3,
            "affinity": -4.9,
            "rmsd_l_b": 1.638,
            "rmsd_u_b": 2.104
          },
          {
            "mode": 4,
            "affinity": -4.7,
            "rmsd_l_b": 2.134,
            "rmsd_u_b": 2.774
          },
          {
            "mode": 5,
            "affinity": -4.6,
            "rmsd_l_b": 5.085,
            "rmsd_u_b": 8.999
          },
          {
            "mode": 6,
            "affinity": -4.5,
            "rmsd_l_b": 1.988,
            "rmsd_u_b": 2.721
          },
          {
            "mode": 7,
            "affinity": -4.5,
            "rmsd_l_b": 7.107,
            "rmsd_u_b": 10.776
          },
          {
            "mode": 8,
            "affinity": -4.5,
            "rmsd_l_b": 6.984,
            "rmsd_u_b": 10.8
          },
          {
            "mode": 9,
            "affinity": -4.5,
            "rmsd_l_b": 4.866,
            "rmsd_u_b": 9.368
          }
        ]
      },
      {
        "run": 4,
        "seed": 569987,
        "average": {
          "affinity": -4.822,
          "rmsd_l_b": 2.809,
          "rmsd_u_b": 4.049
        },
        "modes": [
          {
            "mode": 1,
            "affinity": -5.2,
            "rmsd_l_b": 0.0,
            "rmsd_u_b": 0.0
          },
          {
            "mode": 2,
            "affinity": -5.0,
            "rmsd_l_b": 2.027,
            "rmsd_u_b": 2.603
          },
          {
            "mode": 3,
            "affinity": -5.0,
            "rmsd_l_b": 1.506,
            "rmsd_u_b": 1.676
          },
          {
            "mode": 4,
            "affinity": -4.9,
            "rmsd_l_b": 1.521,
            "rmsd_u_b": 1.991
          },
          {
            "mode": 5,
            "affinity": -4.8,
            "rmsd_l_b": 2.882,
            "rmsd_u_b": 3.768
          },
          {
            "mode": 6,
            "affinity": -4.7,
            "rmsd_l_b": 2.083,
            "rmsd_u_b": 2.564
          },
          {
            "mode": 7,
            "affinity": -4.6,
            "rmsd_l_b": 5.101,
            "rmsd_u_b": 8.95
          },
          {
            "mode": 8,
            "affinity": -4.6,
            "rmsd_l_b": 3.07,
            "rmsd_u_b": 4.003
          },
          {
            "mode": 9,
            "affinity": -4.6,
            "rmsd_l_b": 7.093,
            "rmsd_u_b": 10.885
          }
        ]
      },
      {
        "run": 5,
        "seed": 150292,
        "average": {
          "affinity": -4.767,
          "rmsd_l_b": 3.109,
          "rmsd_u_b": 4.574
        },
        "modes": [
          {
            "mode": 1,
            "affinity": -5.2,
            "rmsd_l_b": 0.0,
            "rmsd_u_b": 0.0
          },
          {
            "mode": 2,
            "affinity": -5.0,
            "rmsd_l_b": 1.632,
            "rmsd_u_b": 1.819
          },
          {
            "mode": 3,
            "affinity": -4.9,
            "rmsd_l_b": 1.461,
            "rmsd_u_b": 1.886
          },
          {
            "mode": 4,
            "affinity": -4.9,
            "rmsd_l_b": 2.267,
            "rmsd_u_b": 2.976
          },
          {
            "mode": 5,
            "affinity": -4.9,
            "rmsd_l_b": 1.637,
            "rmsd_u_b": 1.897
          },
          {
            "mode": 6,
            "affinity": -4.7,
            "rmsd_l_b": 1.699,
            "rmsd_u_b": 1.887
          },
          {
            "mode": 7,
            "affinity": -4.5,
            "rmsd_l_b": 5.139,
            "rmsd_u_b": 9.058
          },
          {
            "mode": 8,
            "affinity": -4.4,
            "rmsd_l_b": 7.036,
            "rmsd_u_b": 10.893
          },
          {
            "mode": 9,
            "affinity": -4.4,
            "rmsd_l_b": 7.11,
            "rmsd_u_b": 10.752
          }
        ]
      },
      {
        "run": 6,
        "seed": 159404,
        "average": {
          "affinity": -4.744,
          "rmsd_l_b": 3.354,
          "rmsd_u_b": 4.827
        },
        "modes": [
          {
            "mode": 1,
            "affinity": -5.2,
            "rmsd_l_b": 0.0,
            "rmsd_u_b": 0.0
          },
          {
            "mode": 2,
            "affinity": -5.0,
            "rmsd_l_b": 1.953,
            "rmsd_u_b": 2.452
          },
          {
            "mode": 3,
            "affinity": -5.0,
            "rmsd_l_b": 1.782,
            "rmsd_u_b": 2.112
          },
          {
            "mode": 4,
            "affinity": -4.9,
            "rmsd_l_b": 1.568,
            "rmsd_u_b": 2.044
          },
          {
            "mode": 5,
            "affinity": -4.6,
            "rmsd_l_b": 2.949,
            "rmsd_u_b": 3.899
          },
          {
            "mode": 6,
            "affinity": -4.6,
            "rmsd_l_b": 7.014,
            "rmsd_u_b": 10.839
          },
          {
            "mode": 7,
            "affinity": -4.5,
            "rmsd_l_b": 5.104,
            "rmsd_u_b": 8.999
          },
          {
            "mode": 8,
            "affinity": -4.5,
            "rmsd_l_b": 4.11,
            "rmsd_u_b": 5.928
          },
          {
            "mode": 9,
            "affinity": -4.4,
            "rmsd_l_b": 5.706,
            "rmsd_u_b": 7.167
          }
        ]
      },
      {
        "run": 7,
        "seed": 153997,
        "average": {
          "affinity": -4.778,
          "rmsd_l_b": 3.701,
          "rmsd_u_b": 5.614
        },
        "modes": [
          {
            "mode": 1,
            "affinity": -5.2,
            "rmsd_l_b": 0.0,
            "rmsd_u_b": 0.0
          },
          {
            "mode": 2,
            "affinity": -5.0,
            "rmsd_l_b": 1.921,
            "rmsd_u_b": 2.41
          },
          {
            "mode": 3,
            "affinity": -5.0,
            "rmsd_l_b": 2.407,
            "rmsd_u_b": 3.042
          },
          {
            "mode": 4,
            "affinity": -5.0,
            "rmsd_l_b": 1.617,
            "rmsd_u_b": 1.787
          },
          {
            "mode": 5,
            "affinity": -5.0,
            "rmsd_l_b": 1.249,
            "rmsd_u_b": 1.712
          },
          {
            "mode": 6,
            "affinity": -4.5,
            "rmsd_l_b": 5.048,
            "rmsd_u_b": 9.012
          },
          {
            "mode": 7,
            "affinity": -4.5,
            "rmsd_l_b": 7.138,
            "rmsd_u_b": 10.888
          },
          {
            "mode": 8,
            "affinity": -4.4,
            "rmsd_l_b": 7.071,
            "rmsd_u_b": 10.779
          },
          {
            "mode": 9,
            "affinity": -4.4,
            "rmsd_l_b": 6.858,
            "rmsd_u_b": 10.896
          }
        ]
      },
      {
        "run": 8,
        "seed": 899307,
        "average": {
          "affinity": -4.8,
          "rmsd_l_b": 2.699,
          "rmsd_u_b": 3.86
        },
        "modes": [
          {
            "mode": 1,
            "affinity": -5.2,
            "rmsd_l_b": 0.0,
            "rmsd_u_b": 0.0
          },
          {
            "mode": 2,
            "affinity": -5.1,
            "rmsd_l_b": 2.221,
            "rmsd_u_b": 2.811
          },
          {
            "mode": 3,
            "affinity": -5.0,
            "rmsd_l_b": 1.971,
            "rmsd_u_b": 2.444
          },
          {
            "mode": 4,
            "affinity": -5.0,
            "rmsd_l_b": 1.648,
            "rmsd_u_b": 1.844
          },
          {
            "mode": 5,
            "affinity": -4.8,
            "rmsd_l_b": 1.518,
            "rmsd_u_b": 1.938
          },
          {
            "mode": 6,
            "affinity": -4.7,
            "rmsd_l_b": 1.745,
            "rmsd_u_b": 2.056
          },
          {
            "mode": 7,
            "affinity": -4.5,
            "rmsd_l_b": 2.986,
            "rmsd_u_b": 3.807
          },
          {
            "mode": 8,
            "affinity": -4.5,
            "rmsd_l_b": 5.107,
            "rmsd_u_b": 9.047
          },
          {
            "mode": 9,
            "affinity": -4.4,
            "rmsd_l_b": 7.098,
            "rmsd_u_b": 10.791
          }
        ]
      },
      {
        "run": 9,
        "seed": 348032,
        "average": {
          "affinity": -4.733,
          "rmsd_l_b": 3.298,
          "rmsd_u_b": 5.509
        },
        "modes": [
          {
            "mode": 1,
            "affinity": -5.2,
            "rmsd_l_b": 0.0,
            "rmsd_u_b": 0.0
          },
          {
            "mode": 2,
            "affinity": -5.0,
            "rmsd_l_b": 1.52,
            "rmsd_u_b": 1.901
          },
          {
            "mode": 3,
            "affinity": -5.0,
            "rmsd_l_b": 1.436,
            "rmsd_u_b": 1.594
          },
          {
            "mode": 4,
            "affinity": -4.9,
            "rmsd_l_b": 2.852,
            "rmsd_u_b": 3.705
          },
          {
            "mode": 5,
            "affinity": -4.7,
            "rmsd_l_b": 2.358,
            "rmsd_u_b": 3.107
          },
          {
            "mode": 6,
            "affinity": -4.5,
            "rmsd_l_b": 5.084,
            "rmsd_u_b": 8.984
          },
          {
            "mode": 7,
            "affinity": -4.5,
            "rmsd_l_b": 7.061,
            "rmsd_u_b": 10.741
          },
          {
            "mode": 8,
            "affinity": -4.4,
            "rmsd_l_b": 4.523,
            "rmsd_u_b": 10.062
          },
          {
            "mode": 9,
            "affinity": -4.4,
            "rmsd_l_b": 4.846,
            "rmsd_u_b": 9.491
          }
        ]
      },
      {
        "run": 10,
        "seed": 293676,
        "average": {
          "affinity": -4.744,
          "rmsd_l_b": 3.971,
          "rmsd_u_b": 6.371
        },
        "modes": [
          {
            "mode": 1,
            "affinity": -5.2,
            "rmsd_l_b": 0.0,
            "rmsd_u_b": 0.0
          },
          {
            "mode": 2,
            "affinity": -5.1,
            "rmsd_l_b": 1.409,
            "rmsd_u_b": 1.568
          },
          {
            "mode": 3,
            "affinity": -5.1,
            "rmsd_l_b": 2.1,
            "rmsd_u_b": 2.792
          },
          {
            "mode": 4,
            "affinity": -4.8,
            "rmsd_l_b": 1.959,
            "rmsd_u_b": 2.323
          },
          {
            "mode": 5,
            "affinity": -4.6,
            "rmsd_l_b": 5.022,
            "rmsd_u_b": 8.917
          },
          {
            "mode": 6,
            "affinity": -4.5,
            "rmsd_l_b": 6.99,
            "rmsd_u_b": 10.788
          },
          {
            "mode": 7,
            "affinity": -4.5,
            "rmsd_l_b": 4.755,
            "rmsd_u_b": 9.413
          },
          {
            "mode": 8,
            "affinity": -4.5,
            "rmsd_l_b": 6.838,
            "rmsd_u_b": 10.731
          },
          {
            "mode": 9,
            "affinity": -4.4,
            "rmsd_l_b": 6.669,
            "rmsd_u_b": 10.811
          }
        ]
      },
      {
        "run": 11,
        "seed": 946263,
        "average": {
          "affinity": -4.711,
          "rmsd_l_b": 3.039,
          "rmsd_u_b": 4.879
        },
        "modes": [
          {
            "mode": 1,
            "affinity": -5.2,
            "rmsd_l_b": 0.0,
            "rmsd_u_b": 0.0
          },
          {
            "mode": 2,
            "affinity": -5.0,
            "rmsd_l_b": 1.62,
            "rmsd_u_b": 1.801
          },
          {
            "mode": 3,
            "affinity": -5.0,
            "rmsd_l_b": 1.675,
            "rmsd_u_b": 1.914
          },
          {
            "mode": 4,
            "affinity": -4.7,
            "rmsd_l_b": 1.922,
            "rmsd_u_b": 2.271
          },
          {
            "mode": 5,
            "affinity": -4.6,
            "rmsd_l_b": 3.027,
            "rmsd_u_b": 3.937
          },
          {
            "mode": 6,
            "affinity": -4.6,
            "rmsd_l_b": 5.039,
            "rmsd_u_b": 9.038
          },
          {
            "mode": 7,
            "affinity": -4.5,
            "rmsd_l_b": 3.982,
            "rmsd_u_b": 9.989
          },
          {
            "mode": 8,
            "affinity": -4.4,
            "rmsd_l_b": 7.071,
            "rmsd_u_b": 10.805
          },
          {
            "mode": 9,
            "affinity": -4.4,
            "rmsd_l_b": 3.015,
            "rmsd_u_b": 4.153
          }
        ]
      },
      {
        "run": 12,
        "seed": 734304,
        "average": {
          "affinity": -4.811,
          "rmsd_l_b": 3.084,
          "rmsd_u_b": 5.027
        },
        "modes": [
          {
            "mode": 1,
            "affinity": -5.2,
            "rmsd_l_b": 0.0,
            "rmsd_u_b": 0.0
          },
          {
            "mode": 2,
            "affinity": -5.0,
            "rmsd_l_b": 1.61,
            "rmsd_u_b": 1.797
          },
          {
            "mode": 3,
            "affinity": -5.0,
            "rmsd_l_b": 2.345,
            "rmsd_u_b": 3.009
          },
          {
            "mode": 4,
            "affinity": -5.0,
            "rmsd_l_b": 1.258,
            "rmsd_u_b": 1.717
          },
          {
            "mode": 5,
            "affinity": -4.8,
            "rmsd_l_b": 2.227,
            "rmsd_u_b": 2.787
          },
          {
            "mode": 6,
            "affinity": -4.7,
            "rmsd_l_b": 4.398,
            "rmsd_u_b": 6.209
          },
          {
            "mode": 7,
            "affinity": -4.6,
            "rmsd_l_b": 5.126,
            "rmsd_u_b": 9.021
          },
          {
            "mode": 8,
            "affinity": -4.5,
            "rmsd_l_b": 7.002,
            "rmsd_u_b": 10.856
          },
          {
            "mode": 9,
            "affinity": -4.5,
            "rmsd_l_b": 3.793,
            "rmsd_u_b": 9.843
          }
        ]
      },
      {
        "run": 13,
        "seed": 889955,
        "average": {
          "affinity": -4.789,
          "rmsd_l_b": 2.564,
          "rmsd_u_b": 4.126
        },
        "modes": [
          {
            "mode": 1,
            "affinity": -5.2,
            "rmsd_l_b": 0.0,
            "rmsd_u_b": 0.0
          },
          {
            "mode": 2,
            "affinity": -5.0,
            "rmsd_l_b": 1.692,
            "rmsd_u_b": 1.874
          },
          {
            "mode": 3,
            "affinity": -5.0,
            "rmsd_l_b": 0.941,
            "rmsd_u_b": 1.265
          },
          {
            "mode": 4,
            "affinity": -5.0,
            "rmsd_l_b": 2.154,
            "rmsd_u_b": 2.634
          },
          {
            "mode": 5,
            "affinity": -4.8,
            "rmsd_l_b": 1.671,
            "rmsd_u_b": 1.964
          },
          {
            "mode": 6,
            "affinity": -4.6,
            "rmsd_l_b": 5.12,
            "rmsd_u_b": 9.045
          },
          {
            "mode": 7,
            "affinity": -4.5,
            "rmsd_l_b": 3.31,
            "rmsd_u_b": 4.43
          },
          {
            "mode": 8,
            "affinity": -4.5,
            "rmsd_l_b": 4.005,
            "rmsd_u_b": 9.992
          },
          {
            "mode": 9,
            "affinity": -4.5,
            "rmsd_l_b": 4.185,
            "rmsd_u_b": 5.926
          }
        ]
      },
      {
        "run": 14,
        "seed": 939207,
        "average": {
          "affinity": -4.778,
          "rmsd_l_b": 2.954,
          "rmsd_u_b": 4.8
        },
        "modes": [
          {
            "mode": 1,
            "affinity": -5.2,
            "rmsd_l_b": 0.0,
            "rmsd_u_b": 0.0
          },
          {
            "mode": 2,
            "affinity": -5.1,
            "rmsd_l_b": 1.595,
            "rmsd_u_b": 1.782
          },
          {
            "mode": 3,
            "affinity": -5.0,
            "rmsd_l_b": 1.134,
            "rmsd_u_b": 1.493
          },
          {
            "mode": 4,
            "affinity": -4.8,
            "rmsd_l_b": 2.127,
            "rmsd_u_b": 2.886
          },
          {
            "mode": 5,
            "affinity": -4.6,
            "rmsd_l_b": 2.768,
            "rmsd_u_b": 3.452
          },
          {
            "mode": 6,
            "affinity": -4.6,
            "rmsd_l_b": 5.043,
            "rmsd_u_b": 8.932
          },
          {
            "mode": 7,
            "affinity": -4.6,
            "rmsd_l_b": 6.971,
            "rmsd_u_b": 10.743
          },
          {
            "mode": 8,
            "affinity": -4.6,
            "rmsd_l_b": 3.005,
            "rmsd_u_b": 4.029
          },
          {
            "mode": 9,
            "affinity": -4.5,
            "rmsd_l_b": 3.939,
            "rmsd_u_b": 9.884
          }
        ]
      },
      {
        "run": 15,
        "seed": 742544,
        "average": {
          "affinity": -4.811,
          "rmsd_l_b": 2.887,
          "rmsd_u_b": 4.614
        },
        "modes": [
          {
            "mode": 1,
            "affinity": -5.2,
            "rmsd_l_b": 0.0,
            "rmsd_u_b": 0.0
          },
          {
            "mode": 2,
            "affinity": -5.1,
            "rmsd_l_b": 1.757,
            "rmsd_u_b": 1.962
          },
          {
            "mode": 3,
            "affinity": -5.0,
            "rmsd_l_b": 1.377,
            "rmsd_u_b": 1.814
          },
          {
            "mode": 4,
            "affinity": -5.0,
            "rmsd_l_b": 2.315,
            "rmsd_u_b": 2.795
          },
          {
            "mode": 5,
            "affinity": -4.7,
            "rmsd_l_b": 2.217,
            "rmsd_u_b": 2.823
          },
          {
            "mode": 6,
            "affinity": -4.7,
            "rmsd_l_b": 1.579,
            "rmsd_u_b": 2.02
          },
          {
            "mode": 7,
            "affinity": -4.6,
            "rmsd_l_b": 5.168,
            "rmsd_u_b": 9.118
          },
          {
            "mode": 8,
            "affinity": -4.5,
            "rmsd_l_b": 4.338,
            "rmsd_u_b": 10.028
          },
          {
            "mode": 9,
            "affinity": -4.5,
            "rmsd_l_b": 7.235,
            "rmsd_u_b": 10.965
          }
        ]
      },
      {
        "run": 16,
        "seed": 40962,
        "average": {
          "affinity": -4.756,
          "rmsd_l_b": 3.36,
          "rmsd_u_b": 5.252
        },
        "modes": [
          {
            "mode": 1,
            "affinity": -5.2,
            "rmsd_l_b": 0.0,
            "rmsd_u_b": 0.0
          },
          {
            "mode": 2,
            "affinity": -5.0,
            "rmsd_l_b": 1.617,
            "rmsd_u_b": 1.802
          },
          {
            "mode": 3,
            "affinity": -5.0,
            "rmsd_l_b": 2.086,
            "rmsd_u_b": 2.66
          },
          {
            "mode": 4,
            "affinity": -4.8,
            "rmsd_l_b": 1.998,
            "rmsd_u_b": 2.5
          },
          {
            "mode": 5,
            "affinity": -4.7,
            "rmsd_l_b": 2.415,
            "rmsd_u_b": 3.123
          },
          {
            "mode": 6,
            "affinity": -4.6,
            "rmsd_l_b": 7.149,
            "rmsd_u_b": 10.928
          },
          {
            "mode": 7,
            "affinity": -4.5,
            "rmsd_l_b": 5.116,
            "rmsd_u_b": 9.032
          },
          {
            "mode": 8,
            "affinity": -4.5,
            "rmsd_l_b": 4.06,
            "rmsd_u_b": 9.959
          },
          {
            "mode": 9,
            "affinity": -4.5,
            "rmsd_l_b": 5.795,
            "rmsd_u_b": 7.266
          }
        ]
      },
      {
        "run": 17,
        "seed": 86552,
        "average": {
          "affinity": -4.711,
          "rmsd_l_b": 3.233,
          "rmsd_u_b": 5.079
        },
        "modes": [
          {
            "mode": 1,
            "affinity": -5.2,
            "rmsd_l_b": 0.0,
            "rmsd_u_b": 0.0
          },
          {
            "mode": 2,
            "affinity": -5.1,
            "rmsd_l_b": 1.579,
            "rmsd_u_b": 1.744
          },
          {
            "mode": 3,
            "affinity": -5.0,
            "rmsd_l_b": 2.19,
            "rmsd_u_b": 2.734
          },
          {
            "mode": 4,
            "affinity": -4.9,
            "rmsd_l_b": 1.611,
            "rmsd_u_b": 2.067
          },
          {
            "mode": 5,
            "affinity": -4.5,
            "rmsd_l_b": 5.07,
            "rmsd_u_b": 8.98
          },
          {
            "mode": 6,
            "affinity": -4.5,
            "rmsd_l_b": 1.956,
            "rmsd_u_b": 2.429
          },
          {
            "mode": 7,
            "affinity": -4.4,
            "rmsd_l_b": 5.715,
            "rmsd_u_b": 7.142
          },
          {
            "mode": 8,
            "affinity": -4.4,
            "rmsd_l_b": 3.958,
            "rmsd_u_b": 9.936
          },
          {
            "mode": 9,
            "affinity": -4.4,
            "rmsd_l_b": 7.016,
            "rmsd_u_b": 10.679
          }
        ]
      },
      {
        "run": 18,
        "seed": 865467,
        "average": {
          "affinity": -4.767,
          "rmsd_l_b": 3.332,
          "rmsd_u_b": 4.868
        },
        "modes": [
          {
            "mode": 1,
            "affinity": -5.2,
            "rmsd_l_b": 0.0,
            "rmsd_u_b": 0.0
          },
          {
            "mode": 2,
            "affinity": -5.0,
            "rmsd_l_b": 1.657,
            "rmsd_u_b": 1.847
          },
          {
            "mode": 3,
            "affinity": -5.0,
            "rmsd_l_b": 2.066,
            "rmsd_u_b": 2.548
          },
          {
            "mode": 4,
            "affinity": -4.8,
            "rmsd_l_b": 1.635,
            "rmsd_u_b": 2.007
          },
          {
            "mode": 5,
            "affinity": -4.7,
            "rmsd_l_b": 3.168,
            "rmsd_u_b": 4.101
          },
          {
            "mode": 6,
            "affinity": -4.6,
            "rmsd_l_b": 2.19,
            "rmsd_u_b": 2.637
          },
          {
            "mode": 7,
            "affinity": -4.6,
            "rmsd_l_b": 7.081,
            "rmsd_u_b": 10.859
          },
          {
            "mode": 8,
            "affinity": -4.5,
            "rmsd_l_b": 5.132,
            "rmsd_u_b": 9.027
          },
          {
            "mode": 9,
            "affinity": -4.5,
            "rmsd_l_b": 7.059,
            "rmsd_u_b": 10.785
          }
        ]
      },
      {
        "run": 19,
        "seed": 968265,
        "average": {
          "affinity": -4.767,
          "rmsd_l_b": 3.421,
          "rmsd_u_b": 5.385
        },
        "modes": [
          {
            "mode": 1,
            "affinity": -5.2,
            "rmsd_l_b": 0.0,
            "rmsd_u_b": 0.0
          },
          {
            "mode": 2,
            "affinity": -5.1,
            "rmsd_l_b": 1.507,
            "rmsd_u_b": 1.68
          },
          {
            "mode": 3,
            "affinity": -5.0,
            "rmsd_l_b": 1.618,
            "rmsd_u_b": 1.793
          },
          {
            "mode": 4,
            "affinity": -4.9,
            "rmsd_l_b": 1.428,
            "rmsd_u_b": 1.84
          },
          {
            "mode": 5,
            "affinity": -4.6,
            "rmsd_l_b": 6.981,
            "rmsd_u_b": 10.76
          },
          {
            "mode": 6,
            "affinity": -4.6,
            "rmsd_l_b": 5.048,
            "rmsd_u_b": 8.955
          },
          {
            "mode": 7,
            "affinity": -4.5,
            "rmsd_l_b": 2.866,
            "rmsd_u_b": 3.755
          },
          {
            "mode": 8,
            "affinity": -4.5,
            "rmsd_l_b": 4.321,
            "rmsd_u_b": 8.874
          },
          {
            "mode": 9,
            "affinity": -4.5,
            "rmsd_l_b": 7.023,
            "rmsd_u_b": 10.81
          }
        ]
      },
      {
        "run": 20,
        "seed": 748855,
        "average": {
          "affinity": -4.778,
          "rmsd_l_b": 2.773,
          "rmsd_u_b": 4.837
        },
        "modes": [
          {
            "mode": 1,
            "affinity": -5.2,
            "rmsd_l_b": 0.0,
            "rmsd_u_b": 0.0
          },
          {
            "mode": 2,
            "affinity": -5.1,
            "rmsd_l_b": 2.21,
            "rmsd_u_b": 2.927
          },
          {
            "mode": 3,
            "affinity": -5.1,
            "rmsd_l_b": 1.595,
            "rmsd_u_b": 1.768
          },
          {
            "mode": 4,
            "affinity": -4.8,
            "rmsd_l_b": 2.644,
            "rmsd_u_b": 3.534
          },
          {
            "mode": 5,
            "affinity": -4.7,
            "rmsd_l_b": 1.927,
            "rmsd_u_b": 2.324
          },
          {
            "mode": 6,
            "affinity": -4.6,
            "rmsd_l_b": 4.94,
            "rmsd_u_b": 8.916
          },
          {
            "mode": 7,
            "affinity": -4.5,
            "rmsd_l_b": 4.466,
            "rmsd_u_b": 9.98
          },
          {
            "mode": 8,
            "affinity": -4.5,
            "rmsd_l_b": 2.974,
            "rmsd_u_b": 4.216
          },
          {
            "mode": 9,
            "affinity": -4.5,
            "rmsd_l_b": 4.204,
            "rmsd_u_b": 9.871
          }
        ]
      }
    ]
  }
}