{
  "rmsd": 3.644,
  "rmsd_method": "C-alpha coordinates",
  "rmsd_tool": "BioPython",
  "docking": {
    "average_affinity": -2.884,
    "runs": [
      {
        "run": 1,
        "seed": 765791,
        "average": {
          "affinity": -2.911,
          "rmsd_l_b": 3.657,
          "rmsd_u_b": 4.184
        },
        "modes": [
          {
            "mode": 1,
            "affinity": -3.0,
            "rmsd_l_b": 0.0,
            "rmsd_u_b": 0.0
          },
          {
            "mode": 2,
            "affinity": -3.0,
            "rmsd_l_b": 3.382,
            "rmsd_u_b": 4.066
          },
          {
            "mode": 3,
            "affinity": -3.0,
            "rmsd_l_b": 1.838,
            "rmsd_u_b": 2.008
          },
          {
            "mode": 4,
            "affinity": -3.0,
            "rmsd_l_b": 2.536,
            "rmsd_u_b": 3.217
          },
          {
            "mode": 5,
            "affinity": -2.9,
            "rmsd_l_b": 1.531,
            "rmsd_u_b": 2.286
          },
          {
            "mode": 6,
            "affinity": -2.9,
            "rmsd_l_b": 4.333,
            "rmsd_u_b": 5.086
          },
          {
            "mode": 7,
            "affinity": -2.8,
            "rmsd_l_b": 4.282,
            "rmsd_u_b": 4.918
          },
          {
            "mode": 8,
            "affinity": -2.8,
            "rmsd_l_b": 11.069,
            "rmsd_u_b": 11.654
          },
          {
            "mode": 9,
            "affinity": -2.8,
            "rmsd_l_b": 3.945,
            "rmsd_u_b": 4.425
          }
        ]
      },
      {
        "run": 2,
        "seed": 367457,
        "average": {
          "affinity": -2.922,
          "rmsd_l_b": 3.273,
          "rmsd_u_b": 3.764
        },
        "modes": [
          {
            "mode": 1,
            "affinity": -3.0,
            "rmsd_l_b": 0.0,
            "rmsd_u_b": 0.0
          },
          {
            "mode": 2,
            "affinity": -3.0,
            "rmsd_l_b": 3.384,
            "rmsd_u_b": 4.078
          },
          {
            "mode": 3,
            "affinity": -3.0,
            "rmsd_l_b": 1.827,
            "rmsd_u_b": 2.244
          },
          {
            "mode": 4,
            "affinity": -3.0,
            "rmsd_l_b": 2.959,
            "rmsd_u_b": 3.597
          },
          {
            "mode": 5,
            "affinity": -2.9,
            "rmsd_l_b": 2.549,
            "rmsd_u_b": 3.14
          },
          {
            "mode": 6,
            "affinity": -2.9,
            "rmsd_l_b": 1.52,
            "rmsd_u_b": 2.025
          },
          {
            "mode": 7,
            "affinity": -2.9,
            "rmsd_l_b": 1.91,
            "rmsd_u_b": 2.265
          },
          {
            "mode": 8,
            "affinity": -2.8,
            "rmsd_l_b": 11.07,
            "rmsd_u_b": 11.647
          },
          {
            "mode": 9,
            "affinity": -2.8,
            "rmsd_l_b": 4.236,
            "rmsd_u_b": 4.884
          }
        ]
      },
      {
        "run": 3,
        "seed": 177077,
        "average": {
          "affinity": -2.878,
          "rmsd_l_b": 3.592,
          "rmsd_u_b": 4.127
        },
        "modes": [
          {
            "mode": 1,
            "affinity": -3.0,
            "rmsd_l_b": 0.0,
            "rmsd_u_b": 0.0
          },
          {
            "mode": 2,
            "affinity": -3.0,
            "rmsd_l_b": 3.38,
            "rmsd_u_b": 4.068
          },
          {
            "mode": 3,
            "affinity": -3.0,
            "rmsd_l_b": 1.837,
            "rmsd_u_b": 2.254
          },
          {
            "mode": 4,
            "affinity": -2.9,
            "rmsd_l_b": 2.536,
            "rmsd_u_b": 3.214
          },
          {
            "mode": 5,
            "affinity": -2.9,
            "rmsd_l_b": 1.526,
            "rmsd_u_b": 2.278
          },
          {
            "mode": 6,
            "affinity": -2.8,
            "rmsd_l_b": 11.069,
            "rmsd_u_b": 11.655
          },
          {
            "mode": 7,
            "affinity": -2.8,
            "rmsd_l_b": 4.115,
            "rmsd_u_b": 4.696
          },
          {
            "mode": 8,
            "affinity": -2.8,
            "rmsd_l_b": 4.088,
            "rmsd_u_b": 4.728
          },
          {
            "mode": 9,
            "affinity": -2.7,
            "rmsd_l_b": 3.778,
            "rmsd_u_b": 4.253
          }
        ]
      },
      {
        "run": 4,
        "seed": 794090,
        "average": {
          "affinity": -2.9,
          "rmsd_l_b": 3.629,
          "rmsd_u_b": 4.14
        },
        "modes": [
          {
            "mode": 1,
            "affinity": -3.0,
            "rmsd_l_b": 0.0,
            "rmsd_u_b": 0.0
          },
          {
            "mode": 2,
            "affinity": -3.0,
            "rmsd_l_b": 3.393,
            "rmsd_u_b": 4.111
          },
          {
            "mode": 3,
            "affinity": -3.0,
            "rmsd_l_b": 1.845,
            "rmsd_u_b": 2.264
          },
          {
            "mode": 4,
            "affinity": -2.9,
            "rmsd_l_b": 2.544,
            "rmsd_u_b": 3.182
          },
          {
            "mode": 5,
            "affinity": -2.9,
            "rmsd_l_b": 1.519,
            "rmsd_u_b": 2.024
          },
          {
            "mode": 6,
            "affinity": -2.9,
            "rmsd_l_b": 4.256,
            "rmsd_u_b": 4.883
          },
          {
            "mode": 7,
            "affinity": -2.8,
            "rmsd_l_b": 11.079,
            "rmsd_u_b": 11.672
          },
          {
            "mode": 8,
            "affinity": -2.8,
            "rmsd_l_b": 3.958,
            "rmsd_u_b": 4.428
          },
          {
            "mode": 9,
            "affinity": -2.8,
            "rmsd_l_b": 4.066,
            "rmsd_u_b": 4.699
          }
        ]
      },
      {
        "run": 5,
        "seed": 165960,
        "average": {
          "affinity": -2.889,
          "rmsd_l_b": 3.595,
          "rmsd_u_b": 4.128
        },
        "modes": [
          {
            "mode": 1,
            "affinity": -3.0,
            "rmsd_l_b": 0.0,
            "rmsd_u_b": 0.0
          },
          {
            "mode": 2,
            "affinity": -3.0,
            "rmsd_l_b": 3.403,
            "rmsd_u_b": 4.106
          },
          {
            "mode": 3,
            "affinity": -3.0,
            "rmsd_l_b": 1.853,
            "rmsd_u_b": 2.237
          },
          {
            "mode": 4,
            "affinity": -2.9,
            "rmsd_l_b": 2.571,
            "rmsd_u_b": 3.206
          },
          {
            "mode": 5,
            "affinity": -2.9,
            "rmsd_l_b": 1.522,
            "rmsd_u_b": 2.028
          },
          {
            "mode": 6,
            "affinity": -2.8,
            "rmsd_l_b": 4.272,
            "rmsd_u_b": 4.886
          },
          {
            "mode": 7,
            "affinity": -2.8,
            "rmsd_l_b": 11.072,
            "rmsd_u_b": 11.667
          },
          {
            "mode": 8,
            "affinity": -2.8,
            "rmsd_l_b": 4.37,
            "rmsd_u_b": 5.121
          },
          {
            "mode": 9,
            "affinity": -2.8,
            "rmsd_l_b": 3.296,
            "rmsd_u_b": 3.905
          }
        ]
      },
      {
        "run": 6,
        "seed": 162345,
        "average": {
          "affinity": -2.878,
          "rmsd_l_b": 3.654,
          "rmsd_u_b": 4.182
        },
        "modes": [
          {
            "mode": 1,
            "affinity": -3.0,
            "rmsd_l_b": 0.0,
            "rmsd_u_b": 0.0
          },
          {
            "mode": 2,
            "affinity": -3.0,
            "rmsd_l_b": 3.381,
            "rmsd_u_b": 4.082
          },
          {
            "mode": 3,
            "affinity": -2.9,
            "rmsd_l_b": 1.842,
            "rmsd_u_b": 2.239
          },
          {
            "mode": 4,
            "affinity": -2.9,
            "rmsd_l_b": 2.556,
            "rmsd_u_b": 3.149
          },
          {
            "mode": 5,
            "affinity": -2.9,
            "rmsd_l_b": 1.516,
            "rmsd_u_b": 2.022
          },
          {
            "mode": 6,
            "affinity": -2.8,
            "rmsd_l_b": 4.343,
            "rmsd_u_b": 5.085
          },
          {
            "mode": 7,
            "affinity": -2.8,
            "rmsd_l_b": 11.071,
            "rmsd_u_b": 11.658
          },
          {
            "mode": 8,
            "affinity": -2.8,
            "rmsd_l_b": 4.155,
            "rmsd_u_b": 4.755
          },
          {
            "mode": 9,
            "affinity": -2.8,
            "rmsd_l_b": 4.019,
            "rmsd_u_b": 4.647
          }
        ]
      },
      {
        "run": 7,
        "seed": 440823,
        "average": {
          "affinity": -2.911,
          "rmsd_l_b": 3.663,
          "rmsd_u_b": 4.208
        },
        "modes": [
          {
            "mode": 1,
            "affinity": -3.0,
            "rmsd_l_b": 0.0,
            "rmsd_u_b": 0.0
          },
          {
            "mode": 2,
            "affinity": -3.0,
            "rmsd_l_b": 3.386,
            "rmsd_u_b": 4.082
          },
          {
            "mode": 3,
            "affinity": -3.0,
            "rmsd_l_b": 2.591,
            "rmsd_u_b": 3.231
          },
          {
            "mode": 4,
            "affinity": -3.0,
            "rmsd_l_b": 1.824,
            "rmsd_u_b": 2.244
          },
          {
            "mode": 5,
            "affinity": -2.9,
            "rmsd_l_b": 1.517,
            "rmsd_u_b": 2.023
          },
          {
            "mode": 6,
            "affinity": -2.9,
            "rmsd_l_b": 4.317,
            "rmsd_u_b": 5.072
          },
          {
            "mode": 7,
            "affinity": -2.8,
            "rmsd_l_b": 11.069,
            "rmsd_u_b": 11.689
          },
          {
            "mode": 8,
            "affinity": -2.8,
            "rmsd_l_b": 4.222,
            "rmsd_u_b": 4.852
          },
          {
            "mode": 9,
            "affinity": -2.8,
            "rmsd_l_b": 4.039,
            "rmsd_u_b": 4.681
          }
        ]
      },
      {
        "run": 8,
        "seed": 183471,
        "average": {
          "affinity": -2.9,
          "rmsd_l_b": 3.649,
          "rmsd_u_b": 4.166
        },
        "modes": [
          {
            "mode": 1,
            "affinity": -3.0,
            "rmsd_l_b": 0.0,
            "rmsd_u_b": 0.0
          },
          {
            "mode": 2,
            "affinity": -3.0,
            "rmsd_l_b": 3.386,
            "rmsd_u_b": 4.093
          },
          {
            "mode": 3,
            "affinity": -3.0,
            "rmsd_l_b": 1.816,
            "rmsd_u_b": 1.98
          },
          {
            "mode": 4,
            "affinity": -3.0,
            "rmsd_l_b": 2.613,
            "rmsd_u_b": 3.296
          },
          {
            "mode": 5,
            "affinity": -2.9,
            "rmsd_l_b": 1.519,
            "rmsd_u_b": 2.275
          },
          {
            "mode": 6,
            "affinity": -2.8,
            "rmsd_l_b": 11.075,
            "rmsd_u_b": 11.686
          },
          {
            "mode": 7,
            "affinity": -2.8,
            "rmsd_l_b": 4.261,
            "rmsd_u_b": 4.873
          },
          {
            "mode": 8,
            "affinity": -2.8,
            "rmsd_l_b": 4.069,
            "rmsd_u_b": 4.544
          },
          {
            "mode": 9,
            "affinity": -2.8,
            "rmsd_l_b": 4.103,
            "rmsd_u_b": 4.747
          }
        ]
      },
      {
        "run": 9,
        "seed": 465443,
        "average": {
          "affinity": -2.889,
          "rmsd_l_b": 4.392,
          "rmsd_u_b": 4.934
        },
        "modes": [
          {
            "mode": 1,
            "affinity": -3.0,
            "rmsd_l_b": 0.0,
            "rmsd_u_b": 0.0
          },
          {
            "mode": 2,
            "affinity": -3.0,
            "rmsd_l_b": 3.377,
            "rmsd_u_b": 4.078
          },
          {
            "mode": 3,
            "affinity": -3.0,
            "rmsd_l_b": 1.833,
            "rmsd_u_b": 2.232
          },
          {
            "mode": 4,
            "affinity": -2.9,
            "rmsd_l_b": 2.522,
            "rmsd_u_b": 3.121
          },
          {
            "mode": 5,
            "affinity": -2.9,
            "rmsd_l_b": 1.523,
            "rmsd_u_b": 2.279
          },
          {
            "mode": 6,
            "affinity": -2.9,
            "rmsd_l_b": 4.287,
            "rmsd_u_b": 4.916
          },
          {
            "mode": 7,
            "affinity": -2.8,
            "rmsd_l_b": 11.088,
            "rmsd_u_b": 11.66
          },
          {
            "mode": 8,
            "affinity": -2.8,
            "rmsd_l_b": 4.034,
            "rmsd_u_b": 4.672
          },
          {
            "mode": 9,
            "affinity": -2.7,
            "rmsd_l_b": 10.86,
            "rmsd_u_b": 11.449
          }
        ]
      },
      {
        "run": 10,
        "seed": 869171,
        "average": {
          "affinity": -2.867,
          "rmsd_l_b": 3.409,
          "rmsd_u_b": 3.964
        },
        "modes": [
          {
            "mode": 1,
            "affinity": -3.0,
            "rmsd_l_b": 0.0,
            "rmsd_u_b": 0.0
          },
          {
            "mode": 2,
            "affinity": -3.0,
            "rmsd_l_b": 3.377,
            "rmsd_u_b": 4.034
          },
          {
            "mode": 3,
            "affinity": -2.9,
            "rmsd_l_b": 1.835,
            "rmsd_u_b": 2.219
          },
          {
            "mode": 4,
            "affinity": -2.9,
            "rmsd_l_b": 1.52,
            "rmsd_u_b": 2.271
          },
          {
            "mode": 5,
            "affinity": -2.9,
            "rmsd_l_b": 2.537,
            "rmsd_u_b": 3.126
          },
          {
            "mode": 6,
            "affinity": -2.8,
            "rmsd_l_b": 11.083,
            "rmsd_u_b": 11.699
          },
          {
            "mode": 7,
            "affinity": -2.8,
            "rmsd_l_b": 4.366,
            "rmsd_u_b": 5.118
          },
          {
            "mode": 8,
            "affinity": -2.8,
            "rmsd_l_b": 4.18,
            "rmsd_u_b": 4.781
          },
          {
            "mode": 9,
            "affinity": -2.7,
            "rmsd_l_b": 1.784,
            "rmsd_u_b": 2.431
          }
        ]
      },
      {
        "run": 11,
        "seed": 91864,
        "average": {
          "affinity": -2.889,
          "rmsd_l_b": 3.343,
          "rmsd_u_b": 3.868
        },
        "modes": [
          {
            "mode": 1,
            "affinity": -3.0,
            "rmsd_l_b": 0.0,
            "rmsd_u_b": 0.0
          },
          {
            "mode": 2,
            "affinity": -3.0,
            "rmsd_l_b": 3.377,
            "rmsd_u_b": 4.065
          },
          {
            "mode": 3,
            "affinity": -3.0,
            "rmsd_l_b": 1.834,
            "rmsd_u_b": 2.259
          },
          {
            "mode": 4,
            "affinity": -2.9,
            "rmsd_l_b": 2.535,
            "rmsd_u_b": 3.18
          },
          {
            "mode": 5,
            "affinity": -2.9,
            "rmsd_l_b": 1.51,
            "rmsd_u_b": 2.264
          },
          {
            "mode": 6,
            "affinity": -2.8,
            "rmsd_l_b": 11.09,
            "rmsd_u_b": 11.708
          },
          {
            "mode": 7,
            "affinity": -2.8,
            "rmsd_l_b": 3.953,
            "rmsd_u_b": 4.388
          },
          {
            "mode": 8,
            "affinity": -2.8,
            "rmsd_l_b": 4.063,
            "rmsd_u_b": 4.688
          },
          {
            "mode": 9,
            "affinity": -2.8,
            "rmsd_l_b": 1.727,
            "rmsd_u_b": 2.259
          }
        ]
      },
      {
        "run": 12,
        "seed": 975069,
        "average": {
          "affinity": -2.833,
          "rmsd_l_b": 3.466,
          "rmsd_u_b": 3.982
        },
        "modes": [
          {
            "mode": 1,
            "affinity": -3.0,
            "rmsd_l_b": 0.0,
            "rmsd_u_b": 0.0
          },
          {
            "mode": 2,
            "affinity": -3.0,
            "rmsd_l_b": 1.817,
            "rmsd_u_b": 1.985
          },
          {
            "mode": 3,
            "affinity": -2.9,
            "rmsd_l_b": 1.526,
            "rmsd_u_b": 2.275
          },
          {
            "mode": 4,
            "affinity": -2.9,
            "rmsd_l_b": 2.531,
            "rmsd_u_b": 3.172
          },
          {
            "mode": 5,
            "affinity": -2.8,
            "rmsd_l_b": 4.282,
            "rmsd_u_b": 4.903
          },
          {
            "mode": 6,
            "affinity": -2.8,
            "rmsd_l_b": 3.931,
            "rmsd_u_b": 4.413
          },
          {
            "mode": 7,
            "affinity": -2.8,
            "rmsd_l_b": 4.063,
            "rmsd_u_b": 4.686
          },
          {
            "mode": 8,
            "affinity": -2.7,
            "rmsd_l_b": 11.117,
            "rmsd_u_b": 11.681
          },
          {
            "mode": 9,
            "affinity": -2.6,
            "rmsd_l_b": 1.929,
            "rmsd_u_b": 2.725
          }
        ]
      },
      {
        "run": 13,
        "seed": 624277,
        "average": {
          "affinity": -2.889,
          "rmsd_l_b": 3.639,
          "rmsd_u_b": 4.17
        },
        "modes": [
          {
            "mode": 1,
            "affinity": -3.0,
            "rmsd_l_b": 0.0,
            "rmsd_u_b": 0.0
          },
          {
            "mode": 2,
            "affinity": -3.0,
            "rmsd_l_b": 3.386,
            "rmsd_u_b": 4.092
          },
          {
            "mode": 3,
            "affinity": -3.0,
            "rmsd_l_b": 1.844,
            "rmsd_u_b": 2.016
          },
          {
            "mode": 4,
            "affinity": -2.9,
            "rmsd_l_b": 2.536,
            "rmsd_u_b": 3.221
          },
          {
            "mode": 5,
            "affinity": -2.9,
            "rmsd_l_b": 1.528,
            "rmsd_u_b": 2.28
          },
          {
            "mode": 6,
            "affinity": -2.8,
            "rmsd_l_b": 11.067,
            "rmsd_u_b": 11.681
          },
          {
            "mode": 7,
            "affinity": -2.8,
            "rmsd_l_b": 4.362,
            "rmsd_u_b": 5.109
          },
          {
            "mode": 8,
            "affinity": -2.8,
            "rmsd_l_b": 3.969,
            "rmsd_u_b": 4.442
          },
          {
            "mode": 9,
            "affinity": -2.8,
            "rmsd_l_b": 4.059,
            "rmsd_u_b": 4.693
          }
        ]
      },
      {
        "run": 14,
        "seed": 148359,
        "average": {
          "affinity": -2.867,
          "rmsd_l_b": 4.395,
          "rmsd_u_b": 4.926
        },
        "modes": [
          {
            "mode": 1,
            "affinity": -3.0,
            "rmsd_l_b": 0.0,
            "rmsd_u_b": 0.0
          },
          {
            "mode": 2,
            "affinity": -3.0,
            "rmsd_l_b": 3.387,
            "rmsd_u_b": 4.1
          },
          {
            "mode": 3,
            "affinity": -3.0,
            "rmsd_l_b": 1.815,
            "rmsd_u_b": 1.977
          },
          {
            "mode": 4,
            "affinity": -2.9,
            "rmsd_l_b": 2.538,
            "rmsd_u_b": 3.22
          },
          {
            "mode": 5,
            "affinity": -2.9,
            "rmsd_l_b": 1.524,
            "rmsd_u_b": 2.276
          },
          {
            "mode": 6,
            "affinity": -2.8,
            "rmsd_l_b": 11.076,
            "rmsd_u_b": 11.645
          },
          {
            "mode": 7,
            "affinity": -2.8,
            "rmsd_l_b": 4.076,
            "rmsd_u_b": 4.709
          },
          {
            "mode": 8,
            "affinity": -2.7,
            "rmsd_l_b": 4.255,
            "rmsd_u_b": 4.94
          },
          {
            "mode": 9,
            "affinity": -2.7,
            "rmsd_l_b": 10.883,
            "rmsd_u_b": 11.467
          }
        ]
      },
      {
        "run": 15,
        "seed": 260524,
        "average": {
          "affinity": -2.878,
          "rmsd_l_b": 3.651,
          "rmsd_u_b": 4.16
        },
        "modes": [
          {
            "mode": 1,
            "affinity": -3.0,
            "rmsd_l_b": 0.0,
            "rmsd_u_b": 0.0
          },
          {
            "mode": 2,
            "affinity": -3.0,
            "rmsd_l_b": 1.819,
            "rmsd_u_b": 1.985
          },
          {
            "mode": 3,
            "affinity": -2.9,
            "rmsd_l_b": 1.528,
            "rmsd_u_b": 2.032
          },
          {
            "mode": 4,
            "affinity": -2.9,
            "rmsd_l_b": 2.535,
            "rmsd_u_b": 3.179
          },
          {
            "mode": 5,
            "affinity": -2.9,
            "rmsd_l_b": 3.431,
            "rmsd_u_b": 4.105
          },
          {
            "mode": 6,
            "affinity": -2.8,
            "rmsd_l_b": 4.263,
            "rmsd_u_b": 5.009
          },
          {
            "mode": 7,
            "affinity": -2.8,
            "rmsd_l_b": 11.078,
            "rmsd_u_b": 11.689
          },
          {
            "mode": 8,
            "affinity": -2.8,
            "rmsd_l_b": 4.191,
            "rmsd_u_b": 4.79
          },
          {
            "mode": 9,
            "affinity": -2.8,
            "rmsd_l_b": 4.018,
            "rmsd_u_b": 4.648
          }
        ]
      },
      {
        "run": 16,
        "seed": 290231,
        "average": {
          "affinity": -2.911,
          "rmsd_l_b": 4.406,
          "rmsd_u_b": 4.911
        },
        "modes": [
          {
            "mode": 1,
            "affinity": -3.0,
            "rmsd_l_b": 0.0,
            "rmsd_u_b": 0.0
          },
          {
            "mode": 2,
            "affinity": -3.0,
            "rmsd_l_b": 3.379,
            "rmsd_u_b": 4.065
          },
          {
            "mode": 3,
            "affinity": -3.0,
            "rmsd_l_b": 1.817,
            "rmsd_u_b": 1.982
          },
          {
            "mode": 4,
            "affinity": -2.9,
            "rmsd_l_b": 2.522,
            "rmsd_u_b": 3.206
          },
          {
            "mode": 5,
            "affinity": -2.9,
            "rmsd_l_b": 1.517,
            "rmsd_u_b": 2.025
          },
          {
            "mode": 6,
            "affinity": -2.9,
            "rmsd_l_b": 4.266,
            "rmsd_u_b": 4.888
          },
          {
            "mode": 7,
            "affinity": -2.9,
            "rmsd_l_b": 4.334,
            "rmsd_u_b": 5.085
          },
          {
            "mode": 8,
            "affinity": -2.8,
            "rmsd_l_b": 11.072,
            "rmsd_u_b": 11.644
          },
          {
            "mode": 9,
            "affinity": -2.8,
            "rmsd_l_b": 10.743,
            "rmsd_u_b": 11.303
          }
        ]
      },
      {
        "run": 17,
        "seed": 393962,
        "average": {
          "affinity": -2.889,
          "rmsd_l_b": 3.62,
          "rmsd_u_b": 4.101
        },
        "modes": [
          {
            "mode": 1,
            "affinity": -3.0,
            "rmsd_l_b": 0.0,
            "rmsd_u_b": 0.0
          },
          {
            "mode": 2,
            "affinity": -3.0,
            "rmsd_l_b": 3.38,
            "rmsd_u_b": 4.065
          },
          {
            "mode": 3,
            "affinity": -3.0,
            "rmsd_l_b": 1.818,
            "rmsd_u_b": 1.983
          },
          {
            "mode": 4,
            "affinity": -2.9,
            "rmsd_l_b": 2.532,
            "rmsd_u_b": 3.217
          },
          {
            "mode": 5,
            "affinity": -2.9,
            "rmsd_l_b": 1.529,
            "rmsd_u_b": 2.033
          },
          {
            "mode": 6,
            "affinity": -2.8,
            "rmsd_l_b": 11.056,
            "rmsd_u_b": 11.643
          },
          {
            "mode": 7,
            "affinity": -2.8,
            "rmsd_l_b": 3.953,
            "rmsd_u_b": 4.417
          },
          {
            "mode": 8,
            "affinity": -2.8,
            "rmsd_l_b": 4.222,
            "rmsd_u_b": 4.833
          },
          {
            "mode": 9,
            "affinity": -2.8,
            "rmsd_l_b": 4.086,
            "rmsd_u_b": 4.722
          }
        ]
      },
      {
        "run": 18,
        "seed": 107097,
        "average": {
          "affinity": -2.844,
          "rmsd_l_b": 3.751,
          "rmsd_u_b": 4.274
        },
        "modes": [
          {
            "mode": 1,
            "affinity": -3.0,
            "rmsd_l_b": 0.0,
            "rmsd_u_b": 0.0
          },
          {
            "mode": 2,
            "affinity": -3.0,
            "rmsd_l_b": 1.823,
            "rmsd_u_b": 1.989
          },
          {
            "mode": 3,
            "affinity": -2.9,
            "rmsd_l_b": 2.509,
            "rmsd_u_b": 3.102
          },
          {
            "mode": 4,
            "affinity": -2.9,
            "rmsd_l_b": 1.519,
            "rmsd_u_b": 2.276
          },
          {
            "mode": 5,
            "affinity": -2.8,
            "rmsd_l_b": 4.245,
            "rmsd_u_b": 4.872
          },
          {
            "mode": 6,
            "affinity": -2.8,
            "rmsd_l_b": 4.294,
            "rmsd_u_b": 5.028
          },
          {
            "mode": 7,
            "affinity": -2.8,
            "rmsd_l_b": 11.085,
            "rmsd_u_b": 11.694
          },
          {
            "mode": 8,
            "affinity": -2.7,
            "rmsd_l_b": 3.956,
            "rmsd_u_b": 4.59
          },
          {
            "mode": 9,
            "affinity": -2.7,
            "rmsd_l_b": 4.327,
            "rmsd_u_b": 4.913
          }
        ]
      },
      {
        "run": 19,
        "seed": 17136,
        "average": {
          "affinity": -2.878,
          "rmsd_l_b": 4.395,
          "rmsd_u_b": 4.916
        },
        "modes": [
          {
            "mode": 1,
            "affinity": -3.0,
            "rmsd_l_b": 0.0,
            "rmsd_u_b": 0.0
          },
          {
            "mode": 2,
            "affinity": -3.0,
            "rmsd_l_b": 3.378,
            "rmsd_u_b": 4.079
          },
          {
            "mode": 3,
            "affinity": -2.9,
            "rmsd_l_b": 1.827,
            "rmsd_u_b": 2.218
          },
          {
            "mode": 4,
            "affinity": -2.9,
            "rmsd_l_b": 1.534,
            "rmsd_u_b": 2.037
          },
          {
            "mode": 5,
            "affinity": -2.9,
            "rmsd_l_b": 2.503,
            "rmsd_u_b": 3.1
          },
          {
            "mode": 6,
            "affinity": -2.8,
            "rmsd_l_b": 11.071,
            "rmsd_u_b": 11.656
          },
          {
            "mode": 7,
            "affinity": -2.8,
            "rmsd_l_b": 4.332,
            "rmsd_u_b": 5.067
          },
          {
            "mode": 8,
            "affinity": -2.8,
            "rmsd_l_b": 4.039,
            "rmsd_u_b": 4.669
          },
          {
            "mode": 9,
            "affinity": -2.8,
            "rmsd_l_b": 10.873,
            "rmsd_u_b": 11.415
          }
        ]
      },
      {
        "run": 20,
        "seed": 808430,
        "average": {
          "affinity": -2.867,
          "rmsd_l_b": 4.499,
          "rmsd_u_b": 5.027
        },
        "modes": [
          {
            "mode": 1,
            "affinity": -3.0,
            "rmsd_l_b": 0.0,
            "rmsd_u_b": 0.0
          },
          {
            "mode": 2,
            "affinity": -3.0,
            "rmsd_l_b": 1.817,
            "rmsd_u_b": 2.235
          },
          {
            "mode": 3,
            "affinity": -2.9,
            "rmsd_l_b": 1.528,
            "rmsd_u_b": 2.033
          },
          {
            "mode": 4,
            "affinity": -2.9,
            "rmsd_l_b": 2.539,
            "rmsd_u_b": 3.227
          },
          {
            "mode": 5,
            "affinity": -2.8,
            "rmsd_l_b": 4.35,
            "rmsd_u_b": 5.108
          },
          {
            "mode": 6,
            "affinity": -2.8,
            "rmsd_l_b": 4.238,
            "rmsd_u_b": 4.85
          },
          {
            "mode": 7,
            "affinity": -2.8,
            "rmsd_l_b": 11.059,
            "rmsd_u_b": 11.631
          },
          {
            "mode": 8,
            "affinity": -2.8,
            "rmsd_l_b": 4.083,
            "rmsd_u_b": 4.713
          },
          {
            "mode": 9,
            "affinity": -2.8,
            "rmsd_l_b": 10.878,
            "rmsd_u_b": 11.45
          }
        ]
      }
    ]
  }
}