{
  "rmsd": 3.54,
  "rmsd_method": "C-alpha coordinates",
  "rmsd_tool": "BioPython",
  "docking": {
    "average_affinity": -3.52,
    "runs": [
      {
        "run": 1,
        "seed": 586303,
        "average": {
          "affinity": -3.544,
          "rmsd_l_b": 3.028,
          "rmsd_u_b": 5.455
        },
        "modes": [
          {
            "mode": 1,
            "affinity": -3.8,
            "rmsd_l_b": 0.0,
            "rmsd_u_b": 0.0
          },
          {
            "mode": 2,
            "affinity": -3.6,
            "rmsd_l_b": 3.437,
            "rmsd_u_b": 6.726
          },
          {
            "mode": 3,
            "affinity": -3.6,
            "rmsd_l_b": 3.553,
            "rmsd_u_b": 5.604
          },
          {
            "mode": 4,
            "affinity": -3.5,
            "rmsd_l_b": 3.627,
            "rmsd_u_b": 7.041
          },
          {
            "mode": 5,
            "affinity": -3.5,
            "rmsd_l_b": 2.545,
            "rmsd_u_b": 4.02
          },
          {
            "mode": 6,
            "affinity": -3.5,
            "rmsd_l_b": 3.922,
            "rmsd_u_b": 7.0
          },
          {
            "mode": 7,
            "affinity": -3.5,
            "rmsd_l_b": 2.156,
            "rmsd_u_b": 5.575
          },
          {
            "mode": 8,
            "affinity": -3.5,
            "rmsd_l_b": 4.743,
            "rmsd_u_b": 7.68
          },
          {
            "mode": 9,
            "affinity": -3.4,
            "rmsd_l_b": 3.27,
            "rmsd_u_b": 5.45
          }
        ]
      },
      {
        "run": 2,
        "seed": 812112,
        "average": {
          "affinity": -3.544,
          "rmsd_l_b": 2.482,
          "rmsd_u_b": 4.77
        },
        "modes": [
          {
            "mode": 1,
            "affinity": -3.8,
            "rmsd_l_b": 0.0,
            "rmsd_u_b": 0.0
          },
          {
            "mode": 2,
            "affinity": -3.6,
            "rmsd_l_b": 3.428,
            "rmsd_u_b": 6.717
          },
          {
            "mode": 3,
            "affinity": -3.6,
            "rmsd_l_b": 3.609,
            "rmsd_u_b": 5.67
          },
          {
            "mode": 4,
            "affinity": -3.6,
            "rmsd_l_b": 2.614,
            "rmsd_u_b": 4.086
          },
          {
            "mode": 5,
            "affinity": -3.5,
            "rmsd_l_b": 1.141,
            "rmsd_u_b": 1.181
          },
          {
            "mode": 6,
            "affinity": -3.5,
            "rmsd_l_b": 3.603,
            "rmsd_u_b": 7.009
          },
          {
            "mode": 7,
            "affinity": -3.5,
            "rmsd_l_b": 2.103,
            "rmsd_u_b": 5.473
          },
          {
            "mode": 8,
            "affinity": -3.4,
            "rmsd_l_b": 4.058,
            "rmsd_u_b": 7.154
          },
          {
            "mode": 9,
            "affinity": -3.4,
            "rmsd_l_b": 1.785,
            "rmsd_u_b": 5.643
          }
        ]
      },
      {
        "run": 3,
        "seed": 175173,
        "average": {
          "affinity": -3.5,
          "rmsd_l_b": 3.516,
          "rmsd_u_b": 5.64
        },
        "modes": [
          {
            "mode": 1,
            "affinity": -3.8,
            "rmsd_l_b": 0.0,
            "rmsd_u_b": 0.0
          },
          {
            "mode": 2,
            "affinity": -3.6,
            "rmsd_l_b": 3.439,
            "rmsd_u_b": 6.718
          },
          {
            "mode": 3,
            "affinity": -3.6,
            "rmsd_l_b": 3.504,
            "rmsd_u_b": 5.533
          },
          {
            "mode": 4,
            "affinity": -3.5,
            "rmsd_l_b": 3.615,
            "rmsd_u_b": 7.034
          },
          {
            "mode": 5,
            "affinity": -3.5,
            "rmsd_l_b": 2.528,
            "rmsd_u_b": 4.009
          },
          {
            "mode": 6,
            "affinity": -3.4,
            "rmsd_l_b": 4.412,
            "rmsd_u_b": 7.738
          },
          {
            "mode": 7,
            "affinity": -3.4,
            "rmsd_l_b": 3.429,
            "rmsd_u_b": 5.514
          },
          {
            "mode": 8,
            "affinity": -3.4,
            "rmsd_l_b": 4.731,
            "rmsd_u_b": 6.467
          },
          {
            "mode": 9,
            "affinity": -3.3,
            "rmsd_l_b": 5.985,
            "rmsd_u_b": 7.744
          }
        ]
      },
      {
        "run": 4,
        "seed": 150321,
        "average": {
          "affinity": -3.511,
          "rmsd_l_b": 3.867,
          "rmsd_u_b": 6.132
        },
        "modes": [
          {
            "mode": 1,
            "affinity": -3.8,
            "rmsd_l_b": 0.0,
            "rmsd_u_b": 0.0
          },
          {
            "mode": 2,
            "affinity": -3.6,
            "rmsd_l_b": 3.441,
            "rmsd_u_b": 6.725
          },
          {
            "mode": 3,
            "affinity": -3.5,
            "rmsd_l_b": 3.616,
            "rmsd_u_b": 7.031
          },
          {
            "mode": 4,
            "affinity": -3.5,
            "rmsd_l_b": 3.704,
            "rmsd_u_b": 5.793
          },
          {
            "mode": 5,
            "affinity": -3.5,
            "rmsd_l_b": 2.542,
            "rmsd_u_b": 4.019
          },
          {
            "mode": 6,
            "affinity": -3.5,
            "rmsd_l_b": 2.175,
            "rmsd_u_b": 5.59
          },
          {
            "mode": 7,
            "affinity": -3.5,
            "rmsd_l_b": 3.929,
            "rmsd_u_b": 7.009
          },
          {
            "mode": 8,
            "affinity": -3.4,
            "rmsd_l_b": 9.399,
            "rmsd_u_b": 11.214
          },
          {
            "mode": 9,
            "affinity": -3.3,
            "rmsd_l_b": 5.995,
            "rmsd_u_b": 7.804
          }
        ]
      },
      {
        "run": 5,
        "seed": 105858,
        "average": {
          "affinity": -3.533,
          "rmsd_l_b": 3.156,
          "rmsd_u_b": 5.587
        },
        "modes": [
          {
            "mode": 1,
            "affinity": -3.8,
            "rmsd_l_b": 0.0,
            "rmsd_u_b": 0.0
          },
          {
            "mode": 2,
            "affinity": -3.6,
            "rmsd_l_b": 3.438,
            "rmsd_u_b": 6.73
          },
          {
            "mode": 3,
            "affinity": -3.6,
            "rmsd_l_b": 3.518,
            "rmsd_u_b": 5.537
          },
          {
            "mode": 4,
            "affinity": -3.6,
            "rmsd_l_b": 2.585,
            "rmsd_u_b": 4.056
          },
          {
            "mode": 5,
            "affinity": -3.5,
            "rmsd_l_b": 3.62,
            "rmsd_u_b": 7.026
          },
          {
            "mode": 6,
            "affinity": -3.5,
            "rmsd_l_b": 2.162,
            "rmsd_u_b": 5.577
          },
          {
            "mode": 7,
            "affinity": -3.4,
            "rmsd_l_b": 4.407,
            "rmsd_u_b": 7.735
          },
          {
            "mode": 8,
            "affinity": -3.4,
            "rmsd_l_b": 4.062,
            "rmsd_u_b": 7.153
          },
          {
            "mode": 9,
            "affinity": -3.4,
            "rmsd_l_b": 4.609,
            "rmsd_u_b": 6.47
          }
        ]
      },
      {
        "run": 6,
        "seed": 737102,
        "average": {
          "affinity": -3.533,
          "rmsd_l_b": 3.317,
          "rmsd_u_b": 5.57
        },
        "modes": [
          {
            "mode": 1,
            "affinity": -3.8,
            "rmsd_l_b": 0.0,
            "rmsd_u_b": 0.0
          },
          {
            "mode": 2,
            "affinity": -3.6,
            "rmsd_l_b": 3.438,
            "rmsd_u_b": 6.729
          },
          {
            "mode": 3,
            "affinity": -3.6,
            "rmsd_l_b": 3.514,
            "rmsd_u_b": 5.532
          },
          {
            "mode": 4,
            "affinity": -3.5,
            "rmsd_l_b": 3.606,
            "rmsd_u_b": 7.021
          },
          {
            "mode": 5,
            "affinity": -3.5,
            "rmsd_l_b": 2.524,
            "rmsd_u_b": 3.984
          },
          {
            "mode": 6,
            "affinity": -3.5,
            "rmsd_l_b": 4.725,
            "rmsd_u_b": 7.67
          },
          {
            "mode": 7,
            "affinity": -3.5,
            "rmsd_l_b": 4.084,
            "rmsd_u_b": 7.189
          },
          {
            "mode": 8,
            "affinity": -3.4,
            "rmsd_l_b": 4.613,
            "rmsd_u_b": 6.468
          },
          {
            "mode": 9,
            "affinity": -3.4,
            "rmsd_l_b": 3.349,
            "rmsd_u_b": 5.536
          }
        ]
      },
      {
        "run": 7,
        "seed": 817420,
        "average": {
          "affinity": -3.533,
          "rmsd_l_b": 2.883,
          "rmsd_u_b": 5.301
        },
        "modes": [
          {
            "mode": 1,
            "affinity": -3.8,
            "rmsd_l_b": 0.0,
            "rmsd_u_b": 0.0
          },
          {
            "mode": 2,
            "affinity": -3.6,
            "rmsd_l_b": 3.439,
            "rmsd_u_b": 6.721
          },
          {
            "mode": 3,
            "affinity": -3.6,
            "rmsd_l_b": 3.508,
            "rmsd_u_b": 5.523
          },
          {
            "mode": 4,
            "affinity": -3.6,
            "rmsd_l_b": 2.632,
            "rmsd_u_b": 4.106
          },
          {
            "mode": 5,
            "affinity": -3.5,
            "rmsd_l_b": 3.611,
            "rmsd_u_b": 7.028
          },
          {
            "mode": 6,
            "affinity": -3.5,
            "rmsd_l_b": 3.421,
            "rmsd_u_b": 5.663
          },
          {
            "mode": 7,
            "affinity": -3.5,
            "rmsd_l_b": 2.162,
            "rmsd_u_b": 5.577
          },
          {
            "mode": 8,
            "affinity": -3.4,
            "rmsd_l_b": 4.077,
            "rmsd_u_b": 7.183
          },
          {
            "mode": 9,
            "affinity": -3.3,
            "rmsd_l_b": 3.098,
            "rmsd_u_b": 5.912
          }
        ]
      },
      {
        "run": 8,
        "seed": 583515,
        "average": {
          "affinity": -3.489,
          "rmsd_l_b": 3.228,
          "rmsd_u_b": 5.599
        },
        "modes": [
          {
            "mode": 1,
            "affinity": -3.8,
            "rmsd_l_b": 0.0,
            "rmsd_u_b": 0.0
          },
          {
            "mode": 2,
            "affinity": -3.6,
            "rmsd_l_b": 3.429,
            "rmsd_u_b": 6.717
          },
          {
            "mode": 3,
            "affinity": -3.6,
            "rmsd_l_b": 3.495,
            "rmsd_u_b": 5.507
          },
          {
            "mode": 4,
            "affinity": -3.5,
            "rmsd_l_b": 3.581,
            "rmsd_u_b": 6.995
          },
          {
            "mode": 5,
            "affinity": -3.5,
            "rmsd_l_b": 2.528,
            "rmsd_u_b": 4.008
          },
          {
            "mode": 6,
            "affinity": -3.4,
            "rmsd_l_b": 4.077,
            "rmsd_u_b": 7.187
          },
          {
            "mode": 7,
            "affinity": -3.4,
            "rmsd_l_b": 1.797,
            "rmsd_u_b": 5.646
          },
          {
            "mode": 8,
            "affinity": -3.3,
            "rmsd_l_b": 4.094,
            "rmsd_u_b": 6.49
          },
          {
            "mode": 9,
            "affinity": -3.3,
            "rmsd_l_b": 6.054,
            "rmsd_u_b": 7.84
          }
        ]
      },
      {
        "run": 9,
        "seed": 24337,
        "average": {
          "affinity": -3.522,
          "rmsd_l_b": 3.186,
          "rmsd_u_b": 5.486
        },
        "modes": [
          {
            "mode": 1,
            "affinity": -3.8,
            "rmsd_l_b": 0.0,
            "rmsd_u_b": 0.0
          },
          {
            "mode": 2,
            "affinity": -3.6,
            "rmsd_l_b": 3.441,
            "rmsd_u_b": 6.728
          },
          {
            "mode": 3,
            "affinity": -3.6,
            "rmsd_l_b": 3.621,
            "rmsd_u_b": 5.687
          },
          {
            "mode": 4,
            "affinity": -3.5,
            "rmsd_l_b": 3.622,
            "rmsd_u_b": 7.029
          },
          {
            "mode": 5,
            "affinity": -3.5,
            "rmsd_l_b": 2.572,
            "rmsd_u_b": 4.048
          },
          {
            "mode": 6,
            "affinity": -3.5,
            "rmsd_l_b": 3.377,
            "rmsd_u_b": 5.617
          },
          {
            "mode": 7,
            "affinity": -3.5,
            "rmsd_l_b": 3.932,
            "rmsd_u_b": 7.014
          },
          {
            "mode": 8,
            "affinity": -3.4,
            "rmsd_l_b": 2.111,
            "rmsd_u_b": 5.469
          },
          {
            "mode": 9,
            "affinity": -3.3,
            "rmsd_l_b": 5.998,
            "rmsd_u_b": 7.781
          }
        ]
      },
      {
        "run": 10,
        "seed": 201882,
        "average": {
          "affinity": -3.544,
          "rmsd_l_b": 2.832,
          "rmsd_u_b": 4.913
        },
        "modes": [
          {
            "mode": 1,
            "affinity": -3.8,
            "rmsd_l_b": 0.0,
            "rmsd_u_b": 0.0
          },
          {
            "mode": 2,
            "affinity": -3.6,
            "rmsd_l_b": 3.434,
            "rmsd_u_b": 6.736
          },
          {
            "mode": 3,
            "affinity": -3.6,
            "rmsd_l_b": 3.522,
            "rmsd_u_b": 5.56
          },
          {
            "mode": 4,
            "affinity": -3.5,
            "rmsd_l_b": 2.568,
            "rmsd_u_b": 4.043
          },
          {
            "mode": 5,
            "affinity": -3.5,
            "rmsd_l_b": 3.913,
            "rmsd_u_b": 7.269
          },
          {
            "mode": 6,
            "affinity": -3.5,
            "rmsd_l_b": 2.139,
            "rmsd_u_b": 5.563
          },
          {
            "mode": 7,
            "affinity": -3.5,
            "rmsd_l_b": 1.376,
            "rmsd_u_b": 1.563
          },
          {
            "mode": 8,
            "affinity": -3.5,
            "rmsd_l_b": 3.932,
            "rmsd_u_b": 7.016
          },
          {
            "mode": 9,
            "affinity": -3.4,
            "rmsd_l_b": 4.606,
            "rmsd_u_b": 6.465
          }
        ]
      },
      {
        "run": 11,
        "seed": 886196,
        "average": {
          "affinity": -3.522,
          "rmsd_l_b": 3.706,
          "rmsd_u_b": 5.743
        },
        "modes": [
          {
            "mode": 1,
            "affinity": -3.8,
            "rmsd_l_b": 0.0,
            "rmsd_u_b": 0.0
          },
          {
            "mode": 2,
            "affinity": -3.6,
            "rmsd_l_b": 3.45,
            "rmsd_u_b": 6.738
          },
          {
            "mode": 3,
            "affinity": -3.6,
            "rmsd_l_b": 3.586,
            "rmsd_u_b": 5.637
          },
          {
            "mode": 4,
            "affinity": -3.5,
            "rmsd_l_b": 3.922,
            "rmsd_u_b": 7.311
          },
          {
            "mode": 5,
            "affinity": -3.5,
            "rmsd_l_b": 2.564,
            "rmsd_u_b": 4.046
          },
          {
            "mode": 6,
            "affinity": -3.5,
            "rmsd_l_b": 3.937,
            "rmsd_u_b": 7.021
          },
          {
            "mode": 7,
            "affinity": -3.4,
            "rmsd_l_b": 4.607,
            "rmsd_u_b": 6.467
          },
          {
            "mode": 8,
            "affinity": -3.4,
            "rmsd_l_b": 8.081,
            "rmsd_u_b": 9.167
          },
          {
            "mode": 9,
            "affinity": -3.4,
            "rmsd_l_b": 3.203,
            "rmsd_u_b": 5.296
          }
        ]
      },
      {
        "run": 12,
        "seed": 449384,
        "average": {
          "affinity": -3.5,
          "rmsd_l_b": 4.545,
          "rmsd_u_b": 6.53
        },
        "modes": [
          {
            "mode": 1,
            "affinity": -3.8,
            "rmsd_l_b": 0.0,
            "rmsd_u_b": 0.0
          },
          {
            "mode": 2,
            "affinity": -3.6,
            "rmsd_l_b": 3.434,
            "rmsd_u_b": 6.72
          },
          {
            "mode": 3,
            "affinity": -3.6,
            "rmsd_l_b": 2.592,
            "rmsd_u_b": 4.066
          },
          {
            "mode": 4,
            "affinity": -3.6,
            "rmsd_l_b": 3.506,
            "rmsd_u_b": 5.534
          },
          {
            "mode": 5,
            "affinity": -3.5,
            "rmsd_l_b": 3.941,
            "rmsd_u_b": 7.326
          },
          {
            "mode": 6,
            "affinity": -3.4,
            "rmsd_l_b": 3.957,
            "rmsd_u_b": 7.042
          },
          {
            "mode": 7,
            "affinity": -3.4,
            "rmsd_l_b": 9.399,
            "rmsd_u_b": 11.212
          },
          {
            "mode": 8,
            "affinity": -3.3,
            "rmsd_l_b": 6.011,
            "rmsd_u_b": 7.787
          },
          {
            "mode": 9,
            "affinity": -3.3,
            "rmsd_l_b": 8.064,
            "rmsd_u_b": 9.083
          }
        ]
      },
      {
        "run": 13,
        "seed": 724956,
        "average": {
          "affinity": -3.5,
          "rmsd_l_b": 2.844,
          "rmsd_u_b": 5.338
        },
        "modes": [
          {
            "mode": 1,
            "affinity": -3.8,
            "rmsd_l_b": 0.0,
            "rmsd_u_b": 0.0
          },
          {
            "mode": 2,
            "affinity": -3.6,
            "rmsd_l_b": 3.438,
            "rmsd_u_b": 6.727
          },
          {
            "mode": 3,
            "affinity": -3.5,
            "rmsd_l_b": 3.534,
            "rmsd_u_b": 5.573
          },
          {
            "mode": 4,
            "affinity": -3.5,
            "rmsd_l_b": 3.621,
            "rmsd_u_b": 7.032
          },
          {
            "mode": 5,
            "affinity": -3.5,
            "rmsd_l_b": 2.547,
            "rmsd_u_b": 4.025
          },
          {
            "mode": 6,
            "affinity": -3.4,
            "rmsd_l_b": 3.936,
            "rmsd_u_b": 7.018
          },
          {
            "mode": 7,
            "affinity": -3.4,
            "rmsd_l_b": 2.151,
            "rmsd_u_b": 5.572
          },
          {
            "mode": 8,
            "affinity": -3.4,
            "rmsd_l_b": 4.602,
            "rmsd_u_b": 6.458
          },
          {
            "mode": 9,
            "affinity": -3.4,
            "rmsd_l_b": 1.771,
            "rmsd_u_b": 5.638
          }
        ]
      },
      {
        "run": 14,
        "seed": 331691,
        "average": {
          "affinity": -3.556,
          "rmsd_l_b": 3.165,
          "rmsd_u_b": 5.55
        },
        "modes": [
          {
            "mode": 1,
            "affinity": -3.8,
            "rmsd_l_b": 0.0,
            "rmsd_u_b": 0.0
          },
          {
            "mode": 2,
            "affinity": -3.6,
            "rmsd_l_b": 3.438,
            "rmsd_u_b": 6.725
          },
          {
            "mode": 3,
            "affinity": -3.6,
            "rmsd_l_b": 3.524,
            "rmsd_u_b": 5.549
          },
          {
            "mode": 4,
            "affinity": -3.6,
            "rmsd_l_b": 2.619,
            "rmsd_u_b": 4.091
          },
          {
            "mode": 5,
            "affinity": -3.5,
            "rmsd_l_b": 3.604,
            "rmsd_u_b": 7.022
          },
          {
            "mode": 6,
            "affinity": -3.5,
            "rmsd_l_b": 2.084,
            "rmsd_u_b": 5.473
          },
          {
            "mode": 7,
            "affinity": -3.5,
            "rmsd_l_b": 4.709,
            "rmsd_u_b": 7.652
          },
          {
            "mode": 8,
            "affinity": -3.5,
            "rmsd_l_b": 3.908,
            "rmsd_u_b": 6.977
          },
          {
            "mode": 9,
            "affinity": -3.4,
            "rmsd_l_b": 4.603,
            "rmsd_u_b": 6.463
          }
        ]
      },
      {
        "run": 15,
        "seed": 350702,
        "average": {
          "affinity": -3.511,
          "rmsd_l_b": 3.578,
          "rmsd_u_b": 5.864
        },
        "modes": [
          {
            "mode": 1,
            "affinity": -3.8,
            "rmsd_l_b": 0.0,
            "rmsd_u_b": 0.0
          },
          {
            "mode": 2,
            "affinity": -3.6,
            "rmsd_l_b": 3.427,
            "rmsd_u_b": 6.706
          },
          {
            "mode": 3,
            "affinity": -3.6,
            "rmsd_l_b": 3.511,
            "rmsd_u_b": 5.536
          },
          {
            "mode": 4,
            "affinity": -3.6,
            "rmsd_l_b": 2.582,
            "rmsd_u_b": 4.051
          },
          {
            "mode": 5,
            "affinity": -3.5,
            "rmsd_l_b": 3.92,
            "rmsd_u_b": 7.311
          },
          {
            "mode": 6,
            "affinity": -3.4,
            "rmsd_l_b": 3.951,
            "rmsd_u_b": 7.041
          },
          {
            "mode": 7,
            "affinity": -3.4,
            "rmsd_l_b": 2.149,
            "rmsd_u_b": 5.573
          },
          {
            "mode": 8,
            "affinity": -3.4,
            "rmsd_l_b": 3.356,
            "rmsd_u_b": 5.406
          },
          {
            "mode": 9,
            "affinity": -3.3,
            "rmsd_l_b": 9.303,
            "rmsd_u_b": 11.151
          }
        ]
      },
      {
        "run": 16,
        "seed": 308258,
        "average": {
          "affinity": -3.522,
          "rmsd_l_b": 2.84,
          "rmsd_u_b": 5.329
        },
        "modes": [
          {
            "mode": 1,
            "affinity": -3.8,
            "rmsd_l_b": 0.0,
            "rmsd_u_b": 0.0
          },
          {
            "mode": 2,
            "affinity": -3.6,
            "rmsd_l_b": 3.426,
            "rmsd_u_b": 6.711
          },
          {
            "mode": 3,
            "affinity": -3.6,
            "rmsd_l_b": 3.489,
            "rmsd_u_b": 5.501
          },
          {
            "mode": 4,
            "affinity": -3.5,
            "rmsd_l_b": 3.61,
            "rmsd_u_b": 7.027
          },
          {
            "mode": 5,
            "affinity": -3.5,
            "rmsd_l_b": 2.553,
            "rmsd_u_b": 4.033
          },
          {
            "mode": 6,
            "affinity": -3.5,
            "rmsd_l_b": 2.158,
            "rmsd_u_b": 5.572
          },
          {
            "mode": 7,
            "affinity": -3.4,
            "rmsd_l_b": 3.941,
            "rmsd_u_b": 7.022
          },
          {
            "mode": 8,
            "affinity": -3.4,
            "rmsd_l_b": 4.588,
            "rmsd_u_b": 6.454
          },
          {
            "mode": 9,
            "affinity": -3.4,
            "rmsd_l_b": 1.793,
            "rmsd_u_b": 5.64
          }
        ]
      },
      {
        "run": 17,
        "seed": 642104,
        "average": {
          "affinity": -3.511,
          "rmsd_l_b": 2.871,
          "rmsd_u_b": 5.347
        },
        "modes": [
          {
            "mode": 1,
            "affinity": -3.8,
            "rmsd_l_b": 0.0,
            "rmsd_u_b": 0.0
          },
          {
            "mode": 2,
            "affinity": -3.6,
            "rmsd_l_b": 3.432,
            "rmsd_u_b": 6.718
          },
          {
            "mode": 3,
            "affinity": -3.6,
            "rmsd_l_b": 3.499,
            "rmsd_u_b": 5.53
          },
          {
            "mode": 4,
            "affinity": -3.5,
            "rmsd_l_b": 3.614,
            "rmsd_u_b": 7.023
          },
          {
            "mode": 5,
            "affinity": -3.5,
            "rmsd_l_b": 2.559,
            "rmsd_u_b": 4.037
          },
          {
            "mode": 6,
            "affinity": -3.4,
            "rmsd_l_b": 4.079,
            "rmsd_u_b": 7.186
          },
          {
            "mode": 7,
            "affinity": -3.4,
            "rmsd_l_b": 4.597,
            "rmsd_u_b": 6.46
          },
          {
            "mode": 8,
            "affinity": -3.4,
            "rmsd_l_b": 1.793,
            "rmsd_u_b": 5.645
          },
          {
            "mode": 9,
            "affinity": -3.4,
            "rmsd_l_b": 2.269,
            "rmsd_u_b": 5.524
          }
        ]
      },
      {
        "run": 18,
        "seed": 28246,
        "average": {
          "affinity": -3.522,
          "rmsd_l_b": 2.784,
          "rmsd_u_b": 5.155
        },
        "modes": [
          {
            "mode": 1,
            "affinity": -3.8,
            "rmsd_l_b": 0.0,
            "rmsd_u_b": 0.0
          },
          {
            "mode": 2,
            "affinity": -3.6,
            "rmsd_l_b": 3.427,
            "rmsd_u_b": 6.712
          },
          {
            "mode": 3,
            "affinity": -3.6,
            "rmsd_l_b": 3.5,
            "rmsd_u_b": 5.518
          },
          {
            "mode": 4,
            "affinity": -3.5,
            "rmsd_l_b": 3.626,
            "rmsd_u_b": 7.039
          },
          {
            "mode": 5,
            "affinity": -3.5,
            "rmsd_l_b": 2.529,
            "rmsd_u_b": 4.002
          },
          {
            "mode": 6,
            "affinity": -3.5,
            "rmsd_l_b": 2.057,
            "rmsd_u_b": 5.441
          },
          {
            "mode": 7,
            "affinity": -3.4,
            "rmsd_l_b": 3.428,
            "rmsd_u_b": 5.597
          },
          {
            "mode": 8,
            "affinity": -3.4,
            "rmsd_l_b": 4.725,
            "rmsd_u_b": 6.456
          },
          {
            "mode": 9,
            "affinity": -3.4,
            "rmsd_l_b": 1.764,
            "rmsd_u_b": 5.631
          }
        ]
      },
      {
        "run": 19,
        "seed": 610742,
        "average": {
          "affinity": -3.5,
          "rmsd_l_b": 3.879,
          "rmsd_u_b": 5.99
        },
        "modes": [
          {
            "mode": 1,
            "affinity": -3.8,
            "rmsd_l_b": 0.0,
            "rmsd_u_b": 0.0
          },
          {
            "mode": 2,
            "affinity": -3.6,
            "rmsd_l_b": 3.441,
            "rmsd_u_b": 6.724
          },
          {
            "mode": 3,
            "affinity": -3.6,
            "rmsd_l_b": 3.645,
            "rmsd_u_b": 5.714
          },
          {
            "mode": 4,
            "affinity": -3.5,
            "rmsd_l_b": 3.607,
            "rmsd_u_b": 7.025
          },
          {
            "mode": 5,
            "affinity": -3.5,
            "rmsd_l_b": 2.536,
            "rmsd_u_b": 4.007
          },
          {
            "mode": 6,
            "affinity": -3.4,
            "rmsd_l_b": 4.161,
            "rmsd_u_b": 7.282
          },
          {
            "mode": 7,
            "affinity": -3.4,
            "rmsd_l_b": 3.395,
            "rmsd_u_b": 5.473
          },
          {
            "mode": 8,
            "affinity": -3.4,
            "rmsd_l_b": 4.73,
            "rmsd_u_b": 6.467
          },
          {
            "mode": 9,
            "affinity": -3.3,
            "rmsd_l_b": 9.393,
            "rmsd_u_b": 11.22
          }
        ]
      },
      {
        "run": 20,
        "seed": 647685,
        "average": {
          "affinity": -3.5,
          "rmsd_l_b": 3.486,
          "rmsd_u_b": 5.611
        },
        "modes": [
          {
            "mode": 1,
            "affinity": -3.8,
            "rmsd_l_b": 0.0,
            "rmsd_u_b": 0.0
          },
          {
            "mode": 2,
            "affinity": -3.6,
            "rmsd_l_b": 3.434,
            "rmsd_u_b": 6.72
          },
          {
            "mode": 3,
            "affinity": -3.6,
            "rmsd_l_b": 3.381,
            "rmsd_u_b": 5.35
          },
          {
            "mode": 4,
            "affinity": -3.5,
            "rmsd_l_b": 3.605,
            "rmsd_u_b": 7.023
          },
          {
            "mode": 5,
            "affinity": -3.5,
            "rmsd_l_b": 2.563,
            "rmsd_u_b": 4.034
          },
          {
            "mode": 6,
            "affinity": -3.4,
            "rmsd_l_b": 4.418,
            "rmsd_u_b": 7.746
          },
          {
            "mode": 7,
            "affinity": -3.4,
            "rmsd_l_b": 4.599,
            "rmsd_u_b": 6.462
          },
          {
            "mode": 8,
            "affinity": -3.4,
            "rmsd_l_b": 3.327,
            "rmsd_u_b": 5.313
          },
          {
            "mode": 9,
            "affinity": -3.3,
            "rmsd_l_b": 6.044,
            "rmsd_u_b": 7.847
          }
        ]
      }
    ]
  }
}