{
  "rmsd": 5.218,
  "rmsd_method": "C-alpha coordinates",
  "rmsd_tool": "BioPython",
  "docking": {
    "average_affinity": -5.142,
    "runs": [
      {
        "run": 1,
        "seed": 672946,
        "average": {
          "affinity": -5.311,
          "rmsd_l_b": 1.913,
          "rmsd_u_b": 3.305
        },
        "modes": [
          {
            "mode": 1,
            "affinity": -5.6,
            "rmsd_l_b": 0.0,
            "rmsd_u_b": 0.0
          },
          {
            "mode": 2,
            "affinity": -5.5,
            "rmsd_l_b": 1.737,
            "rmsd_u_b": 2.115
          },
          {
            "mode": 3,
            "affinity": -5.4,
            "rmsd_l_b": 1.355,
            "rmsd_u_b": 1.649
          },
          {
            "mode": 4,
            "affinity": -5.3,
            "rmsd_l_b": 2.368,
            "rmsd_u_b": 3.564
          },
          {
            "mode": 5,
            "affinity": -5.2,
            "rmsd_l_b": 2.444,
            "rmsd_u_b": 4.149
          },
          {
            "mode": 6,
            "affinity": -5.2,
            "rmsd_l_b": 3.391,
            "rmsd_u_b": 5.369
          },
          {
            "mode": 7,
            "affinity": -5.2,
            "rmsd_l_b": 2.319,
            "rmsd_u_b": 3.837
          },
          {
            "mode": 8,
            "affinity": -5.2,
            "rmsd_l_b": 1.634,
            "rmsd_u_b": 4.138
          },
          {
            "mode": 9,
            "affinity": -5.2,
            "rmsd_l_b": 1.971,
            "rmsd_u_b": 4.928
          }
        ]
      },
      {
        "run": 2,
        "seed": 756510,
        "average": {
          "affinity": -4.9,
          "rmsd_l_b": 2.024,
          "rmsd_u_b": 3.207
        },
        "modes": [
          {
            "mode": 1,
            "affinity": -5.2,
            "rmsd_l_b": 0.0,
            "rmsd_u_b": 0.0
          },
          {
            "mode": 2,
            "affinity": -5.1,
            "rmsd_l_b": 2.088,
            "rmsd_u_b": 5.267
          },
          {
            "mode": 3,
            "affinity": -5.0,
            "rmsd_l_b": 1.492,
            "rmsd_u_b": 2.18
          },
          {
            "mode": 4,
            "affinity": -5.0,
            "rmsd_l_b": 3.507,
            "rmsd_u_b": 4.93
          },
          {
            "mode": 5,
            "affinity": -4.9,
            "rmsd_l_b": 2.002,
            "rmsd_u_b": 3.285
          },
          {
            "mode": 6,
            "affinity": -4.8,
            "rmsd_l_b": 2.085,
            "rmsd_u_b": 3.08
          },
          {
            "mode": 7,
            "affinity": -4.8,
            "rmsd_l_b": 2.397,
            "rmsd_u_b": 3.329
          },
          {
            "mode": 8,
            "affinity": -4.7,
            "rmsd_l_b": 3.037,
            "rmsd_u_b": 4.211
          },
          {
            "mode": 9,
            "affinity": -4.6,
            "rmsd_l_b": 1.604,
            "rmsd_u_b": 2.583
          }
        ]
      },
      {
        "run": 3,
        "seed": 418441,
        "average": {
          "affinity": -5.222,
          "rmsd_l_b": 2.074,
          "rmsd_u_b": 4.537
        },
        "modes": [
          {
            "mode": 1,
            "affinity": -5.6,
            "rmsd_l_b": 0.0,
            "rmsd_u_b": 0.0
          },
          {
            "mode": 2,
            "affinity": -5.5,
            "rmsd_l_b": 2.085,
            "rmsd_u_b": 5.456
          },
          {
            "mode": 3,
            "affinity": -5.5,
            "rmsd_l_b": 1.884,
            "rmsd_u_b": 4.86
          },
          {
            "mode": 4,
            "affinity": -5.3,
            "rmsd_l_b": 3.144,
            "rmsd_u_b": 6.553
          },
          {
            "mode": 5,
            "affinity": -5.2,
            "rmsd_l_b": 2.238,
            "rmsd_u_b": 5.007
          },
          {
            "mode": 6,
            "affinity": -5.1,
            "rmsd_l_b": 2.375,
            "rmsd_u_b": 5.826
          },
          {
            "mode": 7,
            "affinity": -5.0,
            "rmsd_l_b": 2.452,
            "rmsd_u_b": 6.103
          },
          {
            "mode": 8,
            "affinity": -5.0,
            "rmsd_l_b": 1.822,
            "rmsd_u_b": 2.254
          },
          {
            "mode": 9,
            "affinity": -4.8,
            "rmsd_l_b": 2.663,
            "rmsd_u_b": 4.772
          }
        ]
      },
      {
        "run": 4,
        "seed": 429208,
        "average": {
          "affinity": -4.889,
          "rmsd_l_b": 2.367,
          "rmsd_u_b": 3.465
        },
        "modes": [
          {
            "mode": 1,
            "affinity": -5.2,
            "rmsd_l_b": 0.0,
            "rmsd_u_b": 0.0
          },
          {
            "mode": 2,
            "affinity": -5.1,
            "rmsd_l_b": 3.328,
            "rmsd_u_b": 4.924
          },
          {
            "mode": 3,
            "affinity": -5.1,
            "rmsd_l_b": 3.706,
            "rmsd_u_b": 6.119
          },
          {
            "mode": 4,
            "affinity": -5.0,
            "rmsd_l_b": 3.286,
            "rmsd_u_b": 5.27
          },
          {
            "mode": 5,
            "affinity": -4.9,
            "rmsd_l_b": 2.391,
            "rmsd_u_b": 3.108
          },
          {
            "mode": 6,
            "affinity": -4.7,
            "rmsd_l_b": 3.383,
            "rmsd_u_b": 5.302
          },
          {
            "mode": 7,
            "affinity": -4.7,
            "rmsd_l_b": 1.974,
            "rmsd_u_b": 2.525
          },
          {
            "mode": 8,
            "affinity": -4.7,
            "rmsd_l_b": 1.782,
            "rmsd_u_b": 2.225
          },
          {
            "mode": 9,
            "affinity": -4.6,
            "rmsd_l_b": 1.457,
            "rmsd_u_b": 1.713
          }
        ]
      },
      {
        "run": 5,
        "seed": 425839,
        "average": {
          "affinity": -5.211,
          "rmsd_l_b": 2.16,
          "rmsd_u_b": 4.785
        },
        "modes": [
          {
            "mode": 1,
            "affinity": -5.6,
            "rmsd_l_b": 0.0,
            "rmsd_u_b": 0.0
          },
          {
            "mode": 2,
            "affinity": -5.4,
            "rmsd_l_b": 1.931,
            "rmsd_u_b": 4.951
          },
          {
            "mode": 3,
            "affinity": -5.4,
            "rmsd_l_b": 2.093,
            "rmsd_u_b": 5.331
          },
          {
            "mode": 4,
            "affinity": -5.2,
            "rmsd_l_b": 2.523,
            "rmsd_u_b": 5.174
          },
          {
            "mode": 5,
            "affinity": -5.2,
            "rmsd_l_b": 2.838,
            "rmsd_u_b": 5.899
          },
          {
            "mode": 6,
            "affinity": -5.2,
            "rmsd_l_b": 2.485,
            "rmsd_u_b": 5.945
          },
          {
            "mode": 7,
            "affinity": -5.1,
            "rmsd_l_b": 2.602,
            "rmsd_u_b": 5.96
          },
          {
            "mode": 8,
            "affinity": -4.9,
            "rmsd_l_b": 2.621,
            "rmsd_u_b": 4.656
          },
          {
            "mode": 9,
            "affinity": -4.9,
            "rmsd_l_b": 2.346,
            "rmsd_u_b": 5.153
          }
        ]
      },
      {
        "run": 6,
        "seed": 32283,
        "average": {
          "affinity": -5.244,
          "rmsd_l_b": 2.188,
          "rmsd_u_b": 5.011
        },
        "modes": [
          {
            "mode": 1,
            "affinity": -5.6,
            "rmsd_l_b": 0.0,
            "rmsd_u_b": 0.0
          },
          {
            "mode": 2,
            "affinity": -5.4,
            "rmsd_l_b": 1.849,
            "rmsd_u_b": 4.72
          },
          {
            "mode": 3,
            "affinity": -5.4,
            "rmsd_l_b": 2.156,
            "rmsd_u_b": 5.328
          },
          {
            "mode": 4,
            "affinity": -5.3,
            "rmsd_l_b": 3.46,
            "rmsd_u_b": 6.726
          },
          {
            "mode": 5,
            "affinity": -5.2,
            "rmsd_l_b": 2.498,
            "rmsd_u_b": 5.999
          },
          {
            "mode": 6,
            "affinity": -5.1,
            "rmsd_l_b": 2.128,
            "rmsd_u_b": 4.878
          },
          {
            "mode": 7,
            "affinity": -5.1,
            "rmsd_l_b": 2.506,
            "rmsd_u_b": 5.74
          },
          {
            "mode": 8,
            "affinity": -5.1,
            "rmsd_l_b": 2.471,
            "rmsd_u_b": 5.648
          },
          {
            "mode": 9,
            "affinity": -5.0,
            "rmsd_l_b": 2.627,
            "rmsd_u_b": 6.057
          }
        ]
      },
      {
        "run": 7,
        "seed": 14134,
        "average": {
          "affinity": -4.756,
          "rmsd_l_b": 2.004,
          "rmsd_u_b": 3.476
        },
        "modes": [
          {
            "mode": 1,
            "affinity": -5.0,
            "rmsd_l_b": 0.0,
            "rmsd_u_b": 0.0
          },
          {
            "mode": 2,
            "affinity": -5.0,
            "rmsd_l_b": 2.19,
            "rmsd_u_b": 5.417
          },
          {
            "mode": 3,
            "affinity": -4.9,
            "rmsd_l_b": 2.828,
            "rmsd_u_b": 3.636
          },
          {
            "mode": 4,
            "affinity": -4.9,
            "rmsd_l_b": 1.533,
            "rmsd_u_b": 2.248
          },
          {
            "mode": 5,
            "affinity": -4.8,
            "rmsd_l_b": 2.092,
            "rmsd_u_b": 2.819
          },
          {
            "mode": 6,
            "affinity": -4.7,
            "rmsd_l_b": 2.278,
            "rmsd_u_b": 3.401
          },
          {
            "mode": 7,
            "affinity": -4.5,
            "rmsd_l_b": 2.657,
            "rmsd_u_b": 4.871
          },
          {
            "mode": 8,
            "affinity": -4.5,
            "rmsd_l_b": 2.337,
            "rmsd_u_b": 3.067
          },
          {
            "mode": 9,
            "affinity": -4.5,
            "rmsd_l_b": 2.119,
            "rmsd_u_b": 5.826
          }
        ]
      },
      {
        "run": 8,
        "seed": 210707,
        "average": {
          "affinity": -5.0,
          "rmsd_l_b": 1.995,
          "rmsd_u_b": 3.545
        },
        "modes": [
          {
            "mode": 1,
            "affinity": -5.5,
            "rmsd_l_b": 0.0,
            "rmsd_u_b": 0.0
          },
          {
            "mode": 2,
            "affinity": -5.2,
            "rmsd_l_b": 1.914,
            "rmsd_u_b": 2.428
          },
          {
            "mode": 3,
            "affinity": -5.2,
            "rmsd_l_b": 1.815,
            "rmsd_u_b": 4.622
          },
          {
            "mode": 4,
            "affinity": -5.1,
            "rmsd_l_b": 3.091,
            "rmsd_u_b": 5.078
          },
          {
            "mode": 5,
            "affinity": -5.1,
            "rmsd_l_b": 1.787,
            "rmsd_u_b": 2.894
          },
          {
            "mode": 6,
            "affinity": -5.0,
            "rmsd_l_b": 2.673,
            "rmsd_u_b": 4.019
          },
          {
            "mode": 7,
            "affinity": -4.7,
            "rmsd_l_b": 2.25,
            "rmsd_u_b": 3.292
          },
          {
            "mode": 8,
            "affinity": -4.6,
            "rmsd_l_b": 1.923,
            "rmsd_u_b": 4.26
          },
          {
            "mode": 9,
            "affinity": -4.6,
            "rmsd_l_b": 2.503,
            "rmsd_u_b": 5.315
          }
        ]
      },
      {
        "run": 9,
        "seed": 158294,
        "average": {
          "affinity": -5.367,
          "rmsd_l_b": 2.08,
          "rmsd_u_b": 3.549
        },
        "modes": [
          {
            "mode": 1,
            "affinity": -5.6,
            "rmsd_l_b": 0.0,
            "rmsd_u_b": 0.0
          },
          {
            "mode": 2,
            "affinity": -5.5,
            "rmsd_l_b": 1.704,
            "rmsd_u_b": 4.761
          },
          {
            "mode": 3,
            "affinity": -5.5,
            "rmsd_l_b": 1.831,
            "rmsd_u_b": 2.855
          },
          {
            "mode": 4,
            "affinity": -5.5,
            "rmsd_l_b": 1.849,
            "rmsd_u_b": 2.539
          },
          {
            "mode": 5,
            "affinity": -5.4,
            "rmsd_l_b": 2.52,
            "rmsd_u_b": 4.149
          },
          {
            "mode": 6,
            "affinity": -5.4,
            "rmsd_l_b": 2.77,
            "rmsd_u_b": 4.704
          },
          {
            "mode": 7,
            "affinity": -5.2,
            "rmsd_l_b": 1.947,
            "rmsd_u_b": 2.67
          },
          {
            "mode": 8,
            "affinity": -5.1,
            "rmsd_l_b": 3.147,
            "rmsd_u_b": 5.668
          },
          {
            "mode": 9,
            "affinity": -5.1,
            "rmsd_l_b": 2.953,
            "rmsd_u_b": 4.592
          }
        ]
      },
      {
        "run": 10,
        "seed": 129016,
        "average": {
          "affinity": -5.256,
          "rmsd_l_b": 2.737,
          "rmsd_u_b": 4.192
        },
        "modes": [
          {
            "mode": 1,
            "affinity": -5.5,
            "rmsd_l_b": 0.0,
            "rmsd_u_b": 0.0
          },
          {
            "mode": 2,
            "affinity": -5.4,
            "rmsd_l_b": 3.407,
            "rmsd_u_b": 4.651
          },
          {
            "mode": 3,
            "affinity": -5.4,
            "rmsd_l_b": 3.7,
            "rmsd_u_b": 5.139
          },
          {
            "mode": 4,
            "affinity": -5.3,
            "rmsd_l_b": 1.634,
            "rmsd_u_b": 2.207
          },
          {
            "mode": 5,
            "affinity": -5.2,
            "rmsd_l_b": 3.821,
            "rmsd_u_b": 6.106
          },
          {
            "mode": 6,
            "affinity": -5.2,
            "rmsd_l_b": 2.153,
            "rmsd_u_b": 3.353
          },
          {
            "mode": 7,
            "affinity": -5.2,
            "rmsd_l_b": 3.242,
            "rmsd_u_b": 5.483
          },
          {
            "mode": 8,
            "affinity": -5.2,
            "rmsd_l_b": 2.956,
            "rmsd_u_b": 4.171
          },
          {
            "mode": 9,
            "affinity": -4.9,
            "rmsd_l_b": 3.723,
            "rmsd_u_b": 6.617
          }
        ]
      },
      {
        "run": 11,
        "seed": 151690,
        "average": {
          "affinity": -4.856,
          "rmsd_l_b": 2.278,
          "rmsd_u_b": 3.478
        },
        "modes": [
          {
            "mode": 1,
            "affinity": -5.1,
            "rmsd_l_b": 0.0,
            "rmsd_u_b": 0.0
          },
          {
            "mode": 2,
            "affinity": -5.0,
            "rmsd_l_b": 1.467,
            "rmsd_u_b": 2.136
          },
          {
            "mode": 3,
            "affinity": -4.9,
            "rmsd_l_b": 2.164,
            "rmsd_u_b": 5.252
          },
          {
            "mode": 4,
            "affinity": -4.9,
            "rmsd_l_b": 3.674,
            "rmsd_u_b": 5.238
          },
          {
            "mode": 5,
            "affinity": -4.9,
            "rmsd_l_b": 1.875,
            "rmsd_u_b": 2.808
          },
          {
            "mode": 6,
            "affinity": -4.9,
            "rmsd_l_b": 2.317,
            "rmsd_u_b": 3.223
          },
          {
            "mode": 7,
            "affinity": -4.8,
            "rmsd_l_b": 2.815,
            "rmsd_u_b": 3.793
          },
          {
            "mode": 8,
            "affinity": -4.7,
            "rmsd_l_b": 2.563,
            "rmsd_u_b": 4.043
          },
          {
            "mode": 9,
            "affinity": -4.5,
            "rmsd_l_b": 3.623,
            "rmsd_u_b": 4.813
          }
        ]
      },
      {
        "run": 12,
        "seed": 732419,
        "average": {
          "affinity": -5.211,
          "rmsd_l_b": 2.123,
          "rmsd_u_b": 4.811
        },
        "modes": [
          {
            "mode": 1,
            "affinity": -5.6,
            "rmsd_l_b": 0.0,
            "rmsd_u_b": 0.0
          },
          {
            "mode": 2,
            "affinity": -5.4,
            "rmsd_l_b": 2.085,
            "rmsd_u_b": 5.351
          },
          {
            "mode": 3,
            "affinity": -5.4,
            "rmsd_l_b": 1.947,
            "rmsd_u_b": 5.266
          },
          {
            "mode": 4,
            "affinity": -5.3,
            "rmsd_l_b": 2.359,
            "rmsd_u_b": 5.851
          },
          {
            "mode": 5,
            "affinity": -5.3,
            "rmsd_l_b": 2.853,
            "rmsd_u_b": 6.263
          },
          {
            "mode": 6,
            "affinity": -5.1,
            "rmsd_l_b": 2.502,
            "rmsd_u_b": 5.983
          },
          {
            "mode": 7,
            "affinity": -5.0,
            "rmsd_l_b": 2.593,
            "rmsd_u_b": 5.07
          },
          {
            "mode": 8,
            "affinity": -4.9,
            "rmsd_l_b": 2.21,
            "rmsd_u_b": 4.926
          },
          {
            "mode": 9,
            "affinity": -4.9,
            "rmsd_l_b": 2.555,
            "rmsd_u_b": 4.587
          }
        ]
      },
      {
        "run": 13,
        "seed": 796463,
        "average": {
          "affinity": -5.244,
          "rmsd_l_b": 2.117,
          "rmsd_u_b": 4.554
        },
        "modes": [
          {
            "mode": 1,
            "affinity": -5.6,
            "rmsd_l_b": 0.0,
            "rmsd_u_b": 0.0
          },
          {
            "mode": 2,
            "affinity": -5.6,
            "rmsd_l_b": 1.93,
            "rmsd_u_b": 4.793
          },
          {
            "mode": 3,
            "affinity": -5.5,
            "rmsd_l_b": 2.234,
            "rmsd_u_b": 5.339
          },
          {
            "mode": 4,
            "affinity": -5.4,
            "rmsd_l_b": 3.103,
            "rmsd_u_b": 6.543
          },
          {
            "mode": 5,
            "affinity": -5.3,
            "rmsd_l_b": 2.419,
            "rmsd_u_b": 4.636
          },
          {
            "mode": 6,
            "affinity": -5.2,
            "rmsd_l_b": 2.572,
            "rmsd_u_b": 5.818
          },
          {
            "mode": 7,
            "affinity": -4.9,
            "rmsd_l_b": 1.748,
            "rmsd_u_b": 2.453
          },
          {
            "mode": 8,
            "affinity": -4.9,
            "rmsd_l_b": 2.438,
            "rmsd_u_b": 5.745
          },
          {
            "mode": 9,
            "affinity": -4.8,
            "rmsd_l_b": 2.613,
            "rmsd_u_b": 5.661
          }
        ]
      },
      {
        "run": 14,
        "seed": 204152,
        "average": {
          "affinity": -4.822,
          "rmsd_l_b": 1.929,
          "rmsd_u_b": 3.282
        },
        "modes": [
          {
            "mode": 1,
            "affinity": -5.2,
            "rmsd_l_b": 0.0,
            "rmsd_u_b": 0.0
          },
          {
            "mode": 2,
            "affinity": -5.2,
            "rmsd_l_b": 2.036,
            "rmsd_u_b": 5.321
          },
          {
            "mode": 3,
            "affinity": -4.9,
            "rmsd_l_b": 1.686,
            "rmsd_u_b": 2.183
          },
          {
            "mode": 4,
            "affinity": -4.8,
            "rmsd_l_b": 2.292,
            "rmsd_u_b": 3.142
          },
          {
            "mode": 5,
            "affinity": -4.8,
            "rmsd_l_b": 2.005,
            "rmsd_u_b": 3.199
          },
          {
            "mode": 6,
            "affinity": -4.7,
            "rmsd_l_b": 2.928,
            "rmsd_u_b": 3.82
          },
          {
            "mode": 7,
            "affinity": -4.7,
            "rmsd_l_b": 1.543,
            "rmsd_u_b": 2.189
          },
          {
            "mode": 8,
            "affinity": -4.6,
            "rmsd_l_b": 2.757,
            "rmsd_u_b": 3.869
          },
          {
            "mode": 9,
            "affinity": -4.5,
            "rmsd_l_b": 2.113,
            "rmsd_u_b": 5.818
          }
        ]
      },
      {
        "run": 15,
        "seed": 679171,
        "average": {
          "affinity": -5.311,
          "rmsd_l_b": 1.902,
          "rmsd_u_b": 3.117
        },
        "modes": [
          {
            "mode": 1,
            "affinity": -5.7,
            "rmsd_l_b": 0.0,
            "rmsd_u_b": 0.0
          },
          {
            "mode": 2,
            "affinity": -5.5,
            "rmsd_l_b": 2.022,
            "rmsd_u_b": 5.294
          },
          {
            "mode": 3,
            "affinity": -5.4,
            "rmsd_l_b": 1.493,
            "rmsd_u_b": 2.096
          },
          {
            "mode": 4,
            "affinity": -5.4,
            "rmsd_l_b": 1.798,
            "rmsd_u_b": 2.062
          },
          {
            "mode": 5,
            "affinity": -5.3,
            "rmsd_l_b": 2.588,
            "rmsd_u_b": 4.101
          },
          {
            "mode": 6,
            "affinity": -5.2,
            "rmsd_l_b": 2.001,
            "rmsd_u_b": 2.96
          },
          {
            "mode": 7,
            "affinity": -5.2,
            "rmsd_l_b": 2.184,
            "rmsd_u_b": 3.429
          },
          {
            "mode": 8,
            "affinity": -5.1,
            "rmsd_l_b": 2.315,
            "rmsd_u_b": 3.918
          },
          {
            "mode": 9,
            "affinity": -5.0,
            "rmsd_l_b": 2.717,
            "rmsd_u_b": 4.193
          }
        ]
      },
      {
        "run": 16,
        "seed": 365502,
        "average": {
          "affinity": -5.278,
          "rmsd_l_b": 1.882,
          "rmsd_u_b": 3.244
        },
        "modes": [
          {
            "mode": 1,
            "affinity": -5.6,
            "rmsd_l_b": 0.0,
            "rmsd_u_b": 0.0
          },
          {
            "mode": 2,
            "affinity": -5.4,
            "rmsd_l_b": 2.74,
            "rmsd_u_b": 4.41
          },
          {
            "mode": 3,
            "affinity": -5.4,
            "rmsd_l_b": 2.092,
            "rmsd_u_b": 5.232
          },
          {
            "mode": 4,
            "affinity": -5.3,
            "rmsd_l_b": 2.158,
            "rmsd_u_b": 3.286
          },
          {
            "mode": 5,
            "affinity": -5.2,
            "rmsd_l_b": 1.442,
            "rmsd_u_b": 2.119
          },
          {
            "mode": 6,
            "affinity": -5.2,
            "rmsd_l_b": 2.362,
            "rmsd_u_b": 3.843
          },
          {
            "mode": 7,
            "affinity": -5.2,
            "rmsd_l_b": 1.625,
            "rmsd_u_b": 2.386
          },
          {
            "mode": 8,
            "affinity": -5.2,
            "rmsd_l_b": 2.169,
            "rmsd_u_b": 3.398
          },
          {
            "mode": 9,
            "affinity": -5.0,
            "rmsd_l_b": 2.349,
            "rmsd_u_b": 4.525
          }
        ]
      },
      {
        "run": 17,
        "seed": 907842,
        "average": {
          "affinity": -5.222,
          "rmsd_l_b": 1.813,
          "rmsd_u_b": 3.009
        },
        "modes": [
          {
            "mode": 1,
            "affinity": -5.7,
            "rmsd_l_b": 0.0,
            "rmsd_u_b": 0.0
          },
          {
            "mode": 2,
            "affinity": -5.6,
            "rmsd_l_b": 1.85,
            "rmsd_u_b": 4.967
          },
          {
            "mode": 3,
            "affinity": -5.4,
            "rmsd_l_b": 1.575,
            "rmsd_u_b": 2.133
          },
          {
            "mode": 4,
            "affinity": -5.3,
            "rmsd_l_b": 2.368,
            "rmsd_u_b": 3.973
          },
          {
            "mode": 5,
            "affinity": -5.2,
            "rmsd_l_b": 2.388,
            "rmsd_u_b": 3.834
          },
          {
            "mode": 6,
            "affinity": -5.1,
            "rmsd_l_b": 1.516,
            "rmsd_u_b": 1.76
          },
          {
            "mode": 7,
            "affinity": -5.0,
            "rmsd_l_b": 2.549,
            "rmsd_u_b": 4.268
          },
          {
            "mode": 8,
            "affinity": -4.9,
            "rmsd_l_b": 1.829,
            "rmsd_u_b": 2.392
          },
          {
            "mode": 9,
            "affinity": -4.8,
            "rmsd_l_b": 2.243,
            "rmsd_u_b": 3.751
          }
        ]
      },
      {
        "run": 18,
        "seed": 683765,
        "average": {
          "affinity": -5.267,
          "rmsd_l_b": 1.929,
          "rmsd_u_b": 3.203
        },
        "modes": [
          {
            "mode": 1,
            "affinity": -5.5,
            "rmsd_l_b": 0.0,
            "rmsd_u_b": 0.0
          },
          {
            "mode": 2,
            "affinity": -5.4,
            "rmsd_l_b": 2.133,
            "rmsd_u_b": 3.555
          },
          {
            "mode": 3,
            "affinity": -5.3,
            "rmsd_l_b": 2.655,
            "rmsd_u_b": 4.325
          },
          {
            "mode": 4,
            "affinity": -5.3,
            "rmsd_l_b": 1.916,
            "rmsd_u_b": 2.59
          },
          {
            "mode": 5,
            "affinity": -5.3,
            "rmsd_l_b": 1.516,
            "rmsd_u_b": 1.921
          },
          {
            "mode": 6,
            "affinity": -5.2,
            "rmsd_l_b": 1.857,
            "rmsd_u_b": 4.574
          },
          {
            "mode": 7,
            "affinity": -5.2,
            "rmsd_l_b": 2.082,
            "rmsd_u_b": 3.288
          },
          {
            "mode": 8,
            "affinity": -5.2,
            "rmsd_l_b": 1.892,
            "rmsd_u_b": 3.06
          },
          {
            "mode": 9,
            "affinity": -5.0,
            "rmsd_l_b": 3.314,
            "rmsd_u_b": 5.512
          }
        ]
      },
      {
        "run": 19,
        "seed": 899885,
        "average": {
          "affinity": -5.256,
          "rmsd_l_b": 1.851,
          "rmsd_u_b": 3.042
        },
        "modes": [
          {
            "mode": 1,
            "affinity": -5.5,
            "rmsd_l_b": 0.0,
            "rmsd_u_b": 0.0
          },
          {
            "mode": 2,
            "affinity": -5.4,
            "rmsd_l_b": 1.443,
            "rmsd_u_b": 2.153
          },
          {
            "mode": 3,
            "affinity": -5.3,
            "rmsd_l_b": 3.276,
            "rmsd_u_b": 5.128
          },
          {
            "mode": 4,
            "affinity": -5.3,
            "rmsd_l_b": 2.207,
            "rmsd_u_b": 3.535
          },
          {
            "mode": 5,
            "affinity": -5.2,
            "rmsd_l_b": 1.812,
            "rmsd_u_b": 2.267
          },
          {
            "mode": 6,
            "affinity": -5.2,
            "rmsd_l_b": 1.957,
            "rmsd_u_b": 4.953
          },
          {
            "mode": 7,
            "affinity": -5.2,
            "rmsd_l_b": 1.924,
            "rmsd_u_b": 3.263
          },
          {
            "mode": 8,
            "affinity": -5.1,
            "rmsd_l_b": 1.685,
            "rmsd_u_b": 2.208
          },
          {
            "mode": 9,
            "affinity": -5.1,
            "rmsd_l_b": 2.354,
            "rmsd_u_b": 3.875
          }
        ]
      },
      {
        "run": 20,
        "seed": 525139,
        "average": {
          "affinity": -5.211,
          "rmsd_l_b": 2.116,
          "rmsd_u_b": 4.744
        },
        "modes": [
          {
            "mode": 1,
            "affinity": -5.4,
            "rmsd_l_b": 0.0,
            "rmsd_u_b": 0.0
          },
          {
            "mode": 2,
            "affinity": -5.4,
            "rmsd_l_b": 1.847,
            "rmsd_u_b": 4.801
          },
          {
            "mode": 3,
            "affinity": -5.3,
            "rmsd_l_b": 2.704,
            "rmsd_u_b": 4.848
          },
          {
            "mode": 4,
            "affinity": -5.3,
            "rmsd_l_b": 2.531,
            "rmsd_u_b": 4.633
          },
          {
            "mode": 5,
            "affinity": -5.2,
            "rmsd_l_b": 2.401,
            "rmsd_u_b": 5.904
          },
          {
            "mode": 6,
            "affinity": -5.2,
            "rmsd_l_b": 2.259,
            "rmsd_u_b": 5.701
          },
          {
            "mode": 7,
            "affinity": -5.1,
            "rmsd_l_b": 2.423,
            "rmsd_u_b": 5.578
          },
          {
            "mode": 8,
            "affinity": -5.1,
            "rmsd_l_b": 2.671,
            "rmsd_u_b": 6.052
          },
          {
            "mode": 9,
            "affinity": -4.9,
            "rmsd_l_b": 2.209,
            "rmsd_u_b": 5.179
          }
        ]
      }
    ]
  }
}