{
  "rmsd": 2.215,
  "rmsd_method": "C-alpha coordinates",
  "rmsd_tool": "BioPython",
  "docking": {
    "average_affinity": -4.633,
    "runs": [
      {
        "run": 1,
        "seed": 527278,
        "average": {
          "affinity": -5.044,
          "rmsd_l_b": 2.438,
          "rmsd_u_b": 7.555
        },
        "modes": [
          {
            "mode": 1,
            "affinity": -5.2,
            "rmsd_l_b": 0.0,
            "rmsd_u_b": 0.0
          },
          {
            "mode": 2,
            "affinity": -5.1,
            "rmsd_l_b": 1.809,
            "rmsd_u_b": 4.18
          },
          {
            "mode": 3,
            "affinity": -5.1,
            "rmsd_l_b": 2.116,
            "rmsd_u_b": 9.964
          },
          {
            "mode": 4,
            "affinity": -5.1,
            "rmsd_l_b": 2.801,
            "rmsd_u_b": 10.079
          },
          {
            "mode": 5,
            "affinity": -5.0,
            "rmsd_l_b": 2.049,
            "rmsd_u_b": 4.325
          },
          {
            "mode": 6,
            "affinity": -5.0,
            "rmsd_l_b": 2.204,
            "rmsd_u_b": 9.904
          },
          {
            "mode": 7,
            "affinity": -5.0,
            "rmsd_l_b": 5.856,
            "rmsd_u_b": 10.461
          },
          {
            "mode": 8,
            "affinity": -5.0,
            "rmsd_l_b": 2.148,
            "rmsd_u_b": 9.795
          },
          {
            "mode": 9,
            "affinity": -4.9,
            "rmsd_l_b": 2.961,
            "rmsd_u_b": 9.286
          }
        ]
      },
      {
        "run": 2,
        "seed": 889637,
        "average": {
          "affinity": -5.0,
          "rmsd_l_b": 1.91,
          "rmsd_u_b": 5.643
        },
        "modes": [
          {
            "mode": 1,
            "affinity": -5.2,
            "rmsd_l_b": 0.0,
            "rmsd_u_b": 0.0
          },
          {
            "mode": 2,
            "affinity": -5.2,
            "rmsd_l_b": 1.546,
            "rmsd_u_b": 2.255
          },
          {
            "mode": 3,
            "affinity": -5.1,
            "rmsd_l_b": 1.386,
            "rmsd_u_b": 3.873
          },
          {
            "mode": 4,
            "affinity": -5.0,
            "rmsd_l_b": 2.213,
            "rmsd_u_b": 9.636
          },
          {
            "mode": 5,
            "affinity": -5.0,
            "rmsd_l_b": 2.899,
            "rmsd_u_b": 5.22
          },
          {
            "mode": 6,
            "affinity": -4.9,
            "rmsd_l_b": 2.851,
            "rmsd_u_b": 10.013
          },
          {
            "mode": 7,
            "affinity": -4.9,
            "rmsd_l_b": 2.406,
            "rmsd_u_b": 8.799
          },
          {
            "mode": 8,
            "affinity": -4.9,
            "rmsd_l_b": 1.314,
            "rmsd_u_b": 1.989
          },
          {
            "mode": 9,
            "affinity": -4.8,
            "rmsd_l_b": 2.572,
            "rmsd_u_b": 9.002
          }
        ]
      },
      {
        "run": 3,
        "seed": 579886,
        "average": {
          "affinity": -4.9,
          "rmsd_l_b": 2.482,
          "rmsd_u_b": 5.881
        },
        "modes": [
          {
            "mode": 1,
            "affinity": -5.0,
            "rmsd_l_b": 0.0,
            "rmsd_u_b": 0.0
          },
          {
            "mode": 2,
            "affinity": -4.9,
            "rmsd_l_b": 2.252,
            "rmsd_u_b": 3.16
          },
          {
            "mode": 3,
            "affinity": -4.9,
            "rmsd_l_b": 1.737,
            "rmsd_u_b": 2.684
          },
          {
            "mode": 4,
            "affinity": -4.9,
            "rmsd_l_b": 2.348,
            "rmsd_u_b": 10.475
          },
          {
            "mode": 5,
            "affinity": -4.9,
            "rmsd_l_b": 2.255,
            "rmsd_u_b": 3.011
          },
          {
            "mode": 6,
            "affinity": -4.9,
            "rmsd_l_b": 2.688,
            "rmsd_u_b": 10.455
          },
          {
            "mode": 7,
            "affinity": -4.9,
            "rmsd_l_b": 2.485,
            "rmsd_u_b": 10.48
          },
          {
            "mode": 8,
            "affinity": -4.9,
            "rmsd_l_b": 1.788,
            "rmsd_u_b": 2.448
          },
          {
            "mode": 9,
            "affinity": -4.8,
            "rmsd_l_b": 6.785,
            "rmsd_u_b": 10.219
          }
        ]
      },
      {
        "run": 4,
        "seed": 365978,
        "average": {
          "affinity": -4.489,
          "rmsd_l_b": 2.436,
          "rmsd_u_b": 7.489
        },
        "modes": [
          {
            "mode": 1,
            "affinity": -4.6,
            "rmsd_l_b": 0.0,
            "rmsd_u_b": 0.0
          },
          {
            "mode": 2,
            "affinity": -4.6,
            "rmsd_l_b": 4.639,
            "rmsd_u_b": 10.128
          },
          {
            "mode": 3,
            "affinity": -4.6,
            "rmsd_l_b": 2.526,
            "rmsd_u_b": 9.601
          },
          {
            "mode": 4,
            "affinity": -4.6,
            "rmsd_l_b": 1.914,
            "rmsd_u_b": 3.699
          },
          {
            "mode": 5,
            "affinity": -4.5,
            "rmsd_l_b": 2.617,
            "rmsd_u_b": 9.705
          },
          {
            "mode": 6,
            "affinity": -4.4,
            "rmsd_l_b": 2.139,
            "rmsd_u_b": 8.803
          },
          {
            "mode": 7,
            "affinity": -4.4,
            "rmsd_l_b": 2.392,
            "rmsd_u_b": 9.959
          },
          {
            "mode": 8,
            "affinity": -4.4,
            "rmsd_l_b": 2.745,
            "rmsd_u_b": 9.995
          },
          {
            "mode": 9,
            "affinity": -4.3,
            "rmsd_l_b": 2.951,
            "rmsd_u_b": 5.512
          }
        ]
      },
      {
        "run": 5,
        "seed": 355817,
        "average": {
          "affinity": -4.5,
          "rmsd_l_b": 3.091,
          "rmsd_u_b": 6.863
        },
        "modes": [
          {
            "mode": 1,
            "affinity": -4.8,
            "rmsd_l_b": 0.0,
            "rmsd_u_b": 0.0
          },
          {
            "mode": 2,
            "affinity": -4.6,
            "rmsd_l_b": 1.362,
            "rmsd_u_b": 1.877
          },
          {
            "mode": 3,
            "affinity": -4.6,
            "rmsd_l_b": 5.255,
            "rmsd_u_b": 10.406
          },
          {
            "mode": 4,
            "affinity": -4.5,
            "rmsd_l_b": 2.663,
            "rmsd_u_b": 9.986
          },
          {
            "mode": 5,
            "affinity": -4.5,
            "rmsd_l_b": 5.888,
            "rmsd_u_b": 10.298
          },
          {
            "mode": 6,
            "affinity": -4.4,
            "rmsd_l_b": 1.456,
            "rmsd_u_b": 1.89
          },
          {
            "mode": 7,
            "affinity": -4.4,
            "rmsd_l_b": 2.779,
            "rmsd_u_b": 9.004
          },
          {
            "mode": 8,
            "affinity": -4.4,
            "rmsd_l_b": 2.193,
            "rmsd_u_b": 8.305
          },
          {
            "mode": 9,
            "affinity": -4.3,
            "rmsd_l_b": 6.22,
            "rmsd_u_b": 9.998
          }
        ]
      },
      {
        "run": 6,
        "seed": 622012,
        "average": {
          "affinity": -4.567,
          "rmsd_l_b": 2.725,
          "rmsd_u_b": 6.869
        },
        "modes": [
          {
            "mode": 1,
            "affinity": -4.8,
            "rmsd_l_b": 0.0,
            "rmsd_u_b": 0.0
          },
          {
            "mode": 2,
            "affinity": -4.7,
            "rmsd_l_b": 2.041,
            "rmsd_u_b": 4.295
          },
          {
            "mode": 3,
            "affinity": -4.7,
            "rmsd_l_b": 5.267,
            "rmsd_u_b": 10.152
          },
          {
            "mode": 4,
            "affinity": -4.7,
            "rmsd_l_b": 4.844,
            "rmsd_u_b": 9.93
          },
          {
            "mode": 5,
            "affinity": -4.5,
            "rmsd_l_b": 2.513,
            "rmsd_u_b": 9.835
          },
          {
            "mode": 6,
            "affinity": -4.5,
            "rmsd_l_b": 1.879,
            "rmsd_u_b": 2.657
          },
          {
            "mode": 7,
            "affinity": -4.4,
            "rmsd_l_b": 2.718,
            "rmsd_u_b": 8.996
          },
          {
            "mode": 8,
            "affinity": -4.4,
            "rmsd_l_b": 2.695,
            "rmsd_u_b": 9.934
          },
          {
            "mode": 9,
            "affinity": -4.4,
            "rmsd_l_b": 2.567,
            "rmsd_u_b": 6.02
          }
        ]
      },
      {
        "run": 7,
        "seed": 683418,
        "average": {
          "affinity": -4.5,
          "rmsd_l_b": 2.91,
          "rmsd_u_b": 8.124
        },
        "modes": [
          {
            "mode": 1,
            "affinity": -4.7,
            "rmsd_l_b": 0.0,
            "rmsd_u_b": 0.0
          },
          {
            "mode": 2,
            "affinity": -4.6,
            "rmsd_l_b": 2.511,
            "rmsd_u_b": 9.581
          },
          {
            "mode": 3,
            "affinity": -4.6,
            "rmsd_l_b": 2.526,
            "rmsd_u_b": 9.752
          },
          {
            "mode": 4,
            "affinity": -4.5,
            "rmsd_l_b": 2.304,
            "rmsd_u_b": 9.966
          },
          {
            "mode": 5,
            "affinity": -4.5,
            "rmsd_l_b": 2.674,
            "rmsd_u_b": 9.944
          },
          {
            "mode": 6,
            "affinity": -4.4,
            "rmsd_l_b": 6.485,
            "rmsd_u_b": 10.455
          },
          {
            "mode": 7,
            "affinity": -4.4,
            "rmsd_l_b": 4.713,
            "rmsd_u_b": 10.281
          },
          {
            "mode": 8,
            "affinity": -4.4,
            "rmsd_l_b": 2.552,
            "rmsd_u_b": 8.95
          },
          {
            "mode": 9,
            "affinity": -4.4,
            "rmsd_l_b": 2.427,
            "rmsd_u_b": 4.183
          }
        ]
      },
      {
        "run": 8,
        "seed": 729077,
        "average": {
          "affinity": -4.744,
          "rmsd_l_b": 2.907,
          "rmsd_u_b": 7.486
        },
        "modes": [
          {
            "mode": 1,
            "affinity": -4.9,
            "rmsd_l_b": 0.0,
            "rmsd_u_b": 0.0
          },
          {
            "mode": 2,
            "affinity": -4.8,
            "rmsd_l_b": 3.034,
            "rmsd_u_b": 8.59
          },
          {
            "mode": 3,
            "affinity": -4.8,
            "rmsd_l_b": 1.424,
            "rmsd_u_b": 2.769
          },
          {
            "mode": 4,
            "affinity": -4.8,
            "rmsd_l_b": 2.271,
            "rmsd_u_b": 9.937
          },
          {
            "mode": 5,
            "affinity": -4.7,
            "rmsd_l_b": 2.318,
            "rmsd_u_b": 9.973
          },
          {
            "mode": 6,
            "affinity": -4.7,
            "rmsd_l_b": 2.667,
            "rmsd_u_b": 9.962
          },
          {
            "mode": 7,
            "affinity": -4.7,
            "rmsd_l_b": 1.761,
            "rmsd_u_b": 2.813
          },
          {
            "mode": 8,
            "affinity": -4.7,
            "rmsd_l_b": 7.055,
            "rmsd_u_b": 12.155
          },
          {
            "mode": 9,
            "affinity": -4.6,
            "rmsd_l_b": 5.631,
            "rmsd_u_b": 11.178
          }
        ]
      },
      {
        "run": 9,
        "seed": 524780,
        "average": {
          "affinity": -4.567,
          "rmsd_l_b": 2.437,
          "rmsd_u_b": 6.195
        },
        "modes": [
          {
            "mode": 1,
            "affinity": -4.7,
            "rmsd_l_b": 0.0,
            "rmsd_u_b": 0.0
          },
          {
            "mode": 2,
            "affinity": -4.7,
            "rmsd_l_b": 2.532,
            "rmsd_u_b": 9.628
          },
          {
            "mode": 3,
            "affinity": -4.7,
            "rmsd_l_b": 1.554,
            "rmsd_u_b": 2.204
          },
          {
            "mode": 4,
            "affinity": -4.6,
            "rmsd_l_b": 4.76,
            "rmsd_u_b": 10.261
          },
          {
            "mode": 5,
            "affinity": -4.5,
            "rmsd_l_b": 1.334,
            "rmsd_u_b": 2.01
          },
          {
            "mode": 6,
            "affinity": -4.5,
            "rmsd_l_b": 2.041,
            "rmsd_u_b": 2.849
          },
          {
            "mode": 7,
            "affinity": -4.5,
            "rmsd_l_b": 2.724,
            "rmsd_u_b": 9.887
          },
          {
            "mode": 8,
            "affinity": -4.5,
            "rmsd_l_b": 4.884,
            "rmsd_u_b": 10.26
          },
          {
            "mode": 9,
            "affinity": -4.4,
            "rmsd_l_b": 2.1,
            "rmsd_u_b": 8.66
          }
        ]
      },
      {
        "run": 10,
        "seed": 220318,
        "average": {
          "affinity": -4.433,
          "rmsd_l_b": 2.032,
          "rmsd_u_b": 6.914
        },
        "modes": [
          {
            "mode": 1,
            "affinity": -4.6,
            "rmsd_l_b": 0.0,
            "rmsd_u_b": 0.0
          },
          {
            "mode": 2,
            "affinity": -4.6,
            "rmsd_l_b": 1.459,
            "rmsd_u_b": 2.084
          },
          {
            "mode": 3,
            "affinity": -4.6,
            "rmsd_l_b": 2.515,
            "rmsd_u_b": 9.585
          },
          {
            "mode": 4,
            "affinity": -4.5,
            "rmsd_l_b": 2.71,
            "rmsd_u_b": 10.011
          },
          {
            "mode": 5,
            "affinity": -4.4,
            "rmsd_l_b": 2.584,
            "rmsd_u_b": 9.085
          },
          {
            "mode": 6,
            "affinity": -4.4,
            "rmsd_l_b": 2.267,
            "rmsd_u_b": 9.91
          },
          {
            "mode": 7,
            "affinity": -4.3,
            "rmsd_l_b": 2.307,
            "rmsd_u_b": 9.714
          },
          {
            "mode": 8,
            "affinity": -4.3,
            "rmsd_l_b": 2.551,
            "rmsd_u_b": 9.001
          },
          {
            "mode": 9,
            "affinity": -4.2,
            "rmsd_l_b": 1.899,
            "rmsd_u_b": 2.837
          }
        ]
      },
      {
        "run": 11,
        "seed": 156947,
        "average": {
          "affinity": -5.0,
          "rmsd_l_b": 2.924,
          "rmsd_u_b": 6.762
        },
        "modes": [
          {
            "mode": 1,
            "affinity": -5.2,
            "rmsd_l_b": 0.0,
            "rmsd_u_b": 0.0
          },
          {
            "mode": 2,
            "affinity": -5.1,
            "rmsd_l_b": 1.572,
            "rmsd_u_b": 2.199
          },
          {
            "mode": 3,
            "affinity": -5.1,
            "rmsd_l_b": 5.524,
            "rmsd_u_b": 10.455
          },
          {
            "mode": 4,
            "affinity": -5.0,
            "rmsd_l_b": 1.661,
            "rmsd_u_b": 3.386
          },
          {
            "mode": 5,
            "affinity": -5.0,
            "rmsd_l_b": 2.923,
            "rmsd_u_b": 10.062
          },
          {
            "mode": 6,
            "affinity": -4.9,
            "rmsd_l_b": 2.301,
            "rmsd_u_b": 8.911
          },
          {
            "mode": 7,
            "affinity": -4.9,
            "rmsd_l_b": 4.864,
            "rmsd_u_b": 10.194
          },
          {
            "mode": 8,
            "affinity": -4.9,
            "rmsd_l_b": 3.837,
            "rmsd_u_b": 8.274
          },
          {
            "mode": 9,
            "affinity": -4.9,
            "rmsd_l_b": 3.637,
            "rmsd_u_b": 7.377
          }
        ]
      },
      {
        "run": 12,
        "seed": 609618,
        "average": {
          "affinity": -4.233,
          "rmsd_l_b": 2.049,
          "rmsd_u_b": 5.516
        },
        "modes": [
          {
            "mode": 1,
            "affinity": -4.4,
            "rmsd_l_b": 0.0,
            "rmsd_u_b": 0.0
          },
          {
            "mode": 2,
            "affinity": -4.4,
            "rmsd_l_b": 1.214,
            "rmsd_u_b": 1.87
          },
          {
            "mode": 3,
            "affinity": -4.3,
            "rmsd_l_b": 1.962,
            "rmsd_u_b": 4.062
          },
          {
            "mode": 4,
            "affinity": -4.2,
            "rmsd_l_b": 2.702,
            "rmsd_u_b": 9.063
          },
          {
            "mode": 5,
            "affinity": -4.2,
            "rmsd_l_b": 2.062,
            "rmsd_u_b": 2.925
          },
          {
            "mode": 6,
            "affinity": -4.2,
            "rmsd_l_b": 3.378,
            "rmsd_u_b": 9.548
          },
          {
            "mode": 7,
            "affinity": -4.2,
            "rmsd_l_b": 1.897,
            "rmsd_u_b": 2.786
          },
          {
            "mode": 8,
            "affinity": -4.1,
            "rmsd_l_b": 2.619,
            "rmsd_u_b": 10.076
          },
          {
            "mode": 9,
            "affinity": -4.1,
            "rmsd_l_b": 2.606,
            "rmsd_u_b": 9.318
          }
        ]
      },
      {
        "run": 13,
        "seed": 560700,
        "average": {
          "affinity": -4.811,
          "rmsd_l_b": 2.914,
          "rmsd_u_b": 7.627
        },
        "modes": [
          {
            "mode": 1,
            "affinity": -5.0,
            "rmsd_l_b": 0.0,
            "rmsd_u_b": 0.0
          },
          {
            "mode": 2,
            "affinity": -4.9,
            "rmsd_l_b": 2.251,
            "rmsd_u_b": 10.035
          },
          {
            "mode": 3,
            "affinity": -4.8,
            "rmsd_l_b": 6.577,
            "rmsd_u_b": 11.291
          },
          {
            "mode": 4,
            "affinity": -4.8,
            "rmsd_l_b": 1.425,
            "rmsd_u_b": 2.65
          },
          {
            "mode": 5,
            "affinity": -4.8,
            "rmsd_l_b": 1.793,
            "rmsd_u_b": 2.802
          },
          {
            "mode": 6,
            "affinity": -4.8,
            "rmsd_l_b": 2.25,
            "rmsd_u_b": 9.854
          },
          {
            "mode": 7,
            "affinity": -4.8,
            "rmsd_l_b": 2.755,
            "rmsd_u_b": 10.205
          },
          {
            "mode": 8,
            "affinity": -4.7,
            "rmsd_l_b": 7.339,
            "rmsd_u_b": 11.949
          },
          {
            "mode": 9,
            "affinity": -4.7,
            "rmsd_l_b": 1.838,
            "rmsd_u_b": 9.856
          }
        ]
      },
      {
        "run": 14,
        "seed": 522420,
        "average": {
          "affinity": -4.278,
          "rmsd_l_b": 3.539,
          "rmsd_u_b": 8.261
        },
        "modes": [
          {
            "mode": 1,
            "affinity": -4.5,
            "rmsd_l_b": 0.0,
            "rmsd_u_b": 0.0
          },
          {
            "mode": 2,
            "affinity": -4.5,
            "rmsd_l_b": 5.553,
            "rmsd_u_b": 10.166
          },
          {
            "mode": 3,
            "affinity": -4.4,
            "rmsd_l_b": 5.715,
            "rmsd_u_b": 10.15
          },
          {
            "mode": 4,
            "affinity": -4.4,
            "rmsd_l_b": 2.681,
            "rmsd_u_b": 10.317
          },
          {
            "mode": 5,
            "affinity": -4.2,
            "rmsd_l_b": 2.326,
            "rmsd_u_b": 8.885
          },
          {
            "mode": 6,
            "affinity": -4.2,
            "rmsd_l_b": 3.544,
            "rmsd_u_b": 9.559
          },
          {
            "mode": 7,
            "affinity": -4.1,
            "rmsd_l_b": 6.042,
            "rmsd_u_b": 10.007
          },
          {
            "mode": 8,
            "affinity": -4.1,
            "rmsd_l_b": 3.294,
            "rmsd_u_b": 6.179
          },
          {
            "mode": 9,
            "affinity": -4.1,
            "rmsd_l_b": 2.698,
            "rmsd_u_b": 9.086
          }
        ]
      },
      {
        "run": 15,
        "seed": 57009,
        "average": {
          "affinity": -4.811,
          "rmsd_l_b": 3.246,
          "rmsd_u_b": 8.48
        },
        "modes": [
          {
            "mode": 1,
            "affinity": -5.0,
            "rmsd_l_b": 0.0,
            "rmsd_u_b": 0.0
          },
          {
            "mode": 2,
            "affinity": -5.0,
            "rmsd_l_b": 6.282,
            "rmsd_u_b": 11.453
          },
          {
            "mode": 3,
            "affinity": -4.8,
            "rmsd_l_b": 1.563,
            "rmsd_u_b": 2.65
          },
          {
            "mode": 4,
            "affinity": -4.8,
            "rmsd_l_b": 2.549,
            "rmsd_u_b": 9.716
          },
          {
            "mode": 5,
            "affinity": -4.8,
            "rmsd_l_b": 5.719,
            "rmsd_u_b": 11.142
          },
          {
            "mode": 6,
            "affinity": -4.8,
            "rmsd_l_b": 2.385,
            "rmsd_u_b": 9.705
          },
          {
            "mode": 7,
            "affinity": -4.7,
            "rmsd_l_b": 2.446,
            "rmsd_u_b": 9.962
          },
          {
            "mode": 8,
            "affinity": -4.7,
            "rmsd_l_b": 2.625,
            "rmsd_u_b": 10.415
          },
          {
            "mode": 9,
            "affinity": -4.7,
            "rmsd_l_b": 5.649,
            "rmsd_u_b": 11.278
          }
        ]
      },
      {
        "run": 16,
        "seed": 442819,
        "average": {
          "affinity": -4.8,
          "rmsd_l_b": 2.393,
          "rmsd_u_b": 6.056
        },
        "modes": [
          {
            "mode": 1,
            "affinity": -5.0,
            "rmsd_l_b": 0.0,
            "rmsd_u_b": 0.0
          },
          {
            "mode": 2,
            "affinity": -4.9,
            "rmsd_l_b": 2.543,
            "rmsd_u_b": 10.313
          },
          {
            "mode": 3,
            "affinity": -4.9,
            "rmsd_l_b": 2.318,
            "rmsd_u_b": 3.082
          },
          {
            "mode": 4,
            "affinity": -4.8,
            "rmsd_l_b": 1.681,
            "rmsd_u_b": 2.916
          },
          {
            "mode": 5,
            "affinity": -4.8,
            "rmsd_l_b": 2.269,
            "rmsd_u_b": 3.213
          },
          {
            "mode": 6,
            "affinity": -4.8,
            "rmsd_l_b": 2.953,
            "rmsd_u_b": 10.637
          },
          {
            "mode": 7,
            "affinity": -4.7,
            "rmsd_l_b": 4.262,
            "rmsd_u_b": 9.108
          },
          {
            "mode": 8,
            "affinity": -4.7,
            "rmsd_l_b": 2.637,
            "rmsd_u_b": 10.477
          },
          {
            "mode": 9,
            "affinity": -4.6,
            "rmsd_l_b": 2.877,
            "rmsd_u_b": 4.758
          }
        ]
      },
      {
        "run": 17,
        "seed": 38997,
        "average": {
          "affinity": -4.444,
          "rmsd_l_b": 3.093,
          "rmsd_u_b": 6.275
        },
        "modes": [
          {
            "mode": 1,
            "affinity": -4.6,
            "rmsd_l_b": 0.0,
            "rmsd_u_b": 0.0
          },
          {
            "mode": 2,
            "affinity": -4.6,
            "rmsd_l_b": 4.634,
            "rmsd_u_b": 10.114
          },
          {
            "mode": 3,
            "affinity": -4.4,
            "rmsd_l_b": 5.416,
            "rmsd_u_b": 10.259
          },
          {
            "mode": 4,
            "affinity": -4.4,
            "rmsd_l_b": 1.703,
            "rmsd_u_b": 2.752
          },
          {
            "mode": 5,
            "affinity": -4.4,
            "rmsd_l_b": 2.254,
            "rmsd_u_b": 3.53
          },
          {
            "mode": 6,
            "affinity": -4.4,
            "rmsd_l_b": 2.537,
            "rmsd_u_b": 9.824
          },
          {
            "mode": 7,
            "affinity": -4.4,
            "rmsd_l_b": 2.11,
            "rmsd_u_b": 4.034
          },
          {
            "mode": 8,
            "affinity": -4.4,
            "rmsd_l_b": 2.727,
            "rmsd_u_b": 6.096
          },
          {
            "mode": 9,
            "affinity": -4.4,
            "rmsd_l_b": 6.456,
            "rmsd_u_b": 9.868
          }
        ]
      },
      {
        "run": 18,
        "seed": 424543,
        "average": {
          "affinity": -4.344,
          "rmsd_l_b": 2.276,
          "rmsd_u_b": 6.243
        },
        "modes": [
          {
            "mode": 1,
            "affinity": -4.7,
            "rmsd_l_b": 0.0,
            "rmsd_u_b": 0.0
          },
          {
            "mode": 2,
            "affinity": -4.5,
            "rmsd_l_b": 2.474,
            "rmsd_u_b": 9.922
          },
          {
            "mode": 3,
            "affinity": -4.4,
            "rmsd_l_b": 2.157,
            "rmsd_u_b": 8.996
          },
          {
            "mode": 4,
            "affinity": -4.3,
            "rmsd_l_b": 3.394,
            "rmsd_u_b": 9.567
          },
          {
            "mode": 5,
            "affinity": -4.3,
            "rmsd_l_b": 2.665,
            "rmsd_u_b": 5.277
          },
          {
            "mode": 6,
            "affinity": -4.3,
            "rmsd_l_b": 1.891,
            "rmsd_u_b": 3.677
          },
          {
            "mode": 7,
            "affinity": -4.2,
            "rmsd_l_b": 1.879,
            "rmsd_u_b": 2.73
          },
          {
            "mode": 8,
            "affinity": -4.2,
            "rmsd_l_b": 2.638,
            "rmsd_u_b": 9.418
          },
          {
            "mode": 9,
            "affinity": -4.2,
            "rmsd_l_b": 3.382,
            "rmsd_u_b": 6.596
          }
        ]
      },
      {
        "run": 19,
        "seed": 552169,
        "average": {
          "affinity": -4.789,
          "rmsd_l_b": 2.132,
          "rmsd_u_b": 4.663
        },
        "modes": [
          {
            "mode": 1,
            "affinity": -5.0,
            "rmsd_l_b": 0.0,
            "rmsd_u_b": 0.0
          },
          {
            "mode": 2,
            "affinity": -5.0,
            "rmsd_l_b": 2.328,
            "rmsd_u_b": 3.308
          },
          {
            "mode": 3,
            "affinity": -4.9,
            "rmsd_l_b": 2.148,
            "rmsd_u_b": 2.764
          },
          {
            "mode": 4,
            "affinity": -4.8,
            "rmsd_l_b": 3.045,
            "rmsd_u_b": 10.647
          },
          {
            "mode": 5,
            "affinity": -4.8,
            "rmsd_l_b": 1.724,
            "rmsd_u_b": 3.225
          },
          {
            "mode": 6,
            "affinity": -4.8,
            "rmsd_l_b": 2.709,
            "rmsd_u_b": 10.295
          },
          {
            "mode": 7,
            "affinity": -4.6,
            "rmsd_l_b": 2.585,
            "rmsd_u_b": 3.414
          },
          {
            "mode": 8,
            "affinity": -4.6,
            "rmsd_l_b": 2.952,
            "rmsd_u_b": 5.049
          },
          {
            "mode": 9,
            "affinity": -4.6,
            "rmsd_l_b": 1.695,
            "rmsd_u_b": 3.263
          }
        ]
      },
      {
        "run": 20,
        "seed": 83163,
        "average": {
          "affinity": -4.4,
          "rmsd_l_b": 2.295,
          "rmsd_u_b": 6.911
        },
        "modes": [
          {
            "mode": 1,
            "affinity": -4.7,
            "rmsd_l_b": 0.0,
            "rmsd_u_b": 0.0
          },
          {
            "mode": 2,
            "affinity": -4.5,
            "rmsd_l_b": 2.563,
            "rmsd_u_b": 9.979
          },
          {
            "mode": 3,
            "affinity": -4.5,
            "rmsd_l_b": 2.611,
            "rmsd_u_b": 9.912
          },
          {
            "mode": 4,
            "affinity": -4.4,
            "rmsd_l_b": 2.05,
            "rmsd_u_b": 3.724
          },
          {
            "mode": 5,
            "affinity": -4.3,
            "rmsd_l_b": 3.181,
            "rmsd_u_b": 6.708
          },
          {
            "mode": 6,
            "affinity": -4.3,
            "rmsd_l_b": 2.553,
            "rmsd_u_b": 9.026
          },
          {
            "mode": 7,
            "affinity": -4.3,
            "rmsd_l_b": 3.568,
            "rmsd_u_b": 9.726
          },
          {
            "mode": 8,
            "affinity": -4.3,
            "rmsd_l_b": 1.574,
            "rmsd_u_b": 3.427
          },
          {
            "mode": 9,
            "affinity": -4.3,
            "rmsd_l_b": 2.554,
            "rmsd_u_b": 9.693
          }
        ]
      }
    ]
  }
}