{
  "rmsd": 2.061,
  "rmsd_method": "C-alpha coordinates",
  "rmsd_tool": "BioPython",
  "docking": {
    "average_affinity": -4.868,
    "runs": [
      {
        "run": 1,
        "seed": 136854,
        "average": {
          "affinity": -4.956,
          "rmsd_l_b": 2.366,
          "rmsd_u_b": 5.044
        },
        "modes": [
          {
            "mode": 1,
            "affinity": -5.2,
            "rmsd_l_b": 0.0,
            "rmsd_u_b": 0.0
          },
          {
            "mode": 2,
            "affinity": -5.1,
            "rmsd_l_b": 2.654,
            "rmsd_u_b": 6.658
          },
          {
            "mode": 3,
            "affinity": -5.0,
            "rmsd_l_b": 3.006,
            "rmsd_u_b": 7.209
          },
          {
            "mode": 4,
            "affinity": -5.0,
            "rmsd_l_b": 1.454,
            "rmsd_u_b": 2.477
          },
          {
            "mode": 5,
            "affinity": -4.9,
            "rmsd_l_b": 2.254,
            "rmsd_u_b": 5.231
          },
          {
            "mode": 6,
            "affinity": -4.9,
            "rmsd_l_b": 2.294,
            "rmsd_u_b": 4.473
          },
          {
            "mode": 7,
            "affinity": -4.9,
            "rmsd_l_b": 3.876,
            "rmsd_u_b": 7.088
          },
          {
            "mode": 8,
            "affinity": -4.8,
            "rmsd_l_b": 3.429,
            "rmsd_u_b": 7.917
          },
          {
            "mode": 9,
            "affinity": -4.8,
            "rmsd_l_b": 2.325,
            "rmsd_u_b": 4.339
          }
        ]
      },
      {
        "run": 2,
        "seed": 352682,
        "average": {
          "affinity": -4.778,
          "rmsd_l_b": 4.321,
          "rmsd_u_b": 7.746
        },
        "modes": [
          {
            "mode": 1,
            "affinity": -5.0,
            "rmsd_l_b": 0.0,
            "rmsd_u_b": 0.0
          },
          {
            "mode": 2,
            "affinity": -4.9,
            "rmsd_l_b": 1.056,
            "rmsd_u_b": 6.902
          },
          {
            "mode": 3,
            "affinity": -4.8,
            "rmsd_l_b": 6.853,
            "rmsd_u_b": 11.285
          },
          {
            "mode": 4,
            "affinity": -4.8,
            "rmsd_l_b": 6.147,
            "rmsd_u_b": 10.876
          },
          {
            "mode": 5,
            "affinity": -4.7,
            "rmsd_l_b": 1.906,
            "rmsd_u_b": 3.785
          },
          {
            "mode": 6,
            "affinity": -4.7,
            "rmsd_l_b": 5.113,
            "rmsd_u_b": 10.547
          },
          {
            "mode": 7,
            "affinity": -4.7,
            "rmsd_l_b": 8.043,
            "rmsd_u_b": 11.549
          },
          {
            "mode": 8,
            "affinity": -4.7,
            "rmsd_l_b": 7.123,
            "rmsd_u_b": 10.728
          },
          {
            "mode": 9,
            "affinity": -4.7,
            "rmsd_l_b": 2.644,
            "rmsd_u_b": 4.044
          }
        ]
      },
      {
        "run": 3,
        "seed": 443630,
        "average": {
          "affinity": -5.056,
          "rmsd_l_b": 3.103,
          "rmsd_u_b": 6.688
        },
        "modes": [
          {
            "mode": 1,
            "affinity": -5.3,
            "rmsd_l_b": 0.0,
            "rmsd_u_b": 0.0
          },
          {
            "mode": 2,
            "affinity": -5.3,
            "rmsd_l_b": 4.575,
            "rmsd_u_b": 9.239
          },
          {
            "mode": 3,
            "affinity": -5.1,
            "rmsd_l_b": 4.126,
            "rmsd_u_b": 8.344
          },
          {
            "mode": 4,
            "affinity": -5.1,
            "rmsd_l_b": 4.227,
            "rmsd_u_b": 8.286
          },
          {
            "mode": 5,
            "affinity": -5.0,
            "rmsd_l_b": 2.985,
            "rmsd_u_b": 5.356
          },
          {
            "mode": 6,
            "affinity": -5.0,
            "rmsd_l_b": 1.997,
            "rmsd_u_b": 3.769
          },
          {
            "mode": 7,
            "affinity": -4.9,
            "rmsd_l_b": 4.02,
            "rmsd_u_b": 9.611
          },
          {
            "mode": 8,
            "affinity": -4.9,
            "rmsd_l_b": 1.482,
            "rmsd_u_b": 5.73
          },
          {
            "mode": 9,
            "affinity": -4.9,
            "rmsd_l_b": 4.517,
            "rmsd_u_b": 9.859
          }
        ]
      },
      {
        "run": 4,
        "seed": 383126,
        "average": {
          "affinity": -4.4,
          "rmsd_l_b": 2.606,
          "rmsd_u_b": 5.757
        },
        "modes": [
          {
            "mode": 1,
            "affinity": -4.6,
            "rmsd_l_b": 0.0,
            "rmsd_u_b": 0.0
          },
          {
            "mode": 2,
            "affinity": -4.6,
            "rmsd_l_b": 1.966,
            "rmsd_u_b": 5.03
          },
          {
            "mode": 3,
            "affinity": -4.5,
            "rmsd_l_b": 5.611,
            "rmsd_u_b": 11.29
          },
          {
            "mode": 4,
            "affinity": -4.4,
            "rmsd_l_b": 3.003,
            "rmsd_u_b": 5.242
          },
          {
            "mode": 5,
            "affinity": -4.4,
            "rmsd_l_b": 2.766,
            "rmsd_u_b": 5.956
          },
          {
            "mode": 6,
            "affinity": -4.4,
            "rmsd_l_b": 2.758,
            "rmsd_u_b": 4.849
          },
          {
            "mode": 7,
            "affinity": -4.3,
            "rmsd_l_b": 2.072,
            "rmsd_u_b": 6.333
          },
          {
            "mode": 8,
            "affinity": -4.2,
            "rmsd_l_b": 3.274,
            "rmsd_u_b": 7.167
          },
          {
            "mode": 9,
            "affinity": -4.2,
            "rmsd_l_b": 2.007,
            "rmsd_u_b": 5.948
          }
        ]
      },
      {
        "run": 5,
        "seed": 957274,
        "average": {
          "affinity": -4.978,
          "rmsd_l_b": 3.659,
          "rmsd_u_b": 6.919
        },
        "modes": [
          {
            "mode": 1,
            "affinity": -5.3,
            "rmsd_l_b": 0.0,
            "rmsd_u_b": 0.0
          },
          {
            "mode": 2,
            "affinity": -5.2,
            "rmsd_l_b": 2.558,
            "rmsd_u_b": 6.286
          },
          {
            "mode": 3,
            "affinity": -5.1,
            "rmsd_l_b": 4.899,
            "rmsd_u_b": 9.059
          },
          {
            "mode": 4,
            "affinity": -5.0,
            "rmsd_l_b": 5.119,
            "rmsd_u_b": 9.391
          },
          {
            "mode": 5,
            "affinity": -4.9,
            "rmsd_l_b": 5.426,
            "rmsd_u_b": 9.347
          },
          {
            "mode": 6,
            "affinity": -4.9,
            "rmsd_l_b": 3.992,
            "rmsd_u_b": 8.707
          },
          {
            "mode": 7,
            "affinity": -4.8,
            "rmsd_l_b": 1.72,
            "rmsd_u_b": 2.398
          },
          {
            "mode": 8,
            "affinity": -4.8,
            "rmsd_l_b": 3.77,
            "rmsd_u_b": 7.567
          },
          {
            "mode": 9,
            "affinity": -4.8,
            "rmsd_l_b": 5.447,
            "rmsd_u_b": 9.517
          }
        ]
      },
      {
        "run": 6,
        "seed": 338044,
        "average": {
          "affinity": -5.233,
          "rmsd_l_b": 2.959,
          "rmsd_u_b": 7.002
        },
        "modes": [
          {
            "mode": 1,
            "affinity": -5.5,
            "rmsd_l_b": 0.0,
            "rmsd_u_b": 0.0
          },
          {
            "mode": 2,
            "affinity": -5.4,
            "rmsd_l_b": 5.537,
            "rmsd_u_b": 9.626
          },
          {
            "mode": 3,
            "affinity": -5.3,
            "rmsd_l_b": 3.26,
            "rmsd_u_b": 6.861
          },
          {
            "mode": 4,
            "affinity": -5.2,
            "rmsd_l_b": 2.664,
            "rmsd_u_b": 6.2
          },
          {
            "mode": 5,
            "affinity": -5.2,
            "rmsd_l_b": 2.075,
            "rmsd_u_b": 8.194
          },
          {
            "mode": 6,
            "affinity": -5.2,
            "rmsd_l_b": 4.404,
            "rmsd_u_b": 8.465
          },
          {
            "mode": 7,
            "affinity": -5.1,
            "rmsd_l_b": 1.701,
            "rmsd_u_b": 6.893
          },
          {
            "mode": 8,
            "affinity": -5.1,
            "rmsd_l_b": 4.88,
            "rmsd_u_b": 9.24
          },
          {
            "mode": 9,
            "affinity": -5.1,
            "rmsd_l_b": 2.107,
            "rmsd_u_b": 7.538
          }
        ]
      },
      {
        "run": 7,
        "seed": 937773,
        "average": {
          "affinity": -5.133,
          "rmsd_l_b": 2.925,
          "rmsd_u_b": 6.47
        },
        "modes": [
          {
            "mode": 1,
            "affinity": -5.4,
            "rmsd_l_b": 0.0,
            "rmsd_u_b": 0.0
          },
          {
            "mode": 2,
            "affinity": -5.4,
            "rmsd_l_b": 4.603,
            "rmsd_u_b": 9.602
          },
          {
            "mode": 3,
            "affinity": -5.4,
            "rmsd_l_b": 1.852,
            "rmsd_u_b": 5.011
          },
          {
            "mode": 4,
            "affinity": -5.1,
            "rmsd_l_b": 2.865,
            "rmsd_u_b": 8.471
          },
          {
            "mode": 5,
            "affinity": -5.0,
            "rmsd_l_b": 4.869,
            "rmsd_u_b": 9.509
          },
          {
            "mode": 6,
            "affinity": -5.0,
            "rmsd_l_b": 5.856,
            "rmsd_u_b": 11.51
          },
          {
            "mode": 7,
            "affinity": -5.0,
            "rmsd_l_b": 1.72,
            "rmsd_u_b": 2.572
          },
          {
            "mode": 8,
            "affinity": -5.0,
            "rmsd_l_b": 2.124,
            "rmsd_u_b": 5.769
          },
          {
            "mode": 9,
            "affinity": -4.9,
            "rmsd_l_b": 2.433,
            "rmsd_u_b": 5.788
          }
        ]
      },
      {
        "run": 8,
        "seed": 960023,
        "average": {
          "affinity": -5.233,
          "rmsd_l_b": 3.11,
          "rmsd_u_b": 7.059
        },
        "modes": [
          {
            "mode": 1,
            "affinity": -5.5,
            "rmsd_l_b": 0.0,
            "rmsd_u_b": 0.0
          },
          {
            "mode": 2,
            "affinity": -5.4,
            "rmsd_l_b": 4.124,
            "rmsd_u_b": 8.984
          },
          {
            "mode": 3,
            "affinity": -5.4,
            "rmsd_l_b": 2.545,
            "rmsd_u_b": 5.968
          },
          {
            "mode": 4,
            "affinity": -5.2,
            "rmsd_l_b": 3.107,
            "rmsd_u_b": 6.66
          },
          {
            "mode": 5,
            "affinity": -5.2,
            "rmsd_l_b": 3.372,
            "rmsd_u_b": 8.114
          },
          {
            "mode": 6,
            "affinity": -5.1,
            "rmsd_l_b": 4.862,
            "rmsd_u_b": 10.036
          },
          {
            "mode": 7,
            "affinity": -5.1,
            "rmsd_l_b": 2.901,
            "rmsd_u_b": 5.461
          },
          {
            "mode": 8,
            "affinity": -5.1,
            "rmsd_l_b": 3.531,
            "rmsd_u_b": 9.076
          },
          {
            "mode": 9,
            "affinity": -5.1,
            "rmsd_l_b": 3.548,
            "rmsd_u_b": 9.236
          }
        ]
      },
      {
        "run": 9,
        "seed": 737009,
        "average": {
          "affinity": -4.556,
          "rmsd_l_b": 2.396,
          "rmsd_u_b": 5.587
        },
        "modes": [
          {
            "mode": 1,
            "affinity": -4.8,
            "rmsd_l_b": 0.0,
            "rmsd_u_b": 0.0
          },
          {
            "mode": 2,
            "affinity": -4.7,
            "rmsd_l_b": 4.301,
            "rmsd_u_b": 8.111
          },
          {
            "mode": 3,
            "affinity": -4.7,
            "rmsd_l_b": 2.9,
            "rmsd_u_b": 6.282
          },
          {
            "mode": 4,
            "affinity": -4.5,
            "rmsd_l_b": 1.808,
            "rmsd_u_b": 5.374
          },
          {
            "mode": 5,
            "affinity": -4.5,
            "rmsd_l_b": 2.523,
            "rmsd_u_b": 5.953
          },
          {
            "mode": 6,
            "affinity": -4.5,
            "rmsd_l_b": 4.718,
            "rmsd_u_b": 8.416
          },
          {
            "mode": 7,
            "affinity": -4.5,
            "rmsd_l_b": 1.635,
            "rmsd_u_b": 6.471
          },
          {
            "mode": 8,
            "affinity": -4.4,
            "rmsd_l_b": 1.772,
            "rmsd_u_b": 4.939
          },
          {
            "mode": 9,
            "affinity": -4.4,
            "rmsd_l_b": 1.907,
            "rmsd_u_b": 4.735
          }
        ]
      },
      {
        "run": 10,
        "seed": 176086,
        "average": {
          "affinity": -4.989,
          "rmsd_l_b": 3.837,
          "rmsd_u_b": 7.996
        },
        "modes": [
          {
            "mode": 1,
            "affinity": -5.2,
            "rmsd_l_b": 0.0,
            "rmsd_u_b": 0.0
          },
          {
            "mode": 2,
            "affinity": -5.1,
            "rmsd_l_b": 4.785,
            "rmsd_u_b": 9.209
          },
          {
            "mode": 3,
            "affinity": -5.1,
            "rmsd_l_b": 3.182,
            "rmsd_u_b": 7.056
          },
          {
            "mode": 4,
            "affinity": -5.0,
            "rmsd_l_b": 4.626,
            "rmsd_u_b": 9.224
          },
          {
            "mode": 5,
            "affinity": -5.0,
            "rmsd_l_b": 4.848,
            "rmsd_u_b": 8.63
          },
          {
            "mode": 6,
            "affinity": -4.9,
            "rmsd_l_b": 4.1,
            "rmsd_u_b": 9.419
          },
          {
            "mode": 7,
            "affinity": -4.9,
            "rmsd_l_b": 3.886,
            "rmsd_u_b": 9.2
          },
          {
            "mode": 8,
            "affinity": -4.9,
            "rmsd_l_b": 3.69,
            "rmsd_u_b": 8.887
          },
          {
            "mode": 9,
            "affinity": -4.8,
            "rmsd_l_b": 5.412,
            "rmsd_u_b": 10.341
          }
        ]
      },
      {
        "run": 11,
        "seed": 943418,
        "average": {
          "affinity": -4.9,
          "rmsd_l_b": 2.845,
          "rmsd_u_b": 6.4
        },
        "modes": [
          {
            "mode": 1,
            "affinity": -5.2,
            "rmsd_l_b": 0.0,
            "rmsd_u_b": 0.0
          },
          {
            "mode": 2,
            "affinity": -5.1,
            "rmsd_l_b": 2.762,
            "rmsd_u_b": 6.376
          },
          {
            "mode": 3,
            "affinity": -5.1,
            "rmsd_l_b": 2.138,
            "rmsd_u_b": 8.429
          },
          {
            "mode": 4,
            "affinity": -5.0,
            "rmsd_l_b": 6.665,
            "rmsd_u_b": 10.195
          },
          {
            "mode": 5,
            "affinity": -4.8,
            "rmsd_l_b": 2.055,
            "rmsd_u_b": 7.007
          },
          {
            "mode": 6,
            "affinity": -4.8,
            "rmsd_l_b": 3.315,
            "rmsd_u_b": 7.908
          },
          {
            "mode": 7,
            "affinity": -4.7,
            "rmsd_l_b": 1.667,
            "rmsd_u_b": 2.374
          },
          {
            "mode": 8,
            "affinity": -4.7,
            "rmsd_l_b": 2.58,
            "rmsd_u_b": 5.995
          },
          {
            "mode": 9,
            "affinity": -4.7,
            "rmsd_l_b": 4.427,
            "rmsd_u_b": 9.32
          }
        ]
      },
      {
        "run": 12,
        "seed": 110733,
        "average": {
          "affinity": -5.689,
          "rmsd_l_b": 2.683,
          "rmsd_u_b": 6.698
        },
        "modes": [
          {
            "mode": 1,
            "affinity": -5.9,
            "rmsd_l_b": 0.0,
            "rmsd_u_b": 0.0
          },
          {
            "mode": 2,
            "affinity": -5.8,
            "rmsd_l_b": 5.016,
            "rmsd_u_b": 10.809
          },
          {
            "mode": 3,
            "affinity": -5.7,
            "rmsd_l_b": 4.695,
            "rmsd_u_b": 9.916
          },
          {
            "mode": 4,
            "affinity": -5.7,
            "rmsd_l_b": 2.108,
            "rmsd_u_b": 8.097
          },
          {
            "mode": 5,
            "affinity": -5.7,
            "rmsd_l_b": 2.862,
            "rmsd_u_b": 6.851
          },
          {
            "mode": 6,
            "affinity": -5.6,
            "rmsd_l_b": 2.763,
            "rmsd_u_b": 8.764
          },
          {
            "mode": 7,
            "affinity": -5.6,
            "rmsd_l_b": 1.843,
            "rmsd_u_b": 3.751
          },
          {
            "mode": 8,
            "affinity": -5.6,
            "rmsd_l_b": 2.916,
            "rmsd_u_b": 8.766
          },
          {
            "mode": 9,
            "affinity": -5.6,
            "rmsd_l_b": 1.946,
            "rmsd_u_b": 3.33
          }
        ]
      },
      {
        "run": 13,
        "seed": 710842,
        "average": {
          "affinity": -4.222,
          "rmsd_l_b": 2.858,
          "rmsd_u_b": 5.532
        },
        "modes": [
          {
            "mode": 1,
            "affinity": -4.5,
            "rmsd_l_b": 0.0,
            "rmsd_u_b": 0.0
          },
          {
            "mode": 2,
            "affinity": -4.4,
            "rmsd_l_b": 6.616,
            "rmsd_u_b": 9.235
          },
          {
            "mode": 3,
            "affinity": -4.2,
            "rmsd_l_b": 6.855,
            "rmsd_u_b": 11.206
          },
          {
            "mode": 4,
            "affinity": -4.2,
            "rmsd_l_b": 1.344,
            "rmsd_u_b": 2.112
          },
          {
            "mode": 5,
            "affinity": -4.2,
            "rmsd_l_b": 2.013,
            "rmsd_u_b": 5.905
          },
          {
            "mode": 6,
            "affinity": -4.2,
            "rmsd_l_b": 2.074,
            "rmsd_u_b": 4.764
          },
          {
            "mode": 7,
            "affinity": -4.1,
            "rmsd_l_b": 1.926,
            "rmsd_u_b": 4.679
          },
          {
            "mode": 8,
            "affinity": -4.1,
            "rmsd_l_b": 1.955,
            "rmsd_u_b": 5.476
          },
          {
            "mode": 9,
            "affinity": -4.1,
            "rmsd_l_b": 2.937,
            "rmsd_u_b": 6.415
          }
        ]
      },
      {
        "run": 14,
        "seed": 118606,
        "average": {
          "affinity": -5.1,
          "rmsd_l_b": 3.379,
          "rmsd_u_b": 7.399
        },
        "modes": [
          {
            "mode": 1,
            "affinity": -5.3,
            "rmsd_l_b": 0.0,
            "rmsd_u_b": 0.0
          },
          {
            "mode": 2,
            "affinity": -5.2,
            "rmsd_l_b": 3.917,
            "rmsd_u_b": 9.353
          },
          {
            "mode": 3,
            "affinity": -5.2,
            "rmsd_l_b": 4.597,
            "rmsd_u_b": 9.325
          },
          {
            "mode": 4,
            "affinity": -5.2,
            "rmsd_l_b": 1.443,
            "rmsd_u_b": 2.354
          },
          {
            "mode": 5,
            "affinity": -5.2,
            "rmsd_l_b": 4.463,
            "rmsd_u_b": 9.124
          },
          {
            "mode": 6,
            "affinity": -5.0,
            "rmsd_l_b": 3.494,
            "rmsd_u_b": 8.855
          },
          {
            "mode": 7,
            "affinity": -5.0,
            "rmsd_l_b": 4.003,
            "rmsd_u_b": 9.394
          },
          {
            "mode": 8,
            "affinity": -4.9,
            "rmsd_l_b": 4.835,
            "rmsd_u_b": 9.695
          },
          {
            "mode": 9,
            "affinity": -4.9,
            "rmsd_l_b": 3.663,
            "rmsd_u_b": 8.495
          }
        ]
      },
      {
        "run": 15,
        "seed": 601460,
        "average": {
          "affinity": -4.511,
          "rmsd_l_b": 3.366,
          "rmsd_u_b": 6.741
        },
        "modes": [
          {
            "mode": 1,
            "affinity": -4.7,
            "rmsd_l_b": 0.0,
            "rmsd_u_b": 0.0
          },
          {
            "mode": 2,
            "affinity": -4.6,
            "rmsd_l_b": 3.613,
            "rmsd_u_b": 8.274
          },
          {
            "mode": 3,
            "affinity": -4.6,
            "rmsd_l_b": 2.938,
            "rmsd_u_b": 5.188
          },
          {
            "mode": 4,
            "affinity": -4.5,
            "rmsd_l_b": 2.724,
            "rmsd_u_b": 5.685
          },
          {
            "mode": 5,
            "affinity": -4.5,
            "rmsd_l_b": 3.519,
            "rmsd_u_b": 8.143
          },
          {
            "mode": 6,
            "affinity": -4.5,
            "rmsd_l_b": 4.37,
            "rmsd_u_b": 8.339
          },
          {
            "mode": 7,
            "affinity": -4.4,
            "rmsd_l_b": 3.542,
            "rmsd_u_b": 8.383
          },
          {
            "mode": 8,
            "affinity": -4.4,
            "rmsd_l_b": 3.579,
            "rmsd_u_b": 6.813
          },
          {
            "mode": 9,
            "affinity": -4.4,
            "rmsd_l_b": 6.011,
            "rmsd_u_b": 9.84
          }
        ]
      },
      {
        "run": 16,
        "seed": 534184,
        "average": {
          "affinity": -4.333,
          "rmsd_l_b": 3.629,
          "rmsd_u_b": 7.108
        },
        "modes": [
          {
            "mode": 1,
            "affinity": -4.5,
            "rmsd_l_b": 0.0,
            "rmsd_u_b": 0.0
          },
          {
            "mode": 2,
            "affinity": -4.5,
            "rmsd_l_b": 6.563,
            "rmsd_u_b": 11.279
          },
          {
            "mode": 3,
            "affinity": -4.4,
            "rmsd_l_b": 6.383,
            "rmsd_u_b": 10.467
          },
          {
            "mode": 4,
            "affinity": -4.3,
            "rmsd_l_b": 2.993,
            "rmsd_u_b": 6.41
          },
          {
            "mode": 5,
            "affinity": -4.3,
            "rmsd_l_b": 2.774,
            "rmsd_u_b": 6.445
          },
          {
            "mode": 6,
            "affinity": -4.3,
            "rmsd_l_b": 5.909,
            "rmsd_u_b": 9.96
          },
          {
            "mode": 7,
            "affinity": -4.3,
            "rmsd_l_b": 1.827,
            "rmsd_u_b": 6.836
          },
          {
            "mode": 8,
            "affinity": -4.2,
            "rmsd_l_b": 4.295,
            "rmsd_u_b": 7.764
          },
          {
            "mode": 9,
            "affinity": -4.2,
            "rmsd_l_b": 1.915,
            "rmsd_u_b": 4.814
          }
        ]
      },
      {
        "run": 17,
        "seed": 852399,
        "average": {
          "affinity": -4.878,
          "rmsd_l_b": 2.621,
          "rmsd_u_b": 5.738
        },
        "modes": [
          {
            "mode": 1,
            "affinity": -5.1,
            "rmsd_l_b": 0.0,
            "rmsd_u_b": 0.0
          },
          {
            "mode": 2,
            "affinity": -5.1,
            "rmsd_l_b": 2.352,
            "rmsd_u_b": 6.974
          },
          {
            "mode": 3,
            "affinity": -5.0,
            "rmsd_l_b": 2.458,
            "rmsd_u_b": 6.392
          },
          {
            "mode": 4,
            "affinity": -5.0,
            "rmsd_l_b": 1.821,
            "rmsd_u_b": 2.977
          },
          {
            "mode": 5,
            "affinity": -4.8,
            "rmsd_l_b": 3.495,
            "rmsd_u_b": 7.225
          },
          {
            "mode": 6,
            "affinity": -4.8,
            "rmsd_l_b": 5.473,
            "rmsd_u_b": 9.211
          },
          {
            "mode": 7,
            "affinity": -4.7,
            "rmsd_l_b": 1.605,
            "rmsd_u_b": 2.27
          },
          {
            "mode": 8,
            "affinity": -4.7,
            "rmsd_l_b": 4.574,
            "rmsd_u_b": 8.86
          },
          {
            "mode": 9,
            "affinity": -4.7,
            "rmsd_l_b": 1.815,
            "rmsd_u_b": 7.737
          }
        ]
      },
      {
        "run": 18,
        "seed": 803813,
        "average": {
          "affinity": -5.178,
          "rmsd_l_b": 3.413,
          "rmsd_u_b": 6.98
        },
        "modes": [
          {
            "mode": 1,
            "affinity": -5.5,
            "rmsd_l_b": 0.0,
            "rmsd_u_b": 0.0
          },
          {
            "mode": 2,
            "affinity": -5.3,
            "rmsd_l_b": 4.734,
            "rmsd_u_b": 8.756
          },
          {
            "mode": 3,
            "affinity": -5.3,
            "rmsd_l_b": 4.76,
            "rmsd_u_b": 8.61
          },
          {
            "mode": 4,
            "affinity": -5.2,
            "rmsd_l_b": 4.501,
            "rmsd_u_b": 8.74
          },
          {
            "mode": 5,
            "affinity": -5.1,
            "rmsd_l_b": 3.461,
            "rmsd_u_b": 8.199
          },
          {
            "mode": 6,
            "affinity": -5.1,
            "rmsd_l_b": 4.697,
            "rmsd_u_b": 9.278
          },
          {
            "mode": 7,
            "affinity": -5.1,
            "rmsd_l_b": 1.657,
            "rmsd_u_b": 2.787
          },
          {
            "mode": 8,
            "affinity": -5.0,
            "rmsd_l_b": 3.158,
            "rmsd_u_b": 7.0
          },
          {
            "mode": 9,
            "affinity": -5.0,
            "rmsd_l_b": 3.753,
            "rmsd_u_b": 9.451
          }
        ]
      },
      {
        "run": 19,
        "seed": 934332,
        "average": {
          "affinity": -4.311,
          "rmsd_l_b": 3.188,
          "rmsd_u_b": 6.515
        },
        "modes": [
          {
            "mode": 1,
            "affinity": -4.5,
            "rmsd_l_b": 0.0,
            "rmsd_u_b": 0.0
          },
          {
            "mode": 2,
            "affinity": -4.5,
            "rmsd_l_b": 2.399,
            "rmsd_u_b": 5.945
          },
          {
            "mode": 3,
            "affinity": -4.4,
            "rmsd_l_b": 1.913,
            "rmsd_u_b": 4.923
          },
          {
            "mode": 4,
            "affinity": -4.3,
            "rmsd_l_b": 2.813,
            "rmsd_u_b": 6.748
          },
          {
            "mode": 5,
            "affinity": -4.3,
            "rmsd_l_b": 6.587,
            "rmsd_u_b": 9.29
          },
          {
            "mode": 6,
            "affinity": -4.2,
            "rmsd_l_b": 2.966,
            "rmsd_u_b": 6.191
          },
          {
            "mode": 7,
            "affinity": -4.2,
            "rmsd_l_b": 2.403,
            "rmsd_u_b": 7.132
          },
          {
            "mode": 8,
            "affinity": -4.2,
            "rmsd_l_b": 7.657,
            "rmsd_u_b": 11.414
          },
          {
            "mode": 9,
            "affinity": -4.2,
            "rmsd_l_b": 1.954,
            "rmsd_u_b": 6.995
          }
        ]
      },
      {
        "run": 20,
        "seed": 353194,
        "average": {
          "affinity": -4.933,
          "rmsd_l_b": 3.676,
          "rmsd_u_b": 7.128
        },
        "modes": [
          {
            "mode": 1,
            "affinity": -5.2,
            "rmsd_l_b": 0.0,
            "rmsd_u_b": 0.0
          },
          {
            "mode": 2,
            "affinity": -5.0,
            "rmsd_l_b": 3.654,
            "rmsd_u_b": 9.203
          },
          {
            "mode": 3,
            "affinity": -5.0,
            "rmsd_l_b": 5.008,
            "rmsd_u_b": 8.867
          },
          {
            "mode": 4,
            "affinity": -4.9,
            "rmsd_l_b": 4.476,
            "rmsd_u_b": 8.36
          },
          {
            "mode": 5,
            "affinity": -4.9,
            "rmsd_l_b": 3.27,
            "rmsd_u_b": 6.668
          },
          {
            "mode": 6,
            "affinity": -4.9,
            "rmsd_l_b": 3.203,
            "rmsd_u_b": 6.975
          },
          {
            "mode": 7,
            "affinity": -4.9,
            "rmsd_l_b": 2.97,
            "rmsd_u_b": 5.282
          },
          {
            "mode": 8,
            "affinity": -4.8,
            "rmsd_l_b": 5.039,
            "rmsd_u_b": 9.349
          },
          {
            "mode": 9,
            "affinity": -4.8,
            "rmsd_l_b": 5.462,
            "rmsd_u_b": 9.445
          }
        ]
      }
    ]
  }
}