{
  "rmsd": 4.354,
  "rmsd_method": "C-alpha coordinates",
  "rmsd_tool": "BioPython",
  "docking": {
    "average_affinity": -3.549,
    "runs": [
      {
        "run": 1,
        "seed": 980085,
        "average": {
          "affinity": -3.567,
          "rmsd_l_b": 4.183,
          "rmsd_u_b": 5.323
        },
        "modes": [
          {
            "mode": 1,
            "affinity": -3.8,
            "rmsd_l_b": 0.0,
            "rmsd_u_b": 0.0
          },
          {
            "mode": 2,
            "affinity": -3.6,
            "rmsd_l_b": 3.216,
            "rmsd_u_b": 4.118
          },
          {
            "mode": 3,
            "affinity": -3.6,
            "rmsd_l_b": 5.085,
            "rmsd_u_b": 6.418
          },
          {
            "mode": 4,
            "affinity": -3.6,
            "rmsd_l_b": 4.613,
            "rmsd_u_b": 5.709
          },
          {
            "mode": 5,
            "affinity": -3.6,
            "rmsd_l_b": 4.585,
            "rmsd_u_b": 5.581
          },
          {
            "mode": 6,
            "affinity": -3.6,
            "rmsd_l_b": 5.142,
            "rmsd_u_b": 6.352
          },
          {
            "mode": 7,
            "affinity": -3.5,
            "rmsd_l_b": 6.649,
            "rmsd_u_b": 9.104
          },
          {
            "mode": 8,
            "affinity": -3.4,
            "rmsd_l_b": 1.687,
            "rmsd_u_b": 2.068
          },
          {
            "mode": 9,
            "affinity": -3.4,
            "rmsd_l_b": 6.669,
            "rmsd_u_b": 8.56
          }
        ]
      },
      {
        "run": 2,
        "seed": 408915,
        "average": {
          "affinity": -3.556,
          "rmsd_l_b": 3.833,
          "rmsd_u_b": 4.993
        },
        "modes": [
          {
            "mode": 1,
            "affinity": -3.8,
            "rmsd_l_b": 0.0,
            "rmsd_u_b": 0.0
          },
          {
            "mode": 2,
            "affinity": -3.6,
            "rmsd_l_b": 5.081,
            "rmsd_u_b": 6.311
          },
          {
            "mode": 3,
            "affinity": -3.6,
            "rmsd_l_b": 3.246,
            "rmsd_u_b": 3.942
          },
          {
            "mode": 4,
            "affinity": -3.6,
            "rmsd_l_b": 4.549,
            "rmsd_u_b": 5.633
          },
          {
            "mode": 5,
            "affinity": -3.6,
            "rmsd_l_b": 3.322,
            "rmsd_u_b": 4.283
          },
          {
            "mode": 6,
            "affinity": -3.6,
            "rmsd_l_b": 5.034,
            "rmsd_u_b": 6.404
          },
          {
            "mode": 7,
            "affinity": -3.5,
            "rmsd_l_b": 1.536,
            "rmsd_u_b": 2.423
          },
          {
            "mode": 8,
            "affinity": -3.4,
            "rmsd_l_b": 6.753,
            "rmsd_u_b": 8.628
          },
          {
            "mode": 9,
            "affinity": -3.3,
            "rmsd_l_b": 4.978,
            "rmsd_u_b": 7.31
          }
        ]
      },
      {
        "run": 3,
        "seed": 705894,
        "average": {
          "affinity": -3.511,
          "rmsd_l_b": 4.253,
          "rmsd_u_b": 5.24
        },
        "modes": [
          {
            "mode": 1,
            "affinity": -3.8,
            "rmsd_l_b": 0.0,
            "rmsd_u_b": 0.0
          },
          {
            "mode": 2,
            "affinity": -3.6,
            "rmsd_l_b": 3.194,
            "rmsd_u_b": 3.929
          },
          {
            "mode": 3,
            "affinity": -3.6,
            "rmsd_l_b": 4.515,
            "rmsd_u_b": 5.559
          },
          {
            "mode": 4,
            "affinity": -3.6,
            "rmsd_l_b": 5.083,
            "rmsd_u_b": 6.402
          },
          {
            "mode": 5,
            "affinity": -3.5,
            "rmsd_l_b": 5.268,
            "rmsd_u_b": 6.53
          },
          {
            "mode": 6,
            "affinity": -3.5,
            "rmsd_l_b": 1.463,
            "rmsd_u_b": 2.386
          },
          {
            "mode": 7,
            "affinity": -3.4,
            "rmsd_l_b": 6.8,
            "rmsd_u_b": 8.707
          },
          {
            "mode": 8,
            "affinity": -3.3,
            "rmsd_l_b": 9.587,
            "rmsd_u_b": 10.366
          },
          {
            "mode": 9,
            "affinity": -3.3,
            "rmsd_l_b": 2.367,
            "rmsd_u_b": 3.284
          }
        ]
      },
      {
        "run": 4,
        "seed": 645720,
        "average": {
          "affinity": -3.544,
          "rmsd_l_b": 4.52,
          "rmsd_u_b": 5.482
        },
        "modes": [
          {
            "mode": 1,
            "affinity": -3.8,
            "rmsd_l_b": 0.0,
            "rmsd_u_b": 0.0
          },
          {
            "mode": 2,
            "affinity": -3.6,
            "rmsd_l_b": 3.194,
            "rmsd_u_b": 4.135
          },
          {
            "mode": 3,
            "affinity": -3.6,
            "rmsd_l_b": 4.572,
            "rmsd_u_b": 5.61
          },
          {
            "mode": 4,
            "affinity": -3.6,
            "rmsd_l_b": 5.097,
            "rmsd_u_b": 6.369
          },
          {
            "mode": 5,
            "affinity": -3.6,
            "rmsd_l_b": 4.541,
            "rmsd_u_b": 5.606
          },
          {
            "mode": 6,
            "affinity": -3.5,
            "rmsd_l_b": 1.43,
            "rmsd_u_b": 1.807
          },
          {
            "mode": 7,
            "affinity": -3.5,
            "rmsd_l_b": 5.452,
            "rmsd_u_b": 6.812
          },
          {
            "mode": 8,
            "affinity": -3.4,
            "rmsd_l_b": 6.802,
            "rmsd_u_b": 8.663
          },
          {
            "mode": 9,
            "affinity": -3.3,
            "rmsd_l_b": 9.591,
            "rmsd_u_b": 10.335
          }
        ]
      },
      {
        "run": 5,
        "seed": 527909,
        "average": {
          "affinity": -3.567,
          "rmsd_l_b": 4.025,
          "rmsd_u_b": 5.107
        },
        "modes": [
          {
            "mode": 1,
            "affinity": -3.8,
            "rmsd_l_b": 0.0,
            "rmsd_u_b": 0.0
          },
          {
            "mode": 2,
            "affinity": -3.6,
            "rmsd_l_b": 1.185,
            "rmsd_u_b": 1.999
          },
          {
            "mode": 3,
            "affinity": -3.6,
            "rmsd_l_b": 3.168,
            "rmsd_u_b": 4.084
          },
          {
            "mode": 4,
            "affinity": -3.6,
            "rmsd_l_b": 4.533,
            "rmsd_u_b": 5.615
          },
          {
            "mode": 5,
            "affinity": -3.6,
            "rmsd_l_b": 5.039,
            "rmsd_u_b": 6.286
          },
          {
            "mode": 6,
            "affinity": -3.6,
            "rmsd_l_b": 4.539,
            "rmsd_u_b": 5.597
          },
          {
            "mode": 7,
            "affinity": -3.6,
            "rmsd_l_b": 4.961,
            "rmsd_u_b": 6.313
          },
          {
            "mode": 8,
            "affinity": -3.4,
            "rmsd_l_b": 6.711,
            "rmsd_u_b": 8.587
          },
          {
            "mode": 9,
            "affinity": -3.3,
            "rmsd_l_b": 6.087,
            "rmsd_u_b": 7.478
          }
        ]
      },
      {
        "run": 6,
        "seed": 329716,
        "average": {
          "affinity": -3.544,
          "rmsd_l_b": 3.441,
          "rmsd_u_b": 4.487
        },
        "modes": [
          {
            "mode": 1,
            "affinity": -3.8,
            "rmsd_l_b": 0.0,
            "rmsd_u_b": 0.0
          },
          {
            "mode": 2,
            "affinity": -3.7,
            "rmsd_l_b": 3.158,
            "rmsd_u_b": 4.05
          },
          {
            "mode": 3,
            "affinity": -3.6,
            "rmsd_l_b": 5.046,
            "rmsd_u_b": 6.285
          },
          {
            "mode": 4,
            "affinity": -3.6,
            "rmsd_l_b": 4.555,
            "rmsd_u_b": 5.625
          },
          {
            "mode": 5,
            "affinity": -3.6,
            "rmsd_l_b": 4.535,
            "rmsd_u_b": 5.542
          },
          {
            "mode": 6,
            "affinity": -3.6,
            "rmsd_l_b": 1.28,
            "rmsd_u_b": 2.225
          },
          {
            "mode": 7,
            "affinity": -3.4,
            "rmsd_l_b": 1.872,
            "rmsd_u_b": 2.354
          },
          {
            "mode": 8,
            "affinity": -3.3,
            "rmsd_l_b": 6.135,
            "rmsd_u_b": 7.485
          },
          {
            "mode": 9,
            "affinity": -3.3,
            "rmsd_l_b": 4.388,
            "rmsd_u_b": 6.819
          }
        ]
      },
      {
        "run": 7,
        "seed": 816419,
        "average": {
          "affinity": -3.589,
          "rmsd_l_b": 3.877,
          "rmsd_u_b": 4.954
        },
        "modes": [
          {
            "mode": 1,
            "affinity": -3.8,
            "rmsd_l_b": 0.0,
            "rmsd_u_b": 0.0
          },
          {
            "mode": 2,
            "affinity": -3.6,
            "rmsd_l_b": 4.548,
            "rmsd_u_b": 5.608
          },
          {
            "mode": 3,
            "affinity": -3.6,
            "rmsd_l_b": 4.998,
            "rmsd_u_b": 6.338
          },
          {
            "mode": 4,
            "affinity": -3.6,
            "rmsd_l_b": 4.967,
            "rmsd_u_b": 6.129
          },
          {
            "mode": 5,
            "affinity": -3.6,
            "rmsd_l_b": 4.526,
            "rmsd_u_b": 5.564
          },
          {
            "mode": 6,
            "affinity": -3.6,
            "rmsd_l_b": 3.332,
            "rmsd_u_b": 4.103
          },
          {
            "mode": 7,
            "affinity": -3.6,
            "rmsd_l_b": 4.171,
            "rmsd_u_b": 5.227
          },
          {
            "mode": 8,
            "affinity": -3.5,
            "rmsd_l_b": 6.694,
            "rmsd_u_b": 9.12
          },
          {
            "mode": 9,
            "affinity": -3.4,
            "rmsd_l_b": 1.661,
            "rmsd_u_b": 2.5
          }
        ]
      },
      {
        "run": 8,
        "seed": 222474,
        "average": {
          "affinity": -3.567,
          "rmsd_l_b": 4.655,
          "rmsd_u_b": 5.86
        },
        "modes": [
          {
            "mode": 1,
            "affinity": -3.8,
            "rmsd_l_b": 0.0,
            "rmsd_u_b": 0.0
          },
          {
            "mode": 2,
            "affinity": -3.7,
            "rmsd_l_b": 5.02,
            "rmsd_u_b": 6.243
          },
          {
            "mode": 3,
            "affinity": -3.6,
            "rmsd_l_b": 3.088,
            "rmsd_u_b": 3.755
          },
          {
            "mode": 4,
            "affinity": -3.6,
            "rmsd_l_b": 5.067,
            "rmsd_u_b": 6.369
          },
          {
            "mode": 5,
            "affinity": -3.6,
            "rmsd_l_b": 4.52,
            "rmsd_u_b": 5.578
          },
          {
            "mode": 6,
            "affinity": -3.6,
            "rmsd_l_b": 4.513,
            "rmsd_u_b": 5.541
          },
          {
            "mode": 7,
            "affinity": -3.5,
            "rmsd_l_b": 6.827,
            "rmsd_u_b": 9.156
          },
          {
            "mode": 8,
            "affinity": -3.4,
            "rmsd_l_b": 6.727,
            "rmsd_u_b": 8.579
          },
          {
            "mode": 9,
            "affinity": -3.3,
            "rmsd_l_b": 6.137,
            "rmsd_u_b": 7.518
          }
        ]
      },
      {
        "run": 9,
        "seed": 624219,
        "average": {
          "affinity": -3.556,
          "rmsd_l_b": 4.722,
          "rmsd_u_b": 5.755
        },
        "modes": [
          {
            "mode": 1,
            "affinity": -3.8,
            "rmsd_l_b": 0.0,
            "rmsd_u_b": 0.0
          },
          {
            "mode": 2,
            "affinity": -3.7,
            "rmsd_l_b": 3.169,
            "rmsd_u_b": 3.894
          },
          {
            "mode": 3,
            "affinity": -3.6,
            "rmsd_l_b": 4.583,
            "rmsd_u_b": 5.669
          },
          {
            "mode": 4,
            "affinity": -3.6,
            "rmsd_l_b": 5.089,
            "rmsd_u_b": 6.324
          },
          {
            "mode": 5,
            "affinity": -3.6,
            "rmsd_l_b": 5.078,
            "rmsd_u_b": 6.425
          },
          {
            "mode": 6,
            "affinity": -3.6,
            "rmsd_l_b": 4.63,
            "rmsd_u_b": 5.77
          },
          {
            "mode": 7,
            "affinity": -3.5,
            "rmsd_l_b": 3.216,
            "rmsd_u_b": 4.193
          },
          {
            "mode": 8,
            "affinity": -3.3,
            "rmsd_l_b": 7.122,
            "rmsd_u_b": 9.134
          },
          {
            "mode": 9,
            "affinity": -3.3,
            "rmsd_l_b": 9.612,
            "rmsd_u_b": 10.389
          }
        ]
      },
      {
        "run": 10,
        "seed": 68805,
        "average": {
          "affinity": -3.533,
          "rmsd_l_b": 4.275,
          "rmsd_u_b": 5.414
        },
        "modes": [
          {
            "mode": 1,
            "affinity": -3.8,
            "rmsd_l_b": 0.0,
            "rmsd_u_b": 0.0
          },
          {
            "mode": 2,
            "affinity": -3.6,
            "rmsd_l_b": 3.097,
            "rmsd_u_b": 3.743
          },
          {
            "mode": 3,
            "affinity": -3.6,
            "rmsd_l_b": 4.532,
            "rmsd_u_b": 5.587
          },
          {
            "mode": 4,
            "affinity": -3.6,
            "rmsd_l_b": 5.031,
            "rmsd_u_b": 6.349
          },
          {
            "mode": 5,
            "affinity": -3.5,
            "rmsd_l_b": 4.776,
            "rmsd_u_b": 5.937
          },
          {
            "mode": 6,
            "affinity": -3.5,
            "rmsd_l_b": 1.513,
            "rmsd_u_b": 2.069
          },
          {
            "mode": 7,
            "affinity": -3.5,
            "rmsd_l_b": 6.779,
            "rmsd_u_b": 9.135
          },
          {
            "mode": 8,
            "affinity": -3.4,
            "rmsd_l_b": 6.675,
            "rmsd_u_b": 8.497
          },
          {
            "mode": 9,
            "affinity": -3.3,
            "rmsd_l_b": 6.068,
            "rmsd_u_b": 7.408
          }
        ]
      },
      {
        "run": 11,
        "seed": 283786,
        "average": {
          "affinity": -3.533,
          "rmsd_l_b": 4.613,
          "rmsd_u_b": 5.921
        },
        "modes": [
          {
            "mode": 1,
            "affinity": -3.8,
            "rmsd_l_b": 0.0,
            "rmsd_u_b": 0.0
          },
          {
            "mode": 2,
            "affinity": -3.7,
            "rmsd_l_b": 3.166,
            "rmsd_u_b": 3.882
          },
          {
            "mode": 3,
            "affinity": -3.6,
            "rmsd_l_b": 4.554,
            "rmsd_u_b": 5.562
          },
          {
            "mode": 4,
            "affinity": -3.6,
            "rmsd_l_b": 5.052,
            "rmsd_u_b": 6.373
          },
          {
            "mode": 5,
            "affinity": -3.6,
            "rmsd_l_b": 4.964,
            "rmsd_u_b": 6.227
          },
          {
            "mode": 6,
            "affinity": -3.4,
            "rmsd_l_b": 6.691,
            "rmsd_u_b": 8.549
          },
          {
            "mode": 7,
            "affinity": -3.4,
            "rmsd_l_b": 5.69,
            "rmsd_u_b": 6.986
          },
          {
            "mode": 8,
            "affinity": -3.4,
            "rmsd_l_b": 6.917,
            "rmsd_u_b": 8.874
          },
          {
            "mode": 9,
            "affinity": -3.3,
            "rmsd_l_b": 4.484,
            "rmsd_u_b": 6.839
          }
        ]
      },
      {
        "run": 12,
        "seed": 479505,
        "average": {
          "affinity": -3.589,
          "rmsd_l_b": 3.754,
          "rmsd_u_b": 4.807
        },
        "modes": [
          {
            "mode": 1,
            "affinity": -3.8,
            "rmsd_l_b": 0.0,
            "rmsd_u_b": 0.0
          },
          {
            "mode": 2,
            "affinity": -3.6,
            "rmsd_l_b": 3.222,
            "rmsd_u_b": 3.974
          },
          {
            "mode": 3,
            "affinity": -3.6,
            "rmsd_l_b": 4.932,
            "rmsd_u_b": 6.24
          },
          {
            "mode": 4,
            "affinity": -3.6,
            "rmsd_l_b": 4.953,
            "rmsd_u_b": 6.175
          },
          {
            "mode": 5,
            "affinity": -3.6,
            "rmsd_l_b": 4.626,
            "rmsd_u_b": 5.639
          },
          {
            "mode": 6,
            "affinity": -3.6,
            "rmsd_l_b": 4.587,
            "rmsd_u_b": 5.657
          },
          {
            "mode": 7,
            "affinity": -3.5,
            "rmsd_l_b": 3.27,
            "rmsd_u_b": 4.041
          },
          {
            "mode": 8,
            "affinity": -3.5,
            "rmsd_l_b": 1.494,
            "rmsd_u_b": 2.415
          },
          {
            "mode": 9,
            "affinity": -3.5,
            "rmsd_l_b": 6.7,
            "rmsd_u_b": 9.123
          }
        ]
      },
      {
        "run": 13,
        "seed": 968484,
        "average": {
          "affinity": -3.544,
          "rmsd_l_b": 3.864,
          "rmsd_u_b": 5.202
        },
        "modes": [
          {
            "mode": 1,
            "affinity": -3.8,
            "rmsd_l_b": 0.0,
            "rmsd_u_b": 0.0
          },
          {
            "mode": 2,
            "affinity": -3.7,
            "rmsd_l_b": 0.671,
            "rmsd_u_b": 1.717
          },
          {
            "mode": 3,
            "affinity": -3.6,
            "rmsd_l_b": 4.553,
            "rmsd_u_b": 5.582
          },
          {
            "mode": 4,
            "affinity": -3.6,
            "rmsd_l_b": 5.076,
            "rmsd_u_b": 6.443
          },
          {
            "mode": 5,
            "affinity": -3.6,
            "rmsd_l_b": 4.971,
            "rmsd_u_b": 6.202
          },
          {
            "mode": 6,
            "affinity": -3.5,
            "rmsd_l_b": 6.825,
            "rmsd_u_b": 9.147
          },
          {
            "mode": 7,
            "affinity": -3.5,
            "rmsd_l_b": 1.535,
            "rmsd_u_b": 2.328
          },
          {
            "mode": 8,
            "affinity": -3.3,
            "rmsd_l_b": 6.768,
            "rmsd_u_b": 8.686
          },
          {
            "mode": 9,
            "affinity": -3.3,
            "rmsd_l_b": 4.378,
            "rmsd_u_b": 6.712
          }
        ]
      },
      {
        "run": 14,
        "seed": 29002,
        "average": {
          "affinity": -3.578,
          "rmsd_l_b": 4.375,
          "rmsd_u_b": 5.509
        },
        "modes": [
          {
            "mode": 1,
            "affinity": -3.8,
            "rmsd_l_b": 0.0,
            "rmsd_u_b": 0.0
          },
          {
            "mode": 2,
            "affinity": -3.6,
            "rmsd_l_b": 3.125,
            "rmsd_u_b": 3.724
          },
          {
            "mode": 3,
            "affinity": -3.6,
            "rmsd_l_b": 3.309,
            "rmsd_u_b": 4.058
          },
          {
            "mode": 4,
            "affinity": -3.6,
            "rmsd_l_b": 4.541,
            "rmsd_u_b": 5.569
          },
          {
            "mode": 5,
            "affinity": -3.6,
            "rmsd_l_b": 4.549,
            "rmsd_u_b": 5.53
          },
          {
            "mode": 6,
            "affinity": -3.6,
            "rmsd_l_b": 4.988,
            "rmsd_u_b": 6.229
          },
          {
            "mode": 7,
            "affinity": -3.5,
            "rmsd_l_b": 5.302,
            "rmsd_u_b": 6.684
          },
          {
            "mode": 8,
            "affinity": -3.5,
            "rmsd_l_b": 6.742,
            "rmsd_u_b": 9.191
          },
          {
            "mode": 9,
            "affinity": -3.4,
            "rmsd_l_b": 6.816,
            "rmsd_u_b": 8.599
          }
        ]
      },
      {
        "run": 15,
        "seed": 407949,
        "average": {
          "affinity": -3.5,
          "rmsd_l_b": 4.761,
          "rmsd_u_b": 6.126
        },
        "modes": [
          {
            "mode": 1,
            "affinity": -3.8,
            "rmsd_l_b": 0.0,
            "rmsd_u_b": 0.0
          },
          {
            "mode": 2,
            "affinity": -3.6,
            "rmsd_l_b": 5.003,
            "rmsd_u_b": 6.226
          },
          {
            "mode": 3,
            "affinity": -3.6,
            "rmsd_l_b": 5.048,
            "rmsd_u_b": 6.327
          },
          {
            "mode": 4,
            "affinity": -3.6,
            "rmsd_l_b": 4.496,
            "rmsd_u_b": 5.588
          },
          {
            "mode": 5,
            "affinity": -3.6,
            "rmsd_l_b": 3.271,
            "rmsd_u_b": 4.086
          },
          {
            "mode": 6,
            "affinity": -3.5,
            "rmsd_l_b": 6.777,
            "rmsd_u_b": 9.164
          },
          {
            "mode": 7,
            "affinity": -3.3,
            "rmsd_l_b": 6.764,
            "rmsd_u_b": 8.891
          },
          {
            "mode": 8,
            "affinity": -3.3,
            "rmsd_l_b": 4.463,
            "rmsd_u_b": 6.768
          },
          {
            "mode": 9,
            "affinity": -3.2,
            "rmsd_l_b": 7.029,
            "rmsd_u_b": 8.08
          }
        ]
      },
      {
        "run": 16,
        "seed": 40911,
        "average": {
          "affinity": -3.489,
          "rmsd_l_b": 4.522,
          "rmsd_u_b": 5.605
        },
        "modes": [
          {
            "mode": 1,
            "affinity": -3.8,
            "rmsd_l_b": 0.0,
            "rmsd_u_b": 0.0
          },
          {
            "mode": 2,
            "affinity": -3.6,
            "rmsd_l_b": 3.072,
            "rmsd_u_b": 3.917
          },
          {
            "mode": 3,
            "affinity": -3.6,
            "rmsd_l_b": 5.024,
            "rmsd_u_b": 6.23
          },
          {
            "mode": 4,
            "affinity": -3.6,
            "rmsd_l_b": 4.529,
            "rmsd_u_b": 5.561
          },
          {
            "mode": 5,
            "affinity": -3.6,
            "rmsd_l_b": 5.031,
            "rmsd_u_b": 6.387
          },
          {
            "mode": 6,
            "affinity": -3.3,
            "rmsd_l_b": 6.1,
            "rmsd_u_b": 7.481
          },
          {
            "mode": 7,
            "affinity": -3.3,
            "rmsd_l_b": 4.469,
            "rmsd_u_b": 6.803
          },
          {
            "mode": 8,
            "affinity": -3.3,
            "rmsd_l_b": 2.911,
            "rmsd_u_b": 3.731
          },
          {
            "mode": 9,
            "affinity": -3.3,
            "rmsd_l_b": 9.564,
            "rmsd_u_b": 10.332
          }
        ]
      },
      {
        "run": 17,
        "seed": 856186,
        "average": {
          "affinity": -3.589,
          "rmsd_l_b": 3.481,
          "rmsd_u_b": 4.456
        },
        "modes": [
          {
            "mode": 1,
            "affinity": -3.8,
            "rmsd_l_b": 0.0,
            "rmsd_u_b": 0.0
          },
          {
            "mode": 2,
            "affinity": -3.6,
            "rmsd_l_b": 3.143,
            "rmsd_u_b": 3.988
          },
          {
            "mode": 3,
            "affinity": -3.6,
            "rmsd_l_b": 5.033,
            "rmsd_u_b": 6.284
          },
          {
            "mode": 4,
            "affinity": -3.6,
            "rmsd_l_b": 5.01,
            "rmsd_u_b": 6.31
          },
          {
            "mode": 5,
            "affinity": -3.6,
            "rmsd_l_b": 4.56,
            "rmsd_u_b": 5.628
          },
          {
            "mode": 6,
            "affinity": -3.6,
            "rmsd_l_b": 4.566,
            "rmsd_u_b": 5.595
          },
          {
            "mode": 7,
            "affinity": -3.6,
            "rmsd_l_b": 0.952,
            "rmsd_u_b": 1.809
          },
          {
            "mode": 8,
            "affinity": -3.5,
            "rmsd_l_b": 1.342,
            "rmsd_u_b": 1.931
          },
          {
            "mode": 9,
            "affinity": -3.4,
            "rmsd_l_b": 6.72,
            "rmsd_u_b": 8.555
          }
        ]
      },
      {
        "run": 18,
        "seed": 21868,
        "average": {
          "affinity": -3.511,
          "rmsd_l_b": 4.326,
          "rmsd_u_b": 5.427
        },
        "modes": [
          {
            "mode": 1,
            "affinity": -3.7,
            "rmsd_l_b": 0.0,
            "rmsd_u_b": 0.0
          },
          {
            "mode": 2,
            "affinity": -3.7,
            "rmsd_l_b": 3.052,
            "rmsd_u_b": 3.741
          },
          {
            "mode": 3,
            "affinity": -3.7,
            "rmsd_l_b": 1.297,
            "rmsd_u_b": 2.127
          },
          {
            "mode": 4,
            "affinity": -3.6,
            "rmsd_l_b": 4.43,
            "rmsd_u_b": 5.514
          },
          {
            "mode": 5,
            "affinity": -3.6,
            "rmsd_l_b": 5.092,
            "rmsd_u_b": 6.413
          },
          {
            "mode": 6,
            "affinity": -3.4,
            "rmsd_l_b": 6.943,
            "rmsd_u_b": 8.768
          },
          {
            "mode": 7,
            "affinity": -3.3,
            "rmsd_l_b": 9.636,
            "rmsd_u_b": 10.409
          },
          {
            "mode": 8,
            "affinity": -3.3,
            "rmsd_l_b": 4.599,
            "rmsd_u_b": 6.901
          },
          {
            "mode": 9,
            "affinity": -3.3,
            "rmsd_l_b": 3.881,
            "rmsd_u_b": 4.972
          }
        ]
      },
      {
        "run": 19,
        "seed": 805882,
        "average": {
          "affinity": -3.556,
          "rmsd_l_b": 4.062,
          "rmsd_u_b": 5.324
        },
        "modes": [
          {
            "mode": 1,
            "affinity": -3.8,
            "rmsd_l_b": 0.0,
            "rmsd_u_b": 0.0
          },
          {
            "mode": 2,
            "affinity": -3.6,
            "rmsd_l_b": 3.159,
            "rmsd_u_b": 3.909
          },
          {
            "mode": 3,
            "affinity": -3.6,
            "rmsd_l_b": 5.014,
            "rmsd_u_b": 6.272
          },
          {
            "mode": 4,
            "affinity": -3.6,
            "rmsd_l_b": 4.542,
            "rmsd_u_b": 5.607
          },
          {
            "mode": 5,
            "affinity": -3.6,
            "rmsd_l_b": 5.048,
            "rmsd_u_b": 6.385
          },
          {
            "mode": 6,
            "affinity": -3.5,
            "rmsd_l_b": 6.817,
            "rmsd_u_b": 9.134
          },
          {
            "mode": 7,
            "affinity": -3.5,
            "rmsd_l_b": 1.599,
            "rmsd_u_b": 2.376
          },
          {
            "mode": 8,
            "affinity": -3.5,
            "rmsd_l_b": 5.403,
            "rmsd_u_b": 6.855
          },
          {
            "mode": 9,
            "affinity": -3.3,
            "rmsd_l_b": 4.978,
            "rmsd_u_b": 7.378
          }
        ]
      },
      {
        "run": 20,
        "seed": 585017,
        "average": {
          "affinity": -3.567,
          "rmsd_l_b": 3.342,
          "rmsd_u_b": 4.372
        },
        "modes": [
          {
            "mode": 1,
            "affinity": -3.8,
            "rmsd_l_b": 0.0,
            "rmsd_u_b": 0.0
          },
          {
            "mode": 2,
            "affinity": -3.7,
            "rmsd_l_b": 0.633,
            "rmsd_u_b": 1.705
          },
          {
            "mode": 3,
            "affinity": -3.6,
            "rmsd_l_b": 5.065,
            "rmsd_u_b": 6.311
          },
          {
            "mode": 4,
            "affinity": -3.6,
            "rmsd_l_b": 4.549,
            "rmsd_u_b": 5.609
          },
          {
            "mode": 5,
            "affinity": -3.6,
            "rmsd_l_b": 5.1,
            "rmsd_u_b": 6.429
          },
          {
            "mode": 6,
            "affinity": -3.5,
            "rmsd_l_b": 1.503,
            "rmsd_u_b": 2.392
          },
          {
            "mode": 7,
            "affinity": -3.5,
            "rmsd_l_b": 3.339,
            "rmsd_u_b": 4.366
          },
          {
            "mode": 8,
            "affinity": -3.4,
            "rmsd_l_b": 3.005,
            "rmsd_u_b": 3.698
          },
          {
            "mode": 9,
            "affinity": -3.4,
            "rmsd_l_b": 6.88,
            "rmsd_u_b": 8.836
          }
        ]
      }
    ]
  }
}