{
  "rmsd": 3.204,
  "rmsd_method": "C-alpha coordinates",
  "rmsd_tool": "BioPython",
  "docking": {
    "average_affinity": -4.701,
    "runs": [
      {
        "run": 1,
        "seed": 33981,
        "average": {
          "affinity": -4.633,
          "rmsd_l_b": 6.975,
          "rmsd_u_b": 10.609
        },
        "modes": [
          {
            "mode": 1,
            "affinity": -5.0,
            "rmsd_l_b": 0.0,
            "rmsd_u_b": 0.0
          },
          {
            "mode": 2,
            "affinity": -4.8,
            "rmsd_l_b": 0.754,
            "rmsd_u_b": 8.518
          },
          {
            "mode": 3,
            "affinity": -4.8,
            "rmsd_l_b": 11.824,
            "rmsd_u_b": 16.524
          },
          {
            "mode": 4,
            "affinity": -4.6,
            "rmsd_l_b": 12.689,
            "rmsd_u_b": 15.224
          },
          {
            "mode": 5,
            "affinity": -4.5,
            "rmsd_l_b": 3.422,
            "rmsd_u_b": 9.413
          },
          {
            "mode": 6,
            "affinity": -4.5,
            "rmsd_l_b": 12.799,
            "rmsd_u_b": 16.647
          },
          {
            "mode": 7,
            "affinity": -4.5,
            "rmsd_l_b": 5.298,
            "rmsd_u_b": 8.796
          },
          {
            "mode": 8,
            "affinity": -4.5,
            "rmsd_l_b": 12.775,
            "rmsd_u_b": 15.297
          },
          {
            "mode": 9,
            "affinity": -4.5,
            "rmsd_l_b": 3.216,
            "rmsd_u_b": 5.065
          }
        ]
      },
      {
        "run": 2,
        "seed": 315784,
        "average": {
          "affinity": -4.689,
          "rmsd_l_b": 8.095,
          "rmsd_u_b": 11.399
        },
        "modes": [
          {
            "mode": 1,
            "affinity": -5.0,
            "rmsd_l_b": 0.0,
            "rmsd_u_b": 0.0
          },
          {
            "mode": 2,
            "affinity": -4.9,
            "rmsd_l_b": 11.809,
            "rmsd_u_b": 16.505
          },
          {
            "mode": 3,
            "affinity": -4.8,
            "rmsd_l_b": 0.751,
            "rmsd_u_b": 8.52
          },
          {
            "mode": 4,
            "affinity": -4.7,
            "rmsd_l_b": 13.074,
            "rmsd_u_b": 15.351
          },
          {
            "mode": 5,
            "affinity": -4.7,
            "rmsd_l_b": 12.803,
            "rmsd_u_b": 16.657
          },
          {
            "mode": 6,
            "affinity": -4.6,
            "rmsd_l_b": 5.305,
            "rmsd_u_b": 8.787
          },
          {
            "mode": 7,
            "affinity": -4.5,
            "rmsd_l_b": 13.169,
            "rmsd_u_b": 16.494
          },
          {
            "mode": 8,
            "affinity": -4.5,
            "rmsd_l_b": 3.18,
            "rmsd_u_b": 5.001
          },
          {
            "mode": 9,
            "affinity": -4.5,
            "rmsd_l_b": 12.76,
            "rmsd_u_b": 15.279
          }
        ]
      },
      {
        "run": 3,
        "seed": 306252,
        "average": {
          "affinity": -4.644,
          "rmsd_l_b": 9.425,
          "rmsd_u_b": 13.107
        },
        "modes": [
          {
            "mode": 1,
            "affinity": -5.0,
            "rmsd_l_b": 0.0,
            "rmsd_u_b": 0.0
          },
          {
            "mode": 2,
            "affinity": -4.8,
            "rmsd_l_b": 0.736,
            "rmsd_u_b": 8.521
          },
          {
            "mode": 3,
            "affinity": -4.8,
            "rmsd_l_b": 11.78,
            "rmsd_u_b": 14.708
          },
          {
            "mode": 4,
            "affinity": -4.6,
            "rmsd_l_b": 13.181,
            "rmsd_u_b": 16.619
          },
          {
            "mode": 5,
            "affinity": -4.6,
            "rmsd_l_b": 13.166,
            "rmsd_u_b": 16.731
          },
          {
            "mode": 6,
            "affinity": -4.5,
            "rmsd_l_b": 7.23,
            "rmsd_u_b": 12.863
          },
          {
            "mode": 7,
            "affinity": -4.5,
            "rmsd_l_b": 12.859,
            "rmsd_u_b": 16.725
          },
          {
            "mode": 8,
            "affinity": -4.5,
            "rmsd_l_b": 12.733,
            "rmsd_u_b": 15.259
          },
          {
            "mode": 9,
            "affinity": -4.5,
            "rmsd_l_b": 13.14,
            "rmsd_u_b": 16.534
          }
        ]
      },
      {
        "run": 4,
        "seed": 237875,
        "average": {
          "affinity": -4.878,
          "rmsd_l_b": 5.923,
          "rmsd_u_b": 9.266
        },
        "modes": [
          {
            "mode": 1,
            "affinity": -5.1,
            "rmsd_l_b": 0.0,
            "rmsd_u_b": 0.0
          },
          {
            "mode": 2,
            "affinity": -5.1,
            "rmsd_l_b": 11.583,
            "rmsd_u_b": 14.439
          },
          {
            "mode": 3,
            "affinity": -4.9,
            "rmsd_l_b": 3.656,
            "rmsd_u_b": 8.523
          },
          {
            "mode": 4,
            "affinity": -4.9,
            "rmsd_l_b": 0.527,
            "rmsd_u_b": 8.786
          },
          {
            "mode": 5,
            "affinity": -4.9,
            "rmsd_l_b": 3.47,
            "rmsd_u_b": 4.817
          },
          {
            "mode": 6,
            "affinity": -4.8,
            "rmsd_l_b": 9.387,
            "rmsd_u_b": 11.234
          },
          {
            "mode": 7,
            "affinity": -4.8,
            "rmsd_l_b": 10.63,
            "rmsd_u_b": 14.557
          },
          {
            "mode": 8,
            "affinity": -4.7,
            "rmsd_l_b": 3.241,
            "rmsd_u_b": 7.822
          },
          {
            "mode": 9,
            "affinity": -4.7,
            "rmsd_l_b": 10.816,
            "rmsd_u_b": 13.214
          }
        ]
      },
      {
        "run": 5,
        "seed": 552319,
        "average": {
          "affinity": -4.622,
          "rmsd_l_b": 9.58,
          "rmsd_u_b": 12.176
        },
        "modes": [
          {
            "mode": 1,
            "affinity": -5.0,
            "rmsd_l_b": 0.0,
            "rmsd_u_b": 0.0
          },
          {
            "mode": 2,
            "affinity": -4.8,
            "rmsd_l_b": 12.973,
            "rmsd_u_b": 15.239
          },
          {
            "mode": 3,
            "affinity": -4.6,
            "rmsd_l_b": 13.146,
            "rmsd_u_b": 16.712
          },
          {
            "mode": 4,
            "affinity": -4.6,
            "rmsd_l_b": 13.093,
            "rmsd_u_b": 16.408
          },
          {
            "mode": 5,
            "affinity": -4.6,
            "rmsd_l_b": 5.303,
            "rmsd_u_b": 8.781
          },
          {
            "mode": 6,
            "affinity": -4.5,
            "rmsd_l_b": 3.205,
            "rmsd_u_b": 5.043
          },
          {
            "mode": 7,
            "affinity": -4.5,
            "rmsd_l_b": 12.721,
            "rmsd_u_b": 15.245
          },
          {
            "mode": 8,
            "affinity": -4.5,
            "rmsd_l_b": 13.161,
            "rmsd_u_b": 15.622
          },
          {
            "mode": 9,
            "affinity": -4.5,
            "rmsd_l_b": 12.621,
            "rmsd_u_b": 16.537
          }
        ]
      },
      {
        "run": 6,
        "seed": 431520,
        "average": {
          "affinity": -4.711,
          "rmsd_l_b": 9.315,
          "rmsd_u_b": 12.829
        },
        "modes": [
          {
            "mode": 1,
            "affinity": -5.0,
            "rmsd_l_b": 0.0,
            "rmsd_u_b": 0.0
          },
          {
            "mode": 2,
            "affinity": -4.9,
            "rmsd_l_b": 11.786,
            "rmsd_u_b": 16.489
          },
          {
            "mode": 3,
            "affinity": -4.8,
            "rmsd_l_b": 0.694,
            "rmsd_u_b": 8.505
          },
          {
            "mode": 4,
            "affinity": -4.7,
            "rmsd_l_b": 13.016,
            "rmsd_u_b": 15.261
          },
          {
            "mode": 5,
            "affinity": -4.7,
            "rmsd_l_b": 13.71,
            "rmsd_u_b": 16.374
          },
          {
            "mode": 6,
            "affinity": -4.6,
            "rmsd_l_b": 13.071,
            "rmsd_u_b": 16.891
          },
          {
            "mode": 7,
            "affinity": -4.6,
            "rmsd_l_b": 13.146,
            "rmsd_u_b": 16.705
          },
          {
            "mode": 8,
            "affinity": -4.6,
            "rmsd_l_b": 5.312,
            "rmsd_u_b": 8.789
          },
          {
            "mode": 9,
            "affinity": -4.5,
            "rmsd_l_b": 13.099,
            "rmsd_u_b": 16.45
          }
        ]
      },
      {
        "run": 7,
        "seed": 699229,
        "average": {
          "affinity": -4.678,
          "rmsd_l_b": 5.698,
          "rmsd_u_b": 9.36
        },
        "modes": [
          {
            "mode": 1,
            "affinity": -5.0,
            "rmsd_l_b": 0.0,
            "rmsd_u_b": 0.0
          },
          {
            "mode": 2,
            "affinity": -4.8,
            "rmsd_l_b": 0.706,
            "rmsd_u_b": 8.502
          },
          {
            "mode": 3,
            "affinity": -4.8,
            "rmsd_l_b": 12.997,
            "rmsd_u_b": 15.259
          },
          {
            "mode": 4,
            "affinity": -4.6,
            "rmsd_l_b": 5.352,
            "rmsd_u_b": 8.815
          },
          {
            "mode": 5,
            "affinity": -4.6,
            "rmsd_l_b": 5.291,
            "rmsd_u_b": 7.855
          },
          {
            "mode": 6,
            "affinity": -4.6,
            "rmsd_l_b": 13.177,
            "rmsd_u_b": 16.746
          },
          {
            "mode": 7,
            "affinity": -4.6,
            "rmsd_l_b": 3.069,
            "rmsd_u_b": 4.787
          },
          {
            "mode": 8,
            "affinity": -4.6,
            "rmsd_l_b": 7.259,
            "rmsd_u_b": 12.864
          },
          {
            "mode": 9,
            "affinity": -4.5,
            "rmsd_l_b": 3.434,
            "rmsd_u_b": 9.414
          }
        ]
      },
      {
        "run": 8,
        "seed": 659625,
        "average": {
          "affinity": -4.689,
          "rmsd_l_b": 8.27,
          "rmsd_u_b": 11.797
        },
        "modes": [
          {
            "mode": 1,
            "affinity": -5.0,
            "rmsd_l_b": 0.0,
            "rmsd_u_b": 0.0
          },
          {
            "mode": 2,
            "affinity": -4.9,
            "rmsd_l_b": 11.795,
            "rmsd_u_b": 16.491
          },
          {
            "mode": 3,
            "affinity": -4.8,
            "rmsd_l_b": 0.774,
            "rmsd_u_b": 8.518
          },
          {
            "mode": 4,
            "affinity": -4.8,
            "rmsd_l_b": 12.972,
            "rmsd_u_b": 15.225
          },
          {
            "mode": 5,
            "affinity": -4.6,
            "rmsd_l_b": 12.665,
            "rmsd_u_b": 16.478
          },
          {
            "mode": 6,
            "affinity": -4.6,
            "rmsd_l_b": 3.049,
            "rmsd_u_b": 4.77
          },
          {
            "mode": 7,
            "affinity": -4.5,
            "rmsd_l_b": 7.231,
            "rmsd_u_b": 12.846
          },
          {
            "mode": 8,
            "affinity": -4.5,
            "rmsd_l_b": 13.229,
            "rmsd_u_b": 16.602
          },
          {
            "mode": 9,
            "affinity": -4.5,
            "rmsd_l_b": 12.713,
            "rmsd_u_b": 15.239
          }
        ]
      },
      {
        "run": 9,
        "seed": 573968,
        "average": {
          "affinity": -4.644,
          "rmsd_l_b": 8.088,
          "rmsd_u_b": 12.012
        },
        "modes": [
          {
            "mode": 1,
            "affinity": -5.0,
            "rmsd_l_b": 0.0,
            "rmsd_u_b": 0.0
          },
          {
            "mode": 2,
            "affinity": -4.9,
            "rmsd_l_b": 11.773,
            "rmsd_u_b": 16.481
          },
          {
            "mode": 3,
            "affinity": -4.8,
            "rmsd_l_b": 0.782,
            "rmsd_u_b": 8.519
          },
          {
            "mode": 4,
            "affinity": -4.6,
            "rmsd_l_b": 12.603,
            "rmsd_u_b": 15.173
          },
          {
            "mode": 5,
            "affinity": -4.5,
            "rmsd_l_b": 3.426,
            "rmsd_u_b": 9.413
          },
          {
            "mode": 6,
            "affinity": -4.5,
            "rmsd_l_b": 13.143,
            "rmsd_u_b": 16.727
          },
          {
            "mode": 7,
            "affinity": -4.5,
            "rmsd_l_b": 12.61,
            "rmsd_u_b": 16.381
          },
          {
            "mode": 8,
            "affinity": -4.5,
            "rmsd_l_b": 5.301,
            "rmsd_u_b": 8.78
          },
          {
            "mode": 9,
            "affinity": -4.5,
            "rmsd_l_b": 13.157,
            "rmsd_u_b": 16.638
          }
        ]
      },
      {
        "run": 10,
        "seed": 504050,
        "average": {
          "affinity": -4.867,
          "rmsd_l_b": 4.776,
          "rmsd_u_b": 8.688
        },
        "modes": [
          {
            "mode": 1,
            "affinity": -5.1,
            "rmsd_l_b": 0.0,
            "rmsd_u_b": 0.0
          },
          {
            "mode": 2,
            "affinity": -4.9,
            "rmsd_l_b": 1.239,
            "rmsd_u_b": 8.578
          },
          {
            "mode": 3,
            "affinity": -4.9,
            "rmsd_l_b": 1.86,
            "rmsd_u_b": 8.275
          },
          {
            "mode": 4,
            "affinity": -4.9,
            "rmsd_l_b": 12.043,
            "rmsd_u_b": 14.812
          },
          {
            "mode": 5,
            "affinity": -4.8,
            "rmsd_l_b": 0.871,
            "rmsd_u_b": 8.639
          },
          {
            "mode": 6,
            "affinity": -4.8,
            "rmsd_l_b": 11.921,
            "rmsd_u_b": 15.722
          },
          {
            "mode": 7,
            "affinity": -4.8,
            "rmsd_l_b": 3.721,
            "rmsd_u_b": 5.338
          },
          {
            "mode": 8,
            "affinity": -4.8,
            "rmsd_l_b": 10.244,
            "rmsd_u_b": 14.59
          },
          {
            "mode": 9,
            "affinity": -4.8,
            "rmsd_l_b": 1.084,
            "rmsd_u_b": 2.237
          }
        ]
      },
      {
        "run": 11,
        "seed": 407616,
        "average": {
          "affinity": -4.633,
          "rmsd_l_b": 8.688,
          "rmsd_u_b": 11.163
        },
        "modes": [
          {
            "mode": 1,
            "affinity": -5.0,
            "rmsd_l_b": 0.0,
            "rmsd_u_b": 0.0
          },
          {
            "mode": 2,
            "affinity": -4.8,
            "rmsd_l_b": 13.002,
            "rmsd_u_b": 15.27
          },
          {
            "mode": 3,
            "affinity": -4.7,
            "rmsd_l_b": 5.284,
            "rmsd_u_b": 7.844
          },
          {
            "mode": 4,
            "affinity": -4.6,
            "rmsd_l_b": 13.078,
            "rmsd_u_b": 16.412
          },
          {
            "mode": 5,
            "affinity": -4.6,
            "rmsd_l_b": 5.307,
            "rmsd_u_b": 8.803
          },
          {
            "mode": 6,
            "affinity": -4.5,
            "rmsd_l_b": 3.056,
            "rmsd_u_b": 4.784
          },
          {
            "mode": 7,
            "affinity": -4.5,
            "rmsd_l_b": 13.156,
            "rmsd_u_b": 15.609
          },
          {
            "mode": 8,
            "affinity": -4.5,
            "rmsd_l_b": 12.712,
            "rmsd_u_b": 15.237
          },
          {
            "mode": 9,
            "affinity": -4.5,
            "rmsd_l_b": 12.595,
            "rmsd_u_b": 16.506
          }
        ]
      },
      {
        "run": 12,
        "seed": 913287,
        "average": {
          "affinity": -4.667,
          "rmsd_l_b": 8.184,
          "rmsd_u_b": 11.772
        },
        "modes": [
          {
            "mode": 1,
            "affinity": -5.0,
            "rmsd_l_b": 0.0,
            "rmsd_u_b": 0.0
          },
          {
            "mode": 2,
            "affinity": -4.8,
            "rmsd_l_b": 0.745,
            "rmsd_u_b": 8.52
          },
          {
            "mode": 3,
            "affinity": -4.8,
            "rmsd_l_b": 13.009,
            "rmsd_u_b": 15.271
          },
          {
            "mode": 4,
            "affinity": -4.8,
            "rmsd_l_b": 11.798,
            "rmsd_u_b": 14.719
          },
          {
            "mode": 5,
            "affinity": -4.6,
            "rmsd_l_b": 13.085,
            "rmsd_u_b": 16.883
          },
          {
            "mode": 6,
            "affinity": -4.5,
            "rmsd_l_b": 13.215,
            "rmsd_u_b": 16.773
          },
          {
            "mode": 7,
            "affinity": -4.5,
            "rmsd_l_b": 3.404,
            "rmsd_u_b": 9.418
          },
          {
            "mode": 8,
            "affinity": -4.5,
            "rmsd_l_b": 13.162,
            "rmsd_u_b": 15.619
          },
          {
            "mode": 9,
            "affinity": -4.5,
            "rmsd_l_b": 5.24,
            "rmsd_u_b": 8.743
          }
        ]
      },
      {
        "run": 13,
        "seed": 614880,
        "average": {
          "affinity": -4.667,
          "rmsd_l_b": 7.79,
          "rmsd_u_b": 11.174
        },
        "modes": [
          {
            "mode": 1,
            "affinity": -5.0,
            "rmsd_l_b": 0.0,
            "rmsd_u_b": 0.0
          },
          {
            "mode": 2,
            "affinity": -4.8,
            "rmsd_l_b": 0.752,
            "rmsd_u_b": 8.521
          },
          {
            "mode": 3,
            "affinity": -4.7,
            "rmsd_l_b": 13.02,
            "rmsd_u_b": 15.26
          },
          {
            "mode": 4,
            "affinity": -4.7,
            "rmsd_l_b": 5.275,
            "rmsd_u_b": 7.845
          },
          {
            "mode": 5,
            "affinity": -4.6,
            "rmsd_l_b": 12.61,
            "rmsd_u_b": 16.406
          },
          {
            "mode": 6,
            "affinity": -4.6,
            "rmsd_l_b": 5.267,
            "rmsd_u_b": 8.76
          },
          {
            "mode": 7,
            "affinity": -4.6,
            "rmsd_l_b": 7.269,
            "rmsd_u_b": 12.877
          },
          {
            "mode": 8,
            "affinity": -4.5,
            "rmsd_l_b": 13.155,
            "rmsd_u_b": 15.609
          },
          {
            "mode": 9,
            "affinity": -4.5,
            "rmsd_l_b": 12.763,
            "rmsd_u_b": 15.284
          }
        ]
      },
      {
        "run": 14,
        "seed": 82649,
        "average": {
          "affinity": -4.933,
          "rmsd_l_b": 5.208,
          "rmsd_u_b": 8.776
        },
        "modes": [
          {
            "mode": 1,
            "affinity": -5.1,
            "rmsd_l_b": 0.0,
            "rmsd_u_b": 0.0
          },
          {
            "mode": 2,
            "affinity": -5.1,
            "rmsd_l_b": 3.654,
            "rmsd_u_b": 5.225
          },
          {
            "mode": 3,
            "affinity": -5.0,
            "rmsd_l_b": 3.15,
            "rmsd_u_b": 8.478
          },
          {
            "mode": 4,
            "affinity": -5.0,
            "rmsd_l_b": 11.931,
            "rmsd_u_b": 15.647
          },
          {
            "mode": 5,
            "affinity": -4.9,
            "rmsd_l_b": 1.78,
            "rmsd_u_b": 8.235
          },
          {
            "mode": 6,
            "affinity": -4.9,
            "rmsd_l_b": 12.061,
            "rmsd_u_b": 14.83
          },
          {
            "mode": 7,
            "affinity": -4.8,
            "rmsd_l_b": 11.888,
            "rmsd_u_b": 15.707
          },
          {
            "mode": 8,
            "affinity": -4.8,
            "rmsd_l_b": 1.304,
            "rmsd_u_b": 8.598
          },
          {
            "mode": 9,
            "affinity": -4.8,
            "rmsd_l_b": 1.103,
            "rmsd_u_b": 2.263
          }
        ]
      },
      {
        "run": 15,
        "seed": 281328,
        "average": {
          "affinity": -4.7,
          "rmsd_l_b": 9.039,
          "rmsd_u_b": 12.681
        },
        "modes": [
          {
            "mode": 1,
            "affinity": -5.0,
            "rmsd_l_b": 0.0,
            "rmsd_u_b": 0.0
          },
          {
            "mode": 2,
            "affinity": -4.8,
            "rmsd_l_b": 0.754,
            "rmsd_u_b": 8.52
          },
          {
            "mode": 3,
            "affinity": -4.8,
            "rmsd_l_b": 11.757,
            "rmsd_u_b": 14.684
          },
          {
            "mode": 4,
            "affinity": -4.8,
            "rmsd_l_b": 12.949,
            "rmsd_u_b": 15.202
          },
          {
            "mode": 5,
            "affinity": -4.6,
            "rmsd_l_b": 13.692,
            "rmsd_u_b": 16.753
          },
          {
            "mode": 6,
            "affinity": -4.6,
            "rmsd_l_b": 13.13,
            "rmsd_u_b": 16.705
          },
          {
            "mode": 7,
            "affinity": -4.6,
            "rmsd_l_b": 12.634,
            "rmsd_u_b": 16.459
          },
          {
            "mode": 8,
            "affinity": -4.6,
            "rmsd_l_b": 13.032,
            "rmsd_u_b": 16.382
          },
          {
            "mode": 9,
            "affinity": -4.5,
            "rmsd_l_b": 3.401,
            "rmsd_u_b": 9.421
          }
        ]
      },
      {
        "run": 16,
        "seed": 405528,
        "average": {
          "affinity": -4.6,
          "rmsd_l_b": 9.134,
          "rmsd_u_b": 12.217
        },
        "modes": [
          {
            "mode": 1,
            "affinity": -5.0,
            "rmsd_l_b": 0.0,
            "rmsd_u_b": 0.0
          },
          {
            "mode": 2,
            "affinity": -4.8,
            "rmsd_l_b": 0.747,
            "rmsd_u_b": 8.52
          },
          {
            "mode": 3,
            "affinity": -4.6,
            "rmsd_l_b": 12.658,
            "rmsd_u_b": 15.214
          },
          {
            "mode": 4,
            "affinity": -4.6,
            "rmsd_l_b": 13.974,
            "rmsd_u_b": 16.675
          },
          {
            "mode": 5,
            "affinity": -4.5,
            "rmsd_l_b": 12.692,
            "rmsd_u_b": 16.544
          },
          {
            "mode": 6,
            "affinity": -4.5,
            "rmsd_l_b": 13.163,
            "rmsd_u_b": 15.623
          },
          {
            "mode": 7,
            "affinity": -4.5,
            "rmsd_l_b": 12.763,
            "rmsd_u_b": 15.287
          },
          {
            "mode": 8,
            "affinity": -4.5,
            "rmsd_l_b": 3.283,
            "rmsd_u_b": 5.18
          },
          {
            "mode": 9,
            "affinity": -4.4,
            "rmsd_l_b": 12.929,
            "rmsd_u_b": 16.91
          }
        ]
      },
      {
        "run": 17,
        "seed": 572897,
        "average": {
          "affinity": -4.622,
          "rmsd_l_b": 11.376,
          "rmsd_u_b": 14.195
        },
        "modes": [
          {
            "mode": 1,
            "affinity": -5.0,
            "rmsd_l_b": 0.0,
            "rmsd_u_b": 0.0
          },
          {
            "mode": 2,
            "affinity": -4.8,
            "rmsd_l_b": 11.85,
            "rmsd_u_b": 16.54
          },
          {
            "mode": 3,
            "affinity": -4.8,
            "rmsd_l_b": 13.028,
            "rmsd_u_b": 15.305
          },
          {
            "mode": 4,
            "affinity": -4.6,
            "rmsd_l_b": 13.176,
            "rmsd_u_b": 16.736
          },
          {
            "mode": 5,
            "affinity": -4.5,
            "rmsd_l_b": 13.114,
            "rmsd_u_b": 16.466
          },
          {
            "mode": 6,
            "affinity": -4.5,
            "rmsd_l_b": 13.156,
            "rmsd_u_b": 15.621
          },
          {
            "mode": 7,
            "affinity": -4.5,
            "rmsd_l_b": 12.768,
            "rmsd_u_b": 15.288
          },
          {
            "mode": 8,
            "affinity": -4.5,
            "rmsd_l_b": 12.614,
            "rmsd_u_b": 16.523
          },
          {
            "mode": 9,
            "affinity": -4.4,
            "rmsd_l_b": 12.682,
            "rmsd_u_b": 15.275
          }
        ]
      },
      {
        "run": 18,
        "seed": 580390,
        "average": {
          "affinity": -4.689,
          "rmsd_l_b": 8.73,
          "rmsd_u_b": 12.451
        },
        "modes": [
          {
            "mode": 1,
            "affinity": -5.0,
            "rmsd_l_b": 0.0,
            "rmsd_u_b": 0.0
          },
          {
            "mode": 2,
            "affinity": -4.9,
            "rmsd_l_b": 11.78,
            "rmsd_u_b": 16.483
          },
          {
            "mode": 3,
            "affinity": -4.8,
            "rmsd_l_b": 0.747,
            "rmsd_u_b": 8.519
          },
          {
            "mode": 4,
            "affinity": -4.6,
            "rmsd_l_b": 13.088,
            "rmsd_u_b": 15.242
          },
          {
            "mode": 5,
            "affinity": -4.6,
            "rmsd_l_b": 5.349,
            "rmsd_u_b": 8.817
          },
          {
            "mode": 6,
            "affinity": -4.6,
            "rmsd_l_b": 14.006,
            "rmsd_u_b": 16.702
          },
          {
            "mode": 7,
            "affinity": -4.6,
            "rmsd_l_b": 13.176,
            "rmsd_u_b": 16.744
          },
          {
            "mode": 8,
            "affinity": -4.6,
            "rmsd_l_b": 7.276,
            "rmsd_u_b": 12.874
          },
          {
            "mode": 9,
            "affinity": -4.5,
            "rmsd_l_b": 13.151,
            "rmsd_u_b": 16.676
          }
        ]
      },
      {
        "run": 19,
        "seed": 388283,
        "average": {
          "affinity": -4.811,
          "rmsd_l_b": 3.27,
          "rmsd_u_b": 6.513
        },
        "modes": [
          {
            "mode": 1,
            "affinity": -5.1,
            "rmsd_l_b": 0.0,
            "rmsd_u_b": 0.0
          },
          {
            "mode": 2,
            "affinity": -4.8,
            "rmsd_l_b": 1.836,
            "rmsd_u_b": 8.262
          },
          {
            "mode": 3,
            "affinity": -4.8,
            "rmsd_l_b": 11.893,
            "rmsd_u_b": 15.713
          },
          {
            "mode": 4,
            "affinity": -4.8,
            "rmsd_l_b": 1.229,
            "rmsd_u_b": 8.553
          },
          {
            "mode": 5,
            "affinity": -4.8,
            "rmsd_l_b": 1.906,
            "rmsd_u_b": 2.727
          },
          {
            "mode": 6,
            "affinity": -4.8,
            "rmsd_l_b": 1.121,
            "rmsd_u_b": 2.279
          },
          {
            "mode": 7,
            "affinity": -4.8,
            "rmsd_l_b": 3.695,
            "rmsd_u_b": 6.424
          },
          {
            "mode": 8,
            "affinity": -4.7,
            "rmsd_l_b": 3.812,
            "rmsd_u_b": 6.412
          },
          {
            "mode": 9,
            "affinity": -4.7,
            "rmsd_l_b": 3.94,
            "rmsd_u_b": 8.251
          }
        ]
      },
      {
        "run": 20,
        "seed": 860959,
        "average": {
          "affinity": -4.644,
          "rmsd_l_b": 8.505,
          "rmsd_u_b": 12.461
        },
        "modes": [
          {
            "mode": 1,
            "affinity": -5.0,
            "rmsd_l_b": 0.0,
            "rmsd_u_b": 0.0
          },
          {
            "mode": 2,
            "affinity": -4.8,
            "rmsd_l_b": 0.744,
            "rmsd_u_b": 8.523
          },
          {
            "mode": 3,
            "affinity": -4.6,
            "rmsd_l_b": 13.037,
            "rmsd_u_b": 15.891
          },
          {
            "mode": 4,
            "affinity": -4.6,
            "rmsd_l_b": 13.037,
            "rmsd_u_b": 16.891
          },
          {
            "mode": 5,
            "affinity": -4.6,
            "rmsd_l_b": 12.665,
            "rmsd_u_b": 15.247
          },
          {
            "mode": 6,
            "affinity": -4.6,
            "rmsd_l_b": 13.176,
            "rmsd_u_b": 16.755
          },
          {
            "mode": 7,
            "affinity": -4.6,
            "rmsd_l_b": 7.269,
            "rmsd_u_b": 12.879
          },
          {
            "mode": 8,
            "affinity": -4.5,
            "rmsd_l_b": 13.191,
            "rmsd_u_b": 16.545
          },
          {
            "mode": 9,
            "affinity": -4.5,
            "rmsd_l_b": 3.43,
            "rmsd_u_b": 9.415
          }
        ]
      }
    ]
  }
}