{
  "rmsd": 3.85,
  "rmsd_method": "C-alpha coordinates",
  "rmsd_tool": "BioPython",
  "docking": {
    "average_affinity": -4.138,
    "runs": [
      {
        "run": 1,
        "seed": 983353,
        "average": {
          "affinity": -4.089,
          "rmsd_l_b": 2.524,
          "rmsd_u_b": 3.607
        },
        "modes": [
          {
            "mode": 1,
            "affinity": -4.7,
            "rmsd_l_b": 0.0,
            "rmsd_u_b": 0.0
          },
          {
            "mode": 2,
            "affinity": -4.7,
            "rmsd_l_b": 0.032,
            "rmsd_u_b": 1.386
          },
          {
            "mode": 3,
            "affinity": -4.4,
            "rmsd_l_b": 1.699,
            "rmsd_u_b": 2.34
          },
          {
            "mode": 4,
            "affinity": -4.4,
            "rmsd_l_b": 1.4,
            "rmsd_u_b": 1.725
          },
          {
            "mode": 5,
            "affinity": -3.9,
            "rmsd_l_b": 1.991,
            "rmsd_u_b": 2.948
          },
          {
            "mode": 6,
            "affinity": -3.9,
            "rmsd_l_b": 1.541,
            "rmsd_u_b": 2.419
          },
          {
            "mode": 7,
            "affinity": -3.6,
            "rmsd_l_b": 1.881,
            "rmsd_u_b": 2.549
          },
          {
            "mode": 8,
            "affinity": -3.6,
            "rmsd_l_b": 9.811,
            "rmsd_u_b": 11.438
          },
          {
            "mode": 9,
            "affinity": -3.6,
            "rmsd_l_b": 4.358,
            "rmsd_u_b": 7.655
          }
        ]
      },
      {
        "run": 2,
        "seed": 418636,
        "average": {
          "affinity": -4.167,
          "rmsd_l_b": 2.22,
          "rmsd_u_b": 2.975
        },
        "modes": [
          {
            "mode": 1,
            "affinity": -4.7,
            "rmsd_l_b": 0.0,
            "rmsd_u_b": 0.0
          },
          {
            "mode": 2,
            "affinity": -4.7,
            "rmsd_l_b": 0.078,
            "rmsd_u_b": 1.388
          },
          {
            "mode": 3,
            "affinity": -4.4,
            "rmsd_l_b": 1.714,
            "rmsd_u_b": 2.166
          },
          {
            "mode": 4,
            "affinity": -4.4,
            "rmsd_l_b": 1.312,
            "rmsd_u_b": 2.012
          },
          {
            "mode": 5,
            "affinity": -4.1,
            "rmsd_l_b": 1.876,
            "rmsd_u_b": 2.652
          },
          {
            "mode": 6,
            "affinity": -4.1,
            "rmsd_l_b": 1.245,
            "rmsd_u_b": 1.634
          },
          {
            "mode": 7,
            "affinity": -3.8,
            "rmsd_l_b": 2.165,
            "rmsd_u_b": 3.13
          },
          {
            "mode": 8,
            "affinity": -3.7,
            "rmsd_l_b": 1.795,
            "rmsd_u_b": 2.402
          },
          {
            "mode": 9,
            "affinity": -3.6,
            "rmsd_l_b": 9.798,
            "rmsd_u_b": 11.392
          }
        ]
      },
      {
        "run": 3,
        "seed": 597897,
        "average": {
          "affinity": -4.178,
          "rmsd_l_b": 2.288,
          "rmsd_u_b": 3.14
        },
        "modes": [
          {
            "mode": 1,
            "affinity": -4.7,
            "rmsd_l_b": 0.0,
            "rmsd_u_b": 0.0
          },
          {
            "mode": 2,
            "affinity": -4.7,
            "rmsd_l_b": 0.026,
            "rmsd_u_b": 1.632
          },
          {
            "mode": 3,
            "affinity": -4.4,
            "rmsd_l_b": 1.711,
            "rmsd_u_b": 2.341
          },
          {
            "mode": 4,
            "affinity": -4.3,
            "rmsd_l_b": 1.475,
            "rmsd_u_b": 2.138
          },
          {
            "mode": 5,
            "affinity": -4.3,
            "rmsd_l_b": 1.481,
            "rmsd_u_b": 1.839
          },
          {
            "mode": 6,
            "affinity": -4.1,
            "rmsd_l_b": 1.837,
            "rmsd_u_b": 2.562
          },
          {
            "mode": 7,
            "affinity": -3.9,
            "rmsd_l_b": 2.624,
            "rmsd_u_b": 3.716
          },
          {
            "mode": 8,
            "affinity": -3.6,
            "rmsd_l_b": 1.638,
            "rmsd_u_b": 2.638
          },
          {
            "mode": 9,
            "affinity": -3.6,
            "rmsd_l_b": 9.803,
            "rmsd_u_b": 11.395
          }
        ]
      },
      {
        "run": 4,
        "seed": 439949,
        "average": {
          "affinity": -4.033,
          "rmsd_l_b": 3.363,
          "rmsd_u_b": 4.484
        },
        "modes": [
          {
            "mode": 1,
            "affinity": -4.7,
            "rmsd_l_b": 0.0,
            "rmsd_u_b": 0.0
          },
          {
            "mode": 2,
            "affinity": -4.7,
            "rmsd_l_b": 0.038,
            "rmsd_u_b": 1.386
          },
          {
            "mode": 3,
            "affinity": -4.4,
            "rmsd_l_b": 1.647,
            "rmsd_u_b": 2.116
          },
          {
            "mode": 4,
            "affinity": -4.3,
            "rmsd_l_b": 1.48,
            "rmsd_u_b": 2.244
          },
          {
            "mode": 5,
            "affinity": -3.9,
            "rmsd_l_b": 2.07,
            "rmsd_u_b": 2.937
          },
          {
            "mode": 6,
            "affinity": -3.6,
            "rmsd_l_b": 9.805,
            "rmsd_u_b": 11.422
          },
          {
            "mode": 7,
            "affinity": -3.6,
            "rmsd_l_b": 5.023,
            "rmsd_u_b": 7.494
          },
          {
            "mode": 8,
            "affinity": -3.6,
            "rmsd_l_b": 2.308,
            "rmsd_u_b": 2.997
          },
          {
            "mode": 9,
            "affinity": -3.5,
            "rmsd_l_b": 7.893,
            "rmsd_u_b": 9.758
          }
        ]
      },
      {
        "run": 5,
        "seed": 597090,
        "average": {
          "affinity": -4.122,
          "rmsd_l_b": 2.487,
          "rmsd_u_b": 3.353
        },
        "modes": [
          {
            "mode": 1,
            "affinity": -4.7,
            "rmsd_l_b": 0.0,
            "rmsd_u_b": 0.0
          },
          {
            "mode": 2,
            "affinity": -4.7,
            "rmsd_l_b": 0.072,
            "rmsd_u_b": 1.387
          },
          {
            "mode": 3,
            "affinity": -4.4,
            "rmsd_l_b": 1.255,
            "rmsd_u_b": 1.842
          },
          {
            "mode": 4,
            "affinity": -4.4,
            "rmsd_l_b": 1.711,
            "rmsd_u_b": 2.139
          },
          {
            "mode": 5,
            "affinity": -4.3,
            "rmsd_l_b": 1.725,
            "rmsd_u_b": 2.045
          },
          {
            "mode": 6,
            "affinity": -4.0,
            "rmsd_l_b": 1.456,
            "rmsd_u_b": 2.114
          },
          {
            "mode": 7,
            "affinity": -3.6,
            "rmsd_l_b": 9.779,
            "rmsd_u_b": 11.385
          },
          {
            "mode": 8,
            "affinity": -3.5,
            "rmsd_l_b": 3.116,
            "rmsd_u_b": 5.174
          },
          {
            "mode": 9,
            "affinity": -3.5,
            "rmsd_l_b": 3.271,
            "rmsd_u_b": 4.094
          }
        ]
      },
      {
        "run": 6,
        "seed": 199866,
        "average": {
          "affinity": -4.011,
          "rmsd_l_b": 2.586,
          "rmsd_u_b": 3.53
        },
        "modes": [
          {
            "mode": 1,
            "affinity": -4.7,
            "rmsd_l_b": 0.0,
            "rmsd_u_b": 0.0
          },
          {
            "mode": 2,
            "affinity": -4.7,
            "rmsd_l_b": 0.034,
            "rmsd_u_b": 1.386
          },
          {
            "mode": 3,
            "affinity": -4.4,
            "rmsd_l_b": 1.722,
            "rmsd_u_b": 2.12
          },
          {
            "mode": 4,
            "affinity": -4.1,
            "rmsd_l_b": 1.331,
            "rmsd_u_b": 1.663
          },
          {
            "mode": 5,
            "affinity": -3.8,
            "rmsd_l_b": 2.027,
            "rmsd_u_b": 2.758
          },
          {
            "mode": 6,
            "affinity": -3.7,
            "rmsd_l_b": 3.074,
            "rmsd_u_b": 4.132
          },
          {
            "mode": 7,
            "affinity": -3.6,
            "rmsd_l_b": 9.797,
            "rmsd_u_b": 11.431
          },
          {
            "mode": 8,
            "affinity": -3.6,
            "rmsd_l_b": 2.41,
            "rmsd_u_b": 3.378
          },
          {
            "mode": 9,
            "affinity": -3.5,
            "rmsd_l_b": 2.883,
            "rmsd_u_b": 4.902
          }
        ]
      },
      {
        "run": 7,
        "seed": 613774,
        "average": {
          "affinity": -4.156,
          "rmsd_l_b": 3.23,
          "rmsd_u_b": 4.086
        },
        "modes": [
          {
            "mode": 1,
            "affinity": -4.7,
            "rmsd_l_b": 0.0,
            "rmsd_u_b": 0.0
          },
          {
            "mode": 2,
            "affinity": -4.7,
            "rmsd_l_b": 0.028,
            "rmsd_u_b": 1.386
          },
          {
            "mode": 3,
            "affinity": -4.4,
            "rmsd_l_b": 1.692,
            "rmsd_u_b": 2.234
          },
          {
            "mode": 4,
            "affinity": -4.4,
            "rmsd_l_b": 1.722,
            "rmsd_u_b": 2.197
          },
          {
            "mode": 5,
            "affinity": -4.3,
            "rmsd_l_b": 1.499,
            "rmsd_u_b": 1.88
          },
          {
            "mode": 6,
            "affinity": -3.9,
            "rmsd_l_b": 1.95,
            "rmsd_u_b": 2.698
          },
          {
            "mode": 7,
            "affinity": -3.8,
            "rmsd_l_b": 2.588,
            "rmsd_u_b": 3.58
          },
          {
            "mode": 8,
            "affinity": -3.6,
            "rmsd_l_b": 9.813,
            "rmsd_u_b": 11.415
          },
          {
            "mode": 9,
            "affinity": -3.6,
            "rmsd_l_b": 9.782,
            "rmsd_u_b": 11.383
          }
        ]
      },
      {
        "run": 8,
        "seed": 786527,
        "average": {
          "affinity": -4.2,
          "rmsd_l_b": 2.175,
          "rmsd_u_b": 2.948
        },
        "modes": [
          {
            "mode": 1,
            "affinity": -4.7,
            "rmsd_l_b": 0.0,
            "rmsd_u_b": 0.0
          },
          {
            "mode": 2,
            "affinity": -4.7,
            "rmsd_l_b": 0.039,
            "rmsd_u_b": 1.386
          },
          {
            "mode": 3,
            "affinity": -4.4,
            "rmsd_l_b": 1.693,
            "rmsd_u_b": 2.311
          },
          {
            "mode": 4,
            "affinity": -4.4,
            "rmsd_l_b": 1.283,
            "rmsd_u_b": 1.88
          },
          {
            "mode": 5,
            "affinity": -4.2,
            "rmsd_l_b": 1.37,
            "rmsd_u_b": 1.722
          },
          {
            "mode": 6,
            "affinity": -4.2,
            "rmsd_l_b": 1.265,
            "rmsd_u_b": 1.65
          },
          {
            "mode": 7,
            "affinity": -4.0,
            "rmsd_l_b": 1.983,
            "rmsd_u_b": 2.935
          },
          {
            "mode": 8,
            "affinity": -3.6,
            "rmsd_l_b": 2.154,
            "rmsd_u_b": 3.277
          },
          {
            "mode": 9,
            "affinity": -3.6,
            "rmsd_l_b": 9.786,
            "rmsd_u_b": 11.374
          }
        ]
      },
      {
        "run": 9,
        "seed": 750401,
        "average": {
          "affinity": -4.211,
          "rmsd_l_b": 1.37,
          "rmsd_u_b": 2.007
        },
        "modes": [
          {
            "mode": 1,
            "affinity": -4.7,
            "rmsd_l_b": 0.0,
            "rmsd_u_b": 0.0
          },
          {
            "mode": 2,
            "affinity": -4.7,
            "rmsd_l_b": 0.036,
            "rmsd_u_b": 1.386
          },
          {
            "mode": 3,
            "affinity": -4.4,
            "rmsd_l_b": 1.694,
            "rmsd_u_b": 2.23
          },
          {
            "mode": 4,
            "affinity": -4.4,
            "rmsd_l_b": 1.295,
            "rmsd_u_b": 1.88
          },
          {
            "mode": 5,
            "affinity": -4.4,
            "rmsd_l_b": 1.477,
            "rmsd_u_b": 1.825
          },
          {
            "mode": 6,
            "affinity": -3.9,
            "rmsd_l_b": 1.939,
            "rmsd_u_b": 2.618
          },
          {
            "mode": 7,
            "affinity": -3.8,
            "rmsd_l_b": 1.558,
            "rmsd_u_b": 1.846
          },
          {
            "mode": 8,
            "affinity": -3.8,
            "rmsd_l_b": 2.539,
            "rmsd_u_b": 3.716
          },
          {
            "mode": 9,
            "affinity": -3.8,
            "rmsd_l_b": 1.788,
            "rmsd_u_b": 2.561
          }
        ]
      },
      {
        "run": 10,
        "seed": 801033,
        "average": {
          "affinity": -4.189,
          "rmsd_l_b": 2.207,
          "rmsd_u_b": 2.929
        },
        "modes": [
          {
            "mode": 1,
            "affinity": -4.7,
            "rmsd_l_b": 0.0,
            "rmsd_u_b": 0.0
          },
          {
            "mode": 2,
            "affinity": -4.7,
            "rmsd_l_b": 0.071,
            "rmsd_u_b": 1.387
          },
          {
            "mode": 3,
            "affinity": -4.4,
            "rmsd_l_b": 1.698,
            "rmsd_u_b": 2.23
          },
          {
            "mode": 4,
            "affinity": -4.3,
            "rmsd_l_b": 1.441,
            "rmsd_u_b": 1.793
          },
          {
            "mode": 5,
            "affinity": -4.3,
            "rmsd_l_b": 1.438,
            "rmsd_u_b": 2.121
          },
          {
            "mode": 6,
            "affinity": -3.9,
            "rmsd_l_b": 1.962,
            "rmsd_u_b": 2.606
          },
          {
            "mode": 7,
            "affinity": -3.9,
            "rmsd_l_b": 1.938,
            "rmsd_u_b": 2.743
          },
          {
            "mode": 8,
            "affinity": -3.9,
            "rmsd_l_b": 1.528,
            "rmsd_u_b": 2.107
          },
          {
            "mode": 9,
            "affinity": -3.6,
            "rmsd_l_b": 9.788,
            "rmsd_u_b": 11.375
          }
        ]
      },
      {
        "run": 11,
        "seed": 792189,
        "average": {
          "affinity": -4.033,
          "rmsd_l_b": 2.56,
          "rmsd_u_b": 3.63
        },
        "modes": [
          {
            "mode": 1,
            "affinity": -4.7,
            "rmsd_l_b": 0.0,
            "rmsd_u_b": 0.0
          },
          {
            "mode": 2,
            "affinity": -4.7,
            "rmsd_l_b": 0.042,
            "rmsd_u_b": 1.386
          },
          {
            "mode": 3,
            "affinity": -4.4,
            "rmsd_l_b": 1.72,
            "rmsd_u_b": 2.187
          },
          {
            "mode": 4,
            "affinity": -4.3,
            "rmsd_l_b": 1.458,
            "rmsd_u_b": 2.129
          },
          {
            "mode": 5,
            "affinity": -3.8,
            "rmsd_l_b": 1.685,
            "rmsd_u_b": 2.345
          },
          {
            "mode": 6,
            "affinity": -3.7,
            "rmsd_l_b": 1.941,
            "rmsd_u_b": 2.811
          },
          {
            "mode": 7,
            "affinity": -3.6,
            "rmsd_l_b": 2.034,
            "rmsd_u_b": 2.881
          },
          {
            "mode": 8,
            "affinity": -3.6,
            "rmsd_l_b": 9.804,
            "rmsd_u_b": 11.393
          },
          {
            "mode": 9,
            "affinity": -3.5,
            "rmsd_l_b": 4.357,
            "rmsd_u_b": 7.539
          }
        ]
      },
      {
        "run": 12,
        "seed": 795697,
        "average": {
          "affinity": -4.222,
          "rmsd_l_b": 1.351,
          "rmsd_u_b": 1.95
        },
        "modes": [
          {
            "mode": 1,
            "affinity": -4.7,
            "rmsd_l_b": 0.0,
            "rmsd_u_b": 0.0
          },
          {
            "mode": 2,
            "affinity": -4.7,
            "rmsd_l_b": 0.102,
            "rmsd_u_b": 1.389
          },
          {
            "mode": 3,
            "affinity": -4.4,
            "rmsd_l_b": 1.713,
            "rmsd_u_b": 2.104
          },
          {
            "mode": 4,
            "affinity": -4.3,
            "rmsd_l_b": 1.464,
            "rmsd_u_b": 2.124
          },
          {
            "mode": 5,
            "affinity": -4.1,
            "rmsd_l_b": 1.799,
            "rmsd_u_b": 2.522
          },
          {
            "mode": 6,
            "affinity": -4.1,
            "rmsd_l_b": 1.614,
            "rmsd_u_b": 2.149
          },
          {
            "mode": 7,
            "affinity": -4.0,
            "rmsd_l_b": 1.797,
            "rmsd_u_b": 2.213
          },
          {
            "mode": 8,
            "affinity": -3.9,
            "rmsd_l_b": 1.424,
            "rmsd_u_b": 1.931
          },
          {
            "mode": 9,
            "affinity": -3.8,
            "rmsd_l_b": 2.245,
            "rmsd_u_b": 3.12
          }
        ]
      },
      {
        "run": 13,
        "seed": 68172,
        "average": {
          "affinity": -4.211,
          "rmsd_l_b": 1.269,
          "rmsd_u_b": 1.987
        },
        "modes": [
          {
            "mode": 1,
            "affinity": -4.7,
            "rmsd_l_b": 0.0,
            "rmsd_u_b": 0.0
          },
          {
            "mode": 2,
            "affinity": -4.7,
            "rmsd_l_b": 0.026,
            "rmsd_u_b": 1.386
          },
          {
            "mode": 3,
            "affinity": -4.4,
            "rmsd_l_b": 1.712,
            "rmsd_u_b": 2.167
          },
          {
            "mode": 4,
            "affinity": -4.4,
            "rmsd_l_b": 1.247,
            "rmsd_u_b": 1.961
          },
          {
            "mode": 5,
            "affinity": -4.3,
            "rmsd_l_b": 1.476,
            "rmsd_u_b": 2.155
          },
          {
            "mode": 6,
            "affinity": -4.0,
            "rmsd_l_b": 1.79,
            "rmsd_u_b": 2.688
          },
          {
            "mode": 7,
            "affinity": -4.0,
            "rmsd_l_b": 1.044,
            "rmsd_u_b": 1.73
          },
          {
            "mode": 8,
            "affinity": -3.8,
            "rmsd_l_b": 2.495,
            "rmsd_u_b": 3.459
          },
          {
            "mode": 9,
            "affinity": -3.6,
            "rmsd_l_b": 1.631,
            "rmsd_u_b": 2.333
          }
        ]
      },
      {
        "run": 14,
        "seed": 368044,
        "average": {
          "affinity": -4.278,
          "rmsd_l_b": 1.416,
          "rmsd_u_b": 2.019
        },
        "modes": [
          {
            "mode": 1,
            "affinity": -4.7,
            "rmsd_l_b": 0.0,
            "rmsd_u_b": 0.0
          },
          {
            "mode": 2,
            "affinity": -4.7,
            "rmsd_l_b": 0.039,
            "rmsd_u_b": 1.632
          },
          {
            "mode": 3,
            "affinity": -4.4,
            "rmsd_l_b": 1.707,
            "rmsd_u_b": 2.149
          },
          {
            "mode": 4,
            "affinity": -4.4,
            "rmsd_l_b": 1.26,
            "rmsd_u_b": 1.347
          },
          {
            "mode": 5,
            "affinity": -4.4,
            "rmsd_l_b": 1.458,
            "rmsd_u_b": 2.114
          },
          {
            "mode": 6,
            "affinity": -4.3,
            "rmsd_l_b": 1.746,
            "rmsd_u_b": 2.136
          },
          {
            "mode": 7,
            "affinity": -3.9,
            "rmsd_l_b": 2.6,
            "rmsd_u_b": 3.591
          },
          {
            "mode": 8,
            "affinity": -3.9,
            "rmsd_l_b": 2.098,
            "rmsd_u_b": 2.968
          },
          {
            "mode": 9,
            "affinity": -3.8,
            "rmsd_l_b": 1.836,
            "rmsd_u_b": 2.237
          }
        ]
      },
      {
        "run": 15,
        "seed": 41101,
        "average": {
          "affinity": -4.133,
          "rmsd_l_b": 2.328,
          "rmsd_u_b": 3.015
        },
        "modes": [
          {
            "mode": 1,
            "affinity": -4.7,
            "rmsd_l_b": 0.0,
            "rmsd_u_b": 0.0
          },
          {
            "mode": 2,
            "affinity": -4.7,
            "rmsd_l_b": 0.059,
            "rmsd_u_b": 1.387
          },
          {
            "mode": 3,
            "affinity": -4.4,
            "rmsd_l_b": 1.701,
            "rmsd_u_b": 2.081
          },
          {
            "mode": 4,
            "affinity": -4.3,
            "rmsd_l_b": 1.448,
            "rmsd_u_b": 1.774
          },
          {
            "mode": 5,
            "affinity": -4.1,
            "rmsd_l_b": 1.818,
            "rmsd_u_b": 2.544
          },
          {
            "mode": 6,
            "affinity": -3.9,
            "rmsd_l_b": 2.173,
            "rmsd_u_b": 3.135
          },
          {
            "mode": 7,
            "affinity": -3.8,
            "rmsd_l_b": 2.003,
            "rmsd_u_b": 2.306
          },
          {
            "mode": 8,
            "affinity": -3.7,
            "rmsd_l_b": 1.984,
            "rmsd_u_b": 2.545
          },
          {
            "mode": 9,
            "affinity": -3.6,
            "rmsd_l_b": 9.767,
            "rmsd_u_b": 11.367
          }
        ]
      },
      {
        "run": 16,
        "seed": 514271,
        "average": {
          "affinity": -4.189,
          "rmsd_l_b": 1.413,
          "rmsd_u_b": 2.142
        },
        "modes": [
          {
            "mode": 1,
            "affinity": -4.7,
            "rmsd_l_b": 0.0,
            "rmsd_u_b": 0.0
          },
          {
            "mode": 2,
            "affinity": -4.7,
            "rmsd_l_b": 0.08,
            "rmsd_u_b": 1.633
          },
          {
            "mode": 3,
            "affinity": -4.4,
            "rmsd_l_b": 1.342,
            "rmsd_u_b": 1.637
          },
          {
            "mode": 4,
            "affinity": -4.4,
            "rmsd_l_b": 1.131,
            "rmsd_u_b": 1.698
          },
          {
            "mode": 5,
            "affinity": -4.0,
            "rmsd_l_b": 1.721,
            "rmsd_u_b": 2.529
          },
          {
            "mode": 6,
            "affinity": -4.0,
            "rmsd_l_b": 1.976,
            "rmsd_u_b": 2.63
          },
          {
            "mode": 7,
            "affinity": -3.9,
            "rmsd_l_b": 2.24,
            "rmsd_u_b": 2.973
          },
          {
            "mode": 8,
            "affinity": -3.8,
            "rmsd_l_b": 1.388,
            "rmsd_u_b": 2.34
          },
          {
            "mode": 9,
            "affinity": -3.8,
            "rmsd_l_b": 2.84,
            "rmsd_u_b": 3.834
          }
        ]
      },
      {
        "run": 17,
        "seed": 59597,
        "average": {
          "affinity": -4.0,
          "rmsd_l_b": 2.643,
          "rmsd_u_b": 3.646
        },
        "modes": [
          {
            "mode": 1,
            "affinity": -4.7,
            "rmsd_l_b": 0.0,
            "rmsd_u_b": 0.0
          },
          {
            "mode": 2,
            "affinity": -4.7,
            "rmsd_l_b": 0.039,
            "rmsd_u_b": 1.632
          },
          {
            "mode": 3,
            "affinity": -4.4,
            "rmsd_l_b": 1.719,
            "rmsd_u_b": 2.125
          },
          {
            "mode": 4,
            "affinity": -4.3,
            "rmsd_l_b": 1.754,
            "rmsd_u_b": 2.176
          },
          {
            "mode": 5,
            "affinity": -3.6,
            "rmsd_l_b": 1.856,
            "rmsd_u_b": 2.841
          },
          {
            "mode": 6,
            "affinity": -3.6,
            "rmsd_l_b": 9.802,
            "rmsd_u_b": 11.434
          },
          {
            "mode": 7,
            "affinity": -3.6,
            "rmsd_l_b": 4.883,
            "rmsd_u_b": 7.288
          },
          {
            "mode": 8,
            "affinity": -3.6,
            "rmsd_l_b": 1.778,
            "rmsd_u_b": 2.595
          },
          {
            "mode": 9,
            "affinity": -3.5,
            "rmsd_l_b": 1.956,
            "rmsd_u_b": 2.724
          }
        ]
      },
      {
        "run": 18,
        "seed": 363215,
        "average": {
          "affinity": -4.078,
          "rmsd_l_b": 2.44,
          "rmsd_u_b": 3.263
        },
        "modes": [
          {
            "mode": 1,
            "affinity": -4.7,
            "rmsd_l_b": 0.0,
            "rmsd_u_b": 0.0
          },
          {
            "mode": 2,
            "affinity": -4.7,
            "rmsd_l_b": 0.164,
            "rmsd_u_b": 1.394
          },
          {
            "mode": 3,
            "affinity": -4.4,
            "rmsd_l_b": 1.71,
            "rmsd_u_b": 2.181
          },
          {
            "mode": 4,
            "affinity": -4.3,
            "rmsd_l_b": 1.722,
            "rmsd_u_b": 2.054
          },
          {
            "mode": 5,
            "affinity": -3.9,
            "rmsd_l_b": 1.908,
            "rmsd_u_b": 2.872
          },
          {
            "mode": 6,
            "affinity": -3.8,
            "rmsd_l_b": 2.505,
            "rmsd_u_b": 3.727
          },
          {
            "mode": 7,
            "affinity": -3.7,
            "rmsd_l_b": 2.089,
            "rmsd_u_b": 2.569
          },
          {
            "mode": 8,
            "affinity": -3.6,
            "rmsd_l_b": 2.093,
            "rmsd_u_b": 3.178
          },
          {
            "mode": 9,
            "affinity": -3.6,
            "rmsd_l_b": 9.767,
            "rmsd_u_b": 11.391
          }
        ]
      },
      {
        "run": 19,
        "seed": 984364,
        "average": {
          "affinity": -4.156,
          "rmsd_l_b": 2.233,
          "rmsd_u_b": 2.887
        },
        "modes": [
          {
            "mode": 1,
            "affinity": -4.7,
            "rmsd_l_b": 0.0,
            "rmsd_u_b": 0.0
          },
          {
            "mode": 2,
            "affinity": -4.7,
            "rmsd_l_b": 0.04,
            "rmsd_u_b": 1.386
          },
          {
            "mode": 3,
            "affinity": -4.4,
            "rmsd_l_b": 1.304,
            "rmsd_u_b": 1.375
          },
          {
            "mode": 4,
            "affinity": -4.4,
            "rmsd_l_b": 1.715,
            "rmsd_u_b": 2.267
          },
          {
            "mode": 5,
            "affinity": -4.4,
            "rmsd_l_b": 1.316,
            "rmsd_u_b": 1.912
          },
          {
            "mode": 6,
            "affinity": -3.8,
            "rmsd_l_b": 2.173,
            "rmsd_u_b": 2.902
          },
          {
            "mode": 7,
            "affinity": -3.7,
            "rmsd_l_b": 1.695,
            "rmsd_u_b": 2.373
          },
          {
            "mode": 8,
            "affinity": -3.7,
            "rmsd_l_b": 2.057,
            "rmsd_u_b": 2.366
          },
          {
            "mode": 9,
            "affinity": -3.6,
            "rmsd_l_b": 9.801,
            "rmsd_u_b": 11.404
          }
        ]
      },
      {
        "run": 20,
        "seed": 571563,
        "average": {
          "affinity": -4.111,
          "rmsd_l_b": 2.226,
          "rmsd_u_b": 2.821
        },
        "modes": [
          {
            "mode": 1,
            "affinity": -4.7,
            "rmsd_l_b": 0.0,
            "rmsd_u_b": 0.0
          },
          {
            "mode": 2,
            "affinity": -4.7,
            "rmsd_l_b": 0.024,
            "rmsd_u_b": 1.386
          },
          {
            "mode": 3,
            "affinity": -4.4,
            "rmsd_l_b": 1.697,
            "rmsd_u_b": 2.158
          },
          {
            "mode": 4,
            "affinity": -4.4,
            "rmsd_l_b": 1.237,
            "rmsd_u_b": 1.282
          },
          {
            "mode": 5,
            "affinity": -4.0,
            "rmsd_l_b": 1.584,
            "rmsd_u_b": 2.006
          },
          {
            "mode": 6,
            "affinity": -3.9,
            "rmsd_l_b": 1.689,
            "rmsd_u_b": 2.526
          },
          {
            "mode": 7,
            "affinity": -3.7,
            "rmsd_l_b": 1.887,
            "rmsd_u_b": 2.279
          },
          {
            "mode": 8,
            "affinity": -3.6,
            "rmsd_l_b": 2.118,
            "rmsd_u_b": 2.335
          },
          {
            "mode": 9,
            "affinity": -3.6,
            "rmsd_l_b": 9.794,
            "rmsd_u_b": 11.414
          }
        ]
      }
    ]
  }
}