{
  "rmsd": 5.435,
  "rmsd_method": "C-alpha coordinates",
  "rmsd_tool": "BioPython",
  "docking": {
    "average_affinity": -6.344,
    "runs": [
      {
        "run": 1,
        "seed": 188534,
        "average": {
          "affinity": -6.356,
          "rmsd_l_b": 2.097,
          "rmsd_u_b": 5.139
        },
        "modes": [
          {
            "mode": 1,
            "affinity": -6.5,
            "rmsd_l_b": 0.0,
            "rmsd_u_b": 0.0
          },
          {
            "mode": 2,
            "affinity": -6.4,
            "rmsd_l_b": 0.957,
            "rmsd_u_b": 1.493
          },
          {
            "mode": 3,
            "affinity": -6.4,
            "rmsd_l_b": 3.501,
            "rmsd_u_b": 6.635
          },
          {
            "mode": 4,
            "affinity": -6.4,
            "rmsd_l_b": 3.273,
            "rmsd_u_b": 9.38
          },
          {
            "mode": 5,
            "affinity": -6.3,
            "rmsd_l_b": 1.713,
            "rmsd_u_b": 4.919
          },
          {
            "mode": 6,
            "affinity": -6.3,
            "rmsd_l_b": 3.466,
            "rmsd_u_b": 6.748
          },
          {
            "mode": 7,
            "affinity": -6.3,
            "rmsd_l_b": 0.192,
            "rmsd_u_b": 4.536
          },
          {
            "mode": 8,
            "affinity": -6.3,
            "rmsd_l_b": 2.173,
            "rmsd_u_b": 2.795
          },
          {
            "mode": 9,
            "affinity": -6.3,
            "rmsd_l_b": 3.599,
            "rmsd_u_b": 9.748
          }
        ]
      },
      {
        "run": 2,
        "seed": 848065,
        "average": {
          "affinity": -6.356,
          "rmsd_l_b": 2.346,
          "rmsd_u_b": 5.922
        },
        "modes": [
          {
            "mode": 1,
            "affinity": -6.5,
            "rmsd_l_b": 0.0,
            "rmsd_u_b": 0.0
          },
          {
            "mode": 2,
            "affinity": -6.4,
            "rmsd_l_b": 3.525,
            "rmsd_u_b": 9.446
          },
          {
            "mode": 3,
            "affinity": -6.4,
            "rmsd_l_b": 3.481,
            "rmsd_u_b": 6.434
          },
          {
            "mode": 4,
            "affinity": -6.4,
            "rmsd_l_b": 1.808,
            "rmsd_u_b": 2.154
          },
          {
            "mode": 5,
            "affinity": -6.4,
            "rmsd_l_b": 3.505,
            "rmsd_u_b": 6.475
          },
          {
            "mode": 6,
            "affinity": -6.3,
            "rmsd_l_b": 1.713,
            "rmsd_u_b": 4.9
          },
          {
            "mode": 7,
            "affinity": -6.3,
            "rmsd_l_b": 3.357,
            "rmsd_u_b": 9.727
          },
          {
            "mode": 8,
            "affinity": -6.3,
            "rmsd_l_b": 0.322,
            "rmsd_u_b": 4.523
          },
          {
            "mode": 9,
            "affinity": -6.2,
            "rmsd_l_b": 3.403,
            "rmsd_u_b": 9.642
          }
        ]
      },
      {
        "run": 3,
        "seed": 557214,
        "average": {
          "affinity": -6.333,
          "rmsd_l_b": 2.86,
          "rmsd_u_b": 6.024
        },
        "modes": [
          {
            "mode": 1,
            "affinity": -6.5,
            "rmsd_l_b": 0.0,
            "rmsd_u_b": 0.0
          },
          {
            "mode": 2,
            "affinity": -6.4,
            "rmsd_l_b": 3.52,
            "rmsd_u_b": 9.73
          },
          {
            "mode": 3,
            "affinity": -6.4,
            "rmsd_l_b": 3.511,
            "rmsd_u_b": 6.629
          },
          {
            "mode": 4,
            "affinity": -6.4,
            "rmsd_l_b": 3.488,
            "rmsd_u_b": 6.452
          },
          {
            "mode": 5,
            "affinity": -6.4,
            "rmsd_l_b": 1.759,
            "rmsd_u_b": 2.067
          },
          {
            "mode": 6,
            "affinity": -6.4,
            "rmsd_l_b": 3.3,
            "rmsd_u_b": 9.39
          },
          {
            "mode": 7,
            "affinity": -6.3,
            "rmsd_l_b": 0.338,
            "rmsd_u_b": 4.523
          },
          {
            "mode": 8,
            "affinity": -6.1,
            "rmsd_l_b": 3.508,
            "rmsd_u_b": 6.492
          },
          {
            "mode": 9,
            "affinity": -6.1,
            "rmsd_l_b": 6.319,
            "rmsd_u_b": 8.934
          }
        ]
      },
      {
        "run": 4,
        "seed": 196327,
        "average": {
          "affinity": -6.367,
          "rmsd_l_b": 2.355,
          "rmsd_u_b": 5.604
        },
        "modes": [
          {
            "mode": 1,
            "affinity": -6.5,
            "rmsd_l_b": 0.0,
            "rmsd_u_b": 0.0
          },
          {
            "mode": 2,
            "affinity": -6.4,
            "rmsd_l_b": 3.465,
            "rmsd_u_b": 6.615
          },
          {
            "mode": 3,
            "affinity": -6.4,
            "rmsd_l_b": 3.494,
            "rmsd_u_b": 6.473
          },
          {
            "mode": 4,
            "affinity": -6.4,
            "rmsd_l_b": 3.537,
            "rmsd_u_b": 9.736
          },
          {
            "mode": 5,
            "affinity": -6.4,
            "rmsd_l_b": 3.303,
            "rmsd_u_b": 9.384
          },
          {
            "mode": 6,
            "affinity": -6.4,
            "rmsd_l_b": 3.489,
            "rmsd_u_b": 6.629
          },
          {
            "mode": 7,
            "affinity": -6.3,
            "rmsd_l_b": 1.784,
            "rmsd_u_b": 2.213
          },
          {
            "mode": 8,
            "affinity": -6.3,
            "rmsd_l_b": 1.794,
            "rmsd_u_b": 4.872
          },
          {
            "mode": 9,
            "affinity": -6.2,
            "rmsd_l_b": 0.329,
            "rmsd_u_b": 4.518
          }
        ]
      },
      {
        "run": 5,
        "seed": 302242,
        "average": {
          "affinity": -6.278,
          "rmsd_l_b": 2.808,
          "rmsd_u_b": 6.749
        },
        "modes": [
          {
            "mode": 1,
            "affinity": -6.5,
            "rmsd_l_b": 0.0,
            "rmsd_u_b": 0.0
          },
          {
            "mode": 2,
            "affinity": -6.4,
            "rmsd_l_b": 3.535,
            "rmsd_u_b": 9.737
          },
          {
            "mode": 3,
            "affinity": -6.4,
            "rmsd_l_b": 3.302,
            "rmsd_u_b": 9.383
          },
          {
            "mode": 4,
            "affinity": -6.4,
            "rmsd_l_b": 3.471,
            "rmsd_u_b": 6.489
          },
          {
            "mode": 5,
            "affinity": -6.3,
            "rmsd_l_b": 1.732,
            "rmsd_u_b": 2.056
          },
          {
            "mode": 6,
            "affinity": -6.2,
            "rmsd_l_b": 1.043,
            "rmsd_u_b": 4.517
          },
          {
            "mode": 7,
            "affinity": -6.1,
            "rmsd_l_b": 3.287,
            "rmsd_u_b": 9.169
          },
          {
            "mode": 8,
            "affinity": -6.1,
            "rmsd_l_b": 3.275,
            "rmsd_u_b": 9.764
          },
          {
            "mode": 9,
            "affinity": -6.1,
            "rmsd_l_b": 5.623,
            "rmsd_u_b": 9.626
          }
        ]
      },
      {
        "run": 6,
        "seed": 770809,
        "average": {
          "affinity": -6.333,
          "rmsd_l_b": 2.523,
          "rmsd_u_b": 6.448
        },
        "modes": [
          {
            "mode": 1,
            "affinity": -6.5,
            "rmsd_l_b": 0.0,
            "rmsd_u_b": 0.0
          },
          {
            "mode": 2,
            "affinity": -6.4,
            "rmsd_l_b": 3.51,
            "rmsd_u_b": 6.489
          },
          {
            "mode": 3,
            "affinity": -6.4,
            "rmsd_l_b": 3.533,
            "rmsd_u_b": 9.74
          },
          {
            "mode": 4,
            "affinity": -6.4,
            "rmsd_l_b": 3.488,
            "rmsd_u_b": 6.567
          },
          {
            "mode": 5,
            "affinity": -6.4,
            "rmsd_l_b": 3.289,
            "rmsd_u_b": 9.389
          },
          {
            "mode": 6,
            "affinity": -6.3,
            "rmsd_l_b": 0.176,
            "rmsd_u_b": 4.533
          },
          {
            "mode": 7,
            "affinity": -6.3,
            "rmsd_l_b": 1.766,
            "rmsd_u_b": 2.213
          },
          {
            "mode": 8,
            "affinity": -6.2,
            "rmsd_l_b": 3.371,
            "rmsd_u_b": 9.819
          },
          {
            "mode": 9,
            "affinity": -6.1,
            "rmsd_l_b": 3.574,
            "rmsd_u_b": 9.281
          }
        ]
      },
      {
        "run": 7,
        "seed": 748815,
        "average": {
          "affinity": -6.389,
          "rmsd_l_b": 2.327,
          "rmsd_u_b": 5.577
        },
        "modes": [
          {
            "mode": 1,
            "affinity": -6.5,
            "rmsd_l_b": 0.0,
            "rmsd_u_b": 0.0
          },
          {
            "mode": 2,
            "affinity": -6.4,
            "rmsd_l_b": 3.524,
            "rmsd_u_b": 9.723
          },
          {
            "mode": 3,
            "affinity": -6.4,
            "rmsd_l_b": 3.499,
            "rmsd_u_b": 6.597
          },
          {
            "mode": 4,
            "affinity": -6.4,
            "rmsd_l_b": 3.48,
            "rmsd_u_b": 6.439
          },
          {
            "mode": 5,
            "affinity": -6.4,
            "rmsd_l_b": 3.452,
            "rmsd_u_b": 6.466
          },
          {
            "mode": 6,
            "affinity": -6.4,
            "rmsd_l_b": 1.683,
            "rmsd_u_b": 4.882
          },
          {
            "mode": 7,
            "affinity": -6.4,
            "rmsd_l_b": 3.307,
            "rmsd_u_b": 9.383
          },
          {
            "mode": 8,
            "affinity": -6.3,
            "rmsd_l_b": 0.273,
            "rmsd_u_b": 4.531
          },
          {
            "mode": 9,
            "affinity": -6.3,
            "rmsd_l_b": 1.722,
            "rmsd_u_b": 2.174
          }
        ]
      },
      {
        "run": 8,
        "seed": 668163,
        "average": {
          "affinity": -6.322,
          "rmsd_l_b": 2.525,
          "rmsd_u_b": 6.432
        },
        "modes": [
          {
            "mode": 1,
            "affinity": -6.5,
            "rmsd_l_b": 0.0,
            "rmsd_u_b": 0.0
          },
          {
            "mode": 2,
            "affinity": -6.4,
            "rmsd_l_b": 3.528,
            "rmsd_u_b": 9.444
          },
          {
            "mode": 3,
            "affinity": -6.4,
            "rmsd_l_b": 3.477,
            "rmsd_u_b": 6.499
          },
          {
            "mode": 4,
            "affinity": -6.3,
            "rmsd_l_b": 3.509,
            "rmsd_u_b": 6.604
          },
          {
            "mode": 5,
            "affinity": -6.3,
            "rmsd_l_b": 3.328,
            "rmsd_u_b": 9.714
          },
          {
            "mode": 6,
            "affinity": -6.3,
            "rmsd_l_b": 3.521,
            "rmsd_u_b": 6.474
          },
          {
            "mode": 7,
            "affinity": -6.3,
            "rmsd_l_b": 0.206,
            "rmsd_u_b": 4.536
          },
          {
            "mode": 8,
            "affinity": -6.2,
            "rmsd_l_b": 1.941,
            "rmsd_u_b": 5.032
          },
          {
            "mode": 9,
            "affinity": -6.2,
            "rmsd_l_b": 3.213,
            "rmsd_u_b": 9.589
          }
        ]
      },
      {
        "run": 9,
        "seed": 213756,
        "average": {
          "affinity": -6.344,
          "rmsd_l_b": 2.225,
          "rmsd_u_b": 5.557
        },
        "modes": [
          {
            "mode": 1,
            "affinity": -6.5,
            "rmsd_l_b": 0.0,
            "rmsd_u_b": 0.0
          },
          {
            "mode": 2,
            "affinity": -6.4,
            "rmsd_l_b": 3.491,
            "rmsd_u_b": 6.412
          },
          {
            "mode": 3,
            "affinity": -6.4,
            "rmsd_l_b": 0.959,
            "rmsd_u_b": 1.492
          },
          {
            "mode": 4,
            "affinity": -6.4,
            "rmsd_l_b": 3.53,
            "rmsd_u_b": 9.738
          },
          {
            "mode": 5,
            "affinity": -6.4,
            "rmsd_l_b": 3.296,
            "rmsd_u_b": 9.387
          },
          {
            "mode": 6,
            "affinity": -6.3,
            "rmsd_l_b": 1.749,
            "rmsd_u_b": 2.07
          },
          {
            "mode": 7,
            "affinity": -6.3,
            "rmsd_l_b": 3.524,
            "rmsd_u_b": 6.648
          },
          {
            "mode": 8,
            "affinity": -6.3,
            "rmsd_l_b": 0.177,
            "rmsd_u_b": 4.536
          },
          {
            "mode": 9,
            "affinity": -6.1,
            "rmsd_l_b": 3.297,
            "rmsd_u_b": 9.729
          }
        ]
      },
      {
        "run": 10,
        "seed": 695984,
        "average": {
          "affinity": -6.367,
          "rmsd_l_b": 2.444,
          "rmsd_u_b": 5.29
        },
        "modes": [
          {
            "mode": 1,
            "affinity": -6.5,
            "rmsd_l_b": 0.0,
            "rmsd_u_b": 0.0
          },
          {
            "mode": 2,
            "affinity": -6.4,
            "rmsd_l_b": 3.51,
            "rmsd_u_b": 6.454
          },
          {
            "mode": 3,
            "affinity": -6.4,
            "rmsd_l_b": 3.532,
            "rmsd_u_b": 9.74
          },
          {
            "mode": 4,
            "affinity": -6.4,
            "rmsd_l_b": 3.473,
            "rmsd_u_b": 6.683
          },
          {
            "mode": 5,
            "affinity": -6.4,
            "rmsd_l_b": 3.499,
            "rmsd_u_b": 6.58
          },
          {
            "mode": 6,
            "affinity": -6.4,
            "rmsd_l_b": 3.293,
            "rmsd_u_b": 9.389
          },
          {
            "mode": 7,
            "affinity": -6.4,
            "rmsd_l_b": 0.981,
            "rmsd_u_b": 1.509
          },
          {
            "mode": 8,
            "affinity": -6.2,
            "rmsd_l_b": 1.841,
            "rmsd_u_b": 4.9
          },
          {
            "mode": 9,
            "affinity": -6.2,
            "rmsd_l_b": 1.865,
            "rmsd_u_b": 2.358
          }
        ]
      },
      {
        "run": 11,
        "seed": 222477,
        "average": {
          "affinity": -6.367,
          "rmsd_l_b": 2.299,
          "rmsd_u_b": 5.904
        },
        "modes": [
          {
            "mode": 1,
            "affinity": -6.5,
            "rmsd_l_b": 0.0,
            "rmsd_u_b": 0.0
          },
          {
            "mode": 2,
            "affinity": -6.4,
            "rmsd_l_b": 3.528,
            "rmsd_u_b": 9.729
          },
          {
            "mode": 3,
            "affinity": -6.4,
            "rmsd_l_b": 3.479,
            "rmsd_u_b": 6.416
          },
          {
            "mode": 4,
            "affinity": -6.4,
            "rmsd_l_b": 3.512,
            "rmsd_u_b": 6.504
          },
          {
            "mode": 5,
            "affinity": -6.4,
            "rmsd_l_b": 3.304,
            "rmsd_u_b": 9.385
          },
          {
            "mode": 6,
            "affinity": -6.3,
            "rmsd_l_b": 1.718,
            "rmsd_u_b": 2.162
          },
          {
            "mode": 7,
            "affinity": -6.3,
            "rmsd_l_b": 0.189,
            "rmsd_u_b": 4.536
          },
          {
            "mode": 8,
            "affinity": -6.3,
            "rmsd_l_b": 1.707,
            "rmsd_u_b": 4.88
          },
          {
            "mode": 9,
            "affinity": -6.3,
            "rmsd_l_b": 3.257,
            "rmsd_u_b": 9.523
          }
        ]
      },
      {
        "run": 12,
        "seed": 219948,
        "average": {
          "affinity": -6.367,
          "rmsd_l_b": 2.675,
          "rmsd_u_b": 6.15
        },
        "modes": [
          {
            "mode": 1,
            "affinity": -6.5,
            "rmsd_l_b": 0.0,
            "rmsd_u_b": 0.0
          },
          {
            "mode": 2,
            "affinity": -6.4,
            "rmsd_l_b": 3.47,
            "rmsd_u_b": 6.66
          },
          {
            "mode": 3,
            "affinity": -6.4,
            "rmsd_l_b": 3.494,
            "rmsd_u_b": 6.451
          },
          {
            "mode": 4,
            "affinity": -6.4,
            "rmsd_l_b": 3.523,
            "rmsd_u_b": 9.732
          },
          {
            "mode": 5,
            "affinity": -6.4,
            "rmsd_l_b": 1.82,
            "rmsd_u_b": 2.172
          },
          {
            "mode": 6,
            "affinity": -6.4,
            "rmsd_l_b": 1.735,
            "rmsd_u_b": 4.909
          },
          {
            "mode": 7,
            "affinity": -6.4,
            "rmsd_l_b": 3.293,
            "rmsd_u_b": 9.392
          },
          {
            "mode": 8,
            "affinity": -6.2,
            "rmsd_l_b": 3.492,
            "rmsd_u_b": 6.55
          },
          {
            "mode": 9,
            "affinity": -6.2,
            "rmsd_l_b": 3.245,
            "rmsd_u_b": 9.482
          }
        ]
      },
      {
        "run": 13,
        "seed": 240424,
        "average": {
          "affinity": -6.367,
          "rmsd_l_b": 2.566,
          "rmsd_u_b": 5.753
        },
        "modes": [
          {
            "mode": 1,
            "affinity": -6.5,
            "rmsd_l_b": 0.0,
            "rmsd_u_b": 0.0
          },
          {
            "mode": 2,
            "affinity": -6.4,
            "rmsd_l_b": 3.529,
            "rmsd_u_b": 9.446
          },
          {
            "mode": 3,
            "affinity": -6.4,
            "rmsd_l_b": 1.733,
            "rmsd_u_b": 2.049
          },
          {
            "mode": 4,
            "affinity": -6.4,
            "rmsd_l_b": 3.484,
            "rmsd_u_b": 6.485
          },
          {
            "mode": 5,
            "affinity": -6.4,
            "rmsd_l_b": 3.531,
            "rmsd_u_b": 9.742
          },
          {
            "mode": 6,
            "affinity": -6.4,
            "rmsd_l_b": 3.517,
            "rmsd_u_b": 6.485
          },
          {
            "mode": 7,
            "affinity": -6.4,
            "rmsd_l_b": 3.475,
            "rmsd_u_b": 6.617
          },
          {
            "mode": 8,
            "affinity": -6.2,
            "rmsd_l_b": 0.298,
            "rmsd_u_b": 4.526
          },
          {
            "mode": 9,
            "affinity": -6.2,
            "rmsd_l_b": 3.523,
            "rmsd_u_b": 6.428
          }
        ]
      },
      {
        "run": 14,
        "seed": 747555,
        "average": {
          "affinity": -6.3,
          "rmsd_l_b": 3.068,
          "rmsd_u_b": 6.842
        },
        "modes": [
          {
            "mode": 1,
            "affinity": -6.5,
            "rmsd_l_b": 0.0,
            "rmsd_u_b": 0.0
          },
          {
            "mode": 2,
            "affinity": -6.4,
            "rmsd_l_b": 3.471,
            "rmsd_u_b": 6.413
          },
          {
            "mode": 3,
            "affinity": -6.4,
            "rmsd_l_b": 3.537,
            "rmsd_u_b": 9.744
          },
          {
            "mode": 4,
            "affinity": -6.4,
            "rmsd_l_b": 1.778,
            "rmsd_u_b": 2.112
          },
          {
            "mode": 5,
            "affinity": -6.4,
            "rmsd_l_b": 3.301,
            "rmsd_u_b": 9.387
          },
          {
            "mode": 6,
            "affinity": -6.3,
            "rmsd_l_b": 3.246,
            "rmsd_u_b": 9.509
          },
          {
            "mode": 7,
            "affinity": -6.1,
            "rmsd_l_b": 3.4,
            "rmsd_u_b": 9.664
          },
          {
            "mode": 8,
            "affinity": -6.1,
            "rmsd_l_b": 5.918,
            "rmsd_u_b": 9.005
          },
          {
            "mode": 9,
            "affinity": -6.1,
            "rmsd_l_b": 2.965,
            "rmsd_u_b": 5.745
          }
        ]
      },
      {
        "run": 15,
        "seed": 411025,
        "average": {
          "affinity": -6.356,
          "rmsd_l_b": 2.426,
          "rmsd_u_b": 5.548
        },
        "modes": [
          {
            "mode": 1,
            "affinity": -6.5,
            "rmsd_l_b": 0.0,
            "rmsd_u_b": 0.0
          },
          {
            "mode": 2,
            "affinity": -6.4,
            "rmsd_l_b": 3.527,
            "rmsd_u_b": 9.449
          },
          {
            "mode": 3,
            "affinity": -6.4,
            "rmsd_l_b": 3.495,
            "rmsd_u_b": 6.404
          },
          {
            "mode": 4,
            "affinity": -6.4,
            "rmsd_l_b": 3.466,
            "rmsd_u_b": 6.385
          },
          {
            "mode": 5,
            "affinity": -6.4,
            "rmsd_l_b": 1.727,
            "rmsd_u_b": 2.037
          },
          {
            "mode": 6,
            "affinity": -6.4,
            "rmsd_l_b": 1.731,
            "rmsd_u_b": 4.91
          },
          {
            "mode": 7,
            "affinity": -6.3,
            "rmsd_l_b": 3.351,
            "rmsd_u_b": 9.72
          },
          {
            "mode": 8,
            "affinity": -6.3,
            "rmsd_l_b": 3.511,
            "rmsd_u_b": 6.54
          },
          {
            "mode": 9,
            "affinity": -6.1,
            "rmsd_l_b": 1.022,
            "rmsd_u_b": 4.489
          }
        ]
      },
      {
        "run": 16,
        "seed": 76158,
        "average": {
          "affinity": -6.344,
          "rmsd_l_b": 2.321,
          "rmsd_u_b": 5.624
        },
        "modes": [
          {
            "mode": 1,
            "affinity": -6.5,
            "rmsd_l_b": 0.0,
            "rmsd_u_b": 0.0
          },
          {
            "mode": 2,
            "affinity": -6.5,
            "rmsd_l_b": 3.377,
            "rmsd_u_b": 9.702
          },
          {
            "mode": 3,
            "affinity": -6.4,
            "rmsd_l_b": 3.496,
            "rmsd_u_b": 6.621
          },
          {
            "mode": 4,
            "affinity": -6.4,
            "rmsd_l_b": 3.303,
            "rmsd_u_b": 9.385
          },
          {
            "mode": 5,
            "affinity": -6.3,
            "rmsd_l_b": 3.514,
            "rmsd_u_b": 6.689
          },
          {
            "mode": 6,
            "affinity": -6.3,
            "rmsd_l_b": 3.45,
            "rmsd_u_b": 6.693
          },
          {
            "mode": 7,
            "affinity": -6.3,
            "rmsd_l_b": 0.196,
            "rmsd_u_b": 4.535
          },
          {
            "mode": 8,
            "affinity": -6.2,
            "rmsd_l_b": 1.778,
            "rmsd_u_b": 2.085
          },
          {
            "mode": 9,
            "affinity": -6.2,
            "rmsd_l_b": 1.779,
            "rmsd_u_b": 4.907
          }
        ]
      },
      {
        "run": 17,
        "seed": 856300,
        "average": {
          "affinity": -6.367,
          "rmsd_l_b": 2.662,
          "rmsd_u_b": 6.153
        },
        "modes": [
          {
            "mode": 1,
            "affinity": -6.5,
            "rmsd_l_b": 0.0,
            "rmsd_u_b": 0.0
          },
          {
            "mode": 2,
            "affinity": -6.4,
            "rmsd_l_b": 3.518,
            "rmsd_u_b": 9.725
          },
          {
            "mode": 3,
            "affinity": -6.4,
            "rmsd_l_b": 3.484,
            "rmsd_u_b": 6.447
          },
          {
            "mode": 4,
            "affinity": -6.4,
            "rmsd_l_b": 3.301,
            "rmsd_u_b": 9.825
          },
          {
            "mode": 5,
            "affinity": -6.4,
            "rmsd_l_b": 3.476,
            "rmsd_u_b": 6.492
          },
          {
            "mode": 6,
            "affinity": -6.4,
            "rmsd_l_b": 3.305,
            "rmsd_u_b": 9.384
          },
          {
            "mode": 7,
            "affinity": -6.3,
            "rmsd_l_b": 3.503,
            "rmsd_u_b": 6.642
          },
          {
            "mode": 8,
            "affinity": -6.3,
            "rmsd_l_b": 1.604,
            "rmsd_u_b": 4.824
          },
          {
            "mode": 9,
            "affinity": -6.2,
            "rmsd_l_b": 1.766,
            "rmsd_u_b": 2.042
          }
        ]
      },
      {
        "run": 18,
        "seed": 332737,
        "average": {
          "affinity": -6.356,
          "rmsd_l_b": 3.149,
          "rmsd_u_b": 6.608
        },
        "modes": [
          {
            "mode": 1,
            "affinity": -6.5,
            "rmsd_l_b": 0.0,
            "rmsd_u_b": 0.0
          },
          {
            "mode": 2,
            "affinity": -6.5,
            "rmsd_l_b": 3.35,
            "rmsd_u_b": 9.699
          },
          {
            "mode": 3,
            "affinity": -6.4,
            "rmsd_l_b": 3.503,
            "rmsd_u_b": 6.5
          },
          {
            "mode": 4,
            "affinity": -6.4,
            "rmsd_l_b": 1.755,
            "rmsd_u_b": 2.08
          },
          {
            "mode": 5,
            "affinity": -6.4,
            "rmsd_l_b": 3.475,
            "rmsd_u_b": 6.615
          },
          {
            "mode": 6,
            "affinity": -6.4,
            "rmsd_l_b": 3.291,
            "rmsd_u_b": 9.388
          },
          {
            "mode": 7,
            "affinity": -6.4,
            "rmsd_l_b": 3.507,
            "rmsd_u_b": 6.643
          },
          {
            "mode": 8,
            "affinity": -6.2,
            "rmsd_l_b": 3.412,
            "rmsd_u_b": 9.619
          },
          {
            "mode": 9,
            "affinity": -6.0,
            "rmsd_l_b": 6.046,
            "rmsd_u_b": 8.931
          }
        ]
      },
      {
        "run": 19,
        "seed": 255226,
        "average": {
          "affinity": -6.244,
          "rmsd_l_b": 3.249,
          "rmsd_u_b": 7.212
        },
        "modes": [
          {
            "mode": 1,
            "affinity": -6.5,
            "rmsd_l_b": 0.0,
            "rmsd_u_b": 0.0
          },
          {
            "mode": 2,
            "affinity": -6.5,
            "rmsd_l_b": 3.372,
            "rmsd_u_b": 9.702
          },
          {
            "mode": 3,
            "affinity": -6.4,
            "rmsd_l_b": 3.535,
            "rmsd_u_b": 9.45
          },
          {
            "mode": 4,
            "affinity": -6.3,
            "rmsd_l_b": 3.456,
            "rmsd_u_b": 6.746
          },
          {
            "mode": 5,
            "affinity": -6.2,
            "rmsd_l_b": 3.419,
            "rmsd_u_b": 9.623
          },
          {
            "mode": 6,
            "affinity": -6.1,
            "rmsd_l_b": 2.682,
            "rmsd_u_b": 5.494
          },
          {
            "mode": 7,
            "affinity": -6.1,
            "rmsd_l_b": 1.662,
            "rmsd_u_b": 4.795
          },
          {
            "mode": 8,
            "affinity": -6.1,
            "rmsd_l_b": 5.605,
            "rmsd_u_b": 9.608
          },
          {
            "mode": 9,
            "affinity": -6.0,
            "rmsd_l_b": 5.509,
            "rmsd_u_b": 9.49
          }
        ]
      },
      {
        "run": 20,
        "seed": 260897,
        "average": {
          "affinity": -6.378,
          "rmsd_l_b": 2.528,
          "rmsd_u_b": 5.766
        },
        "modes": [
          {
            "mode": 1,
            "affinity": -6.5,
            "rmsd_l_b": 0.0,
            "rmsd_u_b": 0.0
          },
          {
            "mode": 2,
            "affinity": -6.4,
            "rmsd_l_b": 3.481,
            "rmsd_u_b": 6.471
          },
          {
            "mode": 3,
            "affinity": -6.4,
            "rmsd_l_b": 3.539,
            "rmsd_u_b": 9.731
          },
          {
            "mode": 4,
            "affinity": -6.4,
            "rmsd_l_b": 3.471,
            "rmsd_u_b": 6.602
          },
          {
            "mode": 5,
            "affinity": -6.4,
            "rmsd_l_b": 3.489,
            "rmsd_u_b": 6.436
          },
          {
            "mode": 6,
            "affinity": -6.4,
            "rmsd_l_b": 3.31,
            "rmsd_u_b": 9.388
          },
          {
            "mode": 7,
            "affinity": -6.3,
            "rmsd_l_b": 3.49,
            "rmsd_u_b": 6.624
          },
          {
            "mode": 8,
            "affinity": -6.3,
            "rmsd_l_b": 0.186,
            "rmsd_u_b": 4.535
          },
          {
            "mode": 9,
            "affinity": -6.3,
            "rmsd_l_b": 1.79,
            "rmsd_u_b": 2.105
          }
        ]
      }
    ]
  }
}