{
  "rmsd": 2.807,
  "rmsd_method": "C-alpha coordinates",
  "rmsd_tool": "BioPython",
  "docking": {
    "average_affinity": -4.448,
    "runs": [
      {
        "run": 1,
        "seed": 178458,
        "average": {
          "affinity": -4.444,
          "rmsd_l_b": 3.131,
          "rmsd_u_b": 5.763
        },
        "modes": [
          {
            "mode": 1,
            "affinity": -4.7,
            "rmsd_l_b": 0.0,
            "rmsd_u_b": 0.0
          },
          {
            "mode": 2,
            "affinity": -4.6,
            "rmsd_l_b": 1.262,
            "rmsd_u_b": 1.628
          },
          {
            "mode": 3,
            "affinity": -4.6,
            "rmsd_l_b": 3.381,
            "rmsd_u_b": 4.372
          },
          {
            "mode": 4,
            "affinity": -4.5,
            "rmsd_l_b": 3.516,
            "rmsd_u_b": 8.002
          },
          {
            "mode": 5,
            "affinity": -4.4,
            "rmsd_l_b": 4.558,
            "rmsd_u_b": 9.133
          },
          {
            "mode": 6,
            "affinity": -4.3,
            "rmsd_l_b": 4.165,
            "rmsd_u_b": 9.121
          },
          {
            "mode": 7,
            "affinity": -4.3,
            "rmsd_l_b": 2.854,
            "rmsd_u_b": 4.515
          },
          {
            "mode": 8,
            "affinity": -4.3,
            "rmsd_l_b": 3.97,
            "rmsd_u_b": 5.961
          },
          {
            "mode": 9,
            "affinity": -4.3,
            "rmsd_l_b": 4.47,
            "rmsd_u_b": 9.138
          }
        ]
      },
      {
        "run": 2,
        "seed": 735407,
        "average": {
          "affinity": -4.444,
          "rmsd_l_b": 3.805,
          "rmsd_u_b": 6.264
        },
        "modes": [
          {
            "mode": 1,
            "affinity": -4.8,
            "rmsd_l_b": 0.0,
            "rmsd_u_b": 0.0
          },
          {
            "mode": 2,
            "affinity": -4.7,
            "rmsd_l_b": 4.281,
            "rmsd_u_b": 8.6
          },
          {
            "mode": 3,
            "affinity": -4.6,
            "rmsd_l_b": 3.312,
            "rmsd_u_b": 4.225
          },
          {
            "mode": 4,
            "affinity": -4.5,
            "rmsd_l_b": 3.525,
            "rmsd_u_b": 8.025
          },
          {
            "mode": 5,
            "affinity": -4.4,
            "rmsd_l_b": 4.597,
            "rmsd_u_b": 9.153
          },
          {
            "mode": 6,
            "affinity": -4.4,
            "rmsd_l_b": 1.681,
            "rmsd_u_b": 2.15
          },
          {
            "mode": 7,
            "affinity": -4.3,
            "rmsd_l_b": 4.172,
            "rmsd_u_b": 9.341
          },
          {
            "mode": 8,
            "affinity": -4.2,
            "rmsd_l_b": 3.571,
            "rmsd_u_b": 4.347
          },
          {
            "mode": 9,
            "affinity": -4.1,
            "rmsd_l_b": 9.106,
            "rmsd_u_b": 10.539
          }
        ]
      },
      {
        "run": 3,
        "seed": 183618,
        "average": {
          "affinity": -4.4,
          "rmsd_l_b": 3.904,
          "rmsd_u_b": 6.525
        },
        "modes": [
          {
            "mode": 1,
            "affinity": -4.7,
            "rmsd_l_b": 0.0,
            "rmsd_u_b": 0.0
          },
          {
            "mode": 2,
            "affinity": -4.6,
            "rmsd_l_b": 4.406,
            "rmsd_u_b": 8.524
          },
          {
            "mode": 3,
            "affinity": -4.5,
            "rmsd_l_b": 4.451,
            "rmsd_u_b": 9.047
          },
          {
            "mode": 4,
            "affinity": -4.4,
            "rmsd_l_b": 4.087,
            "rmsd_u_b": 6.677
          },
          {
            "mode": 5,
            "affinity": -4.4,
            "rmsd_l_b": 4.626,
            "rmsd_u_b": 5.06
          },
          {
            "mode": 6,
            "affinity": -4.3,
            "rmsd_l_b": 4.55,
            "rmsd_u_b": 6.122
          },
          {
            "mode": 7,
            "affinity": -4.3,
            "rmsd_l_b": 4.052,
            "rmsd_u_b": 8.349
          },
          {
            "mode": 8,
            "affinity": -4.2,
            "rmsd_l_b": 4.142,
            "rmsd_u_b": 9.294
          },
          {
            "mode": 9,
            "affinity": -4.2,
            "rmsd_l_b": 4.825,
            "rmsd_u_b": 5.649
          }
        ]
      },
      {
        "run": 4,
        "seed": 867044,
        "average": {
          "affinity": -4.5,
          "rmsd_l_b": 3.429,
          "rmsd_u_b": 6.132
        },
        "modes": [
          {
            "mode": 1,
            "affinity": -4.8,
            "rmsd_l_b": 0.0,
            "rmsd_u_b": 0.0
          },
          {
            "mode": 2,
            "affinity": -4.7,
            "rmsd_l_b": 4.365,
            "rmsd_u_b": 8.636
          },
          {
            "mode": 3,
            "affinity": -4.6,
            "rmsd_l_b": 3.336,
            "rmsd_u_b": 4.234
          },
          {
            "mode": 4,
            "affinity": -4.6,
            "rmsd_l_b": 1.334,
            "rmsd_u_b": 1.709
          },
          {
            "mode": 5,
            "affinity": -4.4,
            "rmsd_l_b": 5.68,
            "rmsd_u_b": 7.603
          },
          {
            "mode": 6,
            "affinity": -4.4,
            "rmsd_l_b": 4.586,
            "rmsd_u_b": 9.133
          },
          {
            "mode": 7,
            "affinity": -4.4,
            "rmsd_l_b": 3.509,
            "rmsd_u_b": 8.504
          },
          {
            "mode": 8,
            "affinity": -4.3,
            "rmsd_l_b": 4.06,
            "rmsd_u_b": 9.291
          },
          {
            "mode": 9,
            "affinity": -4.3,
            "rmsd_l_b": 3.988,
            "rmsd_u_b": 6.08
          }
        ]
      },
      {
        "run": 5,
        "seed": 602508,
        "average": {
          "affinity": -4.433,
          "rmsd_l_b": 3.758,
          "rmsd_u_b": 6.44
        },
        "modes": [
          {
            "mode": 1,
            "affinity": -4.7,
            "rmsd_l_b": 0.0,
            "rmsd_u_b": 0.0
          },
          {
            "mode": 2,
            "affinity": -4.7,
            "rmsd_l_b": 4.337,
            "rmsd_u_b": 8.563
          },
          {
            "mode": 3,
            "affinity": -4.5,
            "rmsd_l_b": 3.9,
            "rmsd_u_b": 8.459
          },
          {
            "mode": 4,
            "affinity": -4.5,
            "rmsd_l_b": 4.465,
            "rmsd_u_b": 9.239
          },
          {
            "mode": 5,
            "affinity": -4.3,
            "rmsd_l_b": 4.659,
            "rmsd_u_b": 5.068
          },
          {
            "mode": 6,
            "affinity": -4.3,
            "rmsd_l_b": 4.546,
            "rmsd_u_b": 6.122
          },
          {
            "mode": 7,
            "affinity": -4.3,
            "rmsd_l_b": 5.139,
            "rmsd_u_b": 7.314
          },
          {
            "mode": 8,
            "affinity": -4.3,
            "rmsd_l_b": 2.628,
            "rmsd_u_b": 3.924
          },
          {
            "mode": 9,
            "affinity": -4.3,
            "rmsd_l_b": 4.151,
            "rmsd_u_b": 9.27
          }
        ]
      },
      {
        "run": 6,
        "seed": 202243,
        "average": {
          "affinity": -4.511,
          "rmsd_l_b": 3.221,
          "rmsd_u_b": 6.473
        },
        "modes": [
          {
            "mode": 1,
            "affinity": -4.8,
            "rmsd_l_b": 0.0,
            "rmsd_u_b": 0.0
          },
          {
            "mode": 2,
            "affinity": -4.7,
            "rmsd_l_b": 4.335,
            "rmsd_u_b": 8.643
          },
          {
            "mode": 3,
            "affinity": -4.6,
            "rmsd_l_b": 1.336,
            "rmsd_u_b": 1.478
          },
          {
            "mode": 4,
            "affinity": -4.6,
            "rmsd_l_b": 3.318,
            "rmsd_u_b": 4.25
          },
          {
            "mode": 5,
            "affinity": -4.5,
            "rmsd_l_b": 4.408,
            "rmsd_u_b": 8.779
          },
          {
            "mode": 6,
            "affinity": -4.4,
            "rmsd_l_b": 4.577,
            "rmsd_u_b": 9.185
          },
          {
            "mode": 7,
            "affinity": -4.4,
            "rmsd_l_b": 3.552,
            "rmsd_u_b": 8.57
          },
          {
            "mode": 8,
            "affinity": -4.3,
            "rmsd_l_b": 3.942,
            "rmsd_u_b": 9.134
          },
          {
            "mode": 9,
            "affinity": -4.3,
            "rmsd_l_b": 3.517,
            "rmsd_u_b": 8.217
          }
        ]
      },
      {
        "run": 7,
        "seed": 812237,
        "average": {
          "affinity": -4.478,
          "rmsd_l_b": 3.779,
          "rmsd_u_b": 6.887
        },
        "modes": [
          {
            "mode": 1,
            "affinity": -4.7,
            "rmsd_l_b": 0.0,
            "rmsd_u_b": 0.0
          },
          {
            "mode": 2,
            "affinity": -4.7,
            "rmsd_l_b": 4.33,
            "rmsd_u_b": 8.621
          },
          {
            "mode": 3,
            "affinity": -4.6,
            "rmsd_l_b": 3.346,
            "rmsd_u_b": 4.284
          },
          {
            "mode": 4,
            "affinity": -4.5,
            "rmsd_l_b": 4.374,
            "rmsd_u_b": 8.736
          },
          {
            "mode": 5,
            "affinity": -4.5,
            "rmsd_l_b": 3.496,
            "rmsd_u_b": 8.012
          },
          {
            "mode": 6,
            "affinity": -4.4,
            "rmsd_l_b": 5.662,
            "rmsd_u_b": 7.629
          },
          {
            "mode": 7,
            "affinity": -4.4,
            "rmsd_l_b": 4.551,
            "rmsd_u_b": 9.176
          },
          {
            "mode": 8,
            "affinity": -4.3,
            "rmsd_l_b": 4.013,
            "rmsd_u_b": 6.046
          },
          {
            "mode": 9,
            "affinity": -4.2,
            "rmsd_l_b": 4.235,
            "rmsd_u_b": 9.477
          }
        ]
      },
      {
        "run": 8,
        "seed": 704781,
        "average": {
          "affinity": -4.367,
          "rmsd_l_b": 3.465,
          "rmsd_u_b": 5.614
        },
        "modes": [
          {
            "mode": 1,
            "affinity": -4.7,
            "rmsd_l_b": 0.0,
            "rmsd_u_b": 0.0
          },
          {
            "mode": 2,
            "affinity": -4.6,
            "rmsd_l_b": 4.347,
            "rmsd_u_b": 8.557
          },
          {
            "mode": 3,
            "affinity": -4.5,
            "rmsd_l_b": 4.55,
            "rmsd_u_b": 8.865
          },
          {
            "mode": 4,
            "affinity": -4.4,
            "rmsd_l_b": 4.655,
            "rmsd_u_b": 5.122
          },
          {
            "mode": 5,
            "affinity": -4.3,
            "rmsd_l_b": 4.256,
            "rmsd_u_b": 6.969
          },
          {
            "mode": 6,
            "affinity": -4.2,
            "rmsd_l_b": 1.923,
            "rmsd_u_b": 2.274
          },
          {
            "mode": 7,
            "affinity": -4.2,
            "rmsd_l_b": 4.881,
            "rmsd_u_b": 5.807
          },
          {
            "mode": 8,
            "affinity": -4.2,
            "rmsd_l_b": 3.909,
            "rmsd_u_b": 8.931
          },
          {
            "mode": 9,
            "affinity": -4.2,
            "rmsd_l_b": 2.663,
            "rmsd_u_b": 4.0
          }
        ]
      },
      {
        "run": 9,
        "seed": 586479,
        "average": {
          "affinity": -4.433,
          "rmsd_l_b": 3.153,
          "rmsd_u_b": 6.118
        },
        "modes": [
          {
            "mode": 1,
            "affinity": -4.7,
            "rmsd_l_b": 0.0,
            "rmsd_u_b": 0.0
          },
          {
            "mode": 2,
            "affinity": -4.7,
            "rmsd_l_b": 4.344,
            "rmsd_u_b": 8.689
          },
          {
            "mode": 3,
            "affinity": -4.6,
            "rmsd_l_b": 3.357,
            "rmsd_u_b": 4.371
          },
          {
            "mode": 4,
            "affinity": -4.4,
            "rmsd_l_b": 1.969,
            "rmsd_u_b": 2.773
          },
          {
            "mode": 5,
            "affinity": -4.4,
            "rmsd_l_b": 4.526,
            "rmsd_u_b": 9.169
          },
          {
            "mode": 6,
            "affinity": -4.4,
            "rmsd_l_b": 3.521,
            "rmsd_u_b": 8.54
          },
          {
            "mode": 7,
            "affinity": -4.3,
            "rmsd_l_b": 3.491,
            "rmsd_u_b": 8.246
          },
          {
            "mode": 8,
            "affinity": -4.2,
            "rmsd_l_b": 3.867,
            "rmsd_u_b": 8.892
          },
          {
            "mode": 9,
            "affinity": -4.2,
            "rmsd_l_b": 3.299,
            "rmsd_u_b": 4.381
          }
        ]
      },
      {
        "run": 10,
        "seed": 180639,
        "average": {
          "affinity": -4.467,
          "rmsd_l_b": 3.408,
          "rmsd_u_b": 5.587
        },
        "modes": [
          {
            "mode": 1,
            "affinity": -4.7,
            "rmsd_l_b": 0.0,
            "rmsd_u_b": 0.0
          },
          {
            "mode": 2,
            "affinity": -4.7,
            "rmsd_l_b": 4.396,
            "rmsd_u_b": 8.619
          },
          {
            "mode": 3,
            "affinity": -4.6,
            "rmsd_l_b": 3.908,
            "rmsd_u_b": 8.507
          },
          {
            "mode": 4,
            "affinity": -4.5,
            "rmsd_l_b": 1.689,
            "rmsd_u_b": 1.89
          },
          {
            "mode": 5,
            "affinity": -4.4,
            "rmsd_l_b": 4.583,
            "rmsd_u_b": 9.267
          },
          {
            "mode": 6,
            "affinity": -4.4,
            "rmsd_l_b": 4.146,
            "rmsd_u_b": 6.778
          },
          {
            "mode": 7,
            "affinity": -4.4,
            "rmsd_l_b": 4.68,
            "rmsd_u_b": 5.102
          },
          {
            "mode": 8,
            "affinity": -4.3,
            "rmsd_l_b": 4.617,
            "rmsd_u_b": 6.225
          },
          {
            "mode": 9,
            "affinity": -4.2,
            "rmsd_l_b": 2.655,
            "rmsd_u_b": 3.893
          }
        ]
      },
      {
        "run": 11,
        "seed": 517569,
        "average": {
          "affinity": -4.478,
          "rmsd_l_b": 3.528,
          "rmsd_u_b": 5.574
        },
        "modes": [
          {
            "mode": 1,
            "affinity": -4.7,
            "rmsd_l_b": 0.0,
            "rmsd_u_b": 0.0
          },
          {
            "mode": 2,
            "affinity": -4.7,
            "rmsd_l_b": 4.357,
            "rmsd_u_b": 8.568
          },
          {
            "mode": 3,
            "affinity": -4.6,
            "rmsd_l_b": 3.884,
            "rmsd_u_b": 8.507
          },
          {
            "mode": 4,
            "affinity": -4.5,
            "rmsd_l_b": 3.483,
            "rmsd_u_b": 4.235
          },
          {
            "mode": 5,
            "affinity": -4.4,
            "rmsd_l_b": 1.805,
            "rmsd_u_b": 2.179
          },
          {
            "mode": 6,
            "affinity": -4.4,
            "rmsd_l_b": 5.09,
            "rmsd_u_b": 7.131
          },
          {
            "mode": 7,
            "affinity": -4.4,
            "rmsd_l_b": 4.664,
            "rmsd_u_b": 5.064
          },
          {
            "mode": 8,
            "affinity": -4.3,
            "rmsd_l_b": 4.578,
            "rmsd_u_b": 6.147
          },
          {
            "mode": 9,
            "affinity": -4.3,
            "rmsd_l_b": 3.888,
            "rmsd_u_b": 8.338
          }
        ]
      },
      {
        "run": 12,
        "seed": 298834,
        "average": {
          "affinity": -4.422,
          "rmsd_l_b": 3.184,
          "rmsd_u_b": 6.061
        },
        "modes": [
          {
            "mode": 1,
            "affinity": -4.7,
            "rmsd_l_b": 0.0,
            "rmsd_u_b": 0.0
          },
          {
            "mode": 2,
            "affinity": -4.6,
            "rmsd_l_b": 4.453,
            "rmsd_u_b": 8.532
          },
          {
            "mode": 3,
            "affinity": -4.6,
            "rmsd_l_b": 3.439,
            "rmsd_u_b": 4.379
          },
          {
            "mode": 4,
            "affinity": -4.5,
            "rmsd_l_b": 1.318,
            "rmsd_u_b": 1.485
          },
          {
            "mode": 5,
            "affinity": -4.4,
            "rmsd_l_b": 4.533,
            "rmsd_u_b": 9.072
          },
          {
            "mode": 6,
            "affinity": -4.3,
            "rmsd_l_b": 3.455,
            "rmsd_u_b": 8.418
          },
          {
            "mode": 7,
            "affinity": -4.3,
            "rmsd_l_b": 3.87,
            "rmsd_u_b": 5.654
          },
          {
            "mode": 8,
            "affinity": -4.2,
            "rmsd_l_b": 3.355,
            "rmsd_u_b": 7.802
          },
          {
            "mode": 9,
            "affinity": -4.2,
            "rmsd_l_b": 4.23,
            "rmsd_u_b": 9.206
          }
        ]
      },
      {
        "run": 13,
        "seed": 420721,
        "average": {
          "affinity": -4.444,
          "rmsd_l_b": 3.713,
          "rmsd_u_b": 6.318
        },
        "modes": [
          {
            "mode": 1,
            "affinity": -4.7,
            "rmsd_l_b": 0.0,
            "rmsd_u_b": 0.0
          },
          {
            "mode": 2,
            "affinity": -4.7,
            "rmsd_l_b": 4.268,
            "rmsd_u_b": 8.661
          },
          {
            "mode": 3,
            "affinity": -4.5,
            "rmsd_l_b": 3.905,
            "rmsd_u_b": 8.476
          },
          {
            "mode": 4,
            "affinity": -4.5,
            "rmsd_l_b": 4.473,
            "rmsd_u_b": 8.894
          },
          {
            "mode": 5,
            "affinity": -4.4,
            "rmsd_l_b": 4.087,
            "rmsd_u_b": 6.714
          },
          {
            "mode": 6,
            "affinity": -4.4,
            "rmsd_l_b": 3.504,
            "rmsd_u_b": 4.218
          },
          {
            "mode": 7,
            "affinity": -4.4,
            "rmsd_l_b": 4.655,
            "rmsd_u_b": 5.086
          },
          {
            "mode": 8,
            "affinity": -4.2,
            "rmsd_l_b": 3.896,
            "rmsd_u_b": 8.609
          },
          {
            "mode": 9,
            "affinity": -4.2,
            "rmsd_l_b": 4.628,
            "rmsd_u_b": 6.206
          }
        ]
      },
      {
        "run": 14,
        "seed": 276990,
        "average": {
          "affinity": -4.4,
          "rmsd_l_b": 3.357,
          "rmsd_u_b": 5.646
        },
        "modes": [
          {
            "mode": 1,
            "affinity": -4.7,
            "rmsd_l_b": 0.0,
            "rmsd_u_b": 0.0
          },
          {
            "mode": 2,
            "affinity": -4.5,
            "rmsd_l_b": 3.357,
            "rmsd_u_b": 4.203
          },
          {
            "mode": 3,
            "affinity": -4.4,
            "rmsd_l_b": 5.675,
            "rmsd_u_b": 7.714
          },
          {
            "mode": 4,
            "affinity": -4.4,
            "rmsd_l_b": 3.477,
            "rmsd_u_b": 7.946
          },
          {
            "mode": 5,
            "affinity": -4.4,
            "rmsd_l_b": 4.556,
            "rmsd_u_b": 9.134
          },
          {
            "mode": 6,
            "affinity": -4.4,
            "rmsd_l_b": 1.905,
            "rmsd_u_b": 2.554
          },
          {
            "mode": 7,
            "affinity": -4.3,
            "rmsd_l_b": 3.483,
            "rmsd_u_b": 8.45
          },
          {
            "mode": 8,
            "affinity": -4.3,
            "rmsd_l_b": 3.532,
            "rmsd_u_b": 4.549
          },
          {
            "mode": 9,
            "affinity": -4.2,
            "rmsd_l_b": 4.225,
            "rmsd_u_b": 6.261
          }
        ]
      },
      {
        "run": 15,
        "seed": 833665,
        "average": {
          "affinity": -4.544,
          "rmsd_l_b": 2.979,
          "rmsd_u_b": 5.064
        },
        "modes": [
          {
            "mode": 1,
            "affinity": -4.7,
            "rmsd_l_b": 0.0,
            "rmsd_u_b": 0.0
          },
          {
            "mode": 2,
            "affinity": -4.7,
            "rmsd_l_b": 4.33,
            "rmsd_u_b": 8.694
          },
          {
            "mode": 3,
            "affinity": -4.6,
            "rmsd_l_b": 3.326,
            "rmsd_u_b": 4.341
          },
          {
            "mode": 4,
            "affinity": -4.6,
            "rmsd_l_b": 1.031,
            "rmsd_u_b": 1.41
          },
          {
            "mode": 5,
            "affinity": -4.5,
            "rmsd_l_b": 1.971,
            "rmsd_u_b": 2.872
          },
          {
            "mode": 6,
            "affinity": -4.5,
            "rmsd_l_b": 2.567,
            "rmsd_u_b": 3.76
          },
          {
            "mode": 7,
            "affinity": -4.5,
            "rmsd_l_b": 3.548,
            "rmsd_u_b": 8.057
          },
          {
            "mode": 8,
            "affinity": -4.4,
            "rmsd_l_b": 5.646,
            "rmsd_u_b": 7.672
          },
          {
            "mode": 9,
            "affinity": -4.4,
            "rmsd_l_b": 4.394,
            "rmsd_u_b": 8.773
          }
        ]
      },
      {
        "run": 16,
        "seed": 182674,
        "average": {
          "affinity": -4.411,
          "rmsd_l_b": 3.269,
          "rmsd_u_b": 6.28
        },
        "modes": [
          {
            "mode": 1,
            "affinity": -4.7,
            "rmsd_l_b": 0.0,
            "rmsd_u_b": 0.0
          },
          {
            "mode": 2,
            "affinity": -4.7,
            "rmsd_l_b": 4.4,
            "rmsd_u_b": 8.655
          },
          {
            "mode": 3,
            "affinity": -4.5,
            "rmsd_l_b": 3.451,
            "rmsd_u_b": 4.472
          },
          {
            "mode": 4,
            "affinity": -4.5,
            "rmsd_l_b": 1.784,
            "rmsd_u_b": 1.946
          },
          {
            "mode": 5,
            "affinity": -4.4,
            "rmsd_l_b": 4.603,
            "rmsd_u_b": 9.167
          },
          {
            "mode": 6,
            "affinity": -4.3,
            "rmsd_l_b": 3.505,
            "rmsd_u_b": 8.28
          },
          {
            "mode": 7,
            "affinity": -4.3,
            "rmsd_l_b": 4.178,
            "rmsd_u_b": 6.319
          },
          {
            "mode": 8,
            "affinity": -4.2,
            "rmsd_l_b": 3.586,
            "rmsd_u_b": 8.9
          },
          {
            "mode": 9,
            "affinity": -4.1,
            "rmsd_l_b": 3.914,
            "rmsd_u_b": 8.784
          }
        ]
      },
      {
        "run": 17,
        "seed": 545836,
        "average": {
          "affinity": -4.467,
          "rmsd_l_b": 3.512,
          "rmsd_u_b": 6.103
        },
        "modes": [
          {
            "mode": 1,
            "affinity": -4.8,
            "rmsd_l_b": 0.0,
            "rmsd_u_b": 0.0
          },
          {
            "mode": 2,
            "affinity": -4.7,
            "rmsd_l_b": 4.322,
            "rmsd_u_b": 8.453
          },
          {
            "mode": 3,
            "affinity": -4.6,
            "rmsd_l_b": 3.851,
            "rmsd_u_b": 8.375
          },
          {
            "mode": 4,
            "affinity": -4.5,
            "rmsd_l_b": 3.472,
            "rmsd_u_b": 4.181
          },
          {
            "mode": 5,
            "affinity": -4.4,
            "rmsd_l_b": 4.13,
            "rmsd_u_b": 6.804
          },
          {
            "mode": 6,
            "affinity": -4.4,
            "rmsd_l_b": 4.673,
            "rmsd_u_b": 5.094
          },
          {
            "mode": 7,
            "affinity": -4.3,
            "rmsd_l_b": 2.695,
            "rmsd_u_b": 3.904
          },
          {
            "mode": 8,
            "affinity": -4.3,
            "rmsd_l_b": 3.959,
            "rmsd_u_b": 8.86
          },
          {
            "mode": 9,
            "affinity": -4.2,
            "rmsd_l_b": 4.504,
            "rmsd_u_b": 9.256
          }
        ]
      },
      {
        "run": 18,
        "seed": 752735,
        "average": {
          "affinity": -4.478,
          "rmsd_l_b": 3.888,
          "rmsd_u_b": 6.714
        },
        "modes": [
          {
            "mode": 1,
            "affinity": -4.8,
            "rmsd_l_b": 0.0,
            "rmsd_u_b": 0.0
          },
          {
            "mode": 2,
            "affinity": -4.7,
            "rmsd_l_b": 4.285,
            "rmsd_u_b": 8.438
          },
          {
            "mode": 3,
            "affinity": -4.6,
            "rmsd_l_b": 3.872,
            "rmsd_u_b": 8.443
          },
          {
            "mode": 4,
            "affinity": -4.5,
            "rmsd_l_b": 4.421,
            "rmsd_u_b": 8.844
          },
          {
            "mode": 5,
            "affinity": -4.4,
            "rmsd_l_b": 4.172,
            "rmsd_u_b": 6.844
          },
          {
            "mode": 6,
            "affinity": -4.4,
            "rmsd_l_b": 4.678,
            "rmsd_u_b": 5.126
          },
          {
            "mode": 7,
            "affinity": -4.3,
            "rmsd_l_b": 4.476,
            "rmsd_u_b": 6.087
          },
          {
            "mode": 8,
            "affinity": -4.3,
            "rmsd_l_b": 5.133,
            "rmsd_u_b": 7.344
          },
          {
            "mode": 9,
            "affinity": -4.3,
            "rmsd_l_b": 3.957,
            "rmsd_u_b": 9.297
          }
        ]
      },
      {
        "run": 19,
        "seed": 811920,
        "average": {
          "affinity": -4.422,
          "rmsd_l_b": 3.89,
          "rmsd_u_b": 6.81
        },
        "modes": [
          {
            "mode": 1,
            "affinity": -4.7,
            "rmsd_l_b": 0.0,
            "rmsd_u_b": 0.0
          },
          {
            "mode": 2,
            "affinity": -4.7,
            "rmsd_l_b": 4.285,
            "rmsd_u_b": 8.612
          },
          {
            "mode": 3,
            "affinity": -4.6,
            "rmsd_l_b": 4.562,
            "rmsd_u_b": 8.845
          },
          {
            "mode": 4,
            "affinity": -4.4,
            "rmsd_l_b": 4.086,
            "rmsd_u_b": 6.695
          },
          {
            "mode": 5,
            "affinity": -4.4,
            "rmsd_l_b": 4.66,
            "rmsd_u_b": 5.063
          },
          {
            "mode": 6,
            "affinity": -4.4,
            "rmsd_l_b": 3.997,
            "rmsd_u_b": 8.321
          },
          {
            "mode": 7,
            "affinity": -4.3,
            "rmsd_l_b": 4.204,
            "rmsd_u_b": 8.977
          },
          {
            "mode": 8,
            "affinity": -4.2,
            "rmsd_l_b": 4.128,
            "rmsd_u_b": 7.884
          },
          {
            "mode": 9,
            "affinity": -4.1,
            "rmsd_l_b": 5.084,
            "rmsd_u_b": 6.89
          }
        ]
      },
      {
        "run": 20,
        "seed": 845546,
        "average": {
          "affinity": -4.422,
          "rmsd_l_b": 3.595,
          "rmsd_u_b": 6.104
        },
        "modes": [
          {
            "mode": 1,
            "affinity": -4.7,
            "rmsd_l_b": 0.0,
            "rmsd_u_b": 0.0
          },
          {
            "mode": 2,
            "affinity": -4.7,
            "rmsd_l_b": 4.276,
            "rmsd_u_b": 8.643
          },
          {
            "mode": 3,
            "affinity": -4.6,
            "rmsd_l_b": 3.888,
            "rmsd_u_b": 8.424
          },
          {
            "mode": 4,
            "affinity": -4.5,
            "rmsd_l_b": 4.455,
            "rmsd_u_b": 8.92
          },
          {
            "mode": 5,
            "affinity": -4.4,
            "rmsd_l_b": 4.671,
            "rmsd_u_b": 5.119
          },
          {
            "mode": 6,
            "affinity": -4.3,
            "rmsd_l_b": 3.668,
            "rmsd_u_b": 4.52
          },
          {
            "mode": 7,
            "affinity": -4.2,
            "rmsd_l_b": 4.123,
            "rmsd_u_b": 9.107
          },
          {
            "mode": 8,
            "affinity": -4.2,
            "rmsd_l_b": 5.269,
            "rmsd_u_b": 7.56
          },
          {
            "mode": 9,
            "affinity": -4.2,
            "rmsd_l_b": 2.001,
            "rmsd_u_b": 2.645
          }
        ]
      }
    ]
  }
}