{
  "rmsd": 3.755,
  "rmsd_method": "C-alpha coordinates",
  "rmsd_tool": "BioPython",
  "docking": {
    "average_affinity": -5.092,
    "runs": [
      {
        "run": 1,
        "seed": 737812,
        "average": {
          "affinity": -5.144,
          "rmsd_l_b": 3.121,
          "rmsd_u_b": 6.479
        },
        "modes": [
          {
            "mode": 1,
            "affinity": -5.3,
            "rmsd_l_b": 0.0,
            "rmsd_u_b": 0.0
          },
          {
            "mode": 2,
            "affinity": -5.2,
            "rmsd_l_b": 2.1,
            "rmsd_u_b": 3.166
          },
          {
            "mode": 3,
            "affinity": -5.2,
            "rmsd_l_b": 5.5,
            "rmsd_u_b": 12.185
          },
          {
            "mode": 4,
            "affinity": -5.2,
            "rmsd_l_b": 3.921,
            "rmsd_u_b": 7.078
          },
          {
            "mode": 5,
            "affinity": -5.1,
            "rmsd_l_b": 1.676,
            "rmsd_u_b": 2.408
          },
          {
            "mode": 6,
            "affinity": -5.1,
            "rmsd_l_b": 1.811,
            "rmsd_u_b": 2.519
          },
          {
            "mode": 7,
            "affinity": -5.1,
            "rmsd_l_b": 5.167,
            "rmsd_u_b": 11.969
          },
          {
            "mode": 8,
            "affinity": -5.1,
            "rmsd_l_b": 4.498,
            "rmsd_u_b": 7.911
          },
          {
            "mode": 9,
            "affinity": -5.0,
            "rmsd_l_b": 3.415,
            "rmsd_u_b": 11.072
          }
        ]
      },
      {
        "run": 2,
        "seed": 2923,
        "average": {
          "affinity": -5.244,
          "rmsd_l_b": 4.538,
          "rmsd_u_b": 8.818
        },
        "modes": [
          {
            "mode": 1,
            "affinity": -5.5,
            "rmsd_l_b": 0.0,
            "rmsd_u_b": 0.0
          },
          {
            "mode": 2,
            "affinity": -5.4,
            "rmsd_l_b": 5.411,
            "rmsd_u_b": 12.196
          },
          {
            "mode": 3,
            "affinity": -5.3,
            "rmsd_l_b": 5.546,
            "rmsd_u_b": 12.499
          },
          {
            "mode": 4,
            "affinity": -5.2,
            "rmsd_l_b": 5.022,
            "rmsd_u_b": 9.59
          },
          {
            "mode": 5,
            "affinity": -5.2,
            "rmsd_l_b": 4.061,
            "rmsd_u_b": 8.154
          },
          {
            "mode": 6,
            "affinity": -5.2,
            "rmsd_l_b": 4.568,
            "rmsd_u_b": 9.051
          },
          {
            "mode": 7,
            "affinity": -5.2,
            "rmsd_l_b": 5.588,
            "rmsd_u_b": 7.973
          },
          {
            "mode": 8,
            "affinity": -5.1,
            "rmsd_l_b": 5.17,
            "rmsd_u_b": 9.189
          },
          {
            "mode": 9,
            "affinity": -5.1,
            "rmsd_l_b": 5.476,
            "rmsd_u_b": 10.711
          }
        ]
      },
      {
        "run": 3,
        "seed": 543984,
        "average": {
          "affinity": -5.056,
          "rmsd_l_b": 4.111,
          "rmsd_u_b": 7.669
        },
        "modes": [
          {
            "mode": 1,
            "affinity": -5.2,
            "rmsd_l_b": 0.0,
            "rmsd_u_b": 0.0
          },
          {
            "mode": 2,
            "affinity": -5.2,
            "rmsd_l_b": 5.535,
            "rmsd_u_b": 12.153
          },
          {
            "mode": 3,
            "affinity": -5.1,
            "rmsd_l_b": 3.862,
            "rmsd_u_b": 6.943
          },
          {
            "mode": 4,
            "affinity": -5.1,
            "rmsd_l_b": 2.23,
            "rmsd_u_b": 3.331
          },
          {
            "mode": 5,
            "affinity": -5.1,
            "rmsd_l_b": 5.22,
            "rmsd_u_b": 11.905
          },
          {
            "mode": 6,
            "affinity": -5.0,
            "rmsd_l_b": 4.493,
            "rmsd_u_b": 7.829
          },
          {
            "mode": 7,
            "affinity": -5.0,
            "rmsd_l_b": 2.345,
            "rmsd_u_b": 3.199
          },
          {
            "mode": 8,
            "affinity": -4.9,
            "rmsd_l_b": 3.85,
            "rmsd_u_b": 11.154
          },
          {
            "mode": 9,
            "affinity": -4.9,
            "rmsd_l_b": 9.468,
            "rmsd_u_b": 12.511
          }
        ]
      },
      {
        "run": 4,
        "seed": 289935,
        "average": {
          "affinity": -5.089,
          "rmsd_l_b": 4.004,
          "rmsd_u_b": 7.197
        },
        "modes": [
          {
            "mode": 1,
            "affinity": -5.2,
            "rmsd_l_b": 0.0,
            "rmsd_u_b": 0.0
          },
          {
            "mode": 2,
            "affinity": -5.2,
            "rmsd_l_b": 3.873,
            "rmsd_u_b": 7.028
          },
          {
            "mode": 3,
            "affinity": -5.1,
            "rmsd_l_b": 1.736,
            "rmsd_u_b": 2.447
          },
          {
            "mode": 4,
            "affinity": -5.1,
            "rmsd_l_b": 4.292,
            "rmsd_u_b": 7.479
          },
          {
            "mode": 5,
            "affinity": -5.1,
            "rmsd_l_b": 5.18,
            "rmsd_u_b": 12.094
          },
          {
            "mode": 6,
            "affinity": -5.1,
            "rmsd_l_b": 4.552,
            "rmsd_u_b": 7.944
          },
          {
            "mode": 7,
            "affinity": -5.0,
            "rmsd_l_b": 9.392,
            "rmsd_u_b": 12.393
          },
          {
            "mode": 8,
            "affinity": -5.0,
            "rmsd_l_b": 3.871,
            "rmsd_u_b": 11.057
          },
          {
            "mode": 9,
            "affinity": -5.0,
            "rmsd_l_b": 3.143,
            "rmsd_u_b": 4.328
          }
        ]
      },
      {
        "run": 5,
        "seed": 311182,
        "average": {
          "affinity": -5.244,
          "rmsd_l_b": 4.709,
          "rmsd_u_b": 8.845
        },
        "modes": [
          {
            "mode": 1,
            "affinity": -5.5,
            "rmsd_l_b": 0.0,
            "rmsd_u_b": 0.0
          },
          {
            "mode": 2,
            "affinity": -5.4,
            "rmsd_l_b": 5.378,
            "rmsd_u_b": 12.198
          },
          {
            "mode": 3,
            "affinity": -5.3,
            "rmsd_l_b": 5.647,
            "rmsd_u_b": 12.535
          },
          {
            "mode": 4,
            "affinity": -5.3,
            "rmsd_l_b": 4.987,
            "rmsd_u_b": 9.553
          },
          {
            "mode": 5,
            "affinity": -5.2,
            "rmsd_l_b": 5.617,
            "rmsd_u_b": 8.023
          },
          {
            "mode": 6,
            "affinity": -5.2,
            "rmsd_l_b": 5.639,
            "rmsd_u_b": 8.463
          },
          {
            "mode": 7,
            "affinity": -5.1,
            "rmsd_l_b": 4.536,
            "rmsd_u_b": 8.971
          },
          {
            "mode": 8,
            "affinity": -5.1,
            "rmsd_l_b": 5.447,
            "rmsd_u_b": 10.707
          },
          {
            "mode": 9,
            "affinity": -5.1,
            "rmsd_l_b": 5.128,
            "rmsd_u_b": 9.154
          }
        ]
      },
      {
        "run": 6,
        "seed": 142042,
        "average": {
          "affinity": -5.033,
          "rmsd_l_b": 3.923,
          "rmsd_u_b": 6.833
        },
        "modes": [
          {
            "mode": 1,
            "affinity": -5.1,
            "rmsd_l_b": 0.0,
            "rmsd_u_b": 0.0
          },
          {
            "mode": 2,
            "affinity": -5.1,
            "rmsd_l_b": 4.064,
            "rmsd_u_b": 6.929
          },
          {
            "mode": 3,
            "affinity": -5.1,
            "rmsd_l_b": 5.448,
            "rmsd_u_b": 12.108
          },
          {
            "mode": 4,
            "affinity": -5.1,
            "rmsd_l_b": 4.615,
            "rmsd_u_b": 7.901
          },
          {
            "mode": 5,
            "affinity": -5.1,
            "rmsd_l_b": 2.104,
            "rmsd_u_b": 3.113
          },
          {
            "mode": 6,
            "affinity": -5.0,
            "rmsd_l_b": 3.832,
            "rmsd_u_b": 11.206
          },
          {
            "mode": 7,
            "affinity": -5.0,
            "rmsd_l_b": 3.21,
            "rmsd_u_b": 4.352
          },
          {
            "mode": 8,
            "affinity": -4.9,
            "rmsd_l_b": 9.646,
            "rmsd_u_b": 12.592
          },
          {
            "mode": 9,
            "affinity": -4.9,
            "rmsd_l_b": 2.386,
            "rmsd_u_b": 3.298
          }
        ]
      },
      {
        "run": 7,
        "seed": 240449,
        "average": {
          "affinity": -5.0,
          "rmsd_l_b": 3.495,
          "rmsd_u_b": 6.546
        },
        "modes": [
          {
            "mode": 1,
            "affinity": -5.1,
            "rmsd_l_b": 0.0,
            "rmsd_u_b": 0.0
          },
          {
            "mode": 2,
            "affinity": -5.1,
            "rmsd_l_b": 2.303,
            "rmsd_u_b": 3.234
          },
          {
            "mode": 3,
            "affinity": -5.1,
            "rmsd_l_b": 4.518,
            "rmsd_u_b": 7.474
          },
          {
            "mode": 4,
            "affinity": -5.0,
            "rmsd_l_b": 2.772,
            "rmsd_u_b": 4.32
          },
          {
            "mode": 5,
            "affinity": -5.0,
            "rmsd_l_b": 5.182,
            "rmsd_u_b": 11.856
          },
          {
            "mode": 6,
            "affinity": -5.0,
            "rmsd_l_b": 4.553,
            "rmsd_u_b": 7.197
          },
          {
            "mode": 7,
            "affinity": -4.9,
            "rmsd_l_b": 3.431,
            "rmsd_u_b": 5.307
          },
          {
            "mode": 8,
            "affinity": -4.9,
            "rmsd_l_b": 4.582,
            "rmsd_u_b": 8.333
          },
          {
            "mode": 9,
            "affinity": -4.9,
            "rmsd_l_b": 4.116,
            "rmsd_u_b": 11.189
          }
        ]
      },
      {
        "run": 8,
        "seed": 667213,
        "average": {
          "affinity": -4.989,
          "rmsd_l_b": 3.858,
          "rmsd_u_b": 7.376
        },
        "modes": [
          {
            "mode": 1,
            "affinity": -5.1,
            "rmsd_l_b": 0.0,
            "rmsd_u_b": 0.0
          },
          {
            "mode": 2,
            "affinity": -5.1,
            "rmsd_l_b": 4.055,
            "rmsd_u_b": 6.842
          },
          {
            "mode": 3,
            "affinity": -5.1,
            "rmsd_l_b": 5.394,
            "rmsd_u_b": 11.888
          },
          {
            "mode": 4,
            "affinity": -5.0,
            "rmsd_l_b": 4.624,
            "rmsd_u_b": 7.894
          },
          {
            "mode": 5,
            "affinity": -5.0,
            "rmsd_l_b": 0.892,
            "rmsd_u_b": 1.326
          },
          {
            "mode": 6,
            "affinity": -4.9,
            "rmsd_l_b": 9.417,
            "rmsd_u_b": 12.472
          },
          {
            "mode": 7,
            "affinity": -4.9,
            "rmsd_l_b": 3.937,
            "rmsd_u_b": 11.003
          },
          {
            "mode": 8,
            "affinity": -4.9,
            "rmsd_l_b": 3.294,
            "rmsd_u_b": 10.739
          },
          {
            "mode": 9,
            "affinity": -4.9,
            "rmsd_l_b": 3.108,
            "rmsd_u_b": 4.216
          }
        ]
      },
      {
        "run": 9,
        "seed": 57515,
        "average": {
          "affinity": -5.033,
          "rmsd_l_b": 3.414,
          "rmsd_u_b": 7.14
        },
        "modes": [
          {
            "mode": 1,
            "affinity": -5.2,
            "rmsd_l_b": 0.0,
            "rmsd_u_b": 0.0
          },
          {
            "mode": 2,
            "affinity": -5.1,
            "rmsd_l_b": 3.921,
            "rmsd_u_b": 7.015
          },
          {
            "mode": 3,
            "affinity": -5.1,
            "rmsd_l_b": 4.312,
            "rmsd_u_b": 7.461
          },
          {
            "mode": 4,
            "affinity": -5.1,
            "rmsd_l_b": 5.211,
            "rmsd_u_b": 12.117
          },
          {
            "mode": 5,
            "affinity": -5.0,
            "rmsd_l_b": 4.559,
            "rmsd_u_b": 7.939
          },
          {
            "mode": 6,
            "affinity": -5.0,
            "rmsd_l_b": 2.156,
            "rmsd_u_b": 3.24
          },
          {
            "mode": 7,
            "affinity": -5.0,
            "rmsd_l_b": 3.13,
            "rmsd_u_b": 4.393
          },
          {
            "mode": 8,
            "affinity": -4.9,
            "rmsd_l_b": 3.454,
            "rmsd_u_b": 11.048
          },
          {
            "mode": 9,
            "affinity": -4.9,
            "rmsd_l_b": 3.981,
            "rmsd_u_b": 11.047
          }
        ]
      },
      {
        "run": 10,
        "seed": 175482,
        "average": {
          "affinity": -5.044,
          "rmsd_l_b": 5.241,
          "rmsd_u_b": 9.464
        },
        "modes": [
          {
            "mode": 1,
            "affinity": -5.2,
            "rmsd_l_b": 0.0,
            "rmsd_u_b": 0.0
          },
          {
            "mode": 2,
            "affinity": -5.1,
            "rmsd_l_b": 6.298,
            "rmsd_u_b": 12.853
          },
          {
            "mode": 3,
            "affinity": -5.1,
            "rmsd_l_b": 5.667,
            "rmsd_u_b": 12.024
          },
          {
            "mode": 4,
            "affinity": -5.1,
            "rmsd_l_b": 5.129,
            "rmsd_u_b": 9.624
          },
          {
            "mode": 5,
            "affinity": -5.0,
            "rmsd_l_b": 5.617,
            "rmsd_u_b": 8.319
          },
          {
            "mode": 6,
            "affinity": -5.0,
            "rmsd_l_b": 4.745,
            "rmsd_u_b": 9.181
          },
          {
            "mode": 7,
            "affinity": -5.0,
            "rmsd_l_b": 4.121,
            "rmsd_u_b": 8.147
          },
          {
            "mode": 8,
            "affinity": -5.0,
            "rmsd_l_b": 9.795,
            "rmsd_u_b": 14.352
          },
          {
            "mode": 9,
            "affinity": -4.9,
            "rmsd_l_b": 5.795,
            "rmsd_u_b": 10.676
          }
        ]
      },
      {
        "run": 11,
        "seed": 526181,
        "average": {
          "affinity": -5.056,
          "rmsd_l_b": 3.805,
          "rmsd_u_b": 6.89
        },
        "modes": [
          {
            "mode": 1,
            "affinity": -5.3,
            "rmsd_l_b": 0.0,
            "rmsd_u_b": 0.0
          },
          {
            "mode": 2,
            "affinity": -5.2,
            "rmsd_l_b": 3.874,
            "rmsd_u_b": 7.009
          },
          {
            "mode": 3,
            "affinity": -5.1,
            "rmsd_l_b": 2.214,
            "rmsd_u_b": 3.289
          },
          {
            "mode": 4,
            "affinity": -5.1,
            "rmsd_l_b": 4.302,
            "rmsd_u_b": 7.493
          },
          {
            "mode": 5,
            "affinity": -5.0,
            "rmsd_l_b": 3.435,
            "rmsd_u_b": 10.957
          },
          {
            "mode": 6,
            "affinity": -5.0,
            "rmsd_l_b": 3.026,
            "rmsd_u_b": 4.357
          },
          {
            "mode": 7,
            "affinity": -5.0,
            "rmsd_l_b": 9.403,
            "rmsd_u_b": 12.286
          },
          {
            "mode": 8,
            "affinity": -4.9,
            "rmsd_l_b": 3.534,
            "rmsd_u_b": 11.337
          },
          {
            "mode": 9,
            "affinity": -4.9,
            "rmsd_l_b": 4.457,
            "rmsd_u_b": 5.286
          }
        ]
      },
      {
        "run": 12,
        "seed": 314593,
        "average": {
          "affinity": -5.2,
          "rmsd_l_b": 4.443,
          "rmsd_u_b": 8.88
        },
        "modes": [
          {
            "mode": 1,
            "affinity": -5.5,
            "rmsd_l_b": 0.0,
            "rmsd_u_b": 0.0
          },
          {
            "mode": 2,
            "affinity": -5.3,
            "rmsd_l_b": 5.159,
            "rmsd_u_b": 11.896
          },
          {
            "mode": 3,
            "affinity": -5.2,
            "rmsd_l_b": 4.995,
            "rmsd_u_b": 9.552
          },
          {
            "mode": 4,
            "affinity": -5.2,
            "rmsd_l_b": 5.715,
            "rmsd_u_b": 8.28
          },
          {
            "mode": 5,
            "affinity": -5.2,
            "rmsd_l_b": 6.014,
            "rmsd_u_b": 12.011
          },
          {
            "mode": 6,
            "affinity": -5.1,
            "rmsd_l_b": 4.626,
            "rmsd_u_b": 9.146
          },
          {
            "mode": 7,
            "affinity": -5.1,
            "rmsd_l_b": 3.999,
            "rmsd_u_b": 8.104
          },
          {
            "mode": 8,
            "affinity": -5.1,
            "rmsd_l_b": 4.279,
            "rmsd_u_b": 11.489
          },
          {
            "mode": 9,
            "affinity": -5.1,
            "rmsd_l_b": 5.197,
            "rmsd_u_b": 9.438
          }
        ]
      },
      {
        "run": 13,
        "seed": 425318,
        "average": {
          "affinity": -5.122,
          "rmsd_l_b": 3.074,
          "rmsd_u_b": 4.615
        },
        "modes": [
          {
            "mode": 1,
            "affinity": -5.3,
            "rmsd_l_b": 0.0,
            "rmsd_u_b": 0.0
          },
          {
            "mode": 2,
            "affinity": -5.2,
            "rmsd_l_b": 2.314,
            "rmsd_u_b": 3.314
          },
          {
            "mode": 3,
            "affinity": -5.2,
            "rmsd_l_b": 2.031,
            "rmsd_u_b": 2.724
          },
          {
            "mode": 4,
            "affinity": -5.2,
            "rmsd_l_b": 3.872,
            "rmsd_u_b": 6.976
          },
          {
            "mode": 5,
            "affinity": -5.1,
            "rmsd_l_b": 1.678,
            "rmsd_u_b": 2.412
          },
          {
            "mode": 6,
            "affinity": -5.1,
            "rmsd_l_b": 9.397,
            "rmsd_u_b": 12.299
          },
          {
            "mode": 7,
            "affinity": -5.0,
            "rmsd_l_b": 4.406,
            "rmsd_u_b": 8.019
          },
          {
            "mode": 8,
            "affinity": -5.0,
            "rmsd_l_b": 1.725,
            "rmsd_u_b": 2.483
          },
          {
            "mode": 9,
            "affinity": -5.0,
            "rmsd_l_b": 2.247,
            "rmsd_u_b": 3.311
          }
        ]
      },
      {
        "run": 14,
        "seed": 28075,
        "average": {
          "affinity": -5.178,
          "rmsd_l_b": 4.58,
          "rmsd_u_b": 9.127
        },
        "modes": [
          {
            "mode": 1,
            "affinity": -5.5,
            "rmsd_l_b": 0.0,
            "rmsd_u_b": 0.0
          },
          {
            "mode": 2,
            "affinity": -5.2,
            "rmsd_l_b": 4.987,
            "rmsd_u_b": 9.523
          },
          {
            "mode": 3,
            "affinity": -5.2,
            "rmsd_l_b": 5.698,
            "rmsd_u_b": 8.281
          },
          {
            "mode": 4,
            "affinity": -5.2,
            "rmsd_l_b": 5.966,
            "rmsd_u_b": 12.66
          },
          {
            "mode": 5,
            "affinity": -5.2,
            "rmsd_l_b": 4.35,
            "rmsd_u_b": 11.532
          },
          {
            "mode": 6,
            "affinity": -5.1,
            "rmsd_l_b": 4.05,
            "rmsd_u_b": 8.148
          },
          {
            "mode": 7,
            "affinity": -5.1,
            "rmsd_l_b": 6.071,
            "rmsd_u_b": 12.106
          },
          {
            "mode": 8,
            "affinity": -5.1,
            "rmsd_l_b": 5.479,
            "rmsd_u_b": 10.714
          },
          {
            "mode": 9,
            "affinity": -5.0,
            "rmsd_l_b": 4.62,
            "rmsd_u_b": 9.177
          }
        ]
      },
      {
        "run": 15,
        "seed": 731477,
        "average": {
          "affinity": -5.033,
          "rmsd_l_b": 3.078,
          "rmsd_u_b": 5.287
        },
        "modes": [
          {
            "mode": 1,
            "affinity": -5.2,
            "rmsd_l_b": 0.0,
            "rmsd_u_b": 0.0
          },
          {
            "mode": 2,
            "affinity": -5.1,
            "rmsd_l_b": 2.543,
            "rmsd_u_b": 3.541
          },
          {
            "mode": 3,
            "affinity": -5.1,
            "rmsd_l_b": 4.065,
            "rmsd_u_b": 6.894
          },
          {
            "mode": 4,
            "affinity": -5.1,
            "rmsd_l_b": 1.524,
            "rmsd_u_b": 2.125
          },
          {
            "mode": 5,
            "affinity": -5.0,
            "rmsd_l_b": 4.355,
            "rmsd_u_b": 7.337
          },
          {
            "mode": 6,
            "affinity": -5.0,
            "rmsd_l_b": 5.125,
            "rmsd_u_b": 11.974
          },
          {
            "mode": 7,
            "affinity": -5.0,
            "rmsd_l_b": 4.764,
            "rmsd_u_b": 7.888
          },
          {
            "mode": 8,
            "affinity": -4.9,
            "rmsd_l_b": 2.332,
            "rmsd_u_b": 3.462
          },
          {
            "mode": 9,
            "affinity": -4.9,
            "rmsd_l_b": 2.998,
            "rmsd_u_b": 4.364
          }
        ]
      },
      {
        "run": 16,
        "seed": 432865,
        "average": {
          "affinity": -5.078,
          "rmsd_l_b": 3.296,
          "rmsd_u_b": 7.119
        },
        "modes": [
          {
            "mode": 1,
            "affinity": -5.3,
            "rmsd_l_b": 0.0,
            "rmsd_u_b": 0.0
          },
          {
            "mode": 2,
            "affinity": -5.2,
            "rmsd_l_b": 3.885,
            "rmsd_u_b": 6.989
          },
          {
            "mode": 3,
            "affinity": -5.1,
            "rmsd_l_b": 2.606,
            "rmsd_u_b": 3.78
          },
          {
            "mode": 4,
            "affinity": -5.1,
            "rmsd_l_b": 4.576,
            "rmsd_u_b": 7.939
          },
          {
            "mode": 5,
            "affinity": -5.1,
            "rmsd_l_b": 3.743,
            "rmsd_u_b": 11.043
          },
          {
            "mode": 6,
            "affinity": -5.0,
            "rmsd_l_b": 4.318,
            "rmsd_u_b": 7.505
          },
          {
            "mode": 7,
            "affinity": -5.0,
            "rmsd_l_b": 3.125,
            "rmsd_u_b": 4.252
          },
          {
            "mode": 8,
            "affinity": -5.0,
            "rmsd_l_b": 3.898,
            "rmsd_u_b": 11.132
          },
          {
            "mode": 9,
            "affinity": -4.9,
            "rmsd_l_b": 3.513,
            "rmsd_u_b": 11.427
          }
        ]
      },
      {
        "run": 17,
        "seed": 144733,
        "average": {
          "affinity": -5.089,
          "rmsd_l_b": 3.123,
          "rmsd_u_b": 6.003
        },
        "modes": [
          {
            "mode": 1,
            "affinity": -5.2,
            "rmsd_l_b": 0.0,
            "rmsd_u_b": 0.0
          },
          {
            "mode": 2,
            "affinity": -5.2,
            "rmsd_l_b": 1.142,
            "rmsd_u_b": 1.277
          },
          {
            "mode": 3,
            "affinity": -5.2,
            "rmsd_l_b": 2.211,
            "rmsd_u_b": 3.11
          },
          {
            "mode": 4,
            "affinity": -5.1,
            "rmsd_l_b": 3.912,
            "rmsd_u_b": 7.077
          },
          {
            "mode": 5,
            "affinity": -5.1,
            "rmsd_l_b": 5.176,
            "rmsd_u_b": 11.966
          },
          {
            "mode": 6,
            "affinity": -5.0,
            "rmsd_l_b": 4.207,
            "rmsd_u_b": 7.392
          },
          {
            "mode": 7,
            "affinity": -5.0,
            "rmsd_l_b": 4.531,
            "rmsd_u_b": 7.953
          },
          {
            "mode": 8,
            "affinity": -5.0,
            "rmsd_l_b": 3.801,
            "rmsd_u_b": 11.039
          },
          {
            "mode": 9,
            "affinity": -5.0,
            "rmsd_l_b": 3.124,
            "rmsd_u_b": 4.21
          }
        ]
      },
      {
        "run": 18,
        "seed": 34134,
        "average": {
          "affinity": -5.011,
          "rmsd_l_b": 5.108,
          "rmsd_u_b": 9.552
        },
        "modes": [
          {
            "mode": 1,
            "affinity": -5.2,
            "rmsd_l_b": 0.0,
            "rmsd_u_b": 0.0
          },
          {
            "mode": 2,
            "affinity": -5.2,
            "rmsd_l_b": 5.586,
            "rmsd_u_b": 12.141
          },
          {
            "mode": 3,
            "affinity": -5.0,
            "rmsd_l_b": 5.109,
            "rmsd_u_b": 9.605
          },
          {
            "mode": 4,
            "affinity": -5.0,
            "rmsd_l_b": 6.067,
            "rmsd_u_b": 12.73
          },
          {
            "mode": 5,
            "affinity": -5.0,
            "rmsd_l_b": 5.668,
            "rmsd_u_b": 8.244
          },
          {
            "mode": 6,
            "affinity": -5.0,
            "rmsd_l_b": 4.237,
            "rmsd_u_b": 8.245
          },
          {
            "mode": 7,
            "affinity": -4.9,
            "rmsd_l_b": 4.716,
            "rmsd_u_b": 9.056
          },
          {
            "mode": 8,
            "affinity": -4.9,
            "rmsd_l_b": 4.498,
            "rmsd_u_b": 11.685
          },
          {
            "mode": 9,
            "affinity": -4.9,
            "rmsd_l_b": 10.091,
            "rmsd_u_b": 14.261
          }
        ]
      },
      {
        "run": 19,
        "seed": 736567,
        "average": {
          "affinity": -5.056,
          "rmsd_l_b": 4.889,
          "rmsd_u_b": 9.322
        },
        "modes": [
          {
            "mode": 1,
            "affinity": -5.2,
            "rmsd_l_b": 0.0,
            "rmsd_u_b": 0.0
          },
          {
            "mode": 2,
            "affinity": -5.1,
            "rmsd_l_b": 6.125,
            "rmsd_u_b": 12.771
          },
          {
            "mode": 3,
            "affinity": -5.1,
            "rmsd_l_b": 5.114,
            "rmsd_u_b": 9.619
          },
          {
            "mode": 4,
            "affinity": -5.1,
            "rmsd_l_b": 5.686,
            "rmsd_u_b": 12.049
          },
          {
            "mode": 5,
            "affinity": -5.1,
            "rmsd_l_b": 4.187,
            "rmsd_u_b": 8.18
          },
          {
            "mode": 6,
            "affinity": -5.0,
            "rmsd_l_b": 5.617,
            "rmsd_u_b": 8.325
          },
          {
            "mode": 7,
            "affinity": -5.0,
            "rmsd_l_b": 4.729,
            "rmsd_u_b": 9.15
          },
          {
            "mode": 8,
            "affinity": -5.0,
            "rmsd_l_b": 6.753,
            "rmsd_u_b": 13.236
          },
          {
            "mode": 9,
            "affinity": -4.9,
            "rmsd_l_b": 5.787,
            "rmsd_u_b": 10.566
          }
        ]
      },
      {
        "run": 20,
        "seed": 82351,
        "average": {
          "affinity": -5.133,
          "rmsd_l_b": 4.472,
          "rmsd_u_b": 9.331
        },
        "modes": [
          {
            "mode": 1,
            "affinity": -5.4,
            "rmsd_l_b": 0.0,
            "rmsd_u_b": 0.0
          },
          {
            "mode": 2,
            "affinity": -5.2,
            "rmsd_l_b": 5.78,
            "rmsd_u_b": 12.586
          },
          {
            "mode": 3,
            "affinity": -5.2,
            "rmsd_l_b": 5.48,
            "rmsd_u_b": 11.969
          },
          {
            "mode": 4,
            "affinity": -5.2,
            "rmsd_l_b": 4.994,
            "rmsd_u_b": 9.533
          },
          {
            "mode": 5,
            "affinity": -5.1,
            "rmsd_l_b": 5.588,
            "rmsd_u_b": 7.984
          },
          {
            "mode": 6,
            "affinity": -5.1,
            "rmsd_l_b": 4.373,
            "rmsd_u_b": 11.544
          },
          {
            "mode": 7,
            "affinity": -5.0,
            "rmsd_l_b": 4.344,
            "rmsd_u_b": 11.688
          },
          {
            "mode": 8,
            "affinity": -5.0,
            "rmsd_l_b": 4.561,
            "rmsd_u_b": 9.016
          },
          {
            "mode": 9,
            "affinity": -5.0,
            "rmsd_l_b": 5.132,
            "rmsd_u_b": 9.662
          }
        ]
      }
    ]
  }
}