{
  "rmsd": 1.655,
  "rmsd_method": "C-alpha coordinates",
  "rmsd_tool": "BioPython",
  "docking": {
    "average_affinity": -2.307,
    "runs": [
      {
        "run": 1,
        "seed": 156880,
        "average": {
          "affinity": -2.311,
          "rmsd_l_b": 3.607,
          "rmsd_u_b": 4.753
        },
        "modes": [
          {
            "mode": 1,
            "affinity": -2.6,
            "rmsd_l_b": 0.0,
            "rmsd_u_b": 0.0
          },
          {
            "mode": 2,
            "affinity": -2.5,
            "rmsd_l_b": 1.485,
            "rmsd_u_b": 3.788
          },
          {
            "mode": 3,
            "affinity": -2.4,
            "rmsd_l_b": 1.756,
            "rmsd_u_b": 3.786
          },
          {
            "mode": 4,
            "affinity": -2.3,
            "rmsd_l_b": 1.933,
            "rmsd_u_b": 2.284
          },
          {
            "mode": 5,
            "affinity": -2.2,
            "rmsd_l_b": 2.502,
            "rmsd_u_b": 3.599
          },
          {
            "mode": 6,
            "affinity": -2.2,
            "rmsd_l_b": 9.665,
            "rmsd_u_b": 10.396
          },
          {
            "mode": 7,
            "affinity": -2.2,
            "rmsd_l_b": 8.805,
            "rmsd_u_b": 9.252
          },
          {
            "mode": 8,
            "affinity": -2.2,
            "rmsd_l_b": 2.213,
            "rmsd_u_b": 4.245
          },
          {
            "mode": 9,
            "affinity": -2.2,
            "rmsd_l_b": 4.102,
            "rmsd_u_b": 5.423
          }
        ]
      },
      {
        "run": 2,
        "seed": 693031,
        "average": {
          "affinity": -2.289,
          "rmsd_l_b": 3.704,
          "rmsd_u_b": 4.71
        },
        "modes": [
          {
            "mode": 1,
            "affinity": -2.5,
            "rmsd_l_b": 0.0,
            "rmsd_u_b": 0.0
          },
          {
            "mode": 2,
            "affinity": -2.5,
            "rmsd_l_b": 1.491,
            "rmsd_u_b": 3.771
          },
          {
            "mode": 3,
            "affinity": -2.4,
            "rmsd_l_b": 1.745,
            "rmsd_u_b": 3.754
          },
          {
            "mode": 4,
            "affinity": -2.3,
            "rmsd_l_b": 2.52,
            "rmsd_u_b": 3.706
          },
          {
            "mode": 5,
            "affinity": -2.2,
            "rmsd_l_b": 8.676,
            "rmsd_u_b": 9.285
          },
          {
            "mode": 6,
            "affinity": -2.2,
            "rmsd_l_b": 8.818,
            "rmsd_u_b": 9.336
          },
          {
            "mode": 7,
            "affinity": -2.2,
            "rmsd_l_b": 1.679,
            "rmsd_u_b": 2.229
          },
          {
            "mode": 8,
            "affinity": -2.2,
            "rmsd_l_b": 4.253,
            "rmsd_u_b": 5.507
          },
          {
            "mode": 9,
            "affinity": -2.1,
            "rmsd_l_b": 4.152,
            "rmsd_u_b": 4.806
          }
        ]
      },
      {
        "run": 3,
        "seed": 457608,
        "average": {
          "affinity": -2.311,
          "rmsd_l_b": 2.513,
          "rmsd_u_b": 3.77
        },
        "modes": [
          {
            "mode": 1,
            "affinity": -2.6,
            "rmsd_l_b": 0.0,
            "rmsd_u_b": 0.0
          },
          {
            "mode": 2,
            "affinity": -2.5,
            "rmsd_l_b": 1.509,
            "rmsd_u_b": 3.847
          },
          {
            "mode": 3,
            "affinity": -2.4,
            "rmsd_l_b": 1.736,
            "rmsd_u_b": 3.812
          },
          {
            "mode": 4,
            "affinity": -2.3,
            "rmsd_l_b": 2.522,
            "rmsd_u_b": 3.838
          },
          {
            "mode": 5,
            "affinity": -2.3,
            "rmsd_l_b": 1.948,
            "rmsd_u_b": 2.261
          },
          {
            "mode": 6,
            "affinity": -2.2,
            "rmsd_l_b": 2.312,
            "rmsd_u_b": 4.301
          },
          {
            "mode": 7,
            "affinity": -2.2,
            "rmsd_l_b": 4.095,
            "rmsd_u_b": 5.476
          },
          {
            "mode": 8,
            "affinity": -2.2,
            "rmsd_l_b": 4.341,
            "rmsd_u_b": 5.591
          },
          {
            "mode": 9,
            "affinity": -2.1,
            "rmsd_l_b": 4.151,
            "rmsd_u_b": 4.805
          }
        ]
      },
      {
        "run": 4,
        "seed": 94940,
        "average": {
          "affinity": -2.3,
          "rmsd_l_b": 3.054,
          "rmsd_u_b": 4.283
        },
        "modes": [
          {
            "mode": 1,
            "affinity": -2.5,
            "rmsd_l_b": 0.0,
            "rmsd_u_b": 0.0
          },
          {
            "mode": 2,
            "affinity": -2.5,
            "rmsd_l_b": 1.496,
            "rmsd_u_b": 3.787
          },
          {
            "mode": 3,
            "affinity": -2.4,
            "rmsd_l_b": 1.74,
            "rmsd_u_b": 3.735
          },
          {
            "mode": 4,
            "affinity": -2.3,
            "rmsd_l_b": 1.948,
            "rmsd_u_b": 2.525
          },
          {
            "mode": 5,
            "affinity": -2.2,
            "rmsd_l_b": 2.505,
            "rmsd_u_b": 3.714
          },
          {
            "mode": 6,
            "affinity": -2.2,
            "rmsd_l_b": 2.331,
            "rmsd_u_b": 4.309
          },
          {
            "mode": 7,
            "affinity": -2.2,
            "rmsd_l_b": 8.823,
            "rmsd_u_b": 9.271
          },
          {
            "mode": 8,
            "affinity": -2.2,
            "rmsd_l_b": 4.312,
            "rmsd_u_b": 5.714
          },
          {
            "mode": 9,
            "affinity": -2.2,
            "rmsd_l_b": 4.328,
            "rmsd_u_b": 5.492
          }
        ]
      },
      {
        "run": 5,
        "seed": 6901,
        "average": {
          "affinity": -2.322,
          "rmsd_l_b": 2.933,
          "rmsd_u_b": 4.147
        },
        "modes": [
          {
            "mode": 1,
            "affinity": -2.6,
            "rmsd_l_b": 0.0,
            "rmsd_u_b": 0.0
          },
          {
            "mode": 2,
            "affinity": -2.5,
            "rmsd_l_b": 1.495,
            "rmsd_u_b": 3.85
          },
          {
            "mode": 3,
            "affinity": -2.4,
            "rmsd_l_b": 1.77,
            "rmsd_u_b": 3.775
          },
          {
            "mode": 4,
            "affinity": -2.3,
            "rmsd_l_b": 1.956,
            "rmsd_u_b": 2.325
          },
          {
            "mode": 5,
            "affinity": -2.3,
            "rmsd_l_b": 2.524,
            "rmsd_u_b": 3.73
          },
          {
            "mode": 6,
            "affinity": -2.2,
            "rmsd_l_b": 3.322,
            "rmsd_u_b": 4.531
          },
          {
            "mode": 7,
            "affinity": -2.2,
            "rmsd_l_b": 8.707,
            "rmsd_u_b": 9.292
          },
          {
            "mode": 8,
            "affinity": -2.2,
            "rmsd_l_b": 2.286,
            "rmsd_u_b": 4.22
          },
          {
            "mode": 9,
            "affinity": -2.2,
            "rmsd_l_b": 4.333,
            "rmsd_u_b": 5.6
          }
        ]
      },
      {
        "run": 6,
        "seed": 738386,
        "average": {
          "affinity": -2.3,
          "rmsd_l_b": 2.253,
          "rmsd_u_b": 3.604
        },
        "modes": [
          {
            "mode": 1,
            "affinity": -2.5,
            "rmsd_l_b": 0.0,
            "rmsd_u_b": 0.0
          },
          {
            "mode": 2,
            "affinity": -2.5,
            "rmsd_l_b": 1.504,
            "rmsd_u_b": 3.771
          },
          {
            "mode": 3,
            "affinity": -2.4,
            "rmsd_l_b": 1.757,
            "rmsd_u_b": 3.773
          },
          {
            "mode": 4,
            "affinity": -2.3,
            "rmsd_l_b": 1.935,
            "rmsd_u_b": 2.322
          },
          {
            "mode": 5,
            "affinity": -2.2,
            "rmsd_l_b": 2.504,
            "rmsd_u_b": 3.706
          },
          {
            "mode": 6,
            "affinity": -2.2,
            "rmsd_l_b": 2.646,
            "rmsd_u_b": 4.405
          },
          {
            "mode": 7,
            "affinity": -2.2,
            "rmsd_l_b": 3.327,
            "rmsd_u_b": 4.538
          },
          {
            "mode": 8,
            "affinity": -2.2,
            "rmsd_l_b": 2.304,
            "rmsd_u_b": 4.233
          },
          {
            "mode": 9,
            "affinity": -2.2,
            "rmsd_l_b": 4.297,
            "rmsd_u_b": 5.69
          }
        ]
      },
      {
        "run": 7,
        "seed": 499079,
        "average": {
          "affinity": -2.278,
          "rmsd_l_b": 3.269,
          "rmsd_u_b": 4.331
        },
        "modes": [
          {
            "mode": 1,
            "affinity": -2.6,
            "rmsd_l_b": 0.0,
            "rmsd_u_b": 0.0
          },
          {
            "mode": 2,
            "affinity": -2.5,
            "rmsd_l_b": 1.491,
            "rmsd_u_b": 3.822
          },
          {
            "mode": 3,
            "affinity": -2.3,
            "rmsd_l_b": 2.523,
            "rmsd_u_b": 3.838
          },
          {
            "mode": 4,
            "affinity": -2.3,
            "rmsd_l_b": 1.967,
            "rmsd_u_b": 2.131
          },
          {
            "mode": 5,
            "affinity": -2.2,
            "rmsd_l_b": 2.346,
            "rmsd_u_b": 4.322
          },
          {
            "mode": 6,
            "affinity": -2.2,
            "rmsd_l_b": 4.322,
            "rmsd_u_b": 5.564
          },
          {
            "mode": 7,
            "affinity": -2.2,
            "rmsd_l_b": 4.07,
            "rmsd_u_b": 5.393
          },
          {
            "mode": 8,
            "affinity": -2.1,
            "rmsd_l_b": 4.145,
            "rmsd_u_b": 4.86
          },
          {
            "mode": 9,
            "affinity": -2.1,
            "rmsd_l_b": 8.557,
            "rmsd_u_b": 9.053
          }
        ]
      },
      {
        "run": 8,
        "seed": 179797,
        "average": {
          "affinity": -2.322,
          "rmsd_l_b": 4.132,
          "rmsd_u_b": 5.212
        },
        "modes": [
          {
            "mode": 1,
            "affinity": -2.6,
            "rmsd_l_b": 0.0,
            "rmsd_u_b": 0.0
          },
          {
            "mode": 2,
            "affinity": -2.5,
            "rmsd_l_b": 1.499,
            "rmsd_u_b": 3.822
          },
          {
            "mode": 3,
            "affinity": -2.4,
            "rmsd_l_b": 1.759,
            "rmsd_u_b": 3.848
          },
          {
            "mode": 4,
            "affinity": -2.3,
            "rmsd_l_b": 2.542,
            "rmsd_u_b": 3.751
          },
          {
            "mode": 5,
            "affinity": -2.3,
            "rmsd_l_b": 1.974,
            "rmsd_u_b": 2.339
          },
          {
            "mode": 6,
            "affinity": -2.2,
            "rmsd_l_b": 9.615,
            "rmsd_u_b": 10.329
          },
          {
            "mode": 7,
            "affinity": -2.2,
            "rmsd_l_b": 2.307,
            "rmsd_u_b": 4.281
          },
          {
            "mode": 8,
            "affinity": -2.2,
            "rmsd_l_b": 8.678,
            "rmsd_u_b": 9.242
          },
          {
            "mode": 9,
            "affinity": -2.2,
            "rmsd_l_b": 8.817,
            "rmsd_u_b": 9.294
          }
        ]
      },
      {
        "run": 9,
        "seed": 499944,
        "average": {
          "affinity": -2.311,
          "rmsd_l_b": 3.837,
          "rmsd_u_b": 5.087
        },
        "modes": [
          {
            "mode": 1,
            "affinity": -2.6,
            "rmsd_l_b": 0.0,
            "rmsd_u_b": 0.0
          },
          {
            "mode": 2,
            "affinity": -2.5,
            "rmsd_l_b": 1.509,
            "rmsd_u_b": 3.843
          },
          {
            "mode": 3,
            "affinity": -2.4,
            "rmsd_l_b": 1.747,
            "rmsd_u_b": 3.848
          },
          {
            "mode": 4,
            "affinity": -2.3,
            "rmsd_l_b": 2.502,
            "rmsd_u_b": 3.849
          },
          {
            "mode": 5,
            "affinity": -2.2,
            "rmsd_l_b": 3.34,
            "rmsd_u_b": 4.546
          },
          {
            "mode": 6,
            "affinity": -2.2,
            "rmsd_l_b": 2.651,
            "rmsd_u_b": 4.498
          },
          {
            "mode": 7,
            "affinity": -2.2,
            "rmsd_l_b": 9.628,
            "rmsd_u_b": 10.336
          },
          {
            "mode": 8,
            "affinity": -2.2,
            "rmsd_l_b": 4.337,
            "rmsd_u_b": 5.598
          },
          {
            "mode": 9,
            "affinity": -2.2,
            "rmsd_l_b": 8.822,
            "rmsd_u_b": 9.268
          }
        ]
      },
      {
        "run": 10,
        "seed": 850020,
        "average": {
          "affinity": -2.311,
          "rmsd_l_b": 3.686,
          "rmsd_u_b": 5.044
        },
        "modes": [
          {
            "mode": 1,
            "affinity": -2.6,
            "rmsd_l_b": 0.0,
            "rmsd_u_b": 0.0
          },
          {
            "mode": 2,
            "affinity": -2.5,
            "rmsd_l_b": 1.506,
            "rmsd_u_b": 3.846
          },
          {
            "mode": 3,
            "affinity": -2.4,
            "rmsd_l_b": 1.743,
            "rmsd_u_b": 3.827
          },
          {
            "mode": 4,
            "affinity": -2.3,
            "rmsd_l_b": 2.524,
            "rmsd_u_b": 3.858
          },
          {
            "mode": 5,
            "affinity": -2.2,
            "rmsd_l_b": 2.629,
            "rmsd_u_b": 4.484
          },
          {
            "mode": 6,
            "affinity": -2.2,
            "rmsd_l_b": 9.612,
            "rmsd_u_b": 10.328
          },
          {
            "mode": 7,
            "affinity": -2.2,
            "rmsd_l_b": 2.327,
            "rmsd_u_b": 4.284
          },
          {
            "mode": 8,
            "affinity": -2.2,
            "rmsd_l_b": 8.719,
            "rmsd_u_b": 9.261
          },
          {
            "mode": 9,
            "affinity": -2.2,
            "rmsd_l_b": 4.112,
            "rmsd_u_b": 5.511
          }
        ]
      },
      {
        "run": 11,
        "seed": 392,
        "average": {
          "affinity": -2.311,
          "rmsd_l_b": 3.081,
          "rmsd_u_b": 4.289
        },
        "modes": [
          {
            "mode": 1,
            "affinity": -2.6,
            "rmsd_l_b": 0.0,
            "rmsd_u_b": 0.0
          },
          {
            "mode": 2,
            "affinity": -2.5,
            "rmsd_l_b": 1.507,
            "rmsd_u_b": 3.822
          },
          {
            "mode": 3,
            "affinity": -2.4,
            "rmsd_l_b": 1.745,
            "rmsd_u_b": 3.818
          },
          {
            "mode": 4,
            "affinity": -2.3,
            "rmsd_l_b": 1.96,
            "rmsd_u_b": 2.125
          },
          {
            "mode": 5,
            "affinity": -2.2,
            "rmsd_l_b": 2.534,
            "rmsd_u_b": 3.717
          },
          {
            "mode": 6,
            "affinity": -2.2,
            "rmsd_l_b": 2.325,
            "rmsd_u_b": 4.292
          },
          {
            "mode": 7,
            "affinity": -2.2,
            "rmsd_l_b": 4.469,
            "rmsd_u_b": 5.688
          },
          {
            "mode": 8,
            "affinity": -2.2,
            "rmsd_l_b": 8.821,
            "rmsd_u_b": 9.301
          },
          {
            "mode": 9,
            "affinity": -2.2,
            "rmsd_l_b": 4.369,
            "rmsd_u_b": 5.84
          }
        ]
      },
      {
        "run": 12,
        "seed": 555020,
        "average": {
          "affinity": -2.278,
          "rmsd_l_b": 3.509,
          "rmsd_u_b": 4.621
        },
        "modes": [
          {
            "mode": 1,
            "affinity": -2.5,
            "rmsd_l_b": 0.0,
            "rmsd_u_b": 0.0
          },
          {
            "mode": 2,
            "affinity": -2.5,
            "rmsd_l_b": 1.493,
            "rmsd_u_b": 3.767
          },
          {
            "mode": 3,
            "affinity": -2.3,
            "rmsd_l_b": 1.966,
            "rmsd_u_b": 2.54
          },
          {
            "mode": 4,
            "affinity": -2.2,
            "rmsd_l_b": 2.497,
            "rmsd_u_b": 3.61
          },
          {
            "mode": 5,
            "affinity": -2.2,
            "rmsd_l_b": 3.309,
            "rmsd_u_b": 4.569
          },
          {
            "mode": 6,
            "affinity": -2.2,
            "rmsd_l_b": 2.3,
            "rmsd_u_b": 4.283
          },
          {
            "mode": 7,
            "affinity": -2.2,
            "rmsd_l_b": 8.818,
            "rmsd_u_b": 9.267
          },
          {
            "mode": 8,
            "affinity": -2.2,
            "rmsd_l_b": 8.705,
            "rmsd_u_b": 9.291
          },
          {
            "mode": 9,
            "affinity": -2.2,
            "rmsd_l_b": 2.494,
            "rmsd_u_b": 4.266
          }
        ]
      },
      {
        "run": 13,
        "seed": 762772,
        "average": {
          "affinity": -2.311,
          "rmsd_l_b": 2.982,
          "rmsd_u_b": 4.189
        },
        "modes": [
          {
            "mode": 1,
            "affinity": -2.6,
            "rmsd_l_b": 0.0,
            "rmsd_u_b": 0.0
          },
          {
            "mode": 2,
            "affinity": -2.5,
            "rmsd_l_b": 1.495,
            "rmsd_u_b": 3.823
          },
          {
            "mode": 3,
            "affinity": -2.5,
            "rmsd_l_b": 1.459,
            "rmsd_u_b": 3.839
          },
          {
            "mode": 4,
            "affinity": -2.3,
            "rmsd_l_b": 2.517,
            "rmsd_u_b": 3.739
          },
          {
            "mode": 5,
            "affinity": -2.3,
            "rmsd_l_b": 1.965,
            "rmsd_u_b": 2.324
          },
          {
            "mode": 6,
            "affinity": -2.2,
            "rmsd_l_b": 2.332,
            "rmsd_u_b": 4.297
          },
          {
            "mode": 7,
            "affinity": -2.2,
            "rmsd_l_b": 4.353,
            "rmsd_u_b": 5.69
          },
          {
            "mode": 8,
            "affinity": -2.1,
            "rmsd_l_b": 8.569,
            "rmsd_u_b": 9.087
          },
          {
            "mode": 9,
            "affinity": -2.1,
            "rmsd_l_b": 4.146,
            "rmsd_u_b": 4.905
          }
        ]
      },
      {
        "run": 14,
        "seed": 467161,
        "average": {
          "affinity": -2.322,
          "rmsd_l_b": 3.036,
          "rmsd_u_b": 4.232
        },
        "modes": [
          {
            "mode": 1,
            "affinity": -2.6,
            "rmsd_l_b": 0.0,
            "rmsd_u_b": 0.0
          },
          {
            "mode": 2,
            "affinity": -2.5,
            "rmsd_l_b": 1.505,
            "rmsd_u_b": 3.824
          },
          {
            "mode": 3,
            "affinity": -2.4,
            "rmsd_l_b": 1.736,
            "rmsd_u_b": 3.822
          },
          {
            "mode": 4,
            "affinity": -2.3,
            "rmsd_l_b": 2.533,
            "rmsd_u_b": 3.731
          },
          {
            "mode": 5,
            "affinity": -2.3,
            "rmsd_l_b": 1.936,
            "rmsd_u_b": 2.095
          },
          {
            "mode": 6,
            "affinity": -2.2,
            "rmsd_l_b": 2.32,
            "rmsd_u_b": 4.284
          },
          {
            "mode": 7,
            "affinity": -2.2,
            "rmsd_l_b": 8.823,
            "rmsd_u_b": 9.305
          },
          {
            "mode": 8,
            "affinity": -2.2,
            "rmsd_l_b": 4.159,
            "rmsd_u_b": 5.546
          },
          {
            "mode": 9,
            "affinity": -2.2,
            "rmsd_l_b": 4.31,
            "rmsd_u_b": 5.481
          }
        ]
      },
      {
        "run": 15,
        "seed": 342805,
        "average": {
          "affinity": -2.322,
          "rmsd_l_b": 3.015,
          "rmsd_u_b": 4.227
        },
        "modes": [
          {
            "mode": 1,
            "affinity": -2.6,
            "rmsd_l_b": 0.0,
            "rmsd_u_b": 0.0
          },
          {
            "mode": 2,
            "affinity": -2.5,
            "rmsd_l_b": 1.507,
            "rmsd_u_b": 3.792
          },
          {
            "mode": 3,
            "affinity": -2.4,
            "rmsd_l_b": 1.739,
            "rmsd_u_b": 3.75
          },
          {
            "mode": 4,
            "affinity": -2.3,
            "rmsd_l_b": 2.518,
            "rmsd_u_b": 3.737
          },
          {
            "mode": 5,
            "affinity": -2.3,
            "rmsd_l_b": 1.967,
            "rmsd_u_b": 2.373
          },
          {
            "mode": 6,
            "affinity": -2.2,
            "rmsd_l_b": 2.331,
            "rmsd_u_b": 4.247
          },
          {
            "mode": 7,
            "affinity": -2.2,
            "rmsd_l_b": 4.327,
            "rmsd_u_b": 5.497
          },
          {
            "mode": 8,
            "affinity": -2.2,
            "rmsd_l_b": 8.706,
            "rmsd_u_b": 9.288
          },
          {
            "mode": 9,
            "affinity": -2.2,
            "rmsd_l_b": 4.038,
            "rmsd_u_b": 5.356
          }
        ]
      },
      {
        "run": 16,
        "seed": 916063,
        "average": {
          "affinity": -2.311,
          "rmsd_l_b": 2.691,
          "rmsd_u_b": 3.755
        },
        "modes": [
          {
            "mode": 1,
            "affinity": -2.6,
            "rmsd_l_b": 0.0,
            "rmsd_u_b": 0.0
          },
          {
            "mode": 2,
            "affinity": -2.5,
            "rmsd_l_b": 1.494,
            "rmsd_u_b": 3.823
          },
          {
            "mode": 3,
            "affinity": -2.4,
            "rmsd_l_b": 1.743,
            "rmsd_u_b": 3.753
          },
          {
            "mode": 4,
            "affinity": -2.3,
            "rmsd_l_b": 1.952,
            "rmsd_u_b": 2.124
          },
          {
            "mode": 5,
            "affinity": -2.2,
            "rmsd_l_b": 2.514,
            "rmsd_u_b": 3.711
          },
          {
            "mode": 6,
            "affinity": -2.2,
            "rmsd_l_b": 3.327,
            "rmsd_u_b": 4.459
          },
          {
            "mode": 7,
            "affinity": -2.2,
            "rmsd_l_b": 2.656,
            "rmsd_u_b": 4.525
          },
          {
            "mode": 8,
            "affinity": -2.2,
            "rmsd_l_b": 8.819,
            "rmsd_u_b": 9.298
          },
          {
            "mode": 9,
            "affinity": -2.2,
            "rmsd_l_b": 1.71,
            "rmsd_u_b": 2.104
          }
        ]
      },
      {
        "run": 17,
        "seed": 248397,
        "average": {
          "affinity": -2.3,
          "rmsd_l_b": 3.849,
          "rmsd_u_b": 4.873
        },
        "modes": [
          {
            "mode": 1,
            "affinity": -2.5,
            "rmsd_l_b": 0.0,
            "rmsd_u_b": 0.0
          },
          {
            "mode": 2,
            "affinity": -2.5,
            "rmsd_l_b": 1.498,
            "rmsd_u_b": 3.797
          },
          {
            "mode": 3,
            "affinity": -2.4,
            "rmsd_l_b": 1.719,
            "rmsd_u_b": 3.756
          },
          {
            "mode": 4,
            "affinity": -2.3,
            "rmsd_l_b": 1.966,
            "rmsd_u_b": 2.36
          },
          {
            "mode": 5,
            "affinity": -2.3,
            "rmsd_l_b": 2.519,
            "rmsd_u_b": 3.606
          },
          {
            "mode": 6,
            "affinity": -2.2,
            "rmsd_l_b": 9.584,
            "rmsd_u_b": 10.262
          },
          {
            "mode": 7,
            "affinity": -2.2,
            "rmsd_l_b": 4.381,
            "rmsd_u_b": 5.855
          },
          {
            "mode": 8,
            "affinity": -2.2,
            "rmsd_l_b": 8.818,
            "rmsd_u_b": 9.304
          },
          {
            "mode": 9,
            "affinity": -2.1,
            "rmsd_l_b": 4.157,
            "rmsd_u_b": 4.918
          }
        ]
      },
      {
        "run": 18,
        "seed": 529786,
        "average": {
          "affinity": -2.289,
          "rmsd_l_b": 2.816,
          "rmsd_u_b": 3.939
        },
        "modes": [
          {
            "mode": 1,
            "affinity": -2.5,
            "rmsd_l_b": 0.0,
            "rmsd_u_b": 0.0
          },
          {
            "mode": 2,
            "affinity": -2.5,
            "rmsd_l_b": 1.499,
            "rmsd_u_b": 3.792
          },
          {
            "mode": 3,
            "affinity": -2.4,
            "rmsd_l_b": 1.737,
            "rmsd_u_b": 3.75
          },
          {
            "mode": 4,
            "affinity": -2.3,
            "rmsd_l_b": 1.961,
            "rmsd_u_b": 2.337
          },
          {
            "mode": 5,
            "affinity": -2.2,
            "rmsd_l_b": 2.507,
            "rmsd_u_b": 3.701
          },
          {
            "mode": 6,
            "affinity": -2.2,
            "rmsd_l_b": 3.316,
            "rmsd_u_b": 4.577
          },
          {
            "mode": 7,
            "affinity": -2.2,
            "rmsd_l_b": 9.614,
            "rmsd_u_b": 10.307
          },
          {
            "mode": 8,
            "affinity": -2.2,
            "rmsd_l_b": 2.313,
            "rmsd_u_b": 4.349
          },
          {
            "mode": 9,
            "affinity": -2.1,
            "rmsd_l_b": 2.393,
            "rmsd_u_b": 2.636
          }
        ]
      },
      {
        "run": 19,
        "seed": 81450,
        "average": {
          "affinity": -2.322,
          "rmsd_l_b": 4.36,
          "rmsd_u_b": 5.339
        },
        "modes": [
          {
            "mode": 1,
            "affinity": -2.6,
            "rmsd_l_b": 0.0,
            "rmsd_u_b": 0.0
          },
          {
            "mode": 2,
            "affinity": -2.5,
            "rmsd_l_b": 1.494,
            "rmsd_u_b": 3.823
          },
          {
            "mode": 3,
            "affinity": -2.4,
            "rmsd_l_b": 1.745,
            "rmsd_u_b": 3.777
          },
          {
            "mode": 4,
            "affinity": -2.3,
            "rmsd_l_b": 2.515,
            "rmsd_u_b": 3.736
          },
          {
            "mode": 5,
            "affinity": -2.3,
            "rmsd_l_b": 1.957,
            "rmsd_u_b": 2.114
          },
          {
            "mode": 6,
            "affinity": -2.2,
            "rmsd_l_b": 8.838,
            "rmsd_u_b": 9.287
          },
          {
            "mode": 7,
            "affinity": -2.2,
            "rmsd_l_b": 8.698,
            "rmsd_u_b": 9.26
          },
          {
            "mode": 8,
            "affinity": -2.2,
            "rmsd_l_b": 9.626,
            "rmsd_u_b": 10.346
          },
          {
            "mode": 9,
            "affinity": -2.2,
            "rmsd_l_b": 4.369,
            "rmsd_u_b": 5.704
          }
        ]
      },
      {
        "run": 20,
        "seed": 868450,
        "average": {
          "affinity": -2.322,
          "rmsd_l_b": 2.601,
          "rmsd_u_b": 3.619
        },
        "modes": [
          {
            "mode": 1,
            "affinity": -2.6,
            "rmsd_l_b": 0.0,
            "rmsd_u_b": 0.0
          },
          {
            "mode": 2,
            "affinity": -2.5,
            "rmsd_l_b": 1.489,
            "rmsd_u_b": 3.82
          },
          {
            "mode": 3,
            "affinity": -2.4,
            "rmsd_l_b": 1.739,
            "rmsd_u_b": 3.852
          },
          {
            "mode": 4,
            "affinity": -2.3,
            "rmsd_l_b": 1.966,
            "rmsd_u_b": 2.134
          },
          {
            "mode": 5,
            "affinity": -2.3,
            "rmsd_l_b": 2.52,
            "rmsd_u_b": 3.744
          },
          {
            "mode": 6,
            "affinity": -2.2,
            "rmsd_l_b": 2.865,
            "rmsd_u_b": 3.525
          },
          {
            "mode": 7,
            "affinity": -2.2,
            "rmsd_l_b": 2.312,
            "rmsd_u_b": 4.283
          },
          {
            "mode": 8,
            "affinity": -2.2,
            "rmsd_l_b": 1.691,
            "rmsd_u_b": 1.944
          },
          {
            "mode": 9,
            "affinity": -2.2,
            "rmsd_l_b": 8.824,
            "rmsd_u_b": 9.273
          }
        ]
      }
    ]
  }
}