{
  "rmsd": 2.677,
  "rmsd_method": "C-alpha coordinates",
  "rmsd_tool": "BioPython",
  "docking": {
    "average_affinity": -4.402,
    "runs": [
      {
        "run": 1,
        "seed": 857333,
        "average": {
          "affinity": -4.533,
          "rmsd_l_b": 4.011,
          "rmsd_u_b": 8.001
        },
        "modes": [
          {
            "mode": 1,
            "affinity": -4.8,
            "rmsd_l_b": 0.0,
            "rmsd_u_b": 0.0
          },
          {
            "mode": 2,
            "affinity": -4.7,
            "rmsd_l_b": 2.206,
            "rmsd_u_b": 8.949
          },
          {
            "mode": 3,
            "affinity": -4.7,
            "rmsd_l_b": 1.615,
            "rmsd_u_b": 2.6
          },
          {
            "mode": 4,
            "affinity": -4.6,
            "rmsd_l_b": 2.621,
            "rmsd_u_b": 10.322
          },
          {
            "mode": 5,
            "affinity": -4.6,
            "rmsd_l_b": 10.03,
            "rmsd_u_b": 14.205
          },
          {
            "mode": 6,
            "affinity": -4.4,
            "rmsd_l_b": 2.951,
            "rmsd_u_b": 8.977
          },
          {
            "mode": 7,
            "affinity": -4.4,
            "rmsd_l_b": 2.062,
            "rmsd_u_b": 2.851
          },
          {
            "mode": 8,
            "affinity": -4.3,
            "rmsd_l_b": 9.205,
            "rmsd_u_b": 14.896
          },
          {
            "mode": 9,
            "affinity": -4.3,
            "rmsd_l_b": 5.405,
            "rmsd_u_b": 9.212
          }
        ]
      },
      {
        "run": 2,
        "seed": 80855,
        "average": {
          "affinity": -4.344,
          "rmsd_l_b": 7.197,
          "rmsd_u_b": 10.468
        },
        "modes": [
          {
            "mode": 1,
            "affinity": -4.7,
            "rmsd_l_b": 0.0,
            "rmsd_u_b": 0.0
          },
          {
            "mode": 2,
            "affinity": -4.4,
            "rmsd_l_b": 10.241,
            "rmsd_u_b": 11.847
          },
          {
            "mode": 3,
            "affinity": -4.4,
            "rmsd_l_b": 9.571,
            "rmsd_u_b": 13.425
          },
          {
            "mode": 4,
            "affinity": -4.3,
            "rmsd_l_b": 9.62,
            "rmsd_u_b": 13.871
          },
          {
            "mode": 5,
            "affinity": -4.3,
            "rmsd_l_b": 2.755,
            "rmsd_u_b": 7.721
          },
          {
            "mode": 6,
            "affinity": -4.3,
            "rmsd_l_b": 9.552,
            "rmsd_u_b": 11.275
          },
          {
            "mode": 7,
            "affinity": -4.3,
            "rmsd_l_b": 10.03,
            "rmsd_u_b": 14.278
          },
          {
            "mode": 8,
            "affinity": -4.2,
            "rmsd_l_b": 2.936,
            "rmsd_u_b": 6.218
          },
          {
            "mode": 9,
            "affinity": -4.2,
            "rmsd_l_b": 10.064,
            "rmsd_u_b": 15.58
          }
        ]
      },
      {
        "run": 3,
        "seed": 989182,
        "average": {
          "affinity": -4.544,
          "rmsd_l_b": 5.276,
          "rmsd_u_b": 8.273
        },
        "modes": [
          {
            "mode": 1,
            "affinity": -4.7,
            "rmsd_l_b": 0.0,
            "rmsd_u_b": 0.0
          },
          {
            "mode": 2,
            "affinity": -4.7,
            "rmsd_l_b": 9.94,
            "rmsd_u_b": 12.696
          },
          {
            "mode": 3,
            "affinity": -4.7,
            "rmsd_l_b": 1.535,
            "rmsd_u_b": 2.404
          },
          {
            "mode": 4,
            "affinity": -4.6,
            "rmsd_l_b": 2.579,
            "rmsd_u_b": 10.158
          },
          {
            "mode": 5,
            "affinity": -4.5,
            "rmsd_l_b": 2.639,
            "rmsd_u_b": 9.879
          },
          {
            "mode": 6,
            "affinity": -4.5,
            "rmsd_l_b": 9.588,
            "rmsd_u_b": 11.224
          },
          {
            "mode": 7,
            "affinity": -4.5,
            "rmsd_l_b": 9.432,
            "rmsd_u_b": 13.503
          },
          {
            "mode": 8,
            "affinity": -4.4,
            "rmsd_l_b": 9.833,
            "rmsd_u_b": 11.799
          },
          {
            "mode": 9,
            "affinity": -4.3,
            "rmsd_l_b": 1.934,
            "rmsd_u_b": 2.791
          }
        ]
      },
      {
        "run": 4,
        "seed": 799927,
        "average": {
          "affinity": -4.322,
          "rmsd_l_b": 5.562,
          "rmsd_u_b": 9.288
        },
        "modes": [
          {
            "mode": 1,
            "affinity": -4.5,
            "rmsd_l_b": 0.0,
            "rmsd_u_b": 0.0
          },
          {
            "mode": 2,
            "affinity": -4.5,
            "rmsd_l_b": 9.251,
            "rmsd_u_b": 11.309
          },
          {
            "mode": 3,
            "affinity": -4.5,
            "rmsd_l_b": 2.159,
            "rmsd_u_b": 7.71
          },
          {
            "mode": 4,
            "affinity": -4.3,
            "rmsd_l_b": 10.007,
            "rmsd_u_b": 14.171
          },
          {
            "mode": 5,
            "affinity": -4.3,
            "rmsd_l_b": 1.806,
            "rmsd_u_b": 7.755
          },
          {
            "mode": 6,
            "affinity": -4.3,
            "rmsd_l_b": 9.097,
            "rmsd_u_b": 13.389
          },
          {
            "mode": 7,
            "affinity": -4.2,
            "rmsd_l_b": 2.457,
            "rmsd_u_b": 6.8
          },
          {
            "mode": 8,
            "affinity": -4.2,
            "rmsd_l_b": 5.922,
            "rmsd_u_b": 9.243
          },
          {
            "mode": 9,
            "affinity": -4.1,
            "rmsd_l_b": 9.36,
            "rmsd_u_b": 13.211
          }
        ]
      },
      {
        "run": 5,
        "seed": 938804,
        "average": {
          "affinity": -4.4,
          "rmsd_l_b": 6.884,
          "rmsd_u_b": 9.405
        },
        "modes": [
          {
            "mode": 1,
            "affinity": -4.5,
            "rmsd_l_b": 0.0,
            "rmsd_u_b": 0.0
          },
          {
            "mode": 2,
            "affinity": -4.5,
            "rmsd_l_b": 9.196,
            "rmsd_u_b": 10.685
          },
          {
            "mode": 3,
            "affinity": -4.4,
            "rmsd_l_b": 10.286,
            "rmsd_u_b": 11.924
          },
          {
            "mode": 4,
            "affinity": -4.4,
            "rmsd_l_b": 1.093,
            "rmsd_u_b": 1.851
          },
          {
            "mode": 5,
            "affinity": -4.4,
            "rmsd_l_b": 10.107,
            "rmsd_u_b": 14.402
          },
          {
            "mode": 6,
            "affinity": -4.4,
            "rmsd_l_b": 9.526,
            "rmsd_u_b": 11.292
          },
          {
            "mode": 7,
            "affinity": -4.4,
            "rmsd_l_b": 9.767,
            "rmsd_u_b": 13.582
          },
          {
            "mode": 8,
            "affinity": -4.4,
            "rmsd_l_b": 10.103,
            "rmsd_u_b": 14.422
          },
          {
            "mode": 9,
            "affinity": -4.2,
            "rmsd_l_b": 1.879,
            "rmsd_u_b": 6.487
          }
        ]
      },
      {
        "run": 6,
        "seed": 860321,
        "average": {
          "affinity": -4.189,
          "rmsd_l_b": 4.715,
          "rmsd_u_b": 8.392
        },
        "modes": [
          {
            "mode": 1,
            "affinity": -4.3,
            "rmsd_l_b": 0.0,
            "rmsd_u_b": 0.0
          },
          {
            "mode": 2,
            "affinity": -4.3,
            "rmsd_l_b": 9.828,
            "rmsd_u_b": 13.051
          },
          {
            "mode": 3,
            "affinity": -4.2,
            "rmsd_l_b": 2.551,
            "rmsd_u_b": 9.746
          },
          {
            "mode": 4,
            "affinity": -4.2,
            "rmsd_l_b": 9.645,
            "rmsd_u_b": 13.625
          },
          {
            "mode": 5,
            "affinity": -4.2,
            "rmsd_l_b": 2.761,
            "rmsd_u_b": 6.001
          },
          {
            "mode": 6,
            "affinity": -4.2,
            "rmsd_l_b": 10.068,
            "rmsd_u_b": 13.771
          },
          {
            "mode": 7,
            "affinity": -4.1,
            "rmsd_l_b": 2.153,
            "rmsd_u_b": 9.904
          },
          {
            "mode": 8,
            "affinity": -4.1,
            "rmsd_l_b": 2.479,
            "rmsd_u_b": 4.625
          },
          {
            "mode": 9,
            "affinity": -4.1,
            "rmsd_l_b": 2.954,
            "rmsd_u_b": 4.805
          }
        ]
      },
      {
        "run": 7,
        "seed": 14840,
        "average": {
          "affinity": -4.189,
          "rmsd_l_b": 4.538,
          "rmsd_u_b": 8.446
        },
        "modes": [
          {
            "mode": 1,
            "affinity": -4.3,
            "rmsd_l_b": 0.0,
            "rmsd_u_b": 0.0
          },
          {
            "mode": 2,
            "affinity": -4.3,
            "rmsd_l_b": 1.914,
            "rmsd_u_b": 3.126
          },
          {
            "mode": 3,
            "affinity": -4.2,
            "rmsd_l_b": 9.968,
            "rmsd_u_b": 14.957
          },
          {
            "mode": 4,
            "affinity": -4.2,
            "rmsd_l_b": 3.769,
            "rmsd_u_b": 10.913
          },
          {
            "mode": 5,
            "affinity": -4.2,
            "rmsd_l_b": 4.154,
            "rmsd_u_b": 11.603
          },
          {
            "mode": 6,
            "affinity": -4.2,
            "rmsd_l_b": 3.864,
            "rmsd_u_b": 7.663
          },
          {
            "mode": 7,
            "affinity": -4.1,
            "rmsd_l_b": 3.641,
            "rmsd_u_b": 7.575
          },
          {
            "mode": 8,
            "affinity": -4.1,
            "rmsd_l_b": 3.058,
            "rmsd_u_b": 6.21
          },
          {
            "mode": 9,
            "affinity": -4.1,
            "rmsd_l_b": 10.475,
            "rmsd_u_b": 13.968
          }
        ]
      },
      {
        "run": 8,
        "seed": 643669,
        "average": {
          "affinity": -4.033,
          "rmsd_l_b": 5.539,
          "rmsd_u_b": 9.54
        },
        "modes": [
          {
            "mode": 1,
            "affinity": -4.3,
            "rmsd_l_b": 0.0,
            "rmsd_u_b": 0.0
          },
          {
            "mode": 2,
            "affinity": -4.2,
            "rmsd_l_b": 2.604,
            "rmsd_u_b": 8.719
          },
          {
            "mode": 3,
            "affinity": -4.2,
            "rmsd_l_b": 9.659,
            "rmsd_u_b": 11.51
          },
          {
            "mode": 4,
            "affinity": -4.2,
            "rmsd_l_b": 2.722,
            "rmsd_u_b": 9.692
          },
          {
            "mode": 5,
            "affinity": -4.1,
            "rmsd_l_b": 2.868,
            "rmsd_u_b": 6.187
          },
          {
            "mode": 6,
            "affinity": -3.9,
            "rmsd_l_b": 2.623,
            "rmsd_u_b": 7.911
          },
          {
            "mode": 7,
            "affinity": -3.8,
            "rmsd_l_b": 9.634,
            "rmsd_u_b": 14.694
          },
          {
            "mode": 8,
            "affinity": -3.8,
            "rmsd_l_b": 10.106,
            "rmsd_u_b": 12.144
          },
          {
            "mode": 9,
            "affinity": -3.8,
            "rmsd_l_b": 9.637,
            "rmsd_u_b": 14.999
          }
        ]
      },
      {
        "run": 9,
        "seed": 378059,
        "average": {
          "affinity": -4.478,
          "rmsd_l_b": 6.642,
          "rmsd_u_b": 9.983
        },
        "modes": [
          {
            "mode": 1,
            "affinity": -4.6,
            "rmsd_l_b": 0.0,
            "rmsd_u_b": 0.0
          },
          {
            "mode": 2,
            "affinity": -4.6,
            "rmsd_l_b": 2.045,
            "rmsd_u_b": 7.622
          },
          {
            "mode": 3,
            "affinity": -4.5,
            "rmsd_l_b": 10.336,
            "rmsd_u_b": 11.984
          },
          {
            "mode": 4,
            "affinity": -4.5,
            "rmsd_l_b": 9.728,
            "rmsd_u_b": 13.522
          },
          {
            "mode": 5,
            "affinity": -4.5,
            "rmsd_l_b": 9.474,
            "rmsd_u_b": 11.254
          },
          {
            "mode": 6,
            "affinity": -4.4,
            "rmsd_l_b": 2.431,
            "rmsd_u_b": 8.452
          },
          {
            "mode": 7,
            "affinity": -4.4,
            "rmsd_l_b": 9.736,
            "rmsd_u_b": 13.919
          },
          {
            "mode": 8,
            "affinity": -4.4,
            "rmsd_l_b": 6.145,
            "rmsd_u_b": 9.113
          },
          {
            "mode": 9,
            "affinity": -4.4,
            "rmsd_l_b": 9.885,
            "rmsd_u_b": 13.983
          }
        ]
      },
      {
        "run": 10,
        "seed": 385152,
        "average": {
          "affinity": -4.522,
          "rmsd_l_b": 6.993,
          "rmsd_u_b": 10.148
        },
        "modes": [
          {
            "mode": 1,
            "affinity": -4.7,
            "rmsd_l_b": 0.0,
            "rmsd_u_b": 0.0
          },
          {
            "mode": 2,
            "affinity": -4.7,
            "rmsd_l_b": 2.929,
            "rmsd_u_b": 5.994
          },
          {
            "mode": 3,
            "affinity": -4.7,
            "rmsd_l_b": 2.325,
            "rmsd_u_b": 8.883
          },
          {
            "mode": 4,
            "affinity": -4.6,
            "rmsd_l_b": 8.923,
            "rmsd_u_b": 13.929
          },
          {
            "mode": 5,
            "affinity": -4.5,
            "rmsd_l_b": 10.052,
            "rmsd_u_b": 14.253
          },
          {
            "mode": 6,
            "affinity": -4.4,
            "rmsd_l_b": 9.354,
            "rmsd_u_b": 11.206
          },
          {
            "mode": 7,
            "affinity": -4.4,
            "rmsd_l_b": 9.513,
            "rmsd_u_b": 11.403
          },
          {
            "mode": 8,
            "affinity": -4.4,
            "rmsd_l_b": 9.871,
            "rmsd_u_b": 13.798
          },
          {
            "mode": 9,
            "affinity": -4.3,
            "rmsd_l_b": 9.969,
            "rmsd_u_b": 11.867
          }
        ]
      },
      {
        "run": 11,
        "seed": 72290,
        "average": {
          "affinity": -4.189,
          "rmsd_l_b": 8.316,
          "rmsd_u_b": 10.891
        },
        "modes": [
          {
            "mode": 1,
            "affinity": -4.3,
            "rmsd_l_b": 0.0,
            "rmsd_u_b": 0.0
          },
          {
            "mode": 2,
            "affinity": -4.3,
            "rmsd_l_b": 9.493,
            "rmsd_u_b": 10.85
          },
          {
            "mode": 3,
            "affinity": -4.3,
            "rmsd_l_b": 7.147,
            "rmsd_u_b": 11.63
          },
          {
            "mode": 4,
            "affinity": -4.2,
            "rmsd_l_b": 9.35,
            "rmsd_u_b": 14.138
          },
          {
            "mode": 5,
            "affinity": -4.2,
            "rmsd_l_b": 9.842,
            "rmsd_u_b": 13.805
          },
          {
            "mode": 6,
            "affinity": -4.2,
            "rmsd_l_b": 9.558,
            "rmsd_u_b": 11.082
          },
          {
            "mode": 7,
            "affinity": -4.2,
            "rmsd_l_b": 9.826,
            "rmsd_u_b": 12.001
          },
          {
            "mode": 8,
            "affinity": -4.0,
            "rmsd_l_b": 9.541,
            "rmsd_u_b": 11.324
          },
          {
            "mode": 9,
            "affinity": -4.0,
            "rmsd_l_b": 10.087,
            "rmsd_u_b": 13.191
          }
        ]
      },
      {
        "run": 12,
        "seed": 280572,
        "average": {
          "affinity": -4.244,
          "rmsd_l_b": 5.381,
          "rmsd_u_b": 8.767
        },
        "modes": [
          {
            "mode": 1,
            "affinity": -4.6,
            "rmsd_l_b": 0.0,
            "rmsd_u_b": 0.0
          },
          {
            "mode": 2,
            "affinity": -4.4,
            "rmsd_l_b": 10.259,
            "rmsd_u_b": 11.881
          },
          {
            "mode": 3,
            "affinity": -4.4,
            "rmsd_l_b": 3.432,
            "rmsd_u_b": 8.494
          },
          {
            "mode": 4,
            "affinity": -4.3,
            "rmsd_l_b": 9.627,
            "rmsd_u_b": 11.409
          },
          {
            "mode": 5,
            "affinity": -4.3,
            "rmsd_l_b": 6.06,
            "rmsd_u_b": 8.712
          },
          {
            "mode": 6,
            "affinity": -4.2,
            "rmsd_l_b": 3.373,
            "rmsd_u_b": 9.228
          },
          {
            "mode": 7,
            "affinity": -4.0,
            "rmsd_l_b": 4.065,
            "rmsd_u_b": 8.363
          },
          {
            "mode": 8,
            "affinity": -4.0,
            "rmsd_l_b": 2.469,
            "rmsd_u_b": 7.911
          },
          {
            "mode": 9,
            "affinity": -4.0,
            "rmsd_l_b": 9.146,
            "rmsd_u_b": 12.907
          }
        ]
      },
      {
        "run": 13,
        "seed": 9515,
        "average": {
          "affinity": -4.467,
          "rmsd_l_b": 4.324,
          "rmsd_u_b": 8.326
        },
        "modes": [
          {
            "mode": 1,
            "affinity": -4.7,
            "rmsd_l_b": 0.0,
            "rmsd_u_b": 0.0
          },
          {
            "mode": 2,
            "affinity": -4.6,
            "rmsd_l_b": 9.126,
            "rmsd_u_b": 13.509
          },
          {
            "mode": 3,
            "affinity": -4.5,
            "rmsd_l_b": 9.131,
            "rmsd_u_b": 10.627
          },
          {
            "mode": 4,
            "affinity": -4.5,
            "rmsd_l_b": 2.606,
            "rmsd_u_b": 10.575
          },
          {
            "mode": 5,
            "affinity": -4.5,
            "rmsd_l_b": 2.142,
            "rmsd_u_b": 3.386
          },
          {
            "mode": 6,
            "affinity": -4.5,
            "rmsd_l_b": 2.097,
            "rmsd_u_b": 8.874
          },
          {
            "mode": 7,
            "affinity": -4.4,
            "rmsd_l_b": 2.506,
            "rmsd_u_b": 4.727
          },
          {
            "mode": 8,
            "affinity": -4.3,
            "rmsd_l_b": 2.229,
            "rmsd_u_b": 9.591
          },
          {
            "mode": 9,
            "affinity": -4.2,
            "rmsd_l_b": 9.082,
            "rmsd_u_b": 13.647
          }
        ]
      },
      {
        "run": 14,
        "seed": 481496,
        "average": {
          "affinity": -4.378,
          "rmsd_l_b": 7.814,
          "rmsd_u_b": 11.226
        },
        "modes": [
          {
            "mode": 1,
            "affinity": -4.6,
            "rmsd_l_b": 0.0,
            "rmsd_u_b": 0.0
          },
          {
            "mode": 2,
            "affinity": -4.5,
            "rmsd_l_b": 9.705,
            "rmsd_u_b": 14.645
          },
          {
            "mode": 3,
            "affinity": -4.4,
            "rmsd_l_b": 9.667,
            "rmsd_u_b": 13.516
          },
          {
            "mode": 4,
            "affinity": -4.4,
            "rmsd_l_b": 9.701,
            "rmsd_u_b": 14.85
          },
          {
            "mode": 5,
            "affinity": -4.3,
            "rmsd_l_b": 9.33,
            "rmsd_u_b": 11.536
          },
          {
            "mode": 6,
            "affinity": -4.3,
            "rmsd_l_b": 9.796,
            "rmsd_u_b": 14.193
          },
          {
            "mode": 7,
            "affinity": -4.3,
            "rmsd_l_b": 9.84,
            "rmsd_u_b": 13.927
          },
          {
            "mode": 8,
            "affinity": -4.3,
            "rmsd_l_b": 2.494,
            "rmsd_u_b": 6.845
          },
          {
            "mode": 9,
            "affinity": -4.3,
            "rmsd_l_b": 9.796,
            "rmsd_u_b": 11.523
          }
        ]
      },
      {
        "run": 15,
        "seed": 728294,
        "average": {
          "affinity": -4.444,
          "rmsd_l_b": 6.019,
          "rmsd_u_b": 9.366
        },
        "modes": [
          {
            "mode": 1,
            "affinity": -4.7,
            "rmsd_l_b": 0.0,
            "rmsd_u_b": 0.0
          },
          {
            "mode": 2,
            "affinity": -4.5,
            "rmsd_l_b": 2.293,
            "rmsd_u_b": 8.94
          },
          {
            "mode": 3,
            "affinity": -4.4,
            "rmsd_l_b": 9.611,
            "rmsd_u_b": 13.435
          },
          {
            "mode": 4,
            "affinity": -4.4,
            "rmsd_l_b": 9.21,
            "rmsd_u_b": 10.69
          },
          {
            "mode": 5,
            "affinity": -4.4,
            "rmsd_l_b": 0.904,
            "rmsd_u_b": 1.73
          },
          {
            "mode": 6,
            "affinity": -4.4,
            "rmsd_l_b": 10.011,
            "rmsd_u_b": 14.325
          },
          {
            "mode": 7,
            "affinity": -4.4,
            "rmsd_l_b": 2.72,
            "rmsd_u_b": 7.681
          },
          {
            "mode": 8,
            "affinity": -4.4,
            "rmsd_l_b": 9.771,
            "rmsd_u_b": 13.528
          },
          {
            "mode": 9,
            "affinity": -4.4,
            "rmsd_l_b": 9.653,
            "rmsd_u_b": 13.962
          }
        ]
      },
      {
        "run": 16,
        "seed": 90768,
        "average": {
          "affinity": -4.2,
          "rmsd_l_b": 7.378,
          "rmsd_u_b": 10.077
        },
        "modes": [
          {
            "mode": 1,
            "affinity": -4.3,
            "rmsd_l_b": 0.0,
            "rmsd_u_b": 0.0
          },
          {
            "mode": 2,
            "affinity": -4.3,
            "rmsd_l_b": 10.125,
            "rmsd_u_b": 14.455
          },
          {
            "mode": 3,
            "affinity": -4.3,
            "rmsd_l_b": 10.279,
            "rmsd_u_b": 12.935
          },
          {
            "mode": 4,
            "affinity": -4.3,
            "rmsd_l_b": 2.316,
            "rmsd_u_b": 3.928
          },
          {
            "mode": 5,
            "affinity": -4.3,
            "rmsd_l_b": 2.233,
            "rmsd_u_b": 3.459
          },
          {
            "mode": 6,
            "affinity": -4.2,
            "rmsd_l_b": 10.348,
            "rmsd_u_b": 13.248
          },
          {
            "mode": 7,
            "affinity": -4.1,
            "rmsd_l_b": 10.389,
            "rmsd_u_b": 14.175
          },
          {
            "mode": 8,
            "affinity": -4.0,
            "rmsd_l_b": 10.33,
            "rmsd_u_b": 14.372
          },
          {
            "mode": 9,
            "affinity": -4.0,
            "rmsd_l_b": 10.379,
            "rmsd_u_b": 14.121
          }
        ]
      },
      {
        "run": 17,
        "seed": 459858,
        "average": {
          "affinity": -4.6,
          "rmsd_l_b": 5.577,
          "rmsd_u_b": 8.796
        },
        "modes": [
          {
            "mode": 1,
            "affinity": -4.9,
            "rmsd_l_b": 0.0,
            "rmsd_u_b": 0.0
          },
          {
            "mode": 2,
            "affinity": -4.7,
            "rmsd_l_b": 1.869,
            "rmsd_u_b": 3.304
          },
          {
            "mode": 3,
            "affinity": -4.6,
            "rmsd_l_b": 2.924,
            "rmsd_u_b": 9.225
          },
          {
            "mode": 4,
            "affinity": -4.6,
            "rmsd_l_b": 10.048,
            "rmsd_u_b": 14.216
          },
          {
            "mode": 5,
            "affinity": -4.6,
            "rmsd_l_b": 4.984,
            "rmsd_u_b": 10.6
          },
          {
            "mode": 6,
            "affinity": -4.5,
            "rmsd_l_b": 1.86,
            "rmsd_u_b": 3.635
          },
          {
            "mode": 7,
            "affinity": -4.5,
            "rmsd_l_b": 9.614,
            "rmsd_u_b": 13.53
          },
          {
            "mode": 8,
            "affinity": -4.5,
            "rmsd_l_b": 9.426,
            "rmsd_u_b": 11.343
          },
          {
            "mode": 9,
            "affinity": -4.5,
            "rmsd_l_b": 9.466,
            "rmsd_u_b": 13.308
          }
        ]
      },
      {
        "run": 18,
        "seed": 955594,
        "average": {
          "affinity": -4.678,
          "rmsd_l_b": 5.283,
          "rmsd_u_b": 7.879
        },
        "modes": [
          {
            "mode": 1,
            "affinity": -4.9,
            "rmsd_l_b": 0.0,
            "rmsd_u_b": 0.0
          },
          {
            "mode": 2,
            "affinity": -4.8,
            "rmsd_l_b": 9.799,
            "rmsd_u_b": 13.155
          },
          {
            "mode": 3,
            "affinity": -4.7,
            "rmsd_l_b": 1.876,
            "rmsd_u_b": 3.323
          },
          {
            "mode": 4,
            "affinity": -4.7,
            "rmsd_l_b": 9.996,
            "rmsd_u_b": 14.169
          },
          {
            "mode": 5,
            "affinity": -4.7,
            "rmsd_l_b": 2.759,
            "rmsd_u_b": 5.092
          },
          {
            "mode": 6,
            "affinity": -4.6,
            "rmsd_l_b": 9.396,
            "rmsd_u_b": 11.437
          },
          {
            "mode": 7,
            "affinity": -4.6,
            "rmsd_l_b": 9.412,
            "rmsd_u_b": 11.064
          },
          {
            "mode": 8,
            "affinity": -4.6,
            "rmsd_l_b": 1.909,
            "rmsd_u_b": 3.609
          },
          {
            "mode": 9,
            "affinity": -4.5,
            "rmsd_l_b": 2.4,
            "rmsd_u_b": 9.061
          }
        ]
      },
      {
        "run": 19,
        "seed": 924323,
        "average": {
          "affinity": -4.678,
          "rmsd_l_b": 5.48,
          "rmsd_u_b": 8.648
        },
        "modes": [
          {
            "mode": 1,
            "affinity": -4.9,
            "rmsd_l_b": 0.0,
            "rmsd_u_b": 0.0
          },
          {
            "mode": 2,
            "affinity": -4.9,
            "rmsd_l_b": 2.355,
            "rmsd_u_b": 8.974
          },
          {
            "mode": 3,
            "affinity": -4.7,
            "rmsd_l_b": 3.704,
            "rmsd_u_b": 6.863
          },
          {
            "mode": 4,
            "affinity": -4.6,
            "rmsd_l_b": 9.707,
            "rmsd_u_b": 11.614
          },
          {
            "mode": 5,
            "affinity": -4.6,
            "rmsd_l_b": 9.401,
            "rmsd_u_b": 11.448
          },
          {
            "mode": 6,
            "affinity": -4.6,
            "rmsd_l_b": 10.145,
            "rmsd_u_b": 14.228
          },
          {
            "mode": 7,
            "affinity": -4.6,
            "rmsd_l_b": 2.246,
            "rmsd_u_b": 9.084
          },
          {
            "mode": 8,
            "affinity": -4.6,
            "rmsd_l_b": 1.942,
            "rmsd_u_b": 3.376
          },
          {
            "mode": 9,
            "affinity": -4.6,
            "rmsd_l_b": 9.816,
            "rmsd_u_b": 12.248
          }
        ]
      },
      {
        "run": 20,
        "seed": 593322,
        "average": {
          "affinity": -4.6,
          "rmsd_l_b": 7.032,
          "rmsd_u_b": 9.697
        },
        "modes": [
          {
            "mode": 1,
            "affinity": -4.8,
            "rmsd_l_b": 0.0,
            "rmsd_u_b": 0.0
          },
          {
            "mode": 2,
            "affinity": -4.7,
            "rmsd_l_b": 2.331,
            "rmsd_u_b": 9.023
          },
          {
            "mode": 3,
            "affinity": -4.7,
            "rmsd_l_b": 9.826,
            "rmsd_u_b": 13.054
          },
          {
            "mode": 4,
            "affinity": -4.7,
            "rmsd_l_b": 9.316,
            "rmsd_u_b": 11.821
          },
          {
            "mode": 5,
            "affinity": -4.7,
            "rmsd_l_b": 3.225,
            "rmsd_u_b": 6.263
          },
          {
            "mode": 6,
            "affinity": -4.5,
            "rmsd_l_b": 9.828,
            "rmsd_u_b": 11.681
          },
          {
            "mode": 7,
            "affinity": -4.5,
            "rmsd_l_b": 9.45,
            "rmsd_u_b": 11.91
          },
          {
            "mode": 8,
            "affinity": -4.4,
            "rmsd_l_b": 9.346,
            "rmsd_u_b": 11.303
          },
          {
            "mode": 9,
            "affinity": -4.4,
            "rmsd_l_b": 9.962,
            "rmsd_u_b": 12.22
          }
        ]
      }
    ]
  }
}