{
  "rmsd": 3.864,
  "rmsd_method": "C-alpha coordinates",
  "rmsd_tool": "BioPython",
  "docking": {
    "average_affinity": -3.963,
    "runs": [
      {
        "run": 1,
        "seed": 709985,
        "average": {
          "affinity": -3.833,
          "rmsd_l_b": 1.861,
          "rmsd_u_b": 2.614
        },
        "modes": [
          {
            "mode": 1,
            "affinity": -4.0,
            "rmsd_l_b": 0.0,
            "rmsd_u_b": 0.0
          },
          {
            "mode": 2,
            "affinity": -4.0,
            "rmsd_l_b": 1.618,
            "rmsd_u_b": 1.96
          },
          {
            "mode": 3,
            "affinity": -3.9,
            "rmsd_l_b": 2.48,
            "rmsd_u_b": 3.241
          },
          {
            "mode": 4,
            "affinity": -3.8,
            "rmsd_l_b": 2.067,
            "rmsd_u_b": 3.268
          },
          {
            "mode": 5,
            "affinity": -3.8,
            "rmsd_l_b": 2.125,
            "rmsd_u_b": 3.434
          },
          {
            "mode": 6,
            "affinity": -3.8,
            "rmsd_l_b": 1.736,
            "rmsd_u_b": 2.488
          },
          {
            "mode": 7,
            "affinity": -3.8,
            "rmsd_l_b": 1.928,
            "rmsd_u_b": 2.63
          },
          {
            "mode": 8,
            "affinity": -3.7,
            "rmsd_l_b": 2.498,
            "rmsd_u_b": 3.613
          },
          {
            "mode": 9,
            "affinity": -3.7,
            "rmsd_l_b": 2.295,
            "rmsd_u_b": 2.893
          }
        ]
      },
      {
        "run": 2,
        "seed": 720446,
        "average": {
          "affinity": -3.878,
          "rmsd_l_b": 1.782,
          "rmsd_u_b": 2.519
        },
        "modes": [
          {
            "mode": 1,
            "affinity": -4.0,
            "rmsd_l_b": 0.0,
            "rmsd_u_b": 0.0
          },
          {
            "mode": 2,
            "affinity": -4.0,
            "rmsd_l_b": 2.824,
            "rmsd_u_b": 3.578
          },
          {
            "mode": 3,
            "affinity": -4.0,
            "rmsd_l_b": 2.301,
            "rmsd_u_b": 2.91
          },
          {
            "mode": 4,
            "affinity": -4.0,
            "rmsd_l_b": 1.036,
            "rmsd_u_b": 1.804
          },
          {
            "mode": 5,
            "affinity": -3.9,
            "rmsd_l_b": 1.472,
            "rmsd_u_b": 2.195
          },
          {
            "mode": 6,
            "affinity": -3.8,
            "rmsd_l_b": 2.14,
            "rmsd_u_b": 3.096
          },
          {
            "mode": 7,
            "affinity": -3.8,
            "rmsd_l_b": 2.001,
            "rmsd_u_b": 2.861
          },
          {
            "mode": 8,
            "affinity": -3.7,
            "rmsd_l_b": 1.595,
            "rmsd_u_b": 2.414
          },
          {
            "mode": 9,
            "affinity": -3.7,
            "rmsd_l_b": 2.668,
            "rmsd_u_b": 3.815
          }
        ]
      },
      {
        "run": 3,
        "seed": 802295,
        "average": {
          "affinity": -3.767,
          "rmsd_l_b": 1.853,
          "rmsd_u_b": 2.54
        },
        "modes": [
          {
            "mode": 1,
            "affinity": -3.9,
            "rmsd_l_b": 0.0,
            "rmsd_u_b": 0.0
          },
          {
            "mode": 2,
            "affinity": -3.9,
            "rmsd_l_b": 2.452,
            "rmsd_u_b": 3.237
          },
          {
            "mode": 3,
            "affinity": -3.8,
            "rmsd_l_b": 1.499,
            "rmsd_u_b": 2.29
          },
          {
            "mode": 4,
            "affinity": -3.8,
            "rmsd_l_b": 2.495,
            "rmsd_u_b": 3.297
          },
          {
            "mode": 5,
            "affinity": -3.8,
            "rmsd_l_b": 2.41,
            "rmsd_u_b": 3.346
          },
          {
            "mode": 6,
            "affinity": -3.8,
            "rmsd_l_b": 2.162,
            "rmsd_u_b": 2.733
          },
          {
            "mode": 7,
            "affinity": -3.7,
            "rmsd_l_b": 1.873,
            "rmsd_u_b": 3.058
          },
          {
            "mode": 8,
            "affinity": -3.6,
            "rmsd_l_b": 2.141,
            "rmsd_u_b": 2.719
          },
          {
            "mode": 9,
            "affinity": -3.6,
            "rmsd_l_b": 1.646,
            "rmsd_u_b": 2.179
          }
        ]
      },
      {
        "run": 4,
        "seed": 306298,
        "average": {
          "affinity": -3.822,
          "rmsd_l_b": 3.179,
          "rmsd_u_b": 4.671
        },
        "modes": [
          {
            "mode": 1,
            "affinity": -4.0,
            "rmsd_l_b": 0.0,
            "rmsd_u_b": 0.0
          },
          {
            "mode": 2,
            "affinity": -4.0,
            "rmsd_l_b": 2.449,
            "rmsd_u_b": 3.269
          },
          {
            "mode": 3,
            "affinity": -4.0,
            "rmsd_l_b": 1.302,
            "rmsd_u_b": 1.646
          },
          {
            "mode": 4,
            "affinity": -3.9,
            "rmsd_l_b": 2.107,
            "rmsd_u_b": 2.833
          },
          {
            "mode": 5,
            "affinity": -3.8,
            "rmsd_l_b": 2.011,
            "rmsd_u_b": 3.101
          },
          {
            "mode": 6,
            "affinity": -3.8,
            "rmsd_l_b": 2.374,
            "rmsd_u_b": 3.544
          },
          {
            "mode": 7,
            "affinity": -3.7,
            "rmsd_l_b": 6.65,
            "rmsd_u_b": 8.993
          },
          {
            "mode": 8,
            "affinity": -3.6,
            "rmsd_l_b": 6.729,
            "rmsd_u_b": 9.348
          },
          {
            "mode": 9,
            "affinity": -3.6,
            "rmsd_l_b": 4.993,
            "rmsd_u_b": 9.309
          }
        ]
      },
      {
        "run": 5,
        "seed": 402151,
        "average": {
          "affinity": -4.233,
          "rmsd_l_b": 2.713,
          "rmsd_u_b": 4.155
        },
        "modes": [
          {
            "mode": 1,
            "affinity": -4.4,
            "rmsd_l_b": 0.0,
            "rmsd_u_b": 0.0
          },
          {
            "mode": 2,
            "affinity": -4.4,
            "rmsd_l_b": 2.313,
            "rmsd_u_b": 2.996
          },
          {
            "mode": 3,
            "affinity": -4.3,
            "rmsd_l_b": 2.658,
            "rmsd_u_b": 3.424
          },
          {
            "mode": 4,
            "affinity": -4.3,
            "rmsd_l_b": 2.801,
            "rmsd_u_b": 3.622
          },
          {
            "mode": 5,
            "affinity": -4.3,
            "rmsd_l_b": 2.584,
            "rmsd_u_b": 3.394
          },
          {
            "mode": 6,
            "affinity": -4.2,
            "rmsd_l_b": 3.682,
            "rmsd_u_b": 8.627
          },
          {
            "mode": 7,
            "affinity": -4.2,
            "rmsd_l_b": 2.527,
            "rmsd_u_b": 3.404
          },
          {
            "mode": 8,
            "affinity": -4.0,
            "rmsd_l_b": 1.821,
            "rmsd_u_b": 2.351
          },
          {
            "mode": 9,
            "affinity": -4.0,
            "rmsd_l_b": 6.029,
            "rmsd_u_b": 9.581
          }
        ]
      },
      {
        "run": 6,
        "seed": 586457,
        "average": {
          "affinity": -3.944,
          "rmsd_l_b": 2.674,
          "rmsd_u_b": 3.765
        },
        "modes": [
          {
            "mode": 1,
            "affinity": -4.0,
            "rmsd_l_b": 0.0,
            "rmsd_u_b": 0.0
          },
          {
            "mode": 2,
            "affinity": -4.0,
            "rmsd_l_b": 3.283,
            "rmsd_u_b": 5.181
          },
          {
            "mode": 3,
            "affinity": -4.0,
            "rmsd_l_b": 1.707,
            "rmsd_u_b": 2.276
          },
          {
            "mode": 4,
            "affinity": -4.0,
            "rmsd_l_b": 3.591,
            "rmsd_u_b": 4.806
          },
          {
            "mode": 5,
            "affinity": -4.0,
            "rmsd_l_b": 2.877,
            "rmsd_u_b": 4.031
          },
          {
            "mode": 6,
            "affinity": -3.9,
            "rmsd_l_b": 6.88,
            "rmsd_u_b": 9.279
          },
          {
            "mode": 7,
            "affinity": -3.9,
            "rmsd_l_b": 1.762,
            "rmsd_u_b": 2.399
          },
          {
            "mode": 8,
            "affinity": -3.9,
            "rmsd_l_b": 1.338,
            "rmsd_u_b": 2.083
          },
          {
            "mode": 9,
            "affinity": -3.8,
            "rmsd_l_b": 2.631,
            "rmsd_u_b": 3.83
          }
        ]
      },
      {
        "run": 7,
        "seed": 61180,
        "average": {
          "affinity": -4.1,
          "rmsd_l_b": 2.55,
          "rmsd_u_b": 3.911
        },
        "modes": [
          {
            "mode": 1,
            "affinity": -4.3,
            "rmsd_l_b": 0.0,
            "rmsd_u_b": 0.0
          },
          {
            "mode": 2,
            "affinity": -4.3,
            "rmsd_l_b": 1.259,
            "rmsd_u_b": 1.842
          },
          {
            "mode": 3,
            "affinity": -4.2,
            "rmsd_l_b": 2.316,
            "rmsd_u_b": 3.302
          },
          {
            "mode": 4,
            "affinity": -4.2,
            "rmsd_l_b": 2.244,
            "rmsd_u_b": 3.077
          },
          {
            "mode": 5,
            "affinity": -4.1,
            "rmsd_l_b": 1.99,
            "rmsd_u_b": 3.26
          },
          {
            "mode": 6,
            "affinity": -4.0,
            "rmsd_l_b": 1.504,
            "rmsd_u_b": 2.151
          },
          {
            "mode": 7,
            "affinity": -4.0,
            "rmsd_l_b": 6.718,
            "rmsd_u_b": 9.106
          },
          {
            "mode": 8,
            "affinity": -3.9,
            "rmsd_l_b": 4.999,
            "rmsd_u_b": 9.701
          },
          {
            "mode": 9,
            "affinity": -3.9,
            "rmsd_l_b": 1.916,
            "rmsd_u_b": 2.764
          }
        ]
      },
      {
        "run": 8,
        "seed": 955032,
        "average": {
          "affinity": -3.911,
          "rmsd_l_b": 2.234,
          "rmsd_u_b": 3.248
        },
        "modes": [
          {
            "mode": 1,
            "affinity": -4.1,
            "rmsd_l_b": 0.0,
            "rmsd_u_b": 0.0
          },
          {
            "mode": 2,
            "affinity": -4.0,
            "rmsd_l_b": 2.518,
            "rmsd_u_b": 3.314
          },
          {
            "mode": 3,
            "affinity": -4.0,
            "rmsd_l_b": 1.532,
            "rmsd_u_b": 2.213
          },
          {
            "mode": 4,
            "affinity": -4.0,
            "rmsd_l_b": 1.378,
            "rmsd_u_b": 2.356
          },
          {
            "mode": 5,
            "affinity": -3.9,
            "rmsd_l_b": 1.934,
            "rmsd_u_b": 2.673
          },
          {
            "mode": 6,
            "affinity": -3.9,
            "rmsd_l_b": 6.38,
            "rmsd_u_b": 8.938
          },
          {
            "mode": 7,
            "affinity": -3.9,
            "rmsd_l_b": 2.351,
            "rmsd_u_b": 3.506
          },
          {
            "mode": 8,
            "affinity": -3.7,
            "rmsd_l_b": 1.364,
            "rmsd_u_b": 2.197
          },
          {
            "mode": 9,
            "affinity": -3.7,
            "rmsd_l_b": 2.647,
            "rmsd_u_b": 4.039
          }
        ]
      },
      {
        "run": 9,
        "seed": 112610,
        "average": {
          "affinity": -3.822,
          "rmsd_l_b": 4.337,
          "rmsd_u_b": 5.578
        },
        "modes": [
          {
            "mode": 1,
            "affinity": -4.0,
            "rmsd_l_b": 0.0,
            "rmsd_u_b": 0.0
          },
          {
            "mode": 2,
            "affinity": -4.0,
            "rmsd_l_b": 3.076,
            "rmsd_u_b": 4.98
          },
          {
            "mode": 3,
            "affinity": -4.0,
            "rmsd_l_b": 3.064,
            "rmsd_u_b": 3.832
          },
          {
            "mode": 4,
            "affinity": -4.0,
            "rmsd_l_b": 1.87,
            "rmsd_u_b": 2.778
          },
          {
            "mode": 5,
            "affinity": -3.7,
            "rmsd_l_b": 8.363,
            "rmsd_u_b": 9.605
          },
          {
            "mode": 6,
            "affinity": -3.7,
            "rmsd_l_b": 2.921,
            "rmsd_u_b": 3.895
          },
          {
            "mode": 7,
            "affinity": -3.7,
            "rmsd_l_b": 7.296,
            "rmsd_u_b": 10.085
          },
          {
            "mode": 8,
            "affinity": -3.7,
            "rmsd_l_b": 2.31,
            "rmsd_u_b": 3.37
          },
          {
            "mode": 9,
            "affinity": -3.6,
            "rmsd_l_b": 10.135,
            "rmsd_u_b": 11.658
          }
        ]
      },
      {
        "run": 10,
        "seed": 476377,
        "average": {
          "affinity": -4.289,
          "rmsd_l_b": 2.715,
          "rmsd_u_b": 3.729
        },
        "modes": [
          {
            "mode": 1,
            "affinity": -4.5,
            "rmsd_l_b": 0.0,
            "rmsd_u_b": 0.0
          },
          {
            "mode": 2,
            "affinity": -4.5,
            "rmsd_l_b": 2.706,
            "rmsd_u_b": 3.842
          },
          {
            "mode": 3,
            "affinity": -4.4,
            "rmsd_l_b": 2.508,
            "rmsd_u_b": 3.268
          },
          {
            "mode": 4,
            "affinity": -4.4,
            "rmsd_l_b": 3.278,
            "rmsd_u_b": 4.365
          },
          {
            "mode": 5,
            "affinity": -4.3,
            "rmsd_l_b": 1.735,
            "rmsd_u_b": 2.071
          },
          {
            "mode": 6,
            "affinity": -4.2,
            "rmsd_l_b": 3.449,
            "rmsd_u_b": 4.089
          },
          {
            "mode": 7,
            "affinity": -4.1,
            "rmsd_l_b": 6.559,
            "rmsd_u_b": 9.755
          },
          {
            "mode": 8,
            "affinity": -4.1,
            "rmsd_l_b": 1.542,
            "rmsd_u_b": 2.368
          },
          {
            "mode": 9,
            "affinity": -4.1,
            "rmsd_l_b": 2.655,
            "rmsd_u_b": 3.806
          }
        ]
      },
      {
        "run": 11,
        "seed": 851166,
        "average": {
          "affinity": -4.233,
          "rmsd_l_b": 3.054,
          "rmsd_u_b": 3.901
        },
        "modes": [
          {
            "mode": 1,
            "affinity": -4.5,
            "rmsd_l_b": 0.0,
            "rmsd_u_b": 0.0
          },
          {
            "mode": 2,
            "affinity": -4.4,
            "rmsd_l_b": 2.113,
            "rmsd_u_b": 2.778
          },
          {
            "mode": 3,
            "affinity": -4.4,
            "rmsd_l_b": 3.011,
            "rmsd_u_b": 3.831
          },
          {
            "mode": 4,
            "affinity": -4.2,
            "rmsd_l_b": 2.962,
            "rmsd_u_b": 3.695
          },
          {
            "mode": 5,
            "affinity": -4.2,
            "rmsd_l_b": 2.998,
            "rmsd_u_b": 3.84
          },
          {
            "mode": 6,
            "affinity": -4.2,
            "rmsd_l_b": 3.799,
            "rmsd_u_b": 4.99
          },
          {
            "mode": 7,
            "affinity": -4.2,
            "rmsd_l_b": 2.745,
            "rmsd_u_b": 3.553
          },
          {
            "mode": 8,
            "affinity": -4.1,
            "rmsd_l_b": 1.172,
            "rmsd_u_b": 1.994
          },
          {
            "mode": 9,
            "affinity": -3.9,
            "rmsd_l_b": 8.684,
            "rmsd_u_b": 10.431
          }
        ]
      },
      {
        "run": 12,
        "seed": 322826,
        "average": {
          "affinity": -3.922,
          "rmsd_l_b": 3.411,
          "rmsd_u_b": 4.695
        },
        "modes": [
          {
            "mode": 1,
            "affinity": -4.2,
            "rmsd_l_b": 0.0,
            "rmsd_u_b": 0.0
          },
          {
            "mode": 2,
            "affinity": -4.1,
            "rmsd_l_b": 2.528,
            "rmsd_u_b": 3.317
          },
          {
            "mode": 3,
            "affinity": -4.0,
            "rmsd_l_b": 1.316,
            "rmsd_u_b": 1.864
          },
          {
            "mode": 4,
            "affinity": -4.0,
            "rmsd_l_b": 2.202,
            "rmsd_u_b": 3.338
          },
          {
            "mode": 5,
            "affinity": -3.9,
            "rmsd_l_b": 2.144,
            "rmsd_u_b": 3.41
          },
          {
            "mode": 6,
            "affinity": -3.9,
            "rmsd_l_b": 1.474,
            "rmsd_u_b": 2.138
          },
          {
            "mode": 7,
            "affinity": -3.8,
            "rmsd_l_b": 7.632,
            "rmsd_u_b": 8.912
          },
          {
            "mode": 8,
            "affinity": -3.7,
            "rmsd_l_b": 9.478,
            "rmsd_u_b": 10.826
          },
          {
            "mode": 9,
            "affinity": -3.7,
            "rmsd_l_b": 3.929,
            "rmsd_u_b": 8.45
          }
        ]
      },
      {
        "run": 13,
        "seed": 536064,
        "average": {
          "affinity": -4.244,
          "rmsd_l_b": 2.995,
          "rmsd_u_b": 4.144
        },
        "modes": [
          {
            "mode": 1,
            "affinity": -4.4,
            "rmsd_l_b": 0.0,
            "rmsd_u_b": 0.0
          },
          {
            "mode": 2,
            "affinity": -4.4,
            "rmsd_l_b": 2.194,
            "rmsd_u_b": 3.222
          },
          {
            "mode": 3,
            "affinity": -4.3,
            "rmsd_l_b": 2.977,
            "rmsd_u_b": 3.658
          },
          {
            "mode": 4,
            "affinity": -4.3,
            "rmsd_l_b": 3.376,
            "rmsd_u_b": 3.955
          },
          {
            "mode": 5,
            "affinity": -4.2,
            "rmsd_l_b": 1.549,
            "rmsd_u_b": 1.859
          },
          {
            "mode": 6,
            "affinity": -4.2,
            "rmsd_l_b": 1.192,
            "rmsd_u_b": 1.796
          },
          {
            "mode": 7,
            "affinity": -4.2,
            "rmsd_l_b": 6.541,
            "rmsd_u_b": 9.502
          },
          {
            "mode": 8,
            "affinity": -4.1,
            "rmsd_l_b": 6.664,
            "rmsd_u_b": 9.648
          },
          {
            "mode": 9,
            "affinity": -4.1,
            "rmsd_l_b": 2.461,
            "rmsd_u_b": 3.653
          }
        ]
      },
      {
        "run": 14,
        "seed": 80371,
        "average": {
          "affinity": -3.722,
          "rmsd_l_b": 2.409,
          "rmsd_u_b": 3.149
        },
        "modes": [
          {
            "mode": 1,
            "affinity": -4.0,
            "rmsd_l_b": 0.0,
            "rmsd_u_b": 0.0
          },
          {
            "mode": 2,
            "affinity": -3.9,
            "rmsd_l_b": 2.786,
            "rmsd_u_b": 3.413
          },
          {
            "mode": 3,
            "affinity": -3.9,
            "rmsd_l_b": 1.275,
            "rmsd_u_b": 1.72
          },
          {
            "mode": 4,
            "affinity": -3.9,
            "rmsd_l_b": 2.363,
            "rmsd_u_b": 3.448
          },
          {
            "mode": 5,
            "affinity": -3.7,
            "rmsd_l_b": 1.177,
            "rmsd_u_b": 1.689
          },
          {
            "mode": 6,
            "affinity": -3.7,
            "rmsd_l_b": 2.359,
            "rmsd_u_b": 3.338
          },
          {
            "mode": 7,
            "affinity": -3.6,
            "rmsd_l_b": 1.286,
            "rmsd_u_b": 2.089
          },
          {
            "mode": 8,
            "affinity": -3.4,
            "rmsd_l_b": 2.096,
            "rmsd_u_b": 2.809
          },
          {
            "mode": 9,
            "affinity": -3.4,
            "rmsd_l_b": 8.342,
            "rmsd_u_b": 9.834
          }
        ]
      },
      {
        "run": 15,
        "seed": 474264,
        "average": {
          "affinity": -4.311,
          "rmsd_l_b": 3.198,
          "rmsd_u_b": 4.632
        },
        "modes": [
          {
            "mode": 1,
            "affinity": -4.5,
            "rmsd_l_b": 0.0,
            "rmsd_u_b": 0.0
          },
          {
            "mode": 2,
            "affinity": -4.5,
            "rmsd_l_b": 2.555,
            "rmsd_u_b": 3.153
          },
          {
            "mode": 3,
            "affinity": -4.4,
            "rmsd_l_b": 2.79,
            "rmsd_u_b": 3.664
          },
          {
            "mode": 4,
            "affinity": -4.3,
            "rmsd_l_b": 3.332,
            "rmsd_u_b": 4.128
          },
          {
            "mode": 5,
            "affinity": -4.3,
            "rmsd_l_b": 2.524,
            "rmsd_u_b": 3.345
          },
          {
            "mode": 6,
            "affinity": -4.3,
            "rmsd_l_b": 3.868,
            "rmsd_u_b": 5.209
          },
          {
            "mode": 7,
            "affinity": -4.2,
            "rmsd_l_b": 6.533,
            "rmsd_u_b": 9.63
          },
          {
            "mode": 8,
            "affinity": -4.2,
            "rmsd_l_b": 2.831,
            "rmsd_u_b": 3.596
          },
          {
            "mode": 9,
            "affinity": -4.1,
            "rmsd_l_b": 4.346,
            "rmsd_u_b": 8.963
          }
        ]
      },
      {
        "run": 16,
        "seed": 153128,
        "average": {
          "affinity": -3.744,
          "rmsd_l_b": 1.598,
          "rmsd_u_b": 2.276
        },
        "modes": [
          {
            "mode": 1,
            "affinity": -4.0,
            "rmsd_l_b": 0.0,
            "rmsd_u_b": 0.0
          },
          {
            "mode": 2,
            "affinity": -3.8,
            "rmsd_l_b": 1.287,
            "rmsd_u_b": 1.851
          },
          {
            "mode": 3,
            "affinity": -3.8,
            "rmsd_l_b": 1.969,
            "rmsd_u_b": 2.503
          },
          {
            "mode": 4,
            "affinity": -3.8,
            "rmsd_l_b": 2.484,
            "rmsd_u_b": 3.521
          },
          {
            "mode": 5,
            "affinity": -3.7,
            "rmsd_l_b": 1.714,
            "rmsd_u_b": 2.549
          },
          {
            "mode": 6,
            "affinity": -3.7,
            "rmsd_l_b": 1.811,
            "rmsd_u_b": 2.896
          },
          {
            "mode": 7,
            "affinity": -3.7,
            "rmsd_l_b": 1.365,
            "rmsd_u_b": 2.043
          },
          {
            "mode": 8,
            "affinity": -3.6,
            "rmsd_l_b": 1.913,
            "rmsd_u_b": 2.777
          },
          {
            "mode": 9,
            "affinity": -3.6,
            "rmsd_l_b": 1.841,
            "rmsd_u_b": 2.345
          }
        ]
      },
      {
        "run": 17,
        "seed": 563147,
        "average": {
          "affinity": -3.944,
          "rmsd_l_b": 2.253,
          "rmsd_u_b": 3.038
        },
        "modes": [
          {
            "mode": 1,
            "affinity": -4.0,
            "rmsd_l_b": 0.0,
            "rmsd_u_b": 0.0
          },
          {
            "mode": 2,
            "affinity": -4.0,
            "rmsd_l_b": 2.891,
            "rmsd_u_b": 3.658
          },
          {
            "mode": 3,
            "affinity": -4.0,
            "rmsd_l_b": 1.876,
            "rmsd_u_b": 2.505
          },
          {
            "mode": 4,
            "affinity": -4.0,
            "rmsd_l_b": 2.998,
            "rmsd_u_b": 4.979
          },
          {
            "mode": 5,
            "affinity": -4.0,
            "rmsd_l_b": 3.862,
            "rmsd_u_b": 4.554
          },
          {
            "mode": 6,
            "affinity": -3.9,
            "rmsd_l_b": 1.813,
            "rmsd_u_b": 2.986
          },
          {
            "mode": 7,
            "affinity": -3.9,
            "rmsd_l_b": 1.657,
            "rmsd_u_b": 2.133
          },
          {
            "mode": 8,
            "affinity": -3.9,
            "rmsd_l_b": 2.401,
            "rmsd_u_b": 2.76
          },
          {
            "mode": 9,
            "affinity": -3.8,
            "rmsd_l_b": 2.781,
            "rmsd_u_b": 3.765
          }
        ]
      },
      {
        "run": 18,
        "seed": 734969,
        "average": {
          "affinity": -4.233,
          "rmsd_l_b": 3.447,
          "rmsd_u_b": 4.792
        },
        "modes": [
          {
            "mode": 1,
            "affinity": -4.4,
            "rmsd_l_b": 0.0,
            "rmsd_u_b": 0.0
          },
          {
            "mode": 2,
            "affinity": -4.4,
            "rmsd_l_b": 2.874,
            "rmsd_u_b": 3.868
          },
          {
            "mode": 3,
            "affinity": -4.3,
            "rmsd_l_b": 2.482,
            "rmsd_u_b": 3.21
          },
          {
            "mode": 4,
            "affinity": -4.3,
            "rmsd_l_b": 1.842,
            "rmsd_u_b": 2.738
          },
          {
            "mode": 5,
            "affinity": -4.2,
            "rmsd_l_b": 1.556,
            "rmsd_u_b": 2.221
          },
          {
            "mode": 6,
            "affinity": -4.2,
            "rmsd_l_b": 6.294,
            "rmsd_u_b": 9.633
          },
          {
            "mode": 7,
            "affinity": -4.1,
            "rmsd_l_b": 6.626,
            "rmsd_u_b": 8.81
          },
          {
            "mode": 8,
            "affinity": -4.1,
            "rmsd_l_b": 6.591,
            "rmsd_u_b": 9.187
          },
          {
            "mode": 9,
            "affinity": -4.1,
            "rmsd_l_b": 2.762,
            "rmsd_u_b": 3.464
          }
        ]
      },
      {
        "run": 19,
        "seed": 239593,
        "average": {
          "affinity": -3.6,
          "rmsd_l_b": 2.497,
          "rmsd_u_b": 3.586
        },
        "modes": [
          {
            "mode": 1,
            "affinity": -3.7,
            "rmsd_l_b": 0.0,
            "rmsd_u_b": 0.0
          },
          {
            "mode": 2,
            "affinity": -3.7,
            "rmsd_l_b": 3.765,
            "rmsd_u_b": 5.14
          },
          {
            "mode": 3,
            "affinity": -3.7,
            "rmsd_l_b": 2.267,
            "rmsd_u_b": 3.608
          },
          {
            "mode": 4,
            "affinity": -3.7,
            "rmsd_l_b": 3.407,
            "rmsd_u_b": 4.983
          },
          {
            "mode": 5,
            "affinity": -3.6,
            "rmsd_l_b": 3.404,
            "rmsd_u_b": 4.649
          },
          {
            "mode": 6,
            "affinity": -3.5,
            "rmsd_l_b": 2.768,
            "rmsd_u_b": 3.982
          },
          {
            "mode": 7,
            "affinity": -3.5,
            "rmsd_l_b": 1.745,
            "rmsd_u_b": 2.093
          },
          {
            "mode": 8,
            "affinity": -3.5,
            "rmsd_l_b": 3.117,
            "rmsd_u_b": 4.314
          },
          {
            "mode": 9,
            "affinity": -3.5,
            "rmsd_l_b": 1.998,
            "rmsd_u_b": 3.506
          }
        ]
      },
      {
        "run": 20,
        "seed": 888840,
        "average": {
          "affinity": -3.711,
          "rmsd_l_b": 2.237,
          "rmsd_u_b": 3.08
        },
        "modes": [
          {
            "mode": 1,
            "affinity": -4.0,
            "rmsd_l_b": 0.0,
            "rmsd_u_b": 0.0
          },
          {
            "mode": 2,
            "affinity": -3.8,
            "rmsd_l_b": 1.702,
            "rmsd_u_b": 2.327
          },
          {
            "mode": 3,
            "affinity": -3.7,
            "rmsd_l_b": 1.426,
            "rmsd_u_b": 1.963
          },
          {
            "mode": 4,
            "affinity": -3.7,
            "rmsd_l_b": 1.589,
            "rmsd_u_b": 2.055
          },
          {
            "mode": 5,
            "affinity": -3.7,
            "rmsd_l_b": 2.231,
            "rmsd_u_b": 3.08
          },
          {
            "mode": 6,
            "affinity": -3.7,
            "rmsd_l_b": 2.282,
            "rmsd_u_b": 2.998
          },
          {
            "mode": 7,
            "affinity": -3.6,
            "rmsd_l_b": 1.887,
            "rmsd_u_b": 3.097
          },
          {
            "mode": 8,
            "affinity": -3.6,
            "rmsd_l_b": 2.339,
            "rmsd_u_b": 2.95
          },
          {
            "mode": 9,
            "affinity": -3.6,
            "rmsd_l_b": 6.673,
            "rmsd_u_b": 9.248
          }
        ]
      }
    ]
  }
}