{
  "rmsd": 3.529,
  "rmsd_method": "C-alpha coordinates",
  "rmsd_tool": "BioPython",
  "docking": {
    "average_affinity": -2.914,
    "runs": [
      {
        "run": 1,
        "seed": 738494,
        "average": {
          "affinity": -2.9,
          "rmsd_l_b": 6.069,
          "rmsd_u_b": 7.101
        },
        "modes": [
          {
            "mode": 1,
            "affinity": -3.1,
            "rmsd_l_b": 0.0,
            "rmsd_u_b": 0.0
          },
          {
            "mode": 2,
            "affinity": -3.1,
            "rmsd_l_b": 9.729,
            "rmsd_u_b": 10.236
          },
          {
            "mode": 3,
            "affinity": -3.0,
            "rmsd_l_b": 8.717,
            "rmsd_u_b": 9.524
          },
          {
            "mode": 4,
            "affinity": -2.9,
            "rmsd_l_b": 2.137,
            "rmsd_u_b": 4.088
          },
          {
            "mode": 5,
            "affinity": -2.8,
            "rmsd_l_b": 9.148,
            "rmsd_u_b": 10.831
          },
          {
            "mode": 6,
            "affinity": -2.8,
            "rmsd_l_b": 9.516,
            "rmsd_u_b": 10.551
          },
          {
            "mode": 7,
            "affinity": -2.8,
            "rmsd_l_b": 9.826,
            "rmsd_u_b": 10.917
          },
          {
            "mode": 8,
            "affinity": -2.8,
            "rmsd_l_b": 2.995,
            "rmsd_u_b": 4.809
          },
          {
            "mode": 9,
            "affinity": -2.8,
            "rmsd_l_b": 2.549,
            "rmsd_u_b": 2.95
          }
        ]
      },
      {
        "run": 2,
        "seed": 735521,
        "average": {
          "affinity": -2.9,
          "rmsd_l_b": 6.567,
          "rmsd_u_b": 7.44
        },
        "modes": [
          {
            "mode": 1,
            "affinity": -3.1,
            "rmsd_l_b": 0.0,
            "rmsd_u_b": 0.0
          },
          {
            "mode": 2,
            "affinity": -3.1,
            "rmsd_l_b": 9.75,
            "rmsd_u_b": 10.26
          },
          {
            "mode": 3,
            "affinity": -2.9,
            "rmsd_l_b": 9.048,
            "rmsd_u_b": 9.712
          },
          {
            "mode": 4,
            "affinity": -2.9,
            "rmsd_l_b": 2.171,
            "rmsd_u_b": 4.109
          },
          {
            "mode": 5,
            "affinity": -2.9,
            "rmsd_l_b": 9.053,
            "rmsd_u_b": 9.894
          },
          {
            "mode": 6,
            "affinity": -2.9,
            "rmsd_l_b": 9.062,
            "rmsd_u_b": 10.027
          },
          {
            "mode": 7,
            "affinity": -2.8,
            "rmsd_l_b": 9.546,
            "rmsd_u_b": 10.523
          },
          {
            "mode": 8,
            "affinity": -2.8,
            "rmsd_l_b": 9.124,
            "rmsd_u_b": 10.852
          },
          {
            "mode": 9,
            "affinity": -2.7,
            "rmsd_l_b": 1.351,
            "rmsd_u_b": 1.582
          }
        ]
      },
      {
        "run": 3,
        "seed": 923707,
        "average": {
          "affinity": -2.956,
          "rmsd_l_b": 5.095,
          "rmsd_u_b": 5.796
        },
        "modes": [
          {
            "mode": 1,
            "affinity": -3.1,
            "rmsd_l_b": 0.0,
            "rmsd_u_b": 0.0
          },
          {
            "mode": 2,
            "affinity": -3.1,
            "rmsd_l_b": 1.111,
            "rmsd_u_b": 1.325
          },
          {
            "mode": 3,
            "affinity": -3.0,
            "rmsd_l_b": 8.737,
            "rmsd_u_b": 9.543
          },
          {
            "mode": 4,
            "affinity": -3.0,
            "rmsd_l_b": 9.684,
            "rmsd_u_b": 10.216
          },
          {
            "mode": 5,
            "affinity": -2.9,
            "rmsd_l_b": 4.335,
            "rmsd_u_b": 5.125
          },
          {
            "mode": 6,
            "affinity": -2.9,
            "rmsd_l_b": 9.683,
            "rmsd_u_b": 10.71
          },
          {
            "mode": 7,
            "affinity": -2.9,
            "rmsd_l_b": 2.142,
            "rmsd_u_b": 4.102
          },
          {
            "mode": 8,
            "affinity": -2.9,
            "rmsd_l_b": 1.082,
            "rmsd_u_b": 1.082
          },
          {
            "mode": 9,
            "affinity": -2.8,
            "rmsd_l_b": 9.083,
            "rmsd_u_b": 10.059
          }
        ]
      },
      {
        "run": 4,
        "seed": 130220,
        "average": {
          "affinity": -2.944,
          "rmsd_l_b": 6.651,
          "rmsd_u_b": 7.464
        },
        "modes": [
          {
            "mode": 1,
            "affinity": -3.1,
            "rmsd_l_b": 0.0,
            "rmsd_u_b": 0.0
          },
          {
            "mode": 2,
            "affinity": -3.1,
            "rmsd_l_b": 9.769,
            "rmsd_u_b": 10.274
          },
          {
            "mode": 3,
            "affinity": -3.1,
            "rmsd_l_b": 1.155,
            "rmsd_u_b": 1.365
          },
          {
            "mode": 4,
            "affinity": -2.9,
            "rmsd_l_b": 9.681,
            "rmsd_u_b": 10.696
          },
          {
            "mode": 5,
            "affinity": -2.9,
            "rmsd_l_b": 2.134,
            "rmsd_u_b": 4.091
          },
          {
            "mode": 6,
            "affinity": -2.9,
            "rmsd_l_b": 9.048,
            "rmsd_u_b": 9.791
          },
          {
            "mode": 7,
            "affinity": -2.9,
            "rmsd_l_b": 9.086,
            "rmsd_u_b": 10.016
          },
          {
            "mode": 8,
            "affinity": -2.8,
            "rmsd_l_b": 9.464,
            "rmsd_u_b": 10.38
          },
          {
            "mode": 9,
            "affinity": -2.8,
            "rmsd_l_b": 9.521,
            "rmsd_u_b": 10.563
          }
        ]
      },
      {
        "run": 5,
        "seed": 874753,
        "average": {
          "affinity": -2.867,
          "rmsd_l_b": 6.281,
          "rmsd_u_b": 7.354
        },
        "modes": [
          {
            "mode": 1,
            "affinity": -3.1,
            "rmsd_l_b": 0.0,
            "rmsd_u_b": 0.0
          },
          {
            "mode": 2,
            "affinity": -3.0,
            "rmsd_l_b": 9.82,
            "rmsd_u_b": 10.277
          },
          {
            "mode": 3,
            "affinity": -2.9,
            "rmsd_l_b": 9.741,
            "rmsd_u_b": 10.793
          },
          {
            "mode": 4,
            "affinity": -2.9,
            "rmsd_l_b": 9.025,
            "rmsd_u_b": 9.754
          },
          {
            "mode": 5,
            "affinity": -2.9,
            "rmsd_l_b": 4.322,
            "rmsd_u_b": 5.097
          },
          {
            "mode": 6,
            "affinity": -2.8,
            "rmsd_l_b": 2.11,
            "rmsd_u_b": 4.067
          },
          {
            "mode": 7,
            "affinity": -2.8,
            "rmsd_l_b": 9.076,
            "rmsd_u_b": 10.755
          },
          {
            "mode": 8,
            "affinity": -2.7,
            "rmsd_l_b": 9.651,
            "rmsd_u_b": 10.771
          },
          {
            "mode": 9,
            "affinity": -2.7,
            "rmsd_l_b": 2.783,
            "rmsd_u_b": 4.673
          }
        ]
      },
      {
        "run": 6,
        "seed": 805732,
        "average": {
          "affinity": -2.944,
          "rmsd_l_b": 6.615,
          "rmsd_u_b": 7.52
        },
        "modes": [
          {
            "mode": 1,
            "affinity": -3.1,
            "rmsd_l_b": 0.0,
            "rmsd_u_b": 0.0
          },
          {
            "mode": 2,
            "affinity": -3.1,
            "rmsd_l_b": 1.084,
            "rmsd_u_b": 1.296
          },
          {
            "mode": 3,
            "affinity": -3.0,
            "rmsd_l_b": 9.811,
            "rmsd_u_b": 10.306
          },
          {
            "mode": 4,
            "affinity": -3.0,
            "rmsd_l_b": 8.717,
            "rmsd_u_b": 9.525
          },
          {
            "mode": 5,
            "affinity": -3.0,
            "rmsd_l_b": 9.786,
            "rmsd_u_b": 10.893
          },
          {
            "mode": 6,
            "affinity": -2.9,
            "rmsd_l_b": 2.124,
            "rmsd_u_b": 4.099
          },
          {
            "mode": 7,
            "affinity": -2.8,
            "rmsd_l_b": 9.543,
            "rmsd_u_b": 10.641
          },
          {
            "mode": 8,
            "affinity": -2.8,
            "rmsd_l_b": 9.124,
            "rmsd_u_b": 10.837
          },
          {
            "mode": 9,
            "affinity": -2.8,
            "rmsd_l_b": 9.346,
            "rmsd_u_b": 10.087
          }
        ]
      },
      {
        "run": 7,
        "seed": 470559,
        "average": {
          "affinity": -2.911,
          "rmsd_l_b": 5.937,
          "rmsd_u_b": 6.882
        },
        "modes": [
          {
            "mode": 1,
            "affinity": -3.1,
            "rmsd_l_b": 0.0,
            "rmsd_u_b": 0.0
          },
          {
            "mode": 2,
            "affinity": -3.1,
            "rmsd_l_b": 9.753,
            "rmsd_u_b": 10.261
          },
          {
            "mode": 3,
            "affinity": -3.1,
            "rmsd_l_b": 1.156,
            "rmsd_u_b": 1.364
          },
          {
            "mode": 4,
            "affinity": -2.9,
            "rmsd_l_b": 2.138,
            "rmsd_u_b": 4.099
          },
          {
            "mode": 5,
            "affinity": -2.9,
            "rmsd_l_b": 9.038,
            "rmsd_u_b": 9.76
          },
          {
            "mode": 6,
            "affinity": -2.8,
            "rmsd_l_b": 9.538,
            "rmsd_u_b": 10.52
          },
          {
            "mode": 7,
            "affinity": -2.8,
            "rmsd_l_b": 9.082,
            "rmsd_u_b": 10.773
          },
          {
            "mode": 8,
            "affinity": -2.8,
            "rmsd_l_b": 3.185,
            "rmsd_u_b": 4.954
          },
          {
            "mode": 9,
            "affinity": -2.7,
            "rmsd_l_b": 9.539,
            "rmsd_u_b": 10.208
          }
        ]
      },
      {
        "run": 8,
        "seed": 751782,
        "average": {
          "affinity": -2.956,
          "rmsd_l_b": 5.147,
          "rmsd_u_b": 5.959
        },
        "modes": [
          {
            "mode": 1,
            "affinity": -3.1,
            "rmsd_l_b": 0.0,
            "rmsd_u_b": 0.0
          },
          {
            "mode": 2,
            "affinity": -3.1,
            "rmsd_l_b": 9.746,
            "rmsd_u_b": 10.248
          },
          {
            "mode": 3,
            "affinity": -3.1,
            "rmsd_l_b": 1.125,
            "rmsd_u_b": 1.332
          },
          {
            "mode": 4,
            "affinity": -3.0,
            "rmsd_l_b": 8.721,
            "rmsd_u_b": 9.527
          },
          {
            "mode": 5,
            "affinity": -2.9,
            "rmsd_l_b": 9.745,
            "rmsd_u_b": 10.797
          },
          {
            "mode": 6,
            "affinity": -2.9,
            "rmsd_l_b": 2.133,
            "rmsd_u_b": 4.103
          },
          {
            "mode": 7,
            "affinity": -2.9,
            "rmsd_l_b": 4.388,
            "rmsd_u_b": 5.175
          },
          {
            "mode": 8,
            "affinity": -2.8,
            "rmsd_l_b": 9.131,
            "rmsd_u_b": 10.869
          },
          {
            "mode": 9,
            "affinity": -2.8,
            "rmsd_l_b": 1.33,
            "rmsd_u_b": 1.579
          }
        ]
      },
      {
        "run": 9,
        "seed": 179999,
        "average": {
          "affinity": -2.911,
          "rmsd_l_b": 7.663,
          "rmsd_u_b": 8.503
        },
        "modes": [
          {
            "mode": 1,
            "affinity": -3.1,
            "rmsd_l_b": 0.0,
            "rmsd_u_b": 0.0
          },
          {
            "mode": 2,
            "affinity": -3.0,
            "rmsd_l_b": 9.751,
            "rmsd_u_b": 10.245
          },
          {
            "mode": 3,
            "affinity": -3.0,
            "rmsd_l_b": 8.735,
            "rmsd_u_b": 9.541
          },
          {
            "mode": 4,
            "affinity": -2.9,
            "rmsd_l_b": 9.654,
            "rmsd_u_b": 10.662
          },
          {
            "mode": 5,
            "affinity": -2.9,
            "rmsd_l_b": 9.109,
            "rmsd_u_b": 10.032
          },
          {
            "mode": 6,
            "affinity": -2.9,
            "rmsd_l_b": 4.327,
            "rmsd_u_b": 5.113
          },
          {
            "mode": 7,
            "affinity": -2.9,
            "rmsd_l_b": 9.063,
            "rmsd_u_b": 10.019
          },
          {
            "mode": 8,
            "affinity": -2.8,
            "rmsd_l_b": 9.081,
            "rmsd_u_b": 10.768
          },
          {
            "mode": 9,
            "affinity": -2.7,
            "rmsd_l_b": 9.249,
            "rmsd_u_b": 10.15
          }
        ]
      },
      {
        "run": 10,
        "seed": 423972,
        "average": {
          "affinity": -2.922,
          "rmsd_l_b": 6.582,
          "rmsd_u_b": 7.409
        },
        "modes": [
          {
            "mode": 1,
            "affinity": -3.1,
            "rmsd_l_b": 0.0,
            "rmsd_u_b": 0.0
          },
          {
            "mode": 2,
            "affinity": -3.1,
            "rmsd_l_b": 9.744,
            "rmsd_u_b": 10.248
          },
          {
            "mode": 3,
            "affinity": -3.0,
            "rmsd_l_b": 8.737,
            "rmsd_u_b": 9.541
          },
          {
            "mode": 4,
            "affinity": -2.9,
            "rmsd_l_b": 9.678,
            "rmsd_u_b": 10.685
          },
          {
            "mode": 5,
            "affinity": -2.9,
            "rmsd_l_b": 9.067,
            "rmsd_u_b": 10.005
          },
          {
            "mode": 6,
            "affinity": -2.9,
            "rmsd_l_b": 9.066,
            "rmsd_u_b": 10.019
          },
          {
            "mode": 7,
            "affinity": -2.8,
            "rmsd_l_b": 9.56,
            "rmsd_u_b": 10.666
          },
          {
            "mode": 8,
            "affinity": -2.8,
            "rmsd_l_b": 2.15,
            "rmsd_u_b": 4.056
          },
          {
            "mode": 9,
            "affinity": -2.8,
            "rmsd_l_b": 1.233,
            "rmsd_u_b": 1.464
          }
        ]
      },
      {
        "run": 11,
        "seed": 38303,
        "average": {
          "affinity": -2.9,
          "rmsd_l_b": 6.929,
          "rmsd_u_b": 7.869
        },
        "modes": [
          {
            "mode": 1,
            "affinity": -3.1,
            "rmsd_l_b": 0.0,
            "rmsd_u_b": 0.0
          },
          {
            "mode": 2,
            "affinity": -2.9,
            "rmsd_l_b": 9.686,
            "rmsd_u_b": 10.721
          },
          {
            "mode": 3,
            "affinity": -2.9,
            "rmsd_l_b": 4.35,
            "rmsd_u_b": 5.135
          },
          {
            "mode": 4,
            "affinity": -2.9,
            "rmsd_l_b": 9.041,
            "rmsd_u_b": 9.772
          },
          {
            "mode": 5,
            "affinity": -2.9,
            "rmsd_l_b": 9.057,
            "rmsd_u_b": 9.9
          },
          {
            "mode": 6,
            "affinity": -2.9,
            "rmsd_l_b": 2.121,
            "rmsd_u_b": 4.207
          },
          {
            "mode": 7,
            "affinity": -2.9,
            "rmsd_l_b": 9.072,
            "rmsd_u_b": 10.03
          },
          {
            "mode": 8,
            "affinity": -2.8,
            "rmsd_l_b": 9.463,
            "rmsd_u_b": 10.381
          },
          {
            "mode": 9,
            "affinity": -2.8,
            "rmsd_l_b": 9.569,
            "rmsd_u_b": 10.677
          }
        ]
      },
      {
        "run": 12,
        "seed": 102815,
        "average": {
          "affinity": -2.889,
          "rmsd_l_b": 6.628,
          "rmsd_u_b": 7.515
        },
        "modes": [
          {
            "mode": 1,
            "affinity": -3.1,
            "rmsd_l_b": 0.0,
            "rmsd_u_b": 0.0
          },
          {
            "mode": 2,
            "affinity": -3.0,
            "rmsd_l_b": 9.705,
            "rmsd_u_b": 10.23
          },
          {
            "mode": 3,
            "affinity": -2.9,
            "rmsd_l_b": 9.725,
            "rmsd_u_b": 10.774
          },
          {
            "mode": 4,
            "affinity": -2.9,
            "rmsd_l_b": 9.029,
            "rmsd_u_b": 9.697
          },
          {
            "mode": 5,
            "affinity": -2.9,
            "rmsd_l_b": 2.132,
            "rmsd_u_b": 4.116
          },
          {
            "mode": 6,
            "affinity": -2.8,
            "rmsd_l_b": 9.444,
            "rmsd_u_b": 10.348
          },
          {
            "mode": 7,
            "affinity": -2.8,
            "rmsd_l_b": 4.043,
            "rmsd_u_b": 4.929
          },
          {
            "mode": 8,
            "affinity": -2.8,
            "rmsd_l_b": 6.229,
            "rmsd_u_b": 7.45
          },
          {
            "mode": 9,
            "affinity": -2.8,
            "rmsd_l_b": 9.349,
            "rmsd_u_b": 10.088
          }
        ]
      },
      {
        "run": 13,
        "seed": 907148,
        "average": {
          "affinity": -2.922,
          "rmsd_l_b": 6.858,
          "rmsd_u_b": 7.78
        },
        "modes": [
          {
            "mode": 1,
            "affinity": -3.1,
            "rmsd_l_b": 0.0,
            "rmsd_u_b": 0.0
          },
          {
            "mode": 2,
            "affinity": -3.1,
            "rmsd_l_b": 9.744,
            "rmsd_u_b": 10.252
          },
          {
            "mode": 3,
            "affinity": -2.9,
            "rmsd_l_b": 9.664,
            "rmsd_u_b": 10.666
          },
          {
            "mode": 4,
            "affinity": -2.9,
            "rmsd_l_b": 9.03,
            "rmsd_u_b": 9.707
          },
          {
            "mode": 5,
            "affinity": -2.9,
            "rmsd_l_b": 4.365,
            "rmsd_u_b": 5.151
          },
          {
            "mode": 6,
            "affinity": -2.9,
            "rmsd_l_b": 2.147,
            "rmsd_u_b": 4.093
          },
          {
            "mode": 7,
            "affinity": -2.9,
            "rmsd_l_b": 9.056,
            "rmsd_u_b": 9.892
          },
          {
            "mode": 8,
            "affinity": -2.8,
            "rmsd_l_b": 9.092,
            "rmsd_u_b": 10.747
          },
          {
            "mode": 9,
            "affinity": -2.8,
            "rmsd_l_b": 8.62,
            "rmsd_u_b": 9.509
          }
        ]
      },
      {
        "run": 14,
        "seed": 735159,
        "average": {
          "affinity": -2.9,
          "rmsd_l_b": 5.799,
          "rmsd_u_b": 6.71
        },
        "modes": [
          {
            "mode": 1,
            "affinity": -3.1,
            "rmsd_l_b": 0.0,
            "rmsd_u_b": 0.0
          },
          {
            "mode": 2,
            "affinity": -3.1,
            "rmsd_l_b": 1.104,
            "rmsd_u_b": 1.321
          },
          {
            "mode": 3,
            "affinity": -3.0,
            "rmsd_l_b": 8.735,
            "rmsd_u_b": 9.541
          },
          {
            "mode": 4,
            "affinity": -2.9,
            "rmsd_l_b": 9.674,
            "rmsd_u_b": 10.686
          },
          {
            "mode": 5,
            "affinity": -2.9,
            "rmsd_l_b": 9.067,
            "rmsd_u_b": 10.005
          },
          {
            "mode": 6,
            "affinity": -2.8,
            "rmsd_l_b": 9.576,
            "rmsd_u_b": 10.684
          },
          {
            "mode": 7,
            "affinity": -2.8,
            "rmsd_l_b": 2.172,
            "rmsd_u_b": 4.074
          },
          {
            "mode": 8,
            "affinity": -2.8,
            "rmsd_l_b": 9.152,
            "rmsd_u_b": 10.862
          },
          {
            "mode": 9,
            "affinity": -2.7,
            "rmsd_l_b": 2.712,
            "rmsd_u_b": 3.217
          }
        ]
      },
      {
        "run": 15,
        "seed": 39255,
        "average": {
          "affinity": -2.878,
          "rmsd_l_b": 6.115,
          "rmsd_u_b": 7.008
        },
        "modes": [
          {
            "mode": 1,
            "affinity": -3.1,
            "rmsd_l_b": 0.0,
            "rmsd_u_b": 0.0
          },
          {
            "mode": 2,
            "affinity": -2.9,
            "rmsd_l_b": 9.681,
            "rmsd_u_b": 10.679
          },
          {
            "mode": 3,
            "affinity": -2.9,
            "rmsd_l_b": 8.723,
            "rmsd_u_b": 9.557
          },
          {
            "mode": 4,
            "affinity": -2.9,
            "rmsd_l_b": 9.067,
            "rmsd_u_b": 9.997
          },
          {
            "mode": 5,
            "affinity": -2.9,
            "rmsd_l_b": 4.228,
            "rmsd_u_b": 5.006
          },
          {
            "mode": 6,
            "affinity": -2.9,
            "rmsd_l_b": 2.097,
            "rmsd_u_b": 4.208
          },
          {
            "mode": 7,
            "affinity": -2.8,
            "rmsd_l_b": 9.557,
            "rmsd_u_b": 10.656
          },
          {
            "mode": 8,
            "affinity": -2.8,
            "rmsd_l_b": 2.44,
            "rmsd_u_b": 2.824
          },
          {
            "mode": 9,
            "affinity": -2.7,
            "rmsd_l_b": 9.243,
            "rmsd_u_b": 10.143
          }
        ]
      },
      {
        "run": 16,
        "seed": 92639,
        "average": {
          "affinity": -2.9,
          "rmsd_l_b": 7.487,
          "rmsd_u_b": 8.379
        },
        "modes": [
          {
            "mode": 1,
            "affinity": -3.1,
            "rmsd_l_b": 0.0,
            "rmsd_u_b": 0.0
          },
          {
            "mode": 2,
            "affinity": -3.1,
            "rmsd_l_b": 9.736,
            "rmsd_u_b": 10.242
          },
          {
            "mode": 3,
            "affinity": -3.0,
            "rmsd_l_b": 8.734,
            "rmsd_u_b": 9.537
          },
          {
            "mode": 4,
            "affinity": -2.9,
            "rmsd_l_b": 9.684,
            "rmsd_u_b": 10.688
          },
          {
            "mode": 5,
            "affinity": -2.9,
            "rmsd_l_b": 9.071,
            "rmsd_u_b": 10.005
          },
          {
            "mode": 6,
            "affinity": -2.8,
            "rmsd_l_b": 9.138,
            "rmsd_u_b": 10.149
          },
          {
            "mode": 7,
            "affinity": -2.8,
            "rmsd_l_b": 2.17,
            "rmsd_u_b": 3.939
          },
          {
            "mode": 8,
            "affinity": -2.8,
            "rmsd_l_b": 9.576,
            "rmsd_u_b": 10.684
          },
          {
            "mode": 9,
            "affinity": -2.7,
            "rmsd_l_b": 9.27,
            "rmsd_u_b": 10.171
          }
        ]
      },
      {
        "run": 17,
        "seed": 122238,
        "average": {
          "affinity": -2.922,
          "rmsd_l_b": 6.661,
          "rmsd_u_b": 7.548
        },
        "modes": [
          {
            "mode": 1,
            "affinity": -3.1,
            "rmsd_l_b": 0.0,
            "rmsd_u_b": 0.0
          },
          {
            "mode": 2,
            "affinity": -3.1,
            "rmsd_l_b": 9.722,
            "rmsd_u_b": 10.222
          },
          {
            "mode": 3,
            "affinity": -3.1,
            "rmsd_l_b": 1.114,
            "rmsd_u_b": 1.33
          },
          {
            "mode": 4,
            "affinity": -2.9,
            "rmsd_l_b": 9.679,
            "rmsd_u_b": 10.689
          },
          {
            "mode": 5,
            "affinity": -2.9,
            "rmsd_l_b": 9.033,
            "rmsd_u_b": 9.771
          },
          {
            "mode": 6,
            "affinity": -2.9,
            "rmsd_l_b": 2.117,
            "rmsd_u_b": 4.219
          },
          {
            "mode": 7,
            "affinity": -2.8,
            "rmsd_l_b": 9.134,
            "rmsd_u_b": 10.84
          },
          {
            "mode": 8,
            "affinity": -2.8,
            "rmsd_l_b": 9.591,
            "rmsd_u_b": 10.637
          },
          {
            "mode": 9,
            "affinity": -2.7,
            "rmsd_l_b": 9.557,
            "rmsd_u_b": 10.221
          }
        ]
      },
      {
        "run": 18,
        "seed": 685866,
        "average": {
          "affinity": -2.9,
          "rmsd_l_b": 5.881,
          "rmsd_u_b": 6.714
        },
        "modes": [
          {
            "mode": 1,
            "affinity": -3.1,
            "rmsd_l_b": 0.0,
            "rmsd_u_b": 0.0
          },
          {
            "mode": 2,
            "affinity": -3.1,
            "rmsd_l_b": 9.75,
            "rmsd_u_b": 10.254
          },
          {
            "mode": 3,
            "affinity": -3.1,
            "rmsd_l_b": 1.102,
            "rmsd_u_b": 1.317
          },
          {
            "mode": 4,
            "affinity": -2.9,
            "rmsd_l_b": 8.722,
            "rmsd_u_b": 9.566
          },
          {
            "mode": 5,
            "affinity": -2.9,
            "rmsd_l_b": 9.752,
            "rmsd_u_b": 10.807
          },
          {
            "mode": 6,
            "affinity": -2.8,
            "rmsd_l_b": 9.135,
            "rmsd_u_b": 10.158
          },
          {
            "mode": 7,
            "affinity": -2.8,
            "rmsd_l_b": 3.659,
            "rmsd_u_b": 4.61
          },
          {
            "mode": 8,
            "affinity": -2.7,
            "rmsd_l_b": 1.559,
            "rmsd_u_b": 4.135
          },
          {
            "mode": 9,
            "affinity": -2.7,
            "rmsd_l_b": 9.249,
            "rmsd_u_b": 9.581
          }
        ]
      },
      {
        "run": 19,
        "seed": 316532,
        "average": {
          "affinity": -2.933,
          "rmsd_l_b": 6.55,
          "rmsd_u_b": 7.467
        },
        "modes": [
          {
            "mode": 1,
            "affinity": -3.1,
            "rmsd_l_b": 0.0,
            "rmsd_u_b": 0.0
          },
          {
            "mode": 2,
            "affinity": -3.1,
            "rmsd_l_b": 1.111,
            "rmsd_u_b": 1.33
          },
          {
            "mode": 3,
            "affinity": -3.0,
            "rmsd_l_b": 8.732,
            "rmsd_u_b": 9.538
          },
          {
            "mode": 4,
            "affinity": -3.0,
            "rmsd_l_b": 9.684,
            "rmsd_u_b": 10.217
          },
          {
            "mode": 5,
            "affinity": -2.9,
            "rmsd_l_b": 2.153,
            "rmsd_u_b": 4.097
          },
          {
            "mode": 6,
            "affinity": -2.9,
            "rmsd_l_b": 9.068,
            "rmsd_u_b": 10.005
          },
          {
            "mode": 7,
            "affinity": -2.8,
            "rmsd_l_b": 9.561,
            "rmsd_u_b": 10.668
          },
          {
            "mode": 8,
            "affinity": -2.8,
            "rmsd_l_b": 9.536,
            "rmsd_u_b": 10.511
          },
          {
            "mode": 9,
            "affinity": -2.8,
            "rmsd_l_b": 9.109,
            "rmsd_u_b": 10.84
          }
        ]
      },
      {
        "run": 20,
        "seed": 109136,
        "average": {
          "affinity": -2.933,
          "rmsd_l_b": 6.83,
          "rmsd_u_b": 7.5
        },
        "modes": [
          {
            "mode": 1,
            "affinity": -3.1,
            "rmsd_l_b": 0.0,
            "rmsd_u_b": 0.0
          },
          {
            "mode": 2,
            "affinity": -3.1,
            "rmsd_l_b": 9.746,
            "rmsd_u_b": 10.255
          },
          {
            "mode": 3,
            "affinity": -3.0,
            "rmsd_l_b": 8.731,
            "rmsd_u_b": 9.537
          },
          {
            "mode": 4,
            "affinity": -3.0,
            "rmsd_l_b": 9.796,
            "rmsd_u_b": 10.901
          },
          {
            "mode": 5,
            "affinity": -2.9,
            "rmsd_l_b": 1.073,
            "rmsd_u_b": 1.073
          },
          {
            "mode": 6,
            "affinity": -2.9,
            "rmsd_l_b": 9.087,
            "rmsd_u_b": 10.017
          },
          {
            "mode": 7,
            "affinity": -2.9,
            "rmsd_l_b": 4.345,
            "rmsd_u_b": 5.168
          },
          {
            "mode": 8,
            "affinity": -2.8,
            "rmsd_l_b": 9.086,
            "rmsd_u_b": 9.893
          },
          {
            "mode": 9,
            "affinity": -2.7,
            "rmsd_l_b": 9.604,
            "rmsd_u_b": 10.657
          }
        ]
      }
    ]
  }
}