{
  "rmsd": 3.93,
  "rmsd_method": "C-alpha coordinates",
  "rmsd_tool": "BioPython",
  "docking": {
    "average_affinity": -6.607,
    "runs": [
      {
        "run": 1,
        "seed": 404456,
        "average": {
          "affinity": -6.567,
          "rmsd_l_b": 2.574,
          "rmsd_u_b": 5.779
        },
        "modes": [
          {
            "mode": 1,
            "affinity": -7.1,
            "rmsd_l_b": 0.0,
            "rmsd_u_b": 0.0
          },
          {
            "mode": 2,
            "affinity": -6.9,
            "rmsd_l_b": 1.724,
            "rmsd_u_b": 7.668
          },
          {
            "mode": 3,
            "affinity": -6.7,
            "rmsd_l_b": 1.698,
            "rmsd_u_b": 2.563
          },
          {
            "mode": 4,
            "affinity": -6.6,
            "rmsd_l_b": 4.504,
            "rmsd_u_b": 8.817
          },
          {
            "mode": 5,
            "affinity": -6.6,
            "rmsd_l_b": 4.291,
            "rmsd_u_b": 8.265
          },
          {
            "mode": 6,
            "affinity": -6.3,
            "rmsd_l_b": 3.792,
            "rmsd_u_b": 6.136
          },
          {
            "mode": 7,
            "affinity": -6.3,
            "rmsd_l_b": 1.83,
            "rmsd_u_b": 7.773
          },
          {
            "mode": 8,
            "affinity": -6.3,
            "rmsd_l_b": 1.766,
            "rmsd_u_b": 2.606
          },
          {
            "mode": 9,
            "affinity": -6.3,
            "rmsd_l_b": 3.557,
            "rmsd_u_b": 8.179
          }
        ]
      },
      {
        "run": 2,
        "seed": 298695,
        "average": {
          "affinity": -6.722,
          "rmsd_l_b": 2.337,
          "rmsd_u_b": 4.477
        },
        "modes": [
          {
            "mode": 1,
            "affinity": -7.1,
            "rmsd_l_b": 0.0,
            "rmsd_u_b": 0.0
          },
          {
            "mode": 2,
            "affinity": -6.9,
            "rmsd_l_b": 1.735,
            "rmsd_u_b": 7.645
          },
          {
            "mode": 3,
            "affinity": -6.9,
            "rmsd_l_b": 1.097,
            "rmsd_u_b": 1.715
          },
          {
            "mode": 4,
            "affinity": -6.7,
            "rmsd_l_b": 1.715,
            "rmsd_u_b": 2.746
          },
          {
            "mode": 5,
            "affinity": -6.7,
            "rmsd_l_b": 2.117,
            "rmsd_u_b": 2.859
          },
          {
            "mode": 6,
            "affinity": -6.7,
            "rmsd_l_b": 4.241,
            "rmsd_u_b": 8.186
          },
          {
            "mode": 7,
            "affinity": -6.7,
            "rmsd_l_b": 4.485,
            "rmsd_u_b": 8.772
          },
          {
            "mode": 8,
            "affinity": -6.5,
            "rmsd_l_b": 1.861,
            "rmsd_u_b": 2.234
          },
          {
            "mode": 9,
            "affinity": -6.3,
            "rmsd_l_b": 3.779,
            "rmsd_u_b": 6.135
          }
        ]
      },
      {
        "run": 3,
        "seed": 3762,
        "average": {
          "affinity": -6.7,
          "rmsd_l_b": 2.267,
          "rmsd_u_b": 4.449
        },
        "modes": [
          {
            "mode": 1,
            "affinity": -7.0,
            "rmsd_l_b": 0.0,
            "rmsd_u_b": 0.0
          },
          {
            "mode": 2,
            "affinity": -6.9,
            "rmsd_l_b": 1.069,
            "rmsd_u_b": 1.679
          },
          {
            "mode": 3,
            "affinity": -6.9,
            "rmsd_l_b": 1.724,
            "rmsd_u_b": 7.665
          },
          {
            "mode": 4,
            "affinity": -6.7,
            "rmsd_l_b": 2.113,
            "rmsd_u_b": 2.683
          },
          {
            "mode": 5,
            "affinity": -6.7,
            "rmsd_l_b": 1.716,
            "rmsd_u_b": 2.746
          },
          {
            "mode": 6,
            "affinity": -6.7,
            "rmsd_l_b": 4.165,
            "rmsd_u_b": 8.064
          },
          {
            "mode": 7,
            "affinity": -6.7,
            "rmsd_l_b": 4.484,
            "rmsd_u_b": 8.782
          },
          {
            "mode": 8,
            "affinity": -6.4,
            "rmsd_l_b": 1.334,
            "rmsd_u_b": 2.275
          },
          {
            "mode": 9,
            "affinity": -6.3,
            "rmsd_l_b": 3.795,
            "rmsd_u_b": 6.144
          }
        ]
      },
      {
        "run": 4,
        "seed": 547348,
        "average": {
          "affinity": -6.556,
          "rmsd_l_b": 2.602,
          "rmsd_u_b": 5.178
        },
        "modes": [
          {
            "mode": 1,
            "affinity": -7.0,
            "rmsd_l_b": 0.0,
            "rmsd_u_b": 0.0
          },
          {
            "mode": 2,
            "affinity": -6.9,
            "rmsd_l_b": 1.727,
            "rmsd_u_b": 7.653
          },
          {
            "mode": 3,
            "affinity": -6.7,
            "rmsd_l_b": 2.086,
            "rmsd_u_b": 2.657
          },
          {
            "mode": 4,
            "affinity": -6.7,
            "rmsd_l_b": 1.7,
            "rmsd_u_b": 2.703
          },
          {
            "mode": 5,
            "affinity": -6.6,
            "rmsd_l_b": 4.299,
            "rmsd_u_b": 8.258
          },
          {
            "mode": 6,
            "affinity": -6.3,
            "rmsd_l_b": 3.783,
            "rmsd_u_b": 6.14
          },
          {
            "mode": 7,
            "affinity": -6.3,
            "rmsd_l_b": 1.754,
            "rmsd_u_b": 2.58
          },
          {
            "mode": 8,
            "affinity": -6.3,
            "rmsd_l_b": 3.544,
            "rmsd_u_b": 8.186
          },
          {
            "mode": 9,
            "affinity": -6.2,
            "rmsd_l_b": 4.529,
            "rmsd_u_b": 8.428
          }
        ]
      },
      {
        "run": 5,
        "seed": 247280,
        "average": {
          "affinity": -6.656,
          "rmsd_l_b": 2.523,
          "rmsd_u_b": 5.127
        },
        "modes": [
          {
            "mode": 1,
            "affinity": -7.0,
            "rmsd_l_b": 0.0,
            "rmsd_u_b": 0.0
          },
          {
            "mode": 2,
            "affinity": -6.9,
            "rmsd_l_b": 1.043,
            "rmsd_u_b": 1.661
          },
          {
            "mode": 3,
            "affinity": -6.8,
            "rmsd_l_b": 1.728,
            "rmsd_u_b": 7.702
          },
          {
            "mode": 4,
            "affinity": -6.7,
            "rmsd_l_b": 1.736,
            "rmsd_u_b": 2.633
          },
          {
            "mode": 5,
            "affinity": -6.7,
            "rmsd_l_b": 2.085,
            "rmsd_u_b": 2.661
          },
          {
            "mode": 6,
            "affinity": -6.6,
            "rmsd_l_b": 4.529,
            "rmsd_u_b": 8.836
          },
          {
            "mode": 7,
            "affinity": -6.6,
            "rmsd_l_b": 4.288,
            "rmsd_u_b": 8.305
          },
          {
            "mode": 8,
            "affinity": -6.3,
            "rmsd_l_b": 3.76,
            "rmsd_u_b": 6.151
          },
          {
            "mode": 9,
            "affinity": -6.3,
            "rmsd_l_b": 3.54,
            "rmsd_u_b": 8.19
          }
        ]
      },
      {
        "run": 6,
        "seed": 974832,
        "average": {
          "affinity": -6.6,
          "rmsd_l_b": 2.993,
          "rmsd_u_b": 6.365
        },
        "modes": [
          {
            "mode": 1,
            "affinity": -7.0,
            "rmsd_l_b": 0.0,
            "rmsd_u_b": 0.0
          },
          {
            "mode": 2,
            "affinity": -6.8,
            "rmsd_l_b": 1.715,
            "rmsd_u_b": 7.675
          },
          {
            "mode": 3,
            "affinity": -6.8,
            "rmsd_l_b": 1.675,
            "rmsd_u_b": 7.647
          },
          {
            "mode": 4,
            "affinity": -6.7,
            "rmsd_l_b": 1.703,
            "rmsd_u_b": 2.716
          },
          {
            "mode": 5,
            "affinity": -6.6,
            "rmsd_l_b": 4.118,
            "rmsd_u_b": 7.882
          },
          {
            "mode": 6,
            "affinity": -6.6,
            "rmsd_l_b": 4.297,
            "rmsd_u_b": 8.317
          },
          {
            "mode": 7,
            "affinity": -6.4,
            "rmsd_l_b": 5.505,
            "rmsd_u_b": 8.924
          },
          {
            "mode": 8,
            "affinity": -6.3,
            "rmsd_l_b": 3.763,
            "rmsd_u_b": 6.114
          },
          {
            "mode": 9,
            "affinity": -6.2,
            "rmsd_l_b": 4.159,
            "rmsd_u_b": 8.01
          }
        ]
      },
      {
        "run": 7,
        "seed": 954961,
        "average": {
          "affinity": -6.6,
          "rmsd_l_b": 2.975,
          "rmsd_u_b": 5.862
        },
        "modes": [
          {
            "mode": 1,
            "affinity": -7.1,
            "rmsd_l_b": 0.0,
            "rmsd_u_b": 0.0
          },
          {
            "mode": 2,
            "affinity": -6.8,
            "rmsd_l_b": 1.745,
            "rmsd_u_b": 7.684
          },
          {
            "mode": 3,
            "affinity": -6.7,
            "rmsd_l_b": 2.099,
            "rmsd_u_b": 2.677
          },
          {
            "mode": 4,
            "affinity": -6.7,
            "rmsd_l_b": 1.716,
            "rmsd_u_b": 2.748
          },
          {
            "mode": 5,
            "affinity": -6.6,
            "rmsd_l_b": 4.284,
            "rmsd_u_b": 8.303
          },
          {
            "mode": 6,
            "affinity": -6.6,
            "rmsd_l_b": 4.109,
            "rmsd_u_b": 7.927
          },
          {
            "mode": 7,
            "affinity": -6.4,
            "rmsd_l_b": 5.506,
            "rmsd_u_b": 9.004
          },
          {
            "mode": 8,
            "affinity": -6.3,
            "rmsd_l_b": 3.779,
            "rmsd_u_b": 6.18
          },
          {
            "mode": 9,
            "affinity": -6.2,
            "rmsd_l_b": 3.541,
            "rmsd_u_b": 8.238
          }
        ]
      },
      {
        "run": 8,
        "seed": 594443,
        "average": {
          "affinity": -6.678,
          "rmsd_l_b": 2.305,
          "rmsd_u_b": 4.443
        },
        "modes": [
          {
            "mode": 1,
            "affinity": -7.0,
            "rmsd_l_b": 0.0,
            "rmsd_u_b": 0.0
          },
          {
            "mode": 2,
            "affinity": -6.9,
            "rmsd_l_b": 1.067,
            "rmsd_u_b": 1.672
          },
          {
            "mode": 3,
            "affinity": -6.8,
            "rmsd_l_b": 1.726,
            "rmsd_u_b": 7.688
          },
          {
            "mode": 4,
            "affinity": -6.7,
            "rmsd_l_b": 2.08,
            "rmsd_u_b": 2.658
          },
          {
            "mode": 5,
            "affinity": -6.7,
            "rmsd_l_b": 1.696,
            "rmsd_u_b": 2.702
          },
          {
            "mode": 6,
            "affinity": -6.7,
            "rmsd_l_b": 4.149,
            "rmsd_u_b": 8.055
          },
          {
            "mode": 7,
            "affinity": -6.6,
            "rmsd_l_b": 4.411,
            "rmsd_u_b": 8.656
          },
          {
            "mode": 8,
            "affinity": -6.4,
            "rmsd_l_b": 1.845,
            "rmsd_u_b": 2.405
          },
          {
            "mode": 9,
            "affinity": -6.3,
            "rmsd_l_b": 3.772,
            "rmsd_u_b": 6.153
          }
        ]
      },
      {
        "run": 9,
        "seed": 251149,
        "average": {
          "affinity": -6.678,
          "rmsd_l_b": 2.504,
          "rmsd_u_b": 5.075
        },
        "modes": [
          {
            "mode": 1,
            "affinity": -7.1,
            "rmsd_l_b": 0.0,
            "rmsd_u_b": 0.0
          },
          {
            "mode": 2,
            "affinity": -6.9,
            "rmsd_l_b": 1.044,
            "rmsd_u_b": 1.651
          },
          {
            "mode": 3,
            "affinity": -6.9,
            "rmsd_l_b": 1.731,
            "rmsd_u_b": 7.647
          },
          {
            "mode": 4,
            "affinity": -6.7,
            "rmsd_l_b": 2.095,
            "rmsd_u_b": 2.674
          },
          {
            "mode": 5,
            "affinity": -6.7,
            "rmsd_l_b": 1.71,
            "rmsd_u_b": 2.575
          },
          {
            "mode": 6,
            "affinity": -6.7,
            "rmsd_l_b": 4.147,
            "rmsd_u_b": 8.042
          },
          {
            "mode": 7,
            "affinity": -6.6,
            "rmsd_l_b": 4.497,
            "rmsd_u_b": 8.775
          },
          {
            "mode": 8,
            "affinity": -6.3,
            "rmsd_l_b": 3.78,
            "rmsd_u_b": 6.134
          },
          {
            "mode": 9,
            "affinity": -6.2,
            "rmsd_l_b": 3.535,
            "rmsd_u_b": 8.18
          }
        ]
      },
      {
        "run": 10,
        "seed": 60094,
        "average": {
          "affinity": -6.567,
          "rmsd_l_b": 2.981,
          "rmsd_u_b": 5.867
        },
        "modes": [
          {
            "mode": 1,
            "affinity": -7.1,
            "rmsd_l_b": 0.0,
            "rmsd_u_b": 0.0
          },
          {
            "mode": 2,
            "affinity": -6.8,
            "rmsd_l_b": 1.749,
            "rmsd_u_b": 7.689
          },
          {
            "mode": 3,
            "affinity": -6.7,
            "rmsd_l_b": 2.064,
            "rmsd_u_b": 2.654
          },
          {
            "mode": 4,
            "affinity": -6.7,
            "rmsd_l_b": 1.711,
            "rmsd_u_b": 2.735
          },
          {
            "mode": 5,
            "affinity": -6.7,
            "rmsd_l_b": 4.183,
            "rmsd_u_b": 8.068
          },
          {
            "mode": 6,
            "affinity": -6.4,
            "rmsd_l_b": 5.489,
            "rmsd_u_b": 9.044
          },
          {
            "mode": 7,
            "affinity": -6.3,
            "rmsd_l_b": 3.778,
            "rmsd_u_b": 6.18
          },
          {
            "mode": 8,
            "affinity": -6.2,
            "rmsd_l_b": 3.546,
            "rmsd_u_b": 8.176
          },
          {
            "mode": 9,
            "affinity": -6.2,
            "rmsd_l_b": 4.306,
            "rmsd_u_b": 8.256
          }
        ]
      },
      {
        "run": 11,
        "seed": 509734,
        "average": {
          "affinity": -6.544,
          "rmsd_l_b": 3.007,
          "rmsd_u_b": 5.944
        },
        "modes": [
          {
            "mode": 1,
            "affinity": -7.0,
            "rmsd_l_b": 0.0,
            "rmsd_u_b": 0.0
          },
          {
            "mode": 2,
            "affinity": -6.8,
            "rmsd_l_b": 1.718,
            "rmsd_u_b": 7.691
          },
          {
            "mode": 3,
            "affinity": -6.7,
            "rmsd_l_b": 2.077,
            "rmsd_u_b": 2.659
          },
          {
            "mode": 4,
            "affinity": -6.7,
            "rmsd_l_b": 1.745,
            "rmsd_u_b": 2.812
          },
          {
            "mode": 5,
            "affinity": -6.6,
            "rmsd_l_b": 4.428,
            "rmsd_u_b": 8.688
          },
          {
            "mode": 6,
            "affinity": -6.4,
            "rmsd_l_b": 5.474,
            "rmsd_u_b": 9.006
          },
          {
            "mode": 7,
            "affinity": -6.3,
            "rmsd_l_b": 3.777,
            "rmsd_u_b": 6.155
          },
          {
            "mode": 8,
            "affinity": -6.3,
            "rmsd_l_b": 3.544,
            "rmsd_u_b": 8.183
          },
          {
            "mode": 9,
            "affinity": -6.1,
            "rmsd_l_b": 4.303,
            "rmsd_u_b": 8.3
          }
        ]
      },
      {
        "run": 12,
        "seed": 318078,
        "average": {
          "affinity": -6.678,
          "rmsd_l_b": 2.489,
          "rmsd_u_b": 5.034
        },
        "modes": [
          {
            "mode": 1,
            "affinity": -7.1,
            "rmsd_l_b": 0.0,
            "rmsd_u_b": 0.0
          },
          {
            "mode": 2,
            "affinity": -6.9,
            "rmsd_l_b": 1.082,
            "rmsd_u_b": 1.697
          },
          {
            "mode": 3,
            "affinity": -6.8,
            "rmsd_l_b": 1.737,
            "rmsd_u_b": 7.659
          },
          {
            "mode": 4,
            "affinity": -6.7,
            "rmsd_l_b": 2.081,
            "rmsd_u_b": 2.664
          },
          {
            "mode": 5,
            "affinity": -6.7,
            "rmsd_l_b": 1.72,
            "rmsd_u_b": 2.757
          },
          {
            "mode": 6,
            "affinity": -6.7,
            "rmsd_l_b": 4.134,
            "rmsd_u_b": 7.929
          },
          {
            "mode": 7,
            "affinity": -6.6,
            "rmsd_l_b": 4.298,
            "rmsd_u_b": 8.267
          },
          {
            "mode": 8,
            "affinity": -6.3,
            "rmsd_l_b": 3.792,
            "rmsd_u_b": 6.154
          },
          {
            "mode": 9,
            "affinity": -6.3,
            "rmsd_l_b": 3.557,
            "rmsd_u_b": 8.178
          }
        ]
      },
      {
        "run": 13,
        "seed": 52436,
        "average": {
          "affinity": -6.578,
          "rmsd_l_b": 2.734,
          "rmsd_u_b": 5.882
        },
        "modes": [
          {
            "mode": 1,
            "affinity": -7.0,
            "rmsd_l_b": 0.0,
            "rmsd_u_b": 0.0
          },
          {
            "mode": 2,
            "affinity": -6.9,
            "rmsd_l_b": 1.732,
            "rmsd_u_b": 7.659
          },
          {
            "mode": 3,
            "affinity": -6.7,
            "rmsd_l_b": 2.096,
            "rmsd_u_b": 2.671
          },
          {
            "mode": 4,
            "affinity": -6.7,
            "rmsd_l_b": 1.726,
            "rmsd_u_b": 2.77
          },
          {
            "mode": 5,
            "affinity": -6.6,
            "rmsd_l_b": 4.433,
            "rmsd_u_b": 8.693
          },
          {
            "mode": 6,
            "affinity": -6.4,
            "rmsd_l_b": 5.482,
            "rmsd_u_b": 9.006
          },
          {
            "mode": 7,
            "affinity": -6.3,
            "rmsd_l_b": 3.773,
            "rmsd_u_b": 6.173
          },
          {
            "mode": 8,
            "affinity": -6.3,
            "rmsd_l_b": 1.826,
            "rmsd_u_b": 7.776
          },
          {
            "mode": 9,
            "affinity": -6.3,
            "rmsd_l_b": 3.541,
            "rmsd_u_b": 8.193
          }
        ]
      },
      {
        "run": 14,
        "seed": 823292,
        "average": {
          "affinity": -6.567,
          "rmsd_l_b": 2.338,
          "rmsd_u_b": 5.085
        },
        "modes": [
          {
            "mode": 1,
            "affinity": -7.0,
            "rmsd_l_b": 0.0,
            "rmsd_u_b": 0.0
          },
          {
            "mode": 2,
            "affinity": -6.8,
            "rmsd_l_b": 1.737,
            "rmsd_u_b": 7.706
          },
          {
            "mode": 3,
            "affinity": -6.7,
            "rmsd_l_b": 1.704,
            "rmsd_u_b": 2.719
          },
          {
            "mode": 4,
            "affinity": -6.7,
            "rmsd_l_b": 4.155,
            "rmsd_u_b": 8.053
          },
          {
            "mode": 5,
            "affinity": -6.6,
            "rmsd_l_b": 4.495,
            "rmsd_u_b": 8.784
          },
          {
            "mode": 6,
            "affinity": -6.4,
            "rmsd_l_b": 1.629,
            "rmsd_u_b": 2.045
          },
          {
            "mode": 7,
            "affinity": -6.3,
            "rmsd_l_b": 3.757,
            "rmsd_u_b": 6.123
          },
          {
            "mode": 8,
            "affinity": -6.3,
            "rmsd_l_b": 1.828,
            "rmsd_u_b": 7.77
          },
          {
            "mode": 9,
            "affinity": -6.3,
            "rmsd_l_b": 1.74,
            "rmsd_u_b": 2.566
          }
        ]
      },
      {
        "run": 15,
        "seed": 61446,
        "average": {
          "affinity": -6.556,
          "rmsd_l_b": 2.975,
          "rmsd_u_b": 5.854
        },
        "modes": [
          {
            "mode": 1,
            "affinity": -7.1,
            "rmsd_l_b": 0.0,
            "rmsd_u_b": 0.0
          },
          {
            "mode": 2,
            "affinity": -6.8,
            "rmsd_l_b": 1.734,
            "rmsd_u_b": 7.684
          },
          {
            "mode": 3,
            "affinity": -6.7,
            "rmsd_l_b": 2.114,
            "rmsd_u_b": 2.691
          },
          {
            "mode": 4,
            "affinity": -6.7,
            "rmsd_l_b": 1.703,
            "rmsd_u_b": 2.718
          },
          {
            "mode": 5,
            "affinity": -6.6,
            "rmsd_l_b": 4.272,
            "rmsd_u_b": 8.301
          },
          {
            "mode": 6,
            "affinity": -6.4,
            "rmsd_l_b": 5.519,
            "rmsd_u_b": 8.939
          },
          {
            "mode": 7,
            "affinity": -6.3,
            "rmsd_l_b": 3.748,
            "rmsd_u_b": 6.18
          },
          {
            "mode": 8,
            "affinity": -6.2,
            "rmsd_l_b": 4.146,
            "rmsd_u_b": 8.001
          },
          {
            "mode": 9,
            "affinity": -6.2,
            "rmsd_l_b": 3.539,
            "rmsd_u_b": 8.172
          }
        ]
      },
      {
        "run": 16,
        "seed": 152596,
        "average": {
          "affinity": -6.656,
          "rmsd_l_b": 2.485,
          "rmsd_u_b": 5.034
        },
        "modes": [
          {
            "mode": 1,
            "affinity": -7.0,
            "rmsd_l_b": 0.0,
            "rmsd_u_b": 0.0
          },
          {
            "mode": 2,
            "affinity": -6.9,
            "rmsd_l_b": 1.064,
            "rmsd_u_b": 1.684
          },
          {
            "mode": 3,
            "affinity": -6.9,
            "rmsd_l_b": 1.728,
            "rmsd_u_b": 7.661
          },
          {
            "mode": 4,
            "affinity": -6.7,
            "rmsd_l_b": 2.085,
            "rmsd_u_b": 2.663
          },
          {
            "mode": 5,
            "affinity": -6.7,
            "rmsd_l_b": 1.729,
            "rmsd_u_b": 2.77
          },
          {
            "mode": 6,
            "affinity": -6.6,
            "rmsd_l_b": 4.136,
            "rmsd_u_b": 7.927
          },
          {
            "mode": 7,
            "affinity": -6.6,
            "rmsd_l_b": 4.292,
            "rmsd_u_b": 8.308
          },
          {
            "mode": 8,
            "affinity": -6.3,
            "rmsd_l_b": 3.774,
            "rmsd_u_b": 6.162
          },
          {
            "mode": 9,
            "affinity": -6.2,
            "rmsd_l_b": 3.56,
            "rmsd_u_b": 8.132
          }
        ]
      },
      {
        "run": 17,
        "seed": 376069,
        "average": {
          "affinity": -6.644,
          "rmsd_l_b": 2.062,
          "rmsd_u_b": 4.489
        },
        "modes": [
          {
            "mode": 1,
            "affinity": -7.0,
            "rmsd_l_b": 0.0,
            "rmsd_u_b": 0.0
          },
          {
            "mode": 2,
            "affinity": -6.9,
            "rmsd_l_b": 1.724,
            "rmsd_u_b": 7.652
          },
          {
            "mode": 3,
            "affinity": -6.9,
            "rmsd_l_b": 1.11,
            "rmsd_u_b": 1.974
          },
          {
            "mode": 4,
            "affinity": -6.8,
            "rmsd_l_b": 2.093,
            "rmsd_u_b": 2.68
          },
          {
            "mode": 5,
            "affinity": -6.7,
            "rmsd_l_b": 1.692,
            "rmsd_u_b": 2.697
          },
          {
            "mode": 6,
            "affinity": -6.7,
            "rmsd_l_b": 4.496,
            "rmsd_u_b": 8.786
          },
          {
            "mode": 7,
            "affinity": -6.3,
            "rmsd_l_b": 3.754,
            "rmsd_u_b": 6.17
          },
          {
            "mode": 8,
            "affinity": -6.3,
            "rmsd_l_b": 1.832,
            "rmsd_u_b": 2.712
          },
          {
            "mode": 9,
            "affinity": -6.2,
            "rmsd_l_b": 1.854,
            "rmsd_u_b": 7.732
          }
        ]
      },
      {
        "run": 18,
        "seed": 289836,
        "average": {
          "affinity": -6.556,
          "rmsd_l_b": 3.347,
          "rmsd_u_b": 6.544
        },
        "modes": [
          {
            "mode": 1,
            "affinity": -7.1,
            "rmsd_l_b": 0.0,
            "rmsd_u_b": 0.0
          },
          {
            "mode": 2,
            "affinity": -6.8,
            "rmsd_l_b": 1.744,
            "rmsd_u_b": 7.687
          },
          {
            "mode": 3,
            "affinity": -6.7,
            "rmsd_l_b": 1.715,
            "rmsd_u_b": 2.746
          },
          {
            "mode": 4,
            "affinity": -6.7,
            "rmsd_l_b": 4.156,
            "rmsd_u_b": 8.044
          },
          {
            "mode": 5,
            "affinity": -6.6,
            "rmsd_l_b": 4.414,
            "rmsd_u_b": 8.668
          },
          {
            "mode": 6,
            "affinity": -6.4,
            "rmsd_l_b": 5.509,
            "rmsd_u_b": 8.984
          },
          {
            "mode": 7,
            "affinity": -6.3,
            "rmsd_l_b": 3.78,
            "rmsd_u_b": 6.18
          },
          {
            "mode": 8,
            "affinity": -6.2,
            "rmsd_l_b": 4.194,
            "rmsd_u_b": 8.025
          },
          {
            "mode": 9,
            "affinity": -6.2,
            "rmsd_l_b": 4.609,
            "rmsd_u_b": 8.565
          }
        ]
      },
      {
        "run": 19,
        "seed": 150460,
        "average": {
          "affinity": -6.467,
          "rmsd_l_b": 3.38,
          "rmsd_u_b": 6.464
        },
        "modes": [
          {
            "mode": 1,
            "affinity": -7.1,
            "rmsd_l_b": 0.0,
            "rmsd_u_b": 0.0
          },
          {
            "mode": 2,
            "affinity": -6.8,
            "rmsd_l_b": 1.74,
            "rmsd_u_b": 7.685
          },
          {
            "mode": 3,
            "affinity": -6.7,
            "rmsd_l_b": 1.717,
            "rmsd_u_b": 2.748
          },
          {
            "mode": 4,
            "affinity": -6.6,
            "rmsd_l_b": 4.28,
            "rmsd_u_b": 8.294
          },
          {
            "mode": 5,
            "affinity": -6.3,
            "rmsd_l_b": 3.776,
            "rmsd_u_b": 6.126
          },
          {
            "mode": 6,
            "affinity": -6.2,
            "rmsd_l_b": 4.214,
            "rmsd_u_b": 8.035
          },
          {
            "mode": 7,
            "affinity": -6.2,
            "rmsd_l_b": 4.433,
            "rmsd_u_b": 8.272
          },
          {
            "mode": 8,
            "affinity": -6.2,
            "rmsd_l_b": 5.996,
            "rmsd_u_b": 8.708
          },
          {
            "mode": 9,
            "affinity": -6.1,
            "rmsd_l_b": 4.268,
            "rmsd_u_b": 8.309
          }
        ]
      },
      {
        "run": 20,
        "seed": 219229,
        "average": {
          "affinity": -6.567,
          "rmsd_l_b": 2.53,
          "rmsd_u_b": 5.192
        },
        "modes": [
          {
            "mode": 1,
            "affinity": -7.0,
            "rmsd_l_b": 0.0,
            "rmsd_u_b": 0.0
          },
          {
            "mode": 2,
            "affinity": -6.8,
            "rmsd_l_b": 1.743,
            "rmsd_u_b": 7.695
          },
          {
            "mode": 3,
            "affinity": -6.7,
            "rmsd_l_b": 2.089,
            "rmsd_u_b": 2.665
          },
          {
            "mode": 4,
            "affinity": -6.7,
            "rmsd_l_b": 1.732,
            "rmsd_u_b": 2.614
          },
          {
            "mode": 5,
            "affinity": -6.6,
            "rmsd_l_b": 4.271,
            "rmsd_u_b": 8.231
          },
          {
            "mode": 6,
            "affinity": -6.4,
            "rmsd_l_b": 5.543,
            "rmsd_u_b": 8.937
          },
          {
            "mode": 7,
            "affinity": -6.3,
            "rmsd_l_b": 3.785,
            "rmsd_u_b": 6.186
          },
          {
            "mode": 8,
            "affinity": -6.3,
            "rmsd_l_b": 1.816,
            "rmsd_u_b": 7.767
          },
          {
            "mode": 9,
            "affinity": -6.3,
            "rmsd_l_b": 1.788,
            "rmsd_u_b": 2.635
          }
        ]
      }
    ]
  }
}