{
  "rmsd": 3.772,
  "rmsd_method": "C-alpha coordinates",
  "rmsd_tool": "BioPython",
  "docking": {
    "average_affinity": -4.963,
    "runs": [
      {
        "run": 1,
        "seed": 7314,
        "average": {
          "affinity": -4.933,
          "rmsd_l_b": 2.172,
          "rmsd_u_b": 5.51
        },
        "modes": [
          {
            "mode": 1,
            "affinity": -5.1,
            "rmsd_l_b": 0.0,
            "rmsd_u_b": 0.0
          },
          {
            "mode": 2,
            "affinity": -5.1,
            "rmsd_l_b": 1.63,
            "rmsd_u_b": 2.938
          },
          {
            "mode": 3,
            "affinity": -5.0,
            "rmsd_l_b": 1.743,
            "rmsd_u_b": 3.154
          },
          {
            "mode": 4,
            "affinity": -4.9,
            "rmsd_l_b": 3.478,
            "rmsd_u_b": 7.684
          },
          {
            "mode": 5,
            "affinity": -4.9,
            "rmsd_l_b": 2.776,
            "rmsd_u_b": 7.743
          },
          {
            "mode": 6,
            "affinity": -4.9,
            "rmsd_l_b": 3.366,
            "rmsd_u_b": 8.69
          },
          {
            "mode": 7,
            "affinity": -4.9,
            "rmsd_l_b": 2.225,
            "rmsd_u_b": 6.313
          },
          {
            "mode": 8,
            "affinity": -4.8,
            "rmsd_l_b": 2.294,
            "rmsd_u_b": 7.988
          },
          {
            "mode": 9,
            "affinity": -4.8,
            "rmsd_l_b": 2.038,
            "rmsd_u_b": 5.076
          }
        ]
      },
      {
        "run": 2,
        "seed": 357393,
        "average": {
          "affinity": -5.1,
          "rmsd_l_b": 3.876,
          "rmsd_u_b": 7.306
        },
        "modes": [
          {
            "mode": 1,
            "affinity": -5.3,
            "rmsd_l_b": 0.0,
            "rmsd_u_b": 0.0
          },
          {
            "mode": 2,
            "affinity": -5.2,
            "rmsd_l_b": 2.669,
            "rmsd_u_b": 7.471
          },
          {
            "mode": 3,
            "affinity": -5.2,
            "rmsd_l_b": 1.71,
            "rmsd_u_b": 3.237
          },
          {
            "mode": 4,
            "affinity": -5.2,
            "rmsd_l_b": 1.572,
            "rmsd_u_b": 3.318
          },
          {
            "mode": 5,
            "affinity": -5.0,
            "rmsd_l_b": 2.535,
            "rmsd_u_b": 6.603
          },
          {
            "mode": 6,
            "affinity": -5.0,
            "rmsd_l_b": 10.69,
            "rmsd_u_b": 14.981
          },
          {
            "mode": 7,
            "affinity": -5.0,
            "rmsd_l_b": 2.222,
            "rmsd_u_b": 6.294
          },
          {
            "mode": 8,
            "affinity": -5.0,
            "rmsd_l_b": 2.998,
            "rmsd_u_b": 8.957
          },
          {
            "mode": 9,
            "affinity": -5.0,
            "rmsd_l_b": 10.486,
            "rmsd_u_b": 14.889
          }
        ]
      },
      {
        "run": 3,
        "seed": 468283,
        "average": {
          "affinity": -4.867,
          "rmsd_l_b": 3.095,
          "rmsd_u_b": 6.434
        },
        "modes": [
          {
            "mode": 1,
            "affinity": -5.0,
            "rmsd_l_b": 0.0,
            "rmsd_u_b": 0.0
          },
          {
            "mode": 2,
            "affinity": -5.0,
            "rmsd_l_b": 1.638,
            "rmsd_u_b": 3.086
          },
          {
            "mode": 3,
            "affinity": -4.9,
            "rmsd_l_b": 2.479,
            "rmsd_u_b": 8.389
          },
          {
            "mode": 4,
            "affinity": -4.9,
            "rmsd_l_b": 2.46,
            "rmsd_u_b": 5.254
          },
          {
            "mode": 5,
            "affinity": -4.8,
            "rmsd_l_b": 2.394,
            "rmsd_u_b": 7.017
          },
          {
            "mode": 6,
            "affinity": -4.8,
            "rmsd_l_b": 10.218,
            "rmsd_u_b": 13.648
          },
          {
            "mode": 7,
            "affinity": -4.8,
            "rmsd_l_b": 3.065,
            "rmsd_u_b": 8.53
          },
          {
            "mode": 8,
            "affinity": -4.8,
            "rmsd_l_b": 2.637,
            "rmsd_u_b": 5.332
          },
          {
            "mode": 9,
            "affinity": -4.8,
            "rmsd_l_b": 2.963,
            "rmsd_u_b": 6.648
          }
        ]
      },
      {
        "run": 4,
        "seed": 35900,
        "average": {
          "affinity": -5.1,
          "rmsd_l_b": 2.104,
          "rmsd_u_b": 5.386
        },
        "modes": [
          {
            "mode": 1,
            "affinity": -5.3,
            "rmsd_l_b": 0.0,
            "rmsd_u_b": 0.0
          },
          {
            "mode": 2,
            "affinity": -5.2,
            "rmsd_l_b": 2.278,
            "rmsd_u_b": 7.376
          },
          {
            "mode": 3,
            "affinity": -5.2,
            "rmsd_l_b": 1.612,
            "rmsd_u_b": 2.917
          },
          {
            "mode": 4,
            "affinity": -5.2,
            "rmsd_l_b": 1.57,
            "rmsd_u_b": 3.352
          },
          {
            "mode": 5,
            "affinity": -5.1,
            "rmsd_l_b": 2.697,
            "rmsd_u_b": 7.611
          },
          {
            "mode": 6,
            "affinity": -5.0,
            "rmsd_l_b": 2.541,
            "rmsd_u_b": 6.593
          },
          {
            "mode": 7,
            "affinity": -5.0,
            "rmsd_l_b": 3.385,
            "rmsd_u_b": 7.682
          },
          {
            "mode": 8,
            "affinity": -5.0,
            "rmsd_l_b": 2.251,
            "rmsd_u_b": 6.56
          },
          {
            "mode": 9,
            "affinity": -4.9,
            "rmsd_l_b": 2.604,
            "rmsd_u_b": 6.379
          }
        ]
      },
      {
        "run": 5,
        "seed": 456638,
        "average": {
          "affinity": -4.856,
          "rmsd_l_b": 2.407,
          "rmsd_u_b": 5.935
        },
        "modes": [
          {
            "mode": 1,
            "affinity": -5.0,
            "rmsd_l_b": 0.0,
            "rmsd_u_b": 0.0
          },
          {
            "mode": 2,
            "affinity": -5.0,
            "rmsd_l_b": 1.63,
            "rmsd_u_b": 3.139
          },
          {
            "mode": 3,
            "affinity": -4.9,
            "rmsd_l_b": 2.544,
            "rmsd_u_b": 5.239
          },
          {
            "mode": 4,
            "affinity": -4.8,
            "rmsd_l_b": 2.962,
            "rmsd_u_b": 6.627
          },
          {
            "mode": 5,
            "affinity": -4.8,
            "rmsd_l_b": 3.37,
            "rmsd_u_b": 9.233
          },
          {
            "mode": 6,
            "affinity": -4.8,
            "rmsd_l_b": 2.47,
            "rmsd_u_b": 4.575
          },
          {
            "mode": 7,
            "affinity": -4.8,
            "rmsd_l_b": 2.982,
            "rmsd_u_b": 9.239
          },
          {
            "mode": 8,
            "affinity": -4.8,
            "rmsd_l_b": 3.491,
            "rmsd_u_b": 8.454
          },
          {
            "mode": 9,
            "affinity": -4.8,
            "rmsd_l_b": 2.214,
            "rmsd_u_b": 6.911
          }
        ]
      },
      {
        "run": 6,
        "seed": 778591,
        "average": {
          "affinity": -5.022,
          "rmsd_l_b": 2.875,
          "rmsd_u_b": 5.843
        },
        "modes": [
          {
            "mode": 1,
            "affinity": -5.2,
            "rmsd_l_b": 0.0,
            "rmsd_u_b": 0.0
          },
          {
            "mode": 2,
            "affinity": -5.2,
            "rmsd_l_b": 2.271,
            "rmsd_u_b": 7.421
          },
          {
            "mode": 3,
            "affinity": -5.1,
            "rmsd_l_b": 1.629,
            "rmsd_u_b": 2.802
          },
          {
            "mode": 4,
            "affinity": -5.1,
            "rmsd_l_b": 1.717,
            "rmsd_u_b": 3.183
          },
          {
            "mode": 5,
            "affinity": -5.0,
            "rmsd_l_b": 1.6,
            "rmsd_u_b": 3.401
          },
          {
            "mode": 6,
            "affinity": -4.9,
            "rmsd_l_b": 10.945,
            "rmsd_u_b": 14.803
          },
          {
            "mode": 7,
            "affinity": -4.9,
            "rmsd_l_b": 2.015,
            "rmsd_u_b": 5.088
          },
          {
            "mode": 8,
            "affinity": -4.9,
            "rmsd_l_b": 2.207,
            "rmsd_u_b": 6.284
          },
          {
            "mode": 9,
            "affinity": -4.9,
            "rmsd_l_b": 3.494,
            "rmsd_u_b": 9.608
          }
        ]
      },
      {
        "run": 7,
        "seed": 797937,
        "average": {
          "affinity": -4.978,
          "rmsd_l_b": 2.117,
          "rmsd_u_b": 5.642
        },
        "modes": [
          {
            "mode": 1,
            "affinity": -5.2,
            "rmsd_l_b": 0.0,
            "rmsd_u_b": 0.0
          },
          {
            "mode": 2,
            "affinity": -5.1,
            "rmsd_l_b": 1.637,
            "rmsd_u_b": 2.981
          },
          {
            "mode": 3,
            "affinity": -5.1,
            "rmsd_l_b": 1.593,
            "rmsd_u_b": 3.318
          },
          {
            "mode": 4,
            "affinity": -5.0,
            "rmsd_l_b": 2.696,
            "rmsd_u_b": 7.66
          },
          {
            "mode": 5,
            "affinity": -4.9,
            "rmsd_l_b": 3.374,
            "rmsd_u_b": 8.681
          },
          {
            "mode": 6,
            "affinity": -4.9,
            "rmsd_l_b": 2.557,
            "rmsd_u_b": 6.609
          },
          {
            "mode": 7,
            "affinity": -4.9,
            "rmsd_l_b": 2.208,
            "rmsd_u_b": 6.303
          },
          {
            "mode": 8,
            "affinity": -4.9,
            "rmsd_l_b": 2.703,
            "rmsd_u_b": 7.19
          },
          {
            "mode": 9,
            "affinity": -4.8,
            "rmsd_l_b": 2.284,
            "rmsd_u_b": 8.032
          }
        ]
      },
      {
        "run": 8,
        "seed": 661044,
        "average": {
          "affinity": -4.978,
          "rmsd_l_b": 1.972,
          "rmsd_u_b": 5.192
        },
        "modes": [
          {
            "mode": 1,
            "affinity": -5.1,
            "rmsd_l_b": 0.0,
            "rmsd_u_b": 0.0
          },
          {
            "mode": 2,
            "affinity": -5.1,
            "rmsd_l_b": 1.629,
            "rmsd_u_b": 3.41
          },
          {
            "mode": 3,
            "affinity": -5.0,
            "rmsd_l_b": 2.356,
            "rmsd_u_b": 7.198
          },
          {
            "mode": 4,
            "affinity": -5.0,
            "rmsd_l_b": 1.76,
            "rmsd_u_b": 3.171
          },
          {
            "mode": 5,
            "affinity": -5.0,
            "rmsd_l_b": 2.472,
            "rmsd_u_b": 6.433
          },
          {
            "mode": 6,
            "affinity": -4.9,
            "rmsd_l_b": 2.582,
            "rmsd_u_b": 7.831
          },
          {
            "mode": 7,
            "affinity": -4.9,
            "rmsd_l_b": 2.058,
            "rmsd_u_b": 5.136
          },
          {
            "mode": 8,
            "affinity": -4.9,
            "rmsd_l_b": 2.229,
            "rmsd_u_b": 6.341
          },
          {
            "mode": 9,
            "affinity": -4.9,
            "rmsd_l_b": 2.661,
            "rmsd_u_b": 7.209
          }
        ]
      },
      {
        "run": 9,
        "seed": 360928,
        "average": {
          "affinity": -4.989,
          "rmsd_l_b": 3.048,
          "rmsd_u_b": 6.327
        },
        "modes": [
          {
            "mode": 1,
            "affinity": -5.2,
            "rmsd_l_b": 0.0,
            "rmsd_u_b": 0.0
          },
          {
            "mode": 2,
            "affinity": -5.2,
            "rmsd_l_b": 1.612,
            "rmsd_u_b": 2.955
          },
          {
            "mode": 3,
            "affinity": -5.0,
            "rmsd_l_b": 2.234,
            "rmsd_u_b": 6.272
          },
          {
            "mode": 4,
            "affinity": -5.0,
            "rmsd_l_b": 3.034,
            "rmsd_u_b": 5.552
          },
          {
            "mode": 5,
            "affinity": -4.9,
            "rmsd_l_b": 2.693,
            "rmsd_u_b": 7.177
          },
          {
            "mode": 6,
            "affinity": -4.9,
            "rmsd_l_b": 2.415,
            "rmsd_u_b": 7.27
          },
          {
            "mode": 7,
            "affinity": -4.9,
            "rmsd_l_b": 10.498,
            "rmsd_u_b": 14.886
          },
          {
            "mode": 8,
            "affinity": -4.9,
            "rmsd_l_b": 2.575,
            "rmsd_u_b": 6.619
          },
          {
            "mode": 9,
            "affinity": -4.9,
            "rmsd_l_b": 2.37,
            "rmsd_u_b": 6.216
          }
        ]
      },
      {
        "run": 10,
        "seed": 471781,
        "average": {
          "affinity": -4.822,
          "rmsd_l_b": 3.023,
          "rmsd_u_b": 5.799
        },
        "modes": [
          {
            "mode": 1,
            "affinity": -5.0,
            "rmsd_l_b": 0.0,
            "rmsd_u_b": 0.0
          },
          {
            "mode": 2,
            "affinity": -5.0,
            "rmsd_l_b": 1.627,
            "rmsd_u_b": 2.824
          },
          {
            "mode": 3,
            "affinity": -4.9,
            "rmsd_l_b": 1.3,
            "rmsd_u_b": 3.493
          },
          {
            "mode": 4,
            "affinity": -4.8,
            "rmsd_l_b": 2.673,
            "rmsd_u_b": 8.309
          },
          {
            "mode": 5,
            "affinity": -4.8,
            "rmsd_l_b": 2.19,
            "rmsd_u_b": 7.049
          },
          {
            "mode": 6,
            "affinity": -4.8,
            "rmsd_l_b": 1.685,
            "rmsd_u_b": 4.829
          },
          {
            "mode": 7,
            "affinity": -4.7,
            "rmsd_l_b": 11.52,
            "rmsd_u_b": 14.171
          },
          {
            "mode": 8,
            "affinity": -4.7,
            "rmsd_l_b": 4.479,
            "rmsd_u_b": 7.533
          },
          {
            "mode": 9,
            "affinity": -4.7,
            "rmsd_l_b": 1.731,
            "rmsd_u_b": 3.984
          }
        ]
      },
      {
        "run": 11,
        "seed": 986640,
        "average": {
          "affinity": -5.056,
          "rmsd_l_b": 3.078,
          "rmsd_u_b": 6.535
        },
        "modes": [
          {
            "mode": 1,
            "affinity": -5.2,
            "rmsd_l_b": 0.0,
            "rmsd_u_b": 0.0
          },
          {
            "mode": 2,
            "affinity": -5.2,
            "rmsd_l_b": 1.803,
            "rmsd_u_b": 3.373
          },
          {
            "mode": 3,
            "affinity": -5.1,
            "rmsd_l_b": 2.83,
            "rmsd_u_b": 7.708
          },
          {
            "mode": 4,
            "affinity": -5.0,
            "rmsd_l_b": 11.101,
            "rmsd_u_b": 14.92
          },
          {
            "mode": 5,
            "affinity": -5.0,
            "rmsd_l_b": 1.946,
            "rmsd_u_b": 5.046
          },
          {
            "mode": 6,
            "affinity": -5.0,
            "rmsd_l_b": 2.533,
            "rmsd_u_b": 7.896
          },
          {
            "mode": 7,
            "affinity": -5.0,
            "rmsd_l_b": 2.694,
            "rmsd_u_b": 7.175
          },
          {
            "mode": 8,
            "affinity": -5.0,
            "rmsd_l_b": 2.236,
            "rmsd_u_b": 6.374
          },
          {
            "mode": 9,
            "affinity": -5.0,
            "rmsd_l_b": 2.558,
            "rmsd_u_b": 6.32
          }
        ]
      },
      {
        "run": 12,
        "seed": 344532,
        "average": {
          "affinity": -4.711,
          "rmsd_l_b": 3.268,
          "rmsd_u_b": 7.279
        },
        "modes": [
          {
            "mode": 1,
            "affinity": -5.0,
            "rmsd_l_b": 0.0,
            "rmsd_u_b": 0.0
          },
          {
            "mode": 2,
            "affinity": -4.7,
            "rmsd_l_b": 1.782,
            "rmsd_u_b": 4.819
          },
          {
            "mode": 3,
            "affinity": -4.7,
            "rmsd_l_b": 2.959,
            "rmsd_u_b": 7.297
          },
          {
            "mode": 4,
            "affinity": -4.7,
            "rmsd_l_b": 2.218,
            "rmsd_u_b": 7.049
          },
          {
            "mode": 5,
            "affinity": -4.7,
            "rmsd_l_b": 3.135,
            "rmsd_u_b": 8.357
          },
          {
            "mode": 6,
            "affinity": -4.7,
            "rmsd_l_b": 3.454,
            "rmsd_u_b": 9.287
          },
          {
            "mode": 7,
            "affinity": -4.7,
            "rmsd_l_b": 10.394,
            "rmsd_u_b": 14.701
          },
          {
            "mode": 8,
            "affinity": -4.6,
            "rmsd_l_b": 2.237,
            "rmsd_u_b": 5.665
          },
          {
            "mode": 9,
            "affinity": -4.6,
            "rmsd_l_b": 3.234,
            "rmsd_u_b": 8.335
          }
        ]
      },
      {
        "run": 13,
        "seed": 908545,
        "average": {
          "affinity": -4.789,
          "rmsd_l_b": 4.106,
          "rmsd_u_b": 8.117
        },
        "modes": [
          {
            "mode": 1,
            "affinity": -5.0,
            "rmsd_l_b": 0.0,
            "rmsd_u_b": 0.0
          },
          {
            "mode": 2,
            "affinity": -4.9,
            "rmsd_l_b": 2.907,
            "rmsd_u_b": 8.325
          },
          {
            "mode": 3,
            "affinity": -4.8,
            "rmsd_l_b": 2.367,
            "rmsd_u_b": 6.763
          },
          {
            "mode": 4,
            "affinity": -4.8,
            "rmsd_l_b": 2.37,
            "rmsd_u_b": 8.395
          },
          {
            "mode": 5,
            "affinity": -4.8,
            "rmsd_l_b": 2.263,
            "rmsd_u_b": 7.21
          },
          {
            "mode": 6,
            "affinity": -4.7,
            "rmsd_l_b": 11.242,
            "rmsd_u_b": 15.135
          },
          {
            "mode": 7,
            "affinity": -4.7,
            "rmsd_l_b": 1.8,
            "rmsd_u_b": 4.844
          },
          {
            "mode": 8,
            "affinity": -4.7,
            "rmsd_l_b": 11.054,
            "rmsd_u_b": 15.039
          },
          {
            "mode": 9,
            "affinity": -4.7,
            "rmsd_l_b": 2.948,
            "rmsd_u_b": 7.339
          }
        ]
      },
      {
        "run": 14,
        "seed": 191131,
        "average": {
          "affinity": -4.933,
          "rmsd_l_b": 3.29,
          "rmsd_u_b": 6.582
        },
        "modes": [
          {
            "mode": 1,
            "affinity": -5.1,
            "rmsd_l_b": 0.0,
            "rmsd_u_b": 0.0
          },
          {
            "mode": 2,
            "affinity": -5.1,
            "rmsd_l_b": 1.628,
            "rmsd_u_b": 2.9
          },
          {
            "mode": 3,
            "affinity": -5.0,
            "rmsd_l_b": 2.692,
            "rmsd_u_b": 7.515
          },
          {
            "mode": 4,
            "affinity": -5.0,
            "rmsd_l_b": 2.299,
            "rmsd_u_b": 4.654
          },
          {
            "mode": 5,
            "affinity": -4.9,
            "rmsd_l_b": 3.322,
            "rmsd_u_b": 8.676
          },
          {
            "mode": 6,
            "affinity": -4.9,
            "rmsd_l_b": 2.216,
            "rmsd_u_b": 6.309
          },
          {
            "mode": 7,
            "affinity": -4.8,
            "rmsd_l_b": 3.388,
            "rmsd_u_b": 7.619
          },
          {
            "mode": 8,
            "affinity": -4.8,
            "rmsd_l_b": 2.676,
            "rmsd_u_b": 7.188
          },
          {
            "mode": 9,
            "affinity": -4.8,
            "rmsd_l_b": 11.392,
            "rmsd_u_b": 14.378
          }
        ]
      },
      {
        "run": 15,
        "seed": 356509,
        "average": {
          "affinity": -4.933,
          "rmsd_l_b": 3.009,
          "rmsd_u_b": 6.038
        },
        "modes": [
          {
            "mode": 1,
            "affinity": -5.1,
            "rmsd_l_b": 0.0,
            "rmsd_u_b": 0.0
          },
          {
            "mode": 2,
            "affinity": -5.0,
            "rmsd_l_b": 1.721,
            "rmsd_u_b": 3.213
          },
          {
            "mode": 3,
            "affinity": -5.0,
            "rmsd_l_b": 2.316,
            "rmsd_u_b": 4.707
          },
          {
            "mode": 4,
            "affinity": -4.9,
            "rmsd_l_b": 2.791,
            "rmsd_u_b": 7.67
          },
          {
            "mode": 5,
            "affinity": -4.9,
            "rmsd_l_b": 2.317,
            "rmsd_u_b": 7.966
          },
          {
            "mode": 6,
            "affinity": -4.9,
            "rmsd_l_b": 1.55,
            "rmsd_u_b": 2.696
          },
          {
            "mode": 7,
            "affinity": -4.9,
            "rmsd_l_b": 3.132,
            "rmsd_u_b": 7.883
          },
          {
            "mode": 8,
            "affinity": -4.9,
            "rmsd_l_b": 2.225,
            "rmsd_u_b": 6.293
          },
          {
            "mode": 9,
            "affinity": -4.8,
            "rmsd_l_b": 11.031,
            "rmsd_u_b": 13.914
          }
        ]
      },
      {
        "run": 16,
        "seed": 711208,
        "average": {
          "affinity": -5.089,
          "rmsd_l_b": 4.011,
          "rmsd_u_b": 7.435
        },
        "modes": [
          {
            "mode": 1,
            "affinity": -5.2,
            "rmsd_l_b": 0.0,
            "rmsd_u_b": 0.0
          },
          {
            "mode": 2,
            "affinity": -5.2,
            "rmsd_l_b": 2.238,
            "rmsd_u_b": 7.097
          },
          {
            "mode": 3,
            "affinity": -5.1,
            "rmsd_l_b": 1.735,
            "rmsd_u_b": 3.242
          },
          {
            "mode": 4,
            "affinity": -5.1,
            "rmsd_l_b": 3.405,
            "rmsd_u_b": 7.687
          },
          {
            "mode": 5,
            "affinity": -5.1,
            "rmsd_l_b": 2.423,
            "rmsd_u_b": 6.446
          },
          {
            "mode": 6,
            "affinity": -5.1,
            "rmsd_l_b": 2.653,
            "rmsd_u_b": 7.529
          },
          {
            "mode": 7,
            "affinity": -5.0,
            "rmsd_l_b": 11.025,
            "rmsd_u_b": 14.877
          },
          {
            "mode": 8,
            "affinity": -5.0,
            "rmsd_l_b": 1.978,
            "rmsd_u_b": 5.073
          },
          {
            "mode": 9,
            "affinity": -5.0,
            "rmsd_l_b": 10.639,
            "rmsd_u_b": 14.967
          }
        ]
      },
      {
        "run": 17,
        "seed": 157992,
        "average": {
          "affinity": -5.0,
          "rmsd_l_b": 1.913,
          "rmsd_u_b": 4.82
        },
        "modes": [
          {
            "mode": 1,
            "affinity": -5.1,
            "rmsd_l_b": 0.0,
            "rmsd_u_b": 0.0
          },
          {
            "mode": 2,
            "affinity": -5.1,
            "rmsd_l_b": 2.64,
            "rmsd_u_b": 9.003
          },
          {
            "mode": 3,
            "affinity": -5.1,
            "rmsd_l_b": 1.614,
            "rmsd_u_b": 2.696
          },
          {
            "mode": 4,
            "affinity": -5.1,
            "rmsd_l_b": 1.65,
            "rmsd_u_b": 2.962
          },
          {
            "mode": 5,
            "affinity": -5.0,
            "rmsd_l_b": 2.699,
            "rmsd_u_b": 7.528
          },
          {
            "mode": 6,
            "affinity": -4.9,
            "rmsd_l_b": 2.438,
            "rmsd_u_b": 6.442
          },
          {
            "mode": 7,
            "affinity": -4.9,
            "rmsd_l_b": 1.767,
            "rmsd_u_b": 3.387
          },
          {
            "mode": 8,
            "affinity": -4.9,
            "rmsd_l_b": 2.601,
            "rmsd_u_b": 6.372
          },
          {
            "mode": 9,
            "affinity": -4.9,
            "rmsd_l_b": 1.81,
            "rmsd_u_b": 4.992
          }
        ]
      },
      {
        "run": 18,
        "seed": 57261,
        "average": {
          "affinity": -5.056,
          "rmsd_l_b": 2.188,
          "rmsd_u_b": 5.512
        },
        "modes": [
          {
            "mode": 1,
            "affinity": -5.2,
            "rmsd_l_b": 0.0,
            "rmsd_u_b": 0.0
          },
          {
            "mode": 2,
            "affinity": -5.2,
            "rmsd_l_b": 1.623,
            "rmsd_u_b": 2.854
          },
          {
            "mode": 3,
            "affinity": -5.1,
            "rmsd_l_b": 3.483,
            "rmsd_u_b": 7.688
          },
          {
            "mode": 4,
            "affinity": -5.0,
            "rmsd_l_b": 2.846,
            "rmsd_u_b": 8.569
          },
          {
            "mode": 5,
            "affinity": -5.0,
            "rmsd_l_b": 2.307,
            "rmsd_u_b": 7.999
          },
          {
            "mode": 6,
            "affinity": -5.0,
            "rmsd_l_b": 1.563,
            "rmsd_u_b": 2.353
          },
          {
            "mode": 7,
            "affinity": -5.0,
            "rmsd_l_b": 1.928,
            "rmsd_u_b": 5.049
          },
          {
            "mode": 8,
            "affinity": -5.0,
            "rmsd_l_b": 3.327,
            "rmsd_u_b": 8.718
          },
          {
            "mode": 9,
            "affinity": -5.0,
            "rmsd_l_b": 2.617,
            "rmsd_u_b": 6.374
          }
        ]
      },
      {
        "run": 19,
        "seed": 848542,
        "average": {
          "affinity": -5.033,
          "rmsd_l_b": 3.896,
          "rmsd_u_b": 7.368
        },
        "modes": [
          {
            "mode": 1,
            "affinity": -5.2,
            "rmsd_l_b": 0.0,
            "rmsd_u_b": 0.0
          },
          {
            "mode": 2,
            "affinity": -5.2,
            "rmsd_l_b": 1.62,
            "rmsd_u_b": 2.852
          },
          {
            "mode": 3,
            "affinity": -5.1,
            "rmsd_l_b": 2.836,
            "rmsd_u_b": 7.676
          },
          {
            "mode": 4,
            "affinity": -5.1,
            "rmsd_l_b": 1.698,
            "rmsd_u_b": 3.209
          },
          {
            "mode": 5,
            "affinity": -5.0,
            "rmsd_l_b": 10.71,
            "rmsd_u_b": 14.97
          },
          {
            "mode": 6,
            "affinity": -5.0,
            "rmsd_l_b": 2.313,
            "rmsd_u_b": 7.987
          },
          {
            "mode": 7,
            "affinity": -4.9,
            "rmsd_l_b": 2.688,
            "rmsd_u_b": 7.216
          },
          {
            "mode": 8,
            "affinity": -4.9,
            "rmsd_l_b": 2.906,
            "rmsd_u_b": 7.642
          },
          {
            "mode": 9,
            "affinity": -4.9,
            "rmsd_l_b": 10.292,
            "rmsd_u_b": 14.763
          }
        ]
      },
      {
        "run": 20,
        "seed": 15239,
        "average": {
          "affinity": -5.022,
          "rmsd_l_b": 3.124,
          "rmsd_u_b": 6.802
        },
        "modes": [
          {
            "mode": 1,
            "affinity": -5.2,
            "rmsd_l_b": 0.0,
            "rmsd_u_b": 0.0
          },
          {
            "mode": 2,
            "affinity": -5.1,
            "rmsd_l_b": 1.693,
            "rmsd_u_b": 2.963
          },
          {
            "mode": 3,
            "affinity": -5.0,
            "rmsd_l_b": 2.885,
            "rmsd_u_b": 8.506
          },
          {
            "mode": 4,
            "affinity": -5.0,
            "rmsd_l_b": 10.724,
            "rmsd_u_b": 14.991
          },
          {
            "mode": 5,
            "affinity": -5.0,
            "rmsd_l_b": 2.312,
            "rmsd_u_b": 7.983
          },
          {
            "mode": 6,
            "affinity": -5.0,
            "rmsd_l_b": 2.802,
            "rmsd_u_b": 7.665
          },
          {
            "mode": 7,
            "affinity": -5.0,
            "rmsd_l_b": 2.224,
            "rmsd_u_b": 6.295
          },
          {
            "mode": 8,
            "affinity": -5.0,
            "rmsd_l_b": 2.061,
            "rmsd_u_b": 5.108
          },
          {
            "mode": 9,
            "affinity": -4.9,
            "rmsd_l_b": 3.415,
            "rmsd_u_b": 7.709
          }
        ]
      }
    ]
  }
}