{
  "rmsd": 3.242,
  "rmsd_method": "C-alpha coordinates",
  "rmsd_tool": "BioPython",
  "docking": {
    "average_affinity": -3.319,
    "runs": [
      {
        "run": 1,
        "seed": 525155,
        "average": {
          "affinity": -3.344,
          "rmsd_l_b": 3.235,
          "rmsd_u_b": 4.647
        },
        "modes": [
          {
            "mode": 1,
            "affinity": -3.6,
            "rmsd_l_b": 0.0,
            "rmsd_u_b": 0.0
          },
          {
            "mode": 2,
            "affinity": -3.5,
            "rmsd_l_b": 1.959,
            "rmsd_u_b": 4.396
          },
          {
            "mode": 3,
            "affinity": -3.4,
            "rmsd_l_b": 1.68,
            "rmsd_u_b": 1.945
          },
          {
            "mode": 4,
            "affinity": -3.3,
            "rmsd_l_b": 1.607,
            "rmsd_u_b": 4.599
          },
          {
            "mode": 5,
            "affinity": -3.3,
            "rmsd_l_b": 1.937,
            "rmsd_u_b": 2.493
          },
          {
            "mode": 6,
            "affinity": -3.3,
            "rmsd_l_b": 2.746,
            "rmsd_u_b": 3.847
          },
          {
            "mode": 7,
            "affinity": -3.3,
            "rmsd_l_b": 8.487,
            "rmsd_u_b": 9.678
          },
          {
            "mode": 8,
            "affinity": -3.2,
            "rmsd_l_b": 9.163,
            "rmsd_u_b": 10.263
          },
          {
            "mode": 9,
            "affinity": -3.2,
            "rmsd_l_b": 1.537,
            "rmsd_u_b": 4.603
          }
        ]
      },
      {
        "run": 2,
        "seed": 85969,
        "average": {
          "affinity": -3.3,
          "rmsd_l_b": 2.593,
          "rmsd_u_b": 3.857
        },
        "modes": [
          {
            "mode": 1,
            "affinity": -3.6,
            "rmsd_l_b": 0.0,
            "rmsd_u_b": 0.0
          },
          {
            "mode": 2,
            "affinity": -3.5,
            "rmsd_l_b": 1.98,
            "rmsd_u_b": 4.377
          },
          {
            "mode": 3,
            "affinity": -3.4,
            "rmsd_l_b": 1.77,
            "rmsd_u_b": 2.05
          },
          {
            "mode": 4,
            "affinity": -3.3,
            "rmsd_l_b": 2.764,
            "rmsd_u_b": 3.805
          },
          {
            "mode": 5,
            "affinity": -3.2,
            "rmsd_l_b": 1.662,
            "rmsd_u_b": 4.564
          },
          {
            "mode": 6,
            "affinity": -3.2,
            "rmsd_l_b": 8.632,
            "rmsd_u_b": 9.767
          },
          {
            "mode": 7,
            "affinity": -3.2,
            "rmsd_l_b": 1.786,
            "rmsd_u_b": 4.573
          },
          {
            "mode": 8,
            "affinity": -3.2,
            "rmsd_l_b": 1.787,
            "rmsd_u_b": 2.097
          },
          {
            "mode": 9,
            "affinity": -3.1,
            "rmsd_l_b": 2.954,
            "rmsd_u_b": 3.484
          }
        ]
      },
      {
        "run": 3,
        "seed": 273267,
        "average": {
          "affinity": -3.311,
          "rmsd_l_b": 1.884,
          "rmsd_u_b": 3.31
        },
        "modes": [
          {
            "mode": 1,
            "affinity": -3.6,
            "rmsd_l_b": 0.0,
            "rmsd_u_b": 0.0
          },
          {
            "mode": 2,
            "affinity": -3.5,
            "rmsd_l_b": 1.943,
            "rmsd_u_b": 4.403
          },
          {
            "mode": 3,
            "affinity": -3.4,
            "rmsd_l_b": 1.757,
            "rmsd_u_b": 2.037
          },
          {
            "mode": 4,
            "affinity": -3.3,
            "rmsd_l_b": 1.613,
            "rmsd_u_b": 4.602
          },
          {
            "mode": 5,
            "affinity": -3.3,
            "rmsd_l_b": 1.948,
            "rmsd_u_b": 2.414
          },
          {
            "mode": 6,
            "affinity": -3.3,
            "rmsd_l_b": 2.761,
            "rmsd_u_b": 3.783
          },
          {
            "mode": 7,
            "affinity": -3.2,
            "rmsd_l_b": 2.312,
            "rmsd_u_b": 3.284
          },
          {
            "mode": 8,
            "affinity": -3.1,
            "rmsd_l_b": 1.567,
            "rmsd_u_b": 4.505
          },
          {
            "mode": 9,
            "affinity": -3.1,
            "rmsd_l_b": 3.054,
            "rmsd_u_b": 4.762
          }
        ]
      },
      {
        "run": 4,
        "seed": 649432,
        "average": {
          "affinity": -3.333,
          "rmsd_l_b": 2.453,
          "rmsd_u_b": 3.834
        },
        "modes": [
          {
            "mode": 1,
            "affinity": -3.6,
            "rmsd_l_b": 0.0,
            "rmsd_u_b": 0.0
          },
          {
            "mode": 2,
            "affinity": -3.5,
            "rmsd_l_b": 1.933,
            "rmsd_u_b": 4.398
          },
          {
            "mode": 3,
            "affinity": -3.4,
            "rmsd_l_b": 1.593,
            "rmsd_u_b": 1.843
          },
          {
            "mode": 4,
            "affinity": -3.3,
            "rmsd_l_b": 1.599,
            "rmsd_u_b": 4.664
          },
          {
            "mode": 5,
            "affinity": -3.3,
            "rmsd_l_b": 8.343,
            "rmsd_u_b": 9.61
          },
          {
            "mode": 6,
            "affinity": -3.3,
            "rmsd_l_b": 1.717,
            "rmsd_u_b": 2.252
          },
          {
            "mode": 7,
            "affinity": -3.3,
            "rmsd_l_b": 2.748,
            "rmsd_u_b": 3.817
          },
          {
            "mode": 8,
            "affinity": -3.2,
            "rmsd_l_b": 2.547,
            "rmsd_u_b": 3.388
          },
          {
            "mode": 9,
            "affinity": -3.1,
            "rmsd_l_b": 1.594,
            "rmsd_u_b": 4.537
          }
        ]
      },
      {
        "run": 5,
        "seed": 188560,
        "average": {
          "affinity": -3.3,
          "rmsd_l_b": 3.316,
          "rmsd_u_b": 4.686
        },
        "modes": [
          {
            "mode": 1,
            "affinity": -3.6,
            "rmsd_l_b": 0.0,
            "rmsd_u_b": 0.0
          },
          {
            "mode": 2,
            "affinity": -3.5,
            "rmsd_l_b": 1.946,
            "rmsd_u_b": 4.395
          },
          {
            "mode": 3,
            "affinity": -3.4,
            "rmsd_l_b": 1.654,
            "rmsd_u_b": 1.917
          },
          {
            "mode": 4,
            "affinity": -3.3,
            "rmsd_l_b": 1.61,
            "rmsd_u_b": 4.6
          },
          {
            "mode": 5,
            "affinity": -3.3,
            "rmsd_l_b": 2.783,
            "rmsd_u_b": 3.807
          },
          {
            "mode": 6,
            "affinity": -3.2,
            "rmsd_l_b": 2.001,
            "rmsd_u_b": 2.553
          },
          {
            "mode": 7,
            "affinity": -3.2,
            "rmsd_l_b": 8.64,
            "rmsd_u_b": 9.771
          },
          {
            "mode": 8,
            "affinity": -3.1,
            "rmsd_l_b": 9.374,
            "rmsd_u_b": 10.547
          },
          {
            "mode": 9,
            "affinity": -3.1,
            "rmsd_l_b": 1.84,
            "rmsd_u_b": 4.586
          }
        ]
      },
      {
        "run": 6,
        "seed": 606206,
        "average": {
          "affinity": -3.278,
          "rmsd_l_b": 1.908,
          "rmsd_u_b": 3.245
        },
        "modes": [
          {
            "mode": 1,
            "affinity": -3.6,
            "rmsd_l_b": 0.0,
            "rmsd_u_b": 0.0
          },
          {
            "mode": 2,
            "affinity": -3.5,
            "rmsd_l_b": 1.936,
            "rmsd_u_b": 4.399
          },
          {
            "mode": 3,
            "affinity": -3.4,
            "rmsd_l_b": 1.588,
            "rmsd_u_b": 2.042
          },
          {
            "mode": 4,
            "affinity": -3.3,
            "rmsd_l_b": 2.746,
            "rmsd_u_b": 3.813
          },
          {
            "mode": 5,
            "affinity": -3.2,
            "rmsd_l_b": 1.622,
            "rmsd_u_b": 4.587
          },
          {
            "mode": 6,
            "affinity": -3.2,
            "rmsd_l_b": 1.576,
            "rmsd_u_b": 4.513
          },
          {
            "mode": 7,
            "affinity": -3.1,
            "rmsd_l_b": 1.834,
            "rmsd_u_b": 2.199
          },
          {
            "mode": 8,
            "affinity": -3.1,
            "rmsd_l_b": 3.373,
            "rmsd_u_b": 3.942
          },
          {
            "mode": 9,
            "affinity": -3.1,
            "rmsd_l_b": 2.495,
            "rmsd_u_b": 3.706
          }
        ]
      },
      {
        "run": 7,
        "seed": 786422,
        "average": {
          "affinity": -3.333,
          "rmsd_l_b": 2.634,
          "rmsd_u_b": 4.042
        },
        "modes": [
          {
            "mode": 1,
            "affinity": -3.6,
            "rmsd_l_b": 0.0,
            "rmsd_u_b": 0.0
          },
          {
            "mode": 2,
            "affinity": -3.5,
            "rmsd_l_b": 1.952,
            "rmsd_u_b": 4.396
          },
          {
            "mode": 3,
            "affinity": -3.4,
            "rmsd_l_b": 1.597,
            "rmsd_u_b": 1.849
          },
          {
            "mode": 4,
            "affinity": -3.3,
            "rmsd_l_b": 1.601,
            "rmsd_u_b": 4.668
          },
          {
            "mode": 5,
            "affinity": -3.3,
            "rmsd_l_b": 1.899,
            "rmsd_u_b": 2.44
          },
          {
            "mode": 6,
            "affinity": -3.3,
            "rmsd_l_b": 2.769,
            "rmsd_u_b": 3.818
          },
          {
            "mode": 7,
            "affinity": -3.2,
            "rmsd_l_b": 8.638,
            "rmsd_u_b": 9.772
          },
          {
            "mode": 8,
            "affinity": -3.2,
            "rmsd_l_b": 3.145,
            "rmsd_u_b": 4.636
          },
          {
            "mode": 9,
            "affinity": -3.2,
            "rmsd_l_b": 2.101,
            "rmsd_u_b": 4.798
          }
        ]
      },
      {
        "run": 8,
        "seed": 498058,
        "average": {
          "affinity": -3.289,
          "rmsd_l_b": 3.242,
          "rmsd_u_b": 4.411
        },
        "modes": [
          {
            "mode": 1,
            "affinity": -3.6,
            "rmsd_l_b": 0.0,
            "rmsd_u_b": 0.0
          },
          {
            "mode": 2,
            "affinity": -3.5,
            "rmsd_l_b": 1.935,
            "rmsd_u_b": 4.401
          },
          {
            "mode": 3,
            "affinity": -3.4,
            "rmsd_l_b": 1.596,
            "rmsd_u_b": 1.847
          },
          {
            "mode": 4,
            "affinity": -3.3,
            "rmsd_l_b": 2.776,
            "rmsd_u_b": 3.802
          },
          {
            "mode": 5,
            "affinity": -3.2,
            "rmsd_l_b": 8.356,
            "rmsd_u_b": 9.632
          },
          {
            "mode": 6,
            "affinity": -3.2,
            "rmsd_l_b": 1.59,
            "rmsd_u_b": 4.517
          },
          {
            "mode": 7,
            "affinity": -3.2,
            "rmsd_l_b": 1.928,
            "rmsd_u_b": 2.328
          },
          {
            "mode": 8,
            "affinity": -3.1,
            "rmsd_l_b": 8.493,
            "rmsd_u_b": 9.96
          },
          {
            "mode": 9,
            "affinity": -3.1,
            "rmsd_l_b": 2.504,
            "rmsd_u_b": 3.216
          }
        ]
      },
      {
        "run": 9,
        "seed": 439905,
        "average": {
          "affinity": -3.356,
          "rmsd_l_b": 2.454,
          "rmsd_u_b": 3.766
        },
        "modes": [
          {
            "mode": 1,
            "affinity": -3.6,
            "rmsd_l_b": 0.0,
            "rmsd_u_b": 0.0
          },
          {
            "mode": 2,
            "affinity": -3.5,
            "rmsd_l_b": 0.689,
            "rmsd_u_b": 1.096
          },
          {
            "mode": 3,
            "affinity": -3.5,
            "rmsd_l_b": 1.944,
            "rmsd_u_b": 4.399
          },
          {
            "mode": 4,
            "affinity": -3.4,
            "rmsd_l_b": 1.737,
            "rmsd_u_b": 2.014
          },
          {
            "mode": 5,
            "affinity": -3.3,
            "rmsd_l_b": 1.608,
            "rmsd_u_b": 4.601
          },
          {
            "mode": 6,
            "affinity": -3.3,
            "rmsd_l_b": 2.784,
            "rmsd_u_b": 3.83
          },
          {
            "mode": 7,
            "affinity": -3.3,
            "rmsd_l_b": 8.376,
            "rmsd_u_b": 9.669
          },
          {
            "mode": 8,
            "affinity": -3.2,
            "rmsd_l_b": 1.925,
            "rmsd_u_b": 4.829
          },
          {
            "mode": 9,
            "affinity": -3.1,
            "rmsd_l_b": 3.02,
            "rmsd_u_b": 3.46
          }
        ]
      },
      {
        "run": 10,
        "seed": 969935,
        "average": {
          "affinity": -3.3,
          "rmsd_l_b": 3.45,
          "rmsd_u_b": 4.59
        },
        "modes": [
          {
            "mode": 1,
            "affinity": -3.6,
            "rmsd_l_b": 0.0,
            "rmsd_u_b": 0.0
          },
          {
            "mode": 2,
            "affinity": -3.5,
            "rmsd_l_b": 1.938,
            "rmsd_u_b": 4.399
          },
          {
            "mode": 3,
            "affinity": -3.4,
            "rmsd_l_b": 1.677,
            "rmsd_u_b": 1.944
          },
          {
            "mode": 4,
            "affinity": -3.3,
            "rmsd_l_b": 1.605,
            "rmsd_u_b": 4.669
          },
          {
            "mode": 5,
            "affinity": -3.3,
            "rmsd_l_b": 2.793,
            "rmsd_u_b": 3.821
          },
          {
            "mode": 6,
            "affinity": -3.2,
            "rmsd_l_b": 1.813,
            "rmsd_u_b": 2.28
          },
          {
            "mode": 7,
            "affinity": -3.2,
            "rmsd_l_b": 8.556,
            "rmsd_u_b": 9.733
          },
          {
            "mode": 8,
            "affinity": -3.1,
            "rmsd_l_b": 3.327,
            "rmsd_u_b": 3.955
          },
          {
            "mode": 9,
            "affinity": -3.1,
            "rmsd_l_b": 9.338,
            "rmsd_u_b": 10.508
          }
        ]
      },
      {
        "run": 11,
        "seed": 81279,
        "average": {
          "affinity": -3.322,
          "rmsd_l_b": 3.247,
          "rmsd_u_b": 4.666
        },
        "modes": [
          {
            "mode": 1,
            "affinity": -3.6,
            "rmsd_l_b": 0.0,
            "rmsd_u_b": 0.0
          },
          {
            "mode": 2,
            "affinity": -3.5,
            "rmsd_l_b": 1.939,
            "rmsd_u_b": 4.399
          },
          {
            "mode": 3,
            "affinity": -3.4,
            "rmsd_l_b": 1.68,
            "rmsd_u_b": 1.947
          },
          {
            "mode": 4,
            "affinity": -3.3,
            "rmsd_l_b": 1.603,
            "rmsd_u_b": 4.665
          },
          {
            "mode": 5,
            "affinity": -3.3,
            "rmsd_l_b": 8.355,
            "rmsd_u_b": 9.627
          },
          {
            "mode": 6,
            "affinity": -3.3,
            "rmsd_l_b": 2.79,
            "rmsd_u_b": 3.813
          },
          {
            "mode": 7,
            "affinity": -3.2,
            "rmsd_l_b": 2.185,
            "rmsd_u_b": 2.738
          },
          {
            "mode": 8,
            "affinity": -3.2,
            "rmsd_l_b": 9.162,
            "rmsd_u_b": 10.29
          },
          {
            "mode": 9,
            "affinity": -3.1,
            "rmsd_l_b": 1.508,
            "rmsd_u_b": 4.511
          }
        ]
      },
      {
        "run": 12,
        "seed": 966362,
        "average": {
          "affinity": -3.322,
          "rmsd_l_b": 3.271,
          "rmsd_u_b": 4.664
        },
        "modes": [
          {
            "mode": 1,
            "affinity": -3.6,
            "rmsd_l_b": 0.0,
            "rmsd_u_b": 0.0
          },
          {
            "mode": 2,
            "affinity": -3.5,
            "rmsd_l_b": 2.023,
            "rmsd_u_b": 4.379
          },
          {
            "mode": 3,
            "affinity": -3.4,
            "rmsd_l_b": 1.714,
            "rmsd_u_b": 1.985
          },
          {
            "mode": 4,
            "affinity": -3.3,
            "rmsd_l_b": 1.596,
            "rmsd_u_b": 4.664
          },
          {
            "mode": 5,
            "affinity": -3.3,
            "rmsd_l_b": 1.908,
            "rmsd_u_b": 2.453
          },
          {
            "mode": 6,
            "affinity": -3.3,
            "rmsd_l_b": 2.748,
            "rmsd_u_b": 3.809
          },
          {
            "mode": 7,
            "affinity": -3.2,
            "rmsd_l_b": 8.607,
            "rmsd_u_b": 9.747
          },
          {
            "mode": 8,
            "affinity": -3.2,
            "rmsd_l_b": 9.261,
            "rmsd_u_b": 10.429
          },
          {
            "mode": 9,
            "affinity": -3.1,
            "rmsd_l_b": 1.58,
            "rmsd_u_b": 4.512
          }
        ]
      },
      {
        "run": 13,
        "seed": 12998,
        "average": {
          "affinity": -3.311,
          "rmsd_l_b": 2.563,
          "rmsd_u_b": 3.879
        },
        "modes": [
          {
            "mode": 1,
            "affinity": -3.6,
            "rmsd_l_b": 0.0,
            "rmsd_u_b": 0.0
          },
          {
            "mode": 2,
            "affinity": -3.5,
            "rmsd_l_b": 1.892,
            "rmsd_u_b": 4.398
          },
          {
            "mode": 3,
            "affinity": -3.4,
            "rmsd_l_b": 1.419,
            "rmsd_u_b": 1.633
          },
          {
            "mode": 4,
            "affinity": -3.3,
            "rmsd_l_b": 1.927,
            "rmsd_u_b": 2.479
          },
          {
            "mode": 5,
            "affinity": -3.3,
            "rmsd_l_b": 2.761,
            "rmsd_u_b": 3.791
          },
          {
            "mode": 6,
            "affinity": -3.3,
            "rmsd_l_b": 1.623,
            "rmsd_u_b": 4.601
          },
          {
            "mode": 7,
            "affinity": -3.2,
            "rmsd_l_b": 8.774,
            "rmsd_u_b": 9.836
          },
          {
            "mode": 8,
            "affinity": -3.1,
            "rmsd_l_b": 3.085,
            "rmsd_u_b": 3.652
          },
          {
            "mode": 9,
            "affinity": -3.1,
            "rmsd_l_b": 1.586,
            "rmsd_u_b": 4.524
          }
        ]
      },
      {
        "run": 14,
        "seed": 733409,
        "average": {
          "affinity": -3.333,
          "rmsd_l_b": 3.271,
          "rmsd_u_b": 4.641
        },
        "modes": [
          {
            "mode": 1,
            "affinity": -3.6,
            "rmsd_l_b": 0.0,
            "rmsd_u_b": 0.0
          },
          {
            "mode": 2,
            "affinity": -3.5,
            "rmsd_l_b": 1.926,
            "rmsd_u_b": 4.396
          },
          {
            "mode": 3,
            "affinity": -3.4,
            "rmsd_l_b": 1.652,
            "rmsd_u_b": 1.914
          },
          {
            "mode": 4,
            "affinity": -3.3,
            "rmsd_l_b": 1.61,
            "rmsd_u_b": 4.599
          },
          {
            "mode": 5,
            "affinity": -3.3,
            "rmsd_l_b": 1.977,
            "rmsd_u_b": 2.453
          },
          {
            "mode": 6,
            "affinity": -3.3,
            "rmsd_l_b": 2.795,
            "rmsd_u_b": 3.75
          },
          {
            "mode": 7,
            "affinity": -3.2,
            "rmsd_l_b": 8.649,
            "rmsd_u_b": 9.773
          },
          {
            "mode": 8,
            "affinity": -3.2,
            "rmsd_l_b": 9.251,
            "rmsd_u_b": 10.372
          },
          {
            "mode": 9,
            "affinity": -3.2,
            "rmsd_l_b": 1.581,
            "rmsd_u_b": 4.512
          }
        ]
      },
      {
        "run": 15,
        "seed": 580700,
        "average": {
          "affinity": -3.311,
          "rmsd_l_b": 1.77,
          "rmsd_u_b": 3.145
        },
        "modes": [
          {
            "mode": 1,
            "affinity": -3.6,
            "rmsd_l_b": 0.0,
            "rmsd_u_b": 0.0
          },
          {
            "mode": 2,
            "affinity": -3.5,
            "rmsd_l_b": 1.926,
            "rmsd_u_b": 4.395
          },
          {
            "mode": 3,
            "affinity": -3.4,
            "rmsd_l_b": 1.616,
            "rmsd_u_b": 1.872
          },
          {
            "mode": 4,
            "affinity": -3.3,
            "rmsd_l_b": 1.474,
            "rmsd_u_b": 2.072
          },
          {
            "mode": 5,
            "affinity": -3.3,
            "rmsd_l_b": 1.604,
            "rmsd_u_b": 4.666
          },
          {
            "mode": 6,
            "affinity": -3.3,
            "rmsd_l_b": 2.788,
            "rmsd_u_b": 3.829
          },
          {
            "mode": 7,
            "affinity": -3.2,
            "rmsd_l_b": 1.585,
            "rmsd_u_b": 4.511
          },
          {
            "mode": 8,
            "affinity": -3.1,
            "rmsd_l_b": 2.469,
            "rmsd_u_b": 3.208
          },
          {
            "mode": 9,
            "affinity": -3.1,
            "rmsd_l_b": 2.465,
            "rmsd_u_b": 3.749
          }
        ]
      },
      {
        "run": 16,
        "seed": 398996,
        "average": {
          "affinity": -3.356,
          "rmsd_l_b": 3.17,
          "rmsd_u_b": 4.549
        },
        "modes": [
          {
            "mode": 1,
            "affinity": -3.6,
            "rmsd_l_b": 0.0,
            "rmsd_u_b": 0.0
          },
          {
            "mode": 2,
            "affinity": -3.5,
            "rmsd_l_b": 0.734,
            "rmsd_u_b": 1.427
          },
          {
            "mode": 3,
            "affinity": -3.5,
            "rmsd_l_b": 1.932,
            "rmsd_u_b": 4.4
          },
          {
            "mode": 4,
            "affinity": -3.4,
            "rmsd_l_b": 1.697,
            "rmsd_u_b": 1.967
          },
          {
            "mode": 5,
            "affinity": -3.3,
            "rmsd_l_b": 1.612,
            "rmsd_u_b": 4.602
          },
          {
            "mode": 6,
            "affinity": -3.3,
            "rmsd_l_b": 2.808,
            "rmsd_u_b": 3.797
          },
          {
            "mode": 7,
            "affinity": -3.2,
            "rmsd_l_b": 8.627,
            "rmsd_u_b": 9.757
          },
          {
            "mode": 8,
            "affinity": -3.2,
            "rmsd_l_b": 9.268,
            "rmsd_u_b": 10.39
          },
          {
            "mode": 9,
            "affinity": -3.2,
            "rmsd_l_b": 1.85,
            "rmsd_u_b": 4.603
          }
        ]
      },
      {
        "run": 17,
        "seed": 213214,
        "average": {
          "affinity": -3.3,
          "rmsd_l_b": 3.441,
          "rmsd_u_b": 4.825
        },
        "modes": [
          {
            "mode": 1,
            "affinity": -3.6,
            "rmsd_l_b": 0.0,
            "rmsd_u_b": 0.0
          },
          {
            "mode": 2,
            "affinity": -3.5,
            "rmsd_l_b": 1.919,
            "rmsd_u_b": 4.393
          },
          {
            "mode": 3,
            "affinity": -3.4,
            "rmsd_l_b": 1.681,
            "rmsd_u_b": 1.948
          },
          {
            "mode": 4,
            "affinity": -3.3,
            "rmsd_l_b": 2.76,
            "rmsd_u_b": 3.863
          },
          {
            "mode": 5,
            "affinity": -3.2,
            "rmsd_l_b": 9.296,
            "rmsd_u_b": 10.437
          },
          {
            "mode": 6,
            "affinity": -3.2,
            "rmsd_l_b": 8.785,
            "rmsd_u_b": 9.847
          },
          {
            "mode": 7,
            "affinity": -3.2,
            "rmsd_l_b": 1.579,
            "rmsd_u_b": 4.515
          },
          {
            "mode": 8,
            "affinity": -3.2,
            "rmsd_l_b": 1.748,
            "rmsd_u_b": 4.728
          },
          {
            "mode": 9,
            "affinity": -3.1,
            "rmsd_l_b": 3.204,
            "rmsd_u_b": 3.698
          }
        ]
      },
      {
        "run": 18,
        "seed": 751453,
        "average": {
          "affinity": -3.311,
          "rmsd_l_b": 3.271,
          "rmsd_u_b": 4.651
        },
        "modes": [
          {
            "mode": 1,
            "affinity": -3.6,
            "rmsd_l_b": 0.0,
            "rmsd_u_b": 0.0
          },
          {
            "mode": 2,
            "affinity": -3.5,
            "rmsd_l_b": 1.941,
            "rmsd_u_b": 4.406
          },
          {
            "mode": 3,
            "affinity": -3.4,
            "rmsd_l_b": 1.618,
            "rmsd_u_b": 1.875
          },
          {
            "mode": 4,
            "affinity": -3.3,
            "rmsd_l_b": 1.603,
            "rmsd_u_b": 4.667
          },
          {
            "mode": 5,
            "affinity": -3.3,
            "rmsd_l_b": 2.789,
            "rmsd_u_b": 3.812
          },
          {
            "mode": 6,
            "affinity": -3.2,
            "rmsd_l_b": 9.195,
            "rmsd_u_b": 10.331
          },
          {
            "mode": 7,
            "affinity": -3.2,
            "rmsd_l_b": 8.747,
            "rmsd_u_b": 9.814
          },
          {
            "mode": 8,
            "affinity": -3.2,
            "rmsd_l_b": 1.594,
            "rmsd_u_b": 4.514
          },
          {
            "mode": 9,
            "affinity": -3.1,
            "rmsd_l_b": 1.954,
            "rmsd_u_b": 2.44
          }
        ]
      },
      {
        "run": 19,
        "seed": 117562,
        "average": {
          "affinity": -3.333,
          "rmsd_l_b": 3.156,
          "rmsd_u_b": 4.52
        },
        "modes": [
          {
            "mode": 1,
            "affinity": -3.6,
            "rmsd_l_b": 0.0,
            "rmsd_u_b": 0.0
          },
          {
            "mode": 2,
            "affinity": -3.5,
            "rmsd_l_b": 0.663,
            "rmsd_u_b": 1.079
          },
          {
            "mode": 3,
            "affinity": -3.5,
            "rmsd_l_b": 1.929,
            "rmsd_u_b": 4.398
          },
          {
            "mode": 4,
            "affinity": -3.4,
            "rmsd_l_b": 1.7,
            "rmsd_u_b": 2.161
          },
          {
            "mode": 5,
            "affinity": -3.3,
            "rmsd_l_b": 1.603,
            "rmsd_u_b": 4.666
          },
          {
            "mode": 6,
            "affinity": -3.2,
            "rmsd_l_b": 8.62,
            "rmsd_u_b": 9.747
          },
          {
            "mode": 7,
            "affinity": -3.2,
            "rmsd_l_b": 2.818,
            "rmsd_u_b": 3.618
          },
          {
            "mode": 8,
            "affinity": -3.2,
            "rmsd_l_b": 1.803,
            "rmsd_u_b": 4.582
          },
          {
            "mode": 9,
            "affinity": -3.1,
            "rmsd_l_b": 9.266,
            "rmsd_u_b": 10.429
          }
        ]
      },
      {
        "run": 20,
        "seed": 439821,
        "average": {
          "affinity": -3.333,
          "rmsd_l_b": 2.528,
          "rmsd_u_b": 3.981
        },
        "modes": [
          {
            "mode": 1,
            "affinity": -3.6,
            "rmsd_l_b": 0.0,
            "rmsd_u_b": 0.0
          },
          {
            "mode": 2,
            "affinity": -3.5,
            "rmsd_l_b": 1.948,
            "rmsd_u_b": 4.394
          },
          {
            "mode": 3,
            "affinity": -3.4,
            "rmsd_l_b": 1.64,
            "rmsd_u_b": 1.9
          },
          {
            "mode": 4,
            "affinity": -3.3,
            "rmsd_l_b": 1.603,
            "rmsd_u_b": 4.664
          },
          {
            "mode": 5,
            "affinity": -3.3,
            "rmsd_l_b": 1.844,
            "rmsd_u_b": 2.308
          },
          {
            "mode": 6,
            "affinity": -3.3,
            "rmsd_l_b": 8.386,
            "rmsd_u_b": 9.641
          },
          {
            "mode": 7,
            "affinity": -3.3,
            "rmsd_l_b": 2.79,
            "rmsd_u_b": 3.791
          },
          {
            "mode": 8,
            "affinity": -3.2,
            "rmsd_l_b": 3.011,
            "rmsd_u_b": 4.626
          },
          {
            "mode": 9,
            "affinity": -3.1,
            "rmsd_l_b": 1.527,
            "rmsd_u_b": 4.505
          }
        ]
      }
    ]
  }
}