{
  "rmsd": 3.364,
  "rmsd_method": "C-alpha coordinates",
  "rmsd_tool": "BioPython",
  "docking": {
    "average_affinity": -3.957,
    "runs": [
      {
        "run": 1,
        "seed": 288777,
        "average": {
          "affinity": -3.833,
          "rmsd_l_b": 2.465,
          "rmsd_u_b": 6.132
        },
        "modes": [
          {
            "mode": 1,
            "affinity": -4.1,
            "rmsd_l_b": 0.0,
            "rmsd_u_b": 0.0
          },
          {
            "mode": 2,
            "affinity": -3.9,
            "rmsd_l_b": 1.761,
            "rmsd_u_b": 7.443
          },
          {
            "mode": 3,
            "affinity": -3.9,
            "rmsd_l_b": 3.142,
            "rmsd_u_b": 6.933
          },
          {
            "mode": 4,
            "affinity": -3.8,
            "rmsd_l_b": 3.239,
            "rmsd_u_b": 7.537
          },
          {
            "mode": 5,
            "affinity": -3.8,
            "rmsd_l_b": 1.796,
            "rmsd_u_b": 2.35
          },
          {
            "mode": 6,
            "affinity": -3.8,
            "rmsd_l_b": 1.79,
            "rmsd_u_b": 4.877
          },
          {
            "mode": 7,
            "affinity": -3.8,
            "rmsd_l_b": 3.555,
            "rmsd_u_b": 6.996
          },
          {
            "mode": 8,
            "affinity": -3.7,
            "rmsd_l_b": 3.215,
            "rmsd_u_b": 9.61
          },
          {
            "mode": 9,
            "affinity": -3.7,
            "rmsd_l_b": 3.688,
            "rmsd_u_b": 9.442
          }
        ]
      },
      {
        "run": 2,
        "seed": 8428,
        "average": {
          "affinity": -4.289,
          "rmsd_l_b": 2.051,
          "rmsd_u_b": 6.408
        },
        "modes": [
          {
            "mode": 1,
            "affinity": -4.5,
            "rmsd_l_b": 0.0,
            "rmsd_u_b": 0.0
          },
          {
            "mode": 2,
            "affinity": -4.5,
            "rmsd_l_b": 1.737,
            "rmsd_u_b": 2.224
          },
          {
            "mode": 3,
            "affinity": -4.4,
            "rmsd_l_b": 1.866,
            "rmsd_u_b": 8.055
          },
          {
            "mode": 4,
            "affinity": -4.3,
            "rmsd_l_b": 1.881,
            "rmsd_u_b": 7.78
          },
          {
            "mode": 5,
            "affinity": -4.3,
            "rmsd_l_b": 3.767,
            "rmsd_u_b": 6.308
          },
          {
            "mode": 6,
            "affinity": -4.2,
            "rmsd_l_b": 1.908,
            "rmsd_u_b": 7.894
          },
          {
            "mode": 7,
            "affinity": -4.2,
            "rmsd_l_b": 3.206,
            "rmsd_u_b": 8.583
          },
          {
            "mode": 8,
            "affinity": -4.1,
            "rmsd_l_b": 2.211,
            "rmsd_u_b": 8.376
          },
          {
            "mode": 9,
            "affinity": -4.1,
            "rmsd_l_b": 1.883,
            "rmsd_u_b": 8.452
          }
        ]
      },
      {
        "run": 3,
        "seed": 185239,
        "average": {
          "affinity": -3.856,
          "rmsd_l_b": 2.269,
          "rmsd_u_b": 6.792
        },
        "modes": [
          {
            "mode": 1,
            "affinity": -4.4,
            "rmsd_l_b": 0.0,
            "rmsd_u_b": 0.0
          },
          {
            "mode": 2,
            "affinity": -3.9,
            "rmsd_l_b": 2.331,
            "rmsd_u_b": 7.436
          },
          {
            "mode": 3,
            "affinity": -3.9,
            "rmsd_l_b": 2.712,
            "rmsd_u_b": 6.607
          },
          {
            "mode": 4,
            "affinity": -3.8,
            "rmsd_l_b": 2.85,
            "rmsd_u_b": 9.651
          },
          {
            "mode": 5,
            "affinity": -3.8,
            "rmsd_l_b": 2.459,
            "rmsd_u_b": 7.201
          },
          {
            "mode": 6,
            "affinity": -3.8,
            "rmsd_l_b": 2.201,
            "rmsd_u_b": 7.54
          },
          {
            "mode": 7,
            "affinity": -3.7,
            "rmsd_l_b": 2.757,
            "rmsd_u_b": 7.03
          },
          {
            "mode": 8,
            "affinity": -3.7,
            "rmsd_l_b": 2.65,
            "rmsd_u_b": 7.965
          },
          {
            "mode": 9,
            "affinity": -3.7,
            "rmsd_l_b": 2.459,
            "rmsd_u_b": 7.695
          }
        ]
      },
      {
        "run": 4,
        "seed": 444642,
        "average": {
          "affinity": -4.089,
          "rmsd_l_b": 2.176,
          "rmsd_u_b": 5.686
        },
        "modes": [
          {
            "mode": 1,
            "affinity": -4.5,
            "rmsd_l_b": 0.0,
            "rmsd_u_b": 0.0
          },
          {
            "mode": 2,
            "affinity": -4.3,
            "rmsd_l_b": 1.185,
            "rmsd_u_b": 6.995
          },
          {
            "mode": 3,
            "affinity": -4.2,
            "rmsd_l_b": 1.052,
            "rmsd_u_b": 7.324
          },
          {
            "mode": 4,
            "affinity": -4.2,
            "rmsd_l_b": 3.194,
            "rmsd_u_b": 7.083
          },
          {
            "mode": 5,
            "affinity": -4.1,
            "rmsd_l_b": 3.31,
            "rmsd_u_b": 8.214
          },
          {
            "mode": 6,
            "affinity": -4.0,
            "rmsd_l_b": 2.995,
            "rmsd_u_b": 5.163
          },
          {
            "mode": 7,
            "affinity": -3.9,
            "rmsd_l_b": 2.989,
            "rmsd_u_b": 7.488
          },
          {
            "mode": 8,
            "affinity": -3.8,
            "rmsd_l_b": 1.767,
            "rmsd_u_b": 2.152
          },
          {
            "mode": 9,
            "affinity": -3.8,
            "rmsd_l_b": 3.095,
            "rmsd_u_b": 6.754
          }
        ]
      },
      {
        "run": 5,
        "seed": 804355,
        "average": {
          "affinity": -3.811,
          "rmsd_l_b": 2.43,
          "rmsd_u_b": 5.044
        },
        "modes": [
          {
            "mode": 1,
            "affinity": -4.0,
            "rmsd_l_b": 0.0,
            "rmsd_u_b": 0.0
          },
          {
            "mode": 2,
            "affinity": -4.0,
            "rmsd_l_b": 2.672,
            "rmsd_u_b": 5.419
          },
          {
            "mode": 3,
            "affinity": -3.9,
            "rmsd_l_b": 2.455,
            "rmsd_u_b": 4.687
          },
          {
            "mode": 4,
            "affinity": -3.8,
            "rmsd_l_b": 2.722,
            "rmsd_u_b": 4.872
          },
          {
            "mode": 5,
            "affinity": -3.8,
            "rmsd_l_b": 1.991,
            "rmsd_u_b": 2.542
          },
          {
            "mode": 6,
            "affinity": -3.7,
            "rmsd_l_b": 2.912,
            "rmsd_u_b": 7.1
          },
          {
            "mode": 7,
            "affinity": -3.7,
            "rmsd_l_b": 2.967,
            "rmsd_u_b": 7.414
          },
          {
            "mode": 8,
            "affinity": -3.7,
            "rmsd_l_b": 3.257,
            "rmsd_u_b": 7.169
          },
          {
            "mode": 9,
            "affinity": -3.7,
            "rmsd_l_b": 2.893,
            "rmsd_u_b": 6.189
          }
        ]
      },
      {
        "run": 6,
        "seed": 836354,
        "average": {
          "affinity": -3.433,
          "rmsd_l_b": 2.394,
          "rmsd_u_b": 5.404
        },
        "modes": [
          {
            "mode": 1,
            "affinity": -3.5,
            "rmsd_l_b": 0.0,
            "rmsd_u_b": 0.0
          },
          {
            "mode": 2,
            "affinity": -3.5,
            "rmsd_l_b": 3.161,
            "rmsd_u_b": 6.366
          },
          {
            "mode": 3,
            "affinity": -3.5,
            "rmsd_l_b": 3.424,
            "rmsd_u_b": 7.444
          },
          {
            "mode": 4,
            "affinity": -3.5,
            "rmsd_l_b": 3.028,
            "rmsd_u_b": 6.163
          },
          {
            "mode": 5,
            "affinity": -3.4,
            "rmsd_l_b": 1.787,
            "rmsd_u_b": 2.264
          },
          {
            "mode": 6,
            "affinity": -3.4,
            "rmsd_l_b": 3.038,
            "rmsd_u_b": 7.637
          },
          {
            "mode": 7,
            "affinity": -3.4,
            "rmsd_l_b": 3.034,
            "rmsd_u_b": 9.536
          },
          {
            "mode": 8,
            "affinity": -3.4,
            "rmsd_l_b": 2.186,
            "rmsd_u_b": 6.763
          },
          {
            "mode": 9,
            "affinity": -3.3,
            "rmsd_l_b": 1.885,
            "rmsd_u_b": 2.465
          }
        ]
      },
      {
        "run": 7,
        "seed": 72881,
        "average": {
          "affinity": -4.089,
          "rmsd_l_b": 2.567,
          "rmsd_u_b": 5.961
        },
        "modes": [
          {
            "mode": 1,
            "affinity": -4.5,
            "rmsd_l_b": 0.0,
            "rmsd_u_b": 0.0
          },
          {
            "mode": 2,
            "affinity": -4.2,
            "rmsd_l_b": 1.321,
            "rmsd_u_b": 6.957
          },
          {
            "mode": 3,
            "affinity": -4.1,
            "rmsd_l_b": 2.611,
            "rmsd_u_b": 4.423
          },
          {
            "mode": 4,
            "affinity": -4.1,
            "rmsd_l_b": 2.469,
            "rmsd_u_b": 4.557
          },
          {
            "mode": 5,
            "affinity": -4.0,
            "rmsd_l_b": 2.039,
            "rmsd_u_b": 7.855
          },
          {
            "mode": 6,
            "affinity": -4.0,
            "rmsd_l_b": 2.811,
            "rmsd_u_b": 5.679
          },
          {
            "mode": 7,
            "affinity": -4.0,
            "rmsd_l_b": 1.536,
            "rmsd_u_b": 7.796
          },
          {
            "mode": 8,
            "affinity": -4.0,
            "rmsd_l_b": 7.86,
            "rmsd_u_b": 10.857
          },
          {
            "mode": 9,
            "affinity": -3.9,
            "rmsd_l_b": 2.459,
            "rmsd_u_b": 5.526
          }
        ]
      },
      {
        "run": 8,
        "seed": 126626,
        "average": {
          "affinity": -3.956,
          "rmsd_l_b": 2.002,
          "rmsd_u_b": 5.986
        },
        "modes": [
          {
            "mode": 1,
            "affinity": -4.1,
            "rmsd_l_b": 0.0,
            "rmsd_u_b": 0.0
          },
          {
            "mode": 2,
            "affinity": -4.1,
            "rmsd_l_b": 1.857,
            "rmsd_u_b": 7.495
          },
          {
            "mode": 3,
            "affinity": -4.1,
            "rmsd_l_b": 1.954,
            "rmsd_u_b": 7.445
          },
          {
            "mode": 4,
            "affinity": -4.0,
            "rmsd_l_b": 0.942,
            "rmsd_u_b": 7.524
          },
          {
            "mode": 5,
            "affinity": -3.9,
            "rmsd_l_b": 2.228,
            "rmsd_u_b": 7.789
          },
          {
            "mode": 6,
            "affinity": -3.9,
            "rmsd_l_b": 2.837,
            "rmsd_u_b": 5.77
          },
          {
            "mode": 7,
            "affinity": -3.9,
            "rmsd_l_b": 2.199,
            "rmsd_u_b": 3.614
          },
          {
            "mode": 8,
            "affinity": -3.8,
            "rmsd_l_b": 2.735,
            "rmsd_u_b": 7.027
          },
          {
            "mode": 9,
            "affinity": -3.8,
            "rmsd_l_b": 3.266,
            "rmsd_u_b": 7.211
          }
        ]
      },
      {
        "run": 9,
        "seed": 271917,
        "average": {
          "affinity": -4.2,
          "rmsd_l_b": 2.097,
          "rmsd_u_b": 5.37
        },
        "modes": [
          {
            "mode": 1,
            "affinity": -4.3,
            "rmsd_l_b": 0.0,
            "rmsd_u_b": 0.0
          },
          {
            "mode": 2,
            "affinity": -4.3,
            "rmsd_l_b": 0.831,
            "rmsd_u_b": 7.277
          },
          {
            "mode": 3,
            "affinity": -4.3,
            "rmsd_l_b": 3.134,
            "rmsd_u_b": 7.193
          },
          {
            "mode": 4,
            "affinity": -4.2,
            "rmsd_l_b": 2.842,
            "rmsd_u_b": 5.228
          },
          {
            "mode": 5,
            "affinity": -4.2,
            "rmsd_l_b": 2.009,
            "rmsd_u_b": 3.206
          },
          {
            "mode": 6,
            "affinity": -4.2,
            "rmsd_l_b": 2.606,
            "rmsd_u_b": 6.646
          },
          {
            "mode": 7,
            "affinity": -4.1,
            "rmsd_l_b": 1.887,
            "rmsd_u_b": 7.583
          },
          {
            "mode": 8,
            "affinity": -4.1,
            "rmsd_l_b": 2.511,
            "rmsd_u_b": 4.261
          },
          {
            "mode": 9,
            "affinity": -4.1,
            "rmsd_l_b": 3.055,
            "rmsd_u_b": 6.932
          }
        ]
      },
      {
        "run": 10,
        "seed": 583620,
        "average": {
          "affinity": -4.211,
          "rmsd_l_b": 2.06,
          "rmsd_u_b": 4.035
        },
        "modes": [
          {
            "mode": 1,
            "affinity": -4.7,
            "rmsd_l_b": 0.0,
            "rmsd_u_b": 0.0
          },
          {
            "mode": 2,
            "affinity": -4.3,
            "rmsd_l_b": 2.937,
            "rmsd_u_b": 5.654
          },
          {
            "mode": 3,
            "affinity": -4.2,
            "rmsd_l_b": 1.535,
            "rmsd_u_b": 1.796
          },
          {
            "mode": 4,
            "affinity": -4.2,
            "rmsd_l_b": 1.599,
            "rmsd_u_b": 4.864
          },
          {
            "mode": 5,
            "affinity": -4.2,
            "rmsd_l_b": 1.992,
            "rmsd_u_b": 2.519
          },
          {
            "mode": 6,
            "affinity": -4.1,
            "rmsd_l_b": 2.464,
            "rmsd_u_b": 6.738
          },
          {
            "mode": 7,
            "affinity": -4.1,
            "rmsd_l_b": 2.282,
            "rmsd_u_b": 2.546
          },
          {
            "mode": 8,
            "affinity": -4.1,
            "rmsd_l_b": 3.273,
            "rmsd_u_b": 7.683
          },
          {
            "mode": 9,
            "affinity": -4.0,
            "rmsd_l_b": 2.458,
            "rmsd_u_b": 4.519
          }
        ]
      },
      {
        "run": 11,
        "seed": 463443,
        "average": {
          "affinity": -3.233,
          "rmsd_l_b": 2.145,
          "rmsd_u_b": 5.738
        },
        "modes": [
          {
            "mode": 1,
            "affinity": -3.4,
            "rmsd_l_b": 0.0,
            "rmsd_u_b": 0.0
          },
          {
            "mode": 2,
            "affinity": -3.4,
            "rmsd_l_b": 2.257,
            "rmsd_u_b": 7.531
          },
          {
            "mode": 3,
            "affinity": -3.3,
            "rmsd_l_b": 2.724,
            "rmsd_u_b": 5.866
          },
          {
            "mode": 4,
            "affinity": -3.2,
            "rmsd_l_b": 2.543,
            "rmsd_u_b": 6.188
          },
          {
            "mode": 5,
            "affinity": -3.2,
            "rmsd_l_b": 2.073,
            "rmsd_u_b": 5.451
          },
          {
            "mode": 6,
            "affinity": -3.2,
            "rmsd_l_b": 2.115,
            "rmsd_u_b": 5.623
          },
          {
            "mode": 7,
            "affinity": -3.2,
            "rmsd_l_b": 2.464,
            "rmsd_u_b": 8.212
          },
          {
            "mode": 8,
            "affinity": -3.1,
            "rmsd_l_b": 2.593,
            "rmsd_u_b": 5.87
          },
          {
            "mode": 9,
            "affinity": -3.1,
            "rmsd_l_b": 2.535,
            "rmsd_u_b": 6.901
          }
        ]
      },
      {
        "run": 12,
        "seed": 719977,
        "average": {
          "affinity": -4.111,
          "rmsd_l_b": 2.386,
          "rmsd_u_b": 5.799
        },
        "modes": [
          {
            "mode": 1,
            "affinity": -4.3,
            "rmsd_l_b": 0.0,
            "rmsd_u_b": 0.0
          },
          {
            "mode": 2,
            "affinity": -4.2,
            "rmsd_l_b": 3.222,
            "rmsd_u_b": 4.317
          },
          {
            "mode": 3,
            "affinity": -4.1,
            "rmsd_l_b": 3.069,
            "rmsd_u_b": 7.592
          },
          {
            "mode": 4,
            "affinity": -4.1,
            "rmsd_l_b": 2.002,
            "rmsd_u_b": 7.779
          },
          {
            "mode": 5,
            "affinity": -4.1,
            "rmsd_l_b": 3.437,
            "rmsd_u_b": 6.695
          },
          {
            "mode": 6,
            "affinity": -4.1,
            "rmsd_l_b": 2.115,
            "rmsd_u_b": 2.489
          },
          {
            "mode": 7,
            "affinity": -4.1,
            "rmsd_l_b": 1.996,
            "rmsd_u_b": 8.615
          },
          {
            "mode": 8,
            "affinity": -4.0,
            "rmsd_l_b": 2.699,
            "rmsd_u_b": 5.473
          },
          {
            "mode": 9,
            "affinity": -4.0,
            "rmsd_l_b": 2.932,
            "rmsd_u_b": 9.23
          }
        ]
      },
      {
        "run": 13,
        "seed": 108449,
        "average": {
          "affinity": -3.844,
          "rmsd_l_b": 2.157,
          "rmsd_u_b": 5.859
        },
        "modes": [
          {
            "mode": 1,
            "affinity": -4.2,
            "rmsd_l_b": 0.0,
            "rmsd_u_b": 0.0
          },
          {
            "mode": 2,
            "affinity": -4.0,
            "rmsd_l_b": 2.714,
            "rmsd_u_b": 6.697
          },
          {
            "mode": 3,
            "affinity": -3.8,
            "rmsd_l_b": 2.197,
            "rmsd_u_b": 3.663
          },
          {
            "mode": 4,
            "affinity": -3.8,
            "rmsd_l_b": 3.191,
            "rmsd_u_b": 9.608
          },
          {
            "mode": 5,
            "affinity": -3.8,
            "rmsd_l_b": 1.903,
            "rmsd_u_b": 5.174
          },
          {
            "mode": 6,
            "affinity": -3.8,
            "rmsd_l_b": 1.623,
            "rmsd_u_b": 7.831
          },
          {
            "mode": 7,
            "affinity": -3.8,
            "rmsd_l_b": 2.732,
            "rmsd_u_b": 5.897
          },
          {
            "mode": 8,
            "affinity": -3.7,
            "rmsd_l_b": 3.254,
            "rmsd_u_b": 6.274
          },
          {
            "mode": 9,
            "affinity": -3.7,
            "rmsd_l_b": 1.799,
            "rmsd_u_b": 7.588
          }
        ]
      },
      {
        "run": 14,
        "seed": 975879,
        "average": {
          "affinity": -3.878,
          "rmsd_l_b": 2.183,
          "rmsd_u_b": 6.169
        },
        "modes": [
          {
            "mode": 1,
            "affinity": -4.2,
            "rmsd_l_b": 0.0,
            "rmsd_u_b": 0.0
          },
          {
            "mode": 2,
            "affinity": -4.1,
            "rmsd_l_b": 1.141,
            "rmsd_u_b": 7.255
          },
          {
            "mode": 3,
            "affinity": -4.0,
            "rmsd_l_b": 2.028,
            "rmsd_u_b": 7.82
          },
          {
            "mode": 4,
            "affinity": -3.9,
            "rmsd_l_b": 2.113,
            "rmsd_u_b": 3.293
          },
          {
            "mode": 5,
            "affinity": -3.8,
            "rmsd_l_b": 2.845,
            "rmsd_u_b": 5.382
          },
          {
            "mode": 6,
            "affinity": -3.8,
            "rmsd_l_b": 2.859,
            "rmsd_u_b": 5.686
          },
          {
            "mode": 7,
            "affinity": -3.7,
            "rmsd_l_b": 2.589,
            "rmsd_u_b": 9.434
          },
          {
            "mode": 8,
            "affinity": -3.7,
            "rmsd_l_b": 2.84,
            "rmsd_u_b": 9.426
          },
          {
            "mode": 9,
            "affinity": -3.7,
            "rmsd_l_b": 3.236,
            "rmsd_u_b": 7.225
          }
        ]
      },
      {
        "run": 15,
        "seed": 929300,
        "average": {
          "affinity": -4.167,
          "rmsd_l_b": 2.307,
          "rmsd_u_b": 6.094
        },
        "modes": [
          {
            "mode": 1,
            "affinity": -4.4,
            "rmsd_l_b": 0.0,
            "rmsd_u_b": 0.0
          },
          {
            "mode": 2,
            "affinity": -4.3,
            "rmsd_l_b": 2.892,
            "rmsd_u_b": 9.585
          },
          {
            "mode": 3,
            "affinity": -4.2,
            "rmsd_l_b": 3.073,
            "rmsd_u_b": 5.657
          },
          {
            "mode": 4,
            "affinity": -4.2,
            "rmsd_l_b": 2.207,
            "rmsd_u_b": 5.465
          },
          {
            "mode": 5,
            "affinity": -4.1,
            "rmsd_l_b": 2.804,
            "rmsd_u_b": 7.928
          },
          {
            "mode": 6,
            "affinity": -4.1,
            "rmsd_l_b": 2.884,
            "rmsd_u_b": 6.298
          },
          {
            "mode": 7,
            "affinity": -4.1,
            "rmsd_l_b": 2.797,
            "rmsd_u_b": 5.141
          },
          {
            "mode": 8,
            "affinity": -4.1,
            "rmsd_l_b": 1.668,
            "rmsd_u_b": 7.738
          },
          {
            "mode": 9,
            "affinity": -4.0,
            "rmsd_l_b": 2.434,
            "rmsd_u_b": 7.032
          }
        ]
      },
      {
        "run": 16,
        "seed": 392306,
        "average": {
          "affinity": -4.056,
          "rmsd_l_b": 2.143,
          "rmsd_u_b": 5.457
        },
        "modes": [
          {
            "mode": 1,
            "affinity": -4.3,
            "rmsd_l_b": 0.0,
            "rmsd_u_b": 0.0
          },
          {
            "mode": 2,
            "affinity": -4.2,
            "rmsd_l_b": 1.651,
            "rmsd_u_b": 2.12
          },
          {
            "mode": 3,
            "affinity": -4.2,
            "rmsd_l_b": 1.796,
            "rmsd_u_b": 7.376
          },
          {
            "mode": 4,
            "affinity": -4.2,
            "rmsd_l_b": 2.604,
            "rmsd_u_b": 6.811
          },
          {
            "mode": 5,
            "affinity": -4.0,
            "rmsd_l_b": 1.453,
            "rmsd_u_b": 5.188
          },
          {
            "mode": 6,
            "affinity": -4.0,
            "rmsd_l_b": 2.951,
            "rmsd_u_b": 6.852
          },
          {
            "mode": 7,
            "affinity": -3.9,
            "rmsd_l_b": 2.737,
            "rmsd_u_b": 6.714
          },
          {
            "mode": 8,
            "affinity": -3.9,
            "rmsd_l_b": 2.722,
            "rmsd_u_b": 7.73
          },
          {
            "mode": 9,
            "affinity": -3.8,
            "rmsd_l_b": 3.369,
            "rmsd_u_b": 6.324
          }
        ]
      },
      {
        "run": 17,
        "seed": 260884,
        "average": {
          "affinity": -3.956,
          "rmsd_l_b": 2.101,
          "rmsd_u_b": 5.461
        },
        "modes": [
          {
            "mode": 1,
            "affinity": -4.2,
            "rmsd_l_b": 0.0,
            "rmsd_u_b": 0.0
          },
          {
            "mode": 2,
            "affinity": -4.0,
            "rmsd_l_b": 2.986,
            "rmsd_u_b": 6.964
          },
          {
            "mode": 3,
            "affinity": -4.0,
            "rmsd_l_b": 2.153,
            "rmsd_u_b": 7.699
          },
          {
            "mode": 4,
            "affinity": -4.0,
            "rmsd_l_b": 2.721,
            "rmsd_u_b": 6.261
          },
          {
            "mode": 5,
            "affinity": -4.0,
            "rmsd_l_b": 2.405,
            "rmsd_u_b": 6.369
          },
          {
            "mode": 6,
            "affinity": -3.9,
            "rmsd_l_b": 1.882,
            "rmsd_u_b": 2.505
          },
          {
            "mode": 7,
            "affinity": -3.9,
            "rmsd_l_b": 1.163,
            "rmsd_u_b": 7.147
          },
          {
            "mode": 8,
            "affinity": -3.9,
            "rmsd_l_b": 2.608,
            "rmsd_u_b": 4.994
          },
          {
            "mode": 9,
            "affinity": -3.7,
            "rmsd_l_b": 2.988,
            "rmsd_u_b": 7.213
          }
        ]
      },
      {
        "run": 18,
        "seed": 385616,
        "average": {
          "affinity": -3.978,
          "rmsd_l_b": 2.702,
          "rmsd_u_b": 6.291
        },
        "modes": [
          {
            "mode": 1,
            "affinity": -4.3,
            "rmsd_l_b": 0.0,
            "rmsd_u_b": 0.0
          },
          {
            "mode": 2,
            "affinity": -4.1,
            "rmsd_l_b": 3.855,
            "rmsd_u_b": 8.65
          },
          {
            "mode": 3,
            "affinity": -4.0,
            "rmsd_l_b": 3.126,
            "rmsd_u_b": 7.284
          },
          {
            "mode": 4,
            "affinity": -4.0,
            "rmsd_l_b": 1.854,
            "rmsd_u_b": 4.825
          },
          {
            "mode": 5,
            "affinity": -3.9,
            "rmsd_l_b": 2.927,
            "rmsd_u_b": 8.063
          },
          {
            "mode": 6,
            "affinity": -3.9,
            "rmsd_l_b": 2.896,
            "rmsd_u_b": 9.159
          },
          {
            "mode": 7,
            "affinity": -3.9,
            "rmsd_l_b": 3.371,
            "rmsd_u_b": 6.628
          },
          {
            "mode": 8,
            "affinity": -3.9,
            "rmsd_l_b": 3.231,
            "rmsd_u_b": 6.575
          },
          {
            "mode": 9,
            "affinity": -3.8,
            "rmsd_l_b": 3.058,
            "rmsd_u_b": 5.434
          }
        ]
      },
      {
        "run": 19,
        "seed": 597936,
        "average": {
          "affinity": -3.944,
          "rmsd_l_b": 1.856,
          "rmsd_u_b": 4.634
        },
        "modes": [
          {
            "mode": 1,
            "affinity": -4.2,
            "rmsd_l_b": 0.0,
            "rmsd_u_b": 0.0
          },
          {
            "mode": 2,
            "affinity": -4.1,
            "rmsd_l_b": 2.567,
            "rmsd_u_b": 5.429
          },
          {
            "mode": 3,
            "affinity": -4.0,
            "rmsd_l_b": 1.668,
            "rmsd_u_b": 2.069
          },
          {
            "mode": 4,
            "affinity": -3.9,
            "rmsd_l_b": 0.903,
            "rmsd_u_b": 7.032
          },
          {
            "mode": 5,
            "affinity": -3.9,
            "rmsd_l_b": 2.409,
            "rmsd_u_b": 6.738
          },
          {
            "mode": 6,
            "affinity": -3.9,
            "rmsd_l_b": 2.188,
            "rmsd_u_b": 2.95
          },
          {
            "mode": 7,
            "affinity": -3.9,
            "rmsd_l_b": 2.503,
            "rmsd_u_b": 5.183
          },
          {
            "mode": 8,
            "affinity": -3.8,
            "rmsd_l_b": 2.57,
            "rmsd_u_b": 6.857
          },
          {
            "mode": 9,
            "affinity": -3.8,
            "rmsd_l_b": 1.895,
            "rmsd_u_b": 5.449
          }
        ]
      },
      {
        "run": 20,
        "seed": 953418,
        "average": {
          "affinity": -4.211,
          "rmsd_l_b": 2.001,
          "rmsd_u_b": 4.593
        },
        "modes": [
          {
            "mode": 1,
            "affinity": -4.5,
            "rmsd_l_b": 0.0,
            "rmsd_u_b": 0.0
          },
          {
            "mode": 2,
            "affinity": -4.3,
            "rmsd_l_b": 1.743,
            "rmsd_u_b": 2.058
          },
          {
            "mode": 3,
            "affinity": -4.3,
            "rmsd_l_b": 1.551,
            "rmsd_u_b": 1.882
          },
          {
            "mode": 4,
            "affinity": -4.2,
            "rmsd_l_b": 2.89,
            "rmsd_u_b": 7.111
          },
          {
            "mode": 5,
            "affinity": -4.2,
            "rmsd_l_b": 2.363,
            "rmsd_u_b": 3.163
          },
          {
            "mode": 6,
            "affinity": -4.1,
            "rmsd_l_b": 2.674,
            "rmsd_u_b": 6.81
          },
          {
            "mode": 7,
            "affinity": -4.1,
            "rmsd_l_b": 2.032,
            "rmsd_u_b": 7.831
          },
          {
            "mode": 8,
            "affinity": -4.1,
            "rmsd_l_b": 2.775,
            "rmsd_u_b": 7.202
          },
          {
            "mode": 9,
            "affinity": -4.1,
            "rmsd_l_b": 1.98,
            "rmsd_u_b": 5.279
          }
        ]
      }
    ]
  }
}