{
  "rmsd": 2.3,
  "rmsd_method": "C-alpha coordinates",
  "rmsd_tool": "BioPython",
  "docking": {
    "average_affinity": -3.141,
    "runs": [
      {
        "run": 1,
        "seed": 314426,
        "average": {
          "affinity": -3.133,
          "rmsd_l_b": 1.848,
          "rmsd_u_b": 2.92
        },
        "modes": [
          {
            "mode": 1,
            "affinity": -3.3,
            "rmsd_l_b": 0.0,
            "rmsd_u_b": 0.0
          },
          {
            "mode": 2,
            "affinity": -3.3,
            "rmsd_l_b": 1.705,
            "rmsd_u_b": 2.759
          },
          {
            "mode": 3,
            "affinity": -3.2,
            "rmsd_l_b": 2.511,
            "rmsd_u_b": 3.549
          },
          {
            "mode": 4,
            "affinity": -3.2,
            "rmsd_l_b": 3.013,
            "rmsd_u_b": 4.182
          },
          {
            "mode": 5,
            "affinity": -3.2,
            "rmsd_l_b": 1.798,
            "rmsd_u_b": 3.228
          },
          {
            "mode": 6,
            "affinity": -3.0,
            "rmsd_l_b": 2.305,
            "rmsd_u_b": 3.924
          },
          {
            "mode": 7,
            "affinity": -3.0,
            "rmsd_l_b": 1.838,
            "rmsd_u_b": 2.918
          },
          {
            "mode": 8,
            "affinity": -3.0,
            "rmsd_l_b": 1.949,
            "rmsd_u_b": 2.725
          },
          {
            "mode": 9,
            "affinity": -3.0,
            "rmsd_l_b": 1.513,
            "rmsd_u_b": 2.997
          }
        ]
      },
      {
        "run": 2,
        "seed": 920773,
        "average": {
          "affinity": -3.156,
          "rmsd_l_b": 1.825,
          "rmsd_u_b": 2.759
        },
        "modes": [
          {
            "mode": 1,
            "affinity": -3.3,
            "rmsd_l_b": 0.0,
            "rmsd_u_b": 0.0
          },
          {
            "mode": 2,
            "affinity": -3.3,
            "rmsd_l_b": 1.7,
            "rmsd_u_b": 2.751
          },
          {
            "mode": 3,
            "affinity": -3.2,
            "rmsd_l_b": 2.533,
            "rmsd_u_b": 3.572
          },
          {
            "mode": 4,
            "affinity": -3.2,
            "rmsd_l_b": 1.958,
            "rmsd_u_b": 2.812
          },
          {
            "mode": 5,
            "affinity": -3.2,
            "rmsd_l_b": 1.764,
            "rmsd_u_b": 3.071
          },
          {
            "mode": 6,
            "affinity": -3.1,
            "rmsd_l_b": 1.924,
            "rmsd_u_b": 2.475
          },
          {
            "mode": 7,
            "affinity": -3.1,
            "rmsd_l_b": 3.043,
            "rmsd_u_b": 4.222
          },
          {
            "mode": 8,
            "affinity": -3.0,
            "rmsd_l_b": 1.837,
            "rmsd_u_b": 2.905
          },
          {
            "mode": 9,
            "affinity": -3.0,
            "rmsd_l_b": 1.67,
            "rmsd_u_b": 3.021
          }
        ]
      },
      {
        "run": 3,
        "seed": 614101,
        "average": {
          "affinity": -3.156,
          "rmsd_l_b": 1.828,
          "rmsd_u_b": 2.774
        },
        "modes": [
          {
            "mode": 1,
            "affinity": -3.3,
            "rmsd_l_b": 0.0,
            "rmsd_u_b": 0.0
          },
          {
            "mode": 2,
            "affinity": -3.3,
            "rmsd_l_b": 1.718,
            "rmsd_u_b": 2.773
          },
          {
            "mode": 3,
            "affinity": -3.2,
            "rmsd_l_b": 2.486,
            "rmsd_u_b": 3.535
          },
          {
            "mode": 4,
            "affinity": -3.2,
            "rmsd_l_b": 3.01,
            "rmsd_u_b": 4.201
          },
          {
            "mode": 5,
            "affinity": -3.2,
            "rmsd_l_b": 1.809,
            "rmsd_u_b": 3.232
          },
          {
            "mode": 6,
            "affinity": -3.1,
            "rmsd_l_b": 1.927,
            "rmsd_u_b": 2.762
          },
          {
            "mode": 7,
            "affinity": -3.1,
            "rmsd_l_b": 1.912,
            "rmsd_u_b": 2.494
          },
          {
            "mode": 8,
            "affinity": -3.0,
            "rmsd_l_b": 1.865,
            "rmsd_u_b": 2.926
          },
          {
            "mode": 9,
            "affinity": -3.0,
            "rmsd_l_b": 1.721,
            "rmsd_u_b": 3.04
          }
        ]
      },
      {
        "run": 4,
        "seed": 653511,
        "average": {
          "affinity": -3.122,
          "rmsd_l_b": 1.959,
          "rmsd_u_b": 2.955
        },
        "modes": [
          {
            "mode": 1,
            "affinity": -3.3,
            "rmsd_l_b": 0.0,
            "rmsd_u_b": 0.0
          },
          {
            "mode": 2,
            "affinity": -3.3,
            "rmsd_l_b": 1.717,
            "rmsd_u_b": 2.771
          },
          {
            "mode": 3,
            "affinity": -3.2,
            "rmsd_l_b": 2.478,
            "rmsd_u_b": 3.521
          },
          {
            "mode": 4,
            "affinity": -3.2,
            "rmsd_l_b": 3.005,
            "rmsd_u_b": 4.191
          },
          {
            "mode": 5,
            "affinity": -3.2,
            "rmsd_l_b": 1.838,
            "rmsd_u_b": 3.242
          },
          {
            "mode": 6,
            "affinity": -3.0,
            "rmsd_l_b": 2.365,
            "rmsd_u_b": 3.18
          },
          {
            "mode": 7,
            "affinity": -3.0,
            "rmsd_l_b": 1.862,
            "rmsd_u_b": 2.928
          },
          {
            "mode": 8,
            "affinity": -3.0,
            "rmsd_l_b": 1.948,
            "rmsd_u_b": 2.698
          },
          {
            "mode": 9,
            "affinity": -2.9,
            "rmsd_l_b": 2.418,
            "rmsd_u_b": 4.064
          }
        ]
      },
      {
        "run": 5,
        "seed": 586320,
        "average": {
          "affinity": -3.167,
          "rmsd_l_b": 1.884,
          "rmsd_u_b": 2.865
        },
        "modes": [
          {
            "mode": 1,
            "affinity": -3.3,
            "rmsd_l_b": 0.0,
            "rmsd_u_b": 0.0
          },
          {
            "mode": 2,
            "affinity": -3.3,
            "rmsd_l_b": 1.705,
            "rmsd_u_b": 2.759
          },
          {
            "mode": 3,
            "affinity": -3.2,
            "rmsd_l_b": 3.056,
            "rmsd_u_b": 4.276
          },
          {
            "mode": 4,
            "affinity": -3.2,
            "rmsd_l_b": 2.52,
            "rmsd_u_b": 3.559
          },
          {
            "mode": 5,
            "affinity": -3.2,
            "rmsd_l_b": 1.961,
            "rmsd_u_b": 2.817
          },
          {
            "mode": 6,
            "affinity": -3.2,
            "rmsd_l_b": 1.806,
            "rmsd_u_b": 3.234
          },
          {
            "mode": 7,
            "affinity": -3.1,
            "rmsd_l_b": 2.388,
            "rmsd_u_b": 3.19
          },
          {
            "mode": 8,
            "affinity": -3.0,
            "rmsd_l_b": 1.838,
            "rmsd_u_b": 2.915
          },
          {
            "mode": 9,
            "affinity": -3.0,
            "rmsd_l_b": 1.682,
            "rmsd_u_b": 3.032
          }
        ]
      },
      {
        "run": 6,
        "seed": 136351,
        "average": {
          "affinity": -3.144,
          "rmsd_l_b": 1.836,
          "rmsd_u_b": 2.861
        },
        "modes": [
          {
            "mode": 1,
            "affinity": -3.3,
            "rmsd_l_b": 0.0,
            "rmsd_u_b": 0.0
          },
          {
            "mode": 2,
            "affinity": -3.3,
            "rmsd_l_b": 1.718,
            "rmsd_u_b": 2.772
          },
          {
            "mode": 3,
            "affinity": -3.2,
            "rmsd_l_b": 2.49,
            "rmsd_u_b": 3.536
          },
          {
            "mode": 4,
            "affinity": -3.2,
            "rmsd_l_b": 3.006,
            "rmsd_u_b": 4.192
          },
          {
            "mode": 5,
            "affinity": -3.2,
            "rmsd_l_b": 1.839,
            "rmsd_u_b": 3.243
          },
          {
            "mode": 6,
            "affinity": -3.1,
            "rmsd_l_b": 1.943,
            "rmsd_u_b": 3.333
          },
          {
            "mode": 7,
            "affinity": -3.0,
            "rmsd_l_b": 1.856,
            "rmsd_u_b": 2.929
          },
          {
            "mode": 8,
            "affinity": -3.0,
            "rmsd_l_b": 1.72,
            "rmsd_u_b": 3.045
          },
          {
            "mode": 9,
            "affinity": -3.0,
            "rmsd_l_b": 1.949,
            "rmsd_u_b": 2.699
          }
        ]
      },
      {
        "run": 7,
        "seed": 964295,
        "average": {
          "affinity": -3.133,
          "rmsd_l_b": 1.854,
          "rmsd_u_b": 2.928
        },
        "modes": [
          {
            "mode": 1,
            "affinity": -3.3,
            "rmsd_l_b": 0.0,
            "rmsd_u_b": 0.0
          },
          {
            "mode": 2,
            "affinity": -3.3,
            "rmsd_l_b": 1.718,
            "rmsd_u_b": 2.771
          },
          {
            "mode": 3,
            "affinity": -3.2,
            "rmsd_l_b": 2.486,
            "rmsd_u_b": 3.532
          },
          {
            "mode": 4,
            "affinity": -3.2,
            "rmsd_l_b": 3.007,
            "rmsd_u_b": 4.193
          },
          {
            "mode": 5,
            "affinity": -3.2,
            "rmsd_l_b": 1.833,
            "rmsd_u_b": 3.238
          },
          {
            "mode": 6,
            "affinity": -3.1,
            "rmsd_l_b": 1.929,
            "rmsd_u_b": 2.763
          },
          {
            "mode": 7,
            "affinity": -3.0,
            "rmsd_l_b": 2.303,
            "rmsd_u_b": 3.921
          },
          {
            "mode": 8,
            "affinity": -3.0,
            "rmsd_l_b": 1.865,
            "rmsd_u_b": 2.928
          },
          {
            "mode": 9,
            "affinity": -2.9,
            "rmsd_l_b": 1.545,
            "rmsd_u_b": 3.002
          }
        ]
      },
      {
        "run": 8,
        "seed": 686608,
        "average": {
          "affinity": -3.111,
          "rmsd_l_b": 2.001,
          "rmsd_u_b": 2.999
        },
        "modes": [
          {
            "mode": 1,
            "affinity": -3.3,
            "rmsd_l_b": 0.0,
            "rmsd_u_b": 0.0
          },
          {
            "mode": 2,
            "affinity": -3.3,
            "rmsd_l_b": 1.706,
            "rmsd_u_b": 2.758
          },
          {
            "mode": 3,
            "affinity": -3.2,
            "rmsd_l_b": 2.517,
            "rmsd_u_b": 3.557
          },
          {
            "mode": 4,
            "affinity": -3.2,
            "rmsd_l_b": 3.018,
            "rmsd_u_b": 4.188
          },
          {
            "mode": 5,
            "affinity": -3.2,
            "rmsd_l_b": 1.799,
            "rmsd_u_b": 3.226
          },
          {
            "mode": 6,
            "affinity": -3.0,
            "rmsd_l_b": 1.845,
            "rmsd_u_b": 2.917
          },
          {
            "mode": 7,
            "affinity": -3.0,
            "rmsd_l_b": 1.51,
            "rmsd_u_b": 2.994
          },
          {
            "mode": 8,
            "affinity": -2.9,
            "rmsd_l_b": 2.416,
            "rmsd_u_b": 2.974
          },
          {
            "mode": 9,
            "affinity": -2.9,
            "rmsd_l_b": 3.196,
            "rmsd_u_b": 4.373
          }
        ]
      },
      {
        "run": 9,
        "seed": 306830,
        "average": {
          "affinity": -3.156,
          "rmsd_l_b": 1.884,
          "rmsd_u_b": 2.856
        },
        "modes": [
          {
            "mode": 1,
            "affinity": -3.3,
            "rmsd_l_b": 0.0,
            "rmsd_u_b": 0.0
          },
          {
            "mode": 2,
            "affinity": -3.3,
            "rmsd_l_b": 1.705,
            "rmsd_u_b": 2.759
          },
          {
            "mode": 3,
            "affinity": -3.2,
            "rmsd_l_b": 3.061,
            "rmsd_u_b": 4.28
          },
          {
            "mode": 4,
            "affinity": -3.2,
            "rmsd_l_b": 2.523,
            "rmsd_u_b": 3.562
          },
          {
            "mode": 5,
            "affinity": -3.2,
            "rmsd_l_b": 1.807,
            "rmsd_u_b": 3.234
          },
          {
            "mode": 6,
            "affinity": -3.1,
            "rmsd_l_b": 1.94,
            "rmsd_u_b": 2.765
          },
          {
            "mode": 7,
            "affinity": -3.1,
            "rmsd_l_b": 2.387,
            "rmsd_u_b": 3.185
          },
          {
            "mode": 8,
            "affinity": -3.0,
            "rmsd_l_b": 1.848,
            "rmsd_u_b": 2.917
          },
          {
            "mode": 9,
            "affinity": -3.0,
            "rmsd_l_b": 1.684,
            "rmsd_u_b": 3.003
          }
        ]
      },
      {
        "run": 10,
        "seed": 676450,
        "average": {
          "affinity": -3.144,
          "rmsd_l_b": 1.928,
          "rmsd_u_b": 2.91
        },
        "modes": [
          {
            "mode": 1,
            "affinity": -3.3,
            "rmsd_l_b": 0.0,
            "rmsd_u_b": 0.0
          },
          {
            "mode": 2,
            "affinity": -3.3,
            "rmsd_l_b": 1.711,
            "rmsd_u_b": 2.765
          },
          {
            "mode": 3,
            "affinity": -3.2,
            "rmsd_l_b": 2.499,
            "rmsd_u_b": 3.54
          },
          {
            "mode": 4,
            "affinity": -3.2,
            "rmsd_l_b": 2.964,
            "rmsd_u_b": 4.207
          },
          {
            "mode": 5,
            "affinity": -3.2,
            "rmsd_l_b": 1.822,
            "rmsd_u_b": 3.238
          },
          {
            "mode": 6,
            "affinity": -3.1,
            "rmsd_l_b": 1.95,
            "rmsd_u_b": 3.327
          },
          {
            "mode": 7,
            "affinity": -3.0,
            "rmsd_l_b": 2.373,
            "rmsd_u_b": 3.195
          },
          {
            "mode": 8,
            "affinity": -3.0,
            "rmsd_l_b": 1.847,
            "rmsd_u_b": 2.922
          },
          {
            "mode": 9,
            "affinity": -3.0,
            "rmsd_l_b": 2.19,
            "rmsd_u_b": 2.994
          }
        ]
      },
      {
        "run": 11,
        "seed": 9111,
        "average": {
          "affinity": -3.122,
          "rmsd_l_b": 1.865,
          "rmsd_u_b": 2.812
        },
        "modes": [
          {
            "mode": 1,
            "affinity": -3.3,
            "rmsd_l_b": 0.0,
            "rmsd_u_b": 0.0
          },
          {
            "mode": 2,
            "affinity": -3.3,
            "rmsd_l_b": 1.717,
            "rmsd_u_b": 2.771
          },
          {
            "mode": 3,
            "affinity": -3.2,
            "rmsd_l_b": 2.488,
            "rmsd_u_b": 3.534
          },
          {
            "mode": 4,
            "affinity": -3.2,
            "rmsd_l_b": 3.01,
            "rmsd_u_b": 4.197
          },
          {
            "mode": 5,
            "affinity": -3.2,
            "rmsd_l_b": 1.832,
            "rmsd_u_b": 3.238
          },
          {
            "mode": 6,
            "affinity": -3.0,
            "rmsd_l_b": 1.855,
            "rmsd_u_b": 2.926
          },
          {
            "mode": 7,
            "affinity": -3.0,
            "rmsd_l_b": 1.95,
            "rmsd_u_b": 2.699
          },
          {
            "mode": 8,
            "affinity": -3.0,
            "rmsd_l_b": 1.542,
            "rmsd_u_b": 3.004
          },
          {
            "mode": 9,
            "affinity": -2.9,
            "rmsd_l_b": 2.389,
            "rmsd_u_b": 2.943
          }
        ]
      },
      {
        "run": 12,
        "seed": 258105,
        "average": {
          "affinity": -3.156,
          "rmsd_l_b": 1.832,
          "rmsd_u_b": 2.862
        },
        "modes": [
          {
            "mode": 1,
            "affinity": -3.3,
            "rmsd_l_b": 0.0,
            "rmsd_u_b": 0.0
          },
          {
            "mode": 2,
            "affinity": -3.3,
            "rmsd_l_b": 1.705,
            "rmsd_u_b": 2.759
          },
          {
            "mode": 3,
            "affinity": -3.2,
            "rmsd_l_b": 2.522,
            "rmsd_u_b": 3.559
          },
          {
            "mode": 4,
            "affinity": -3.2,
            "rmsd_l_b": 3.014,
            "rmsd_u_b": 4.183
          },
          {
            "mode": 5,
            "affinity": -3.2,
            "rmsd_l_b": 1.799,
            "rmsd_u_b": 3.226
          },
          {
            "mode": 6,
            "affinity": -3.1,
            "rmsd_l_b": 1.941,
            "rmsd_u_b": 2.767
          },
          {
            "mode": 7,
            "affinity": -3.1,
            "rmsd_l_b": 1.958,
            "rmsd_u_b": 3.324
          },
          {
            "mode": 8,
            "affinity": -3.0,
            "rmsd_l_b": 1.85,
            "rmsd_u_b": 2.917
          },
          {
            "mode": 9,
            "affinity": -3.0,
            "rmsd_l_b": 1.695,
            "rmsd_u_b": 3.019
          }
        ]
      },
      {
        "run": 13,
        "seed": 531066,
        "average": {
          "affinity": -3.133,
          "rmsd_l_b": 1.892,
          "rmsd_u_b": 2.951
        },
        "modes": [
          {
            "mode": 1,
            "affinity": -3.3,
            "rmsd_l_b": 0.0,
            "rmsd_u_b": 0.0
          },
          {
            "mode": 2,
            "affinity": -3.3,
            "rmsd_l_b": 1.705,
            "rmsd_u_b": 2.759
          },
          {
            "mode": 3,
            "affinity": -3.2,
            "rmsd_l_b": 2.514,
            "rmsd_u_b": 3.552
          },
          {
            "mode": 4,
            "affinity": -3.2,
            "rmsd_l_b": 3.015,
            "rmsd_u_b": 4.184
          },
          {
            "mode": 5,
            "affinity": -3.2,
            "rmsd_l_b": 1.805,
            "rmsd_u_b": 3.233
          },
          {
            "mode": 6,
            "affinity": -3.0,
            "rmsd_l_b": 2.285,
            "rmsd_u_b": 3.896
          },
          {
            "mode": 7,
            "affinity": -3.0,
            "rmsd_l_b": 1.842,
            "rmsd_u_b": 2.916
          },
          {
            "mode": 8,
            "affinity": -3.0,
            "rmsd_l_b": 1.681,
            "rmsd_u_b": 3.031
          },
          {
            "mode": 9,
            "affinity": -3.0,
            "rmsd_l_b": 2.179,
            "rmsd_u_b": 2.988
          }
        ]
      },
      {
        "run": 14,
        "seed": 827488,
        "average": {
          "affinity": -3.111,
          "rmsd_l_b": 1.758,
          "rmsd_u_b": 2.775
        },
        "modes": [
          {
            "mode": 1,
            "affinity": -3.3,
            "rmsd_l_b": 0.0,
            "rmsd_u_b": 0.0
          },
          {
            "mode": 2,
            "affinity": -3.3,
            "rmsd_l_b": 1.705,
            "rmsd_u_b": 2.759
          },
          {
            "mode": 3,
            "affinity": -3.2,
            "rmsd_l_b": 2.521,
            "rmsd_u_b": 3.559
          },
          {
            "mode": 4,
            "affinity": -3.2,
            "rmsd_l_b": 1.771,
            "rmsd_u_b": 3.075
          },
          {
            "mode": 5,
            "affinity": -3.1,
            "rmsd_l_b": 2.381,
            "rmsd_u_b": 3.173
          },
          {
            "mode": 6,
            "affinity": -3.0,
            "rmsd_l_b": 1.848,
            "rmsd_u_b": 2.918
          },
          {
            "mode": 7,
            "affinity": -3.0,
            "rmsd_l_b": 1.682,
            "rmsd_u_b": 3.034
          },
          {
            "mode": 8,
            "affinity": -3.0,
            "rmsd_l_b": 1.892,
            "rmsd_u_b": 2.676
          },
          {
            "mode": 9,
            "affinity": -2.9,
            "rmsd_l_b": 2.021,
            "rmsd_u_b": 3.779
          }
        ]
      },
      {
        "run": 15,
        "seed": 874925,
        "average": {
          "affinity": -3.133,
          "rmsd_l_b": 1.755,
          "rmsd_u_b": 2.771
        },
        "modes": [
          {
            "mode": 1,
            "affinity": -3.3,
            "rmsd_l_b": 0.0,
            "rmsd_u_b": 0.0
          },
          {
            "mode": 2,
            "affinity": -3.3,
            "rmsd_l_b": 1.717,
            "rmsd_u_b": 2.771
          },
          {
            "mode": 3,
            "affinity": -3.2,
            "rmsd_l_b": 2.489,
            "rmsd_u_b": 3.538
          },
          {
            "mode": 4,
            "affinity": -3.2,
            "rmsd_l_b": 1.963,
            "rmsd_u_b": 2.822
          },
          {
            "mode": 5,
            "affinity": -3.2,
            "rmsd_l_b": 1.83,
            "rmsd_u_b": 3.234
          },
          {
            "mode": 6,
            "affinity": -3.0,
            "rmsd_l_b": 2.279,
            "rmsd_u_b": 3.891
          },
          {
            "mode": 7,
            "affinity": -3.0,
            "rmsd_l_b": 1.865,
            "rmsd_u_b": 2.928
          },
          {
            "mode": 8,
            "affinity": -3.0,
            "rmsd_l_b": 1.697,
            "rmsd_u_b": 3.056
          },
          {
            "mode": 9,
            "affinity": -3.0,
            "rmsd_l_b": 1.951,
            "rmsd_u_b": 2.7
          }
        ]
      },
      {
        "run": 16,
        "seed": 802451,
        "average": {
          "affinity": -3.144,
          "rmsd_l_b": 1.882,
          "rmsd_u_b": 2.83
        },
        "modes": [
          {
            "mode": 1,
            "affinity": -3.3,
            "rmsd_l_b": 0.0,
            "rmsd_u_b": 0.0
          },
          {
            "mode": 2,
            "affinity": -3.3,
            "rmsd_l_b": 1.705,
            "rmsd_u_b": 2.759
          },
          {
            "mode": 3,
            "affinity": -3.2,
            "rmsd_l_b": 2.507,
            "rmsd_u_b": 3.545
          },
          {
            "mode": 4,
            "affinity": -3.2,
            "rmsd_l_b": 1.962,
            "rmsd_u_b": 2.818
          },
          {
            "mode": 5,
            "affinity": -3.2,
            "rmsd_l_b": 3.016,
            "rmsd_u_b": 4.185
          },
          {
            "mode": 6,
            "affinity": -3.2,
            "rmsd_l_b": 1.806,
            "rmsd_u_b": 3.234
          },
          {
            "mode": 7,
            "affinity": -3.0,
            "rmsd_l_b": 1.846,
            "rmsd_u_b": 2.918
          },
          {
            "mode": 8,
            "affinity": -3.0,
            "rmsd_l_b": 1.677,
            "rmsd_u_b": 3.038
          },
          {
            "mode": 9,
            "affinity": -2.9,
            "rmsd_l_b": 2.415,
            "rmsd_u_b": 2.971
          }
        ]
      },
      {
        "run": 17,
        "seed": 687192,
        "average": {
          "affinity": -3.144,
          "rmsd_l_b": 1.871,
          "rmsd_u_b": 2.933
        },
        "modes": [
          {
            "mode": 1,
            "affinity": -3.3,
            "rmsd_l_b": 0.0,
            "rmsd_u_b": 0.0
          },
          {
            "mode": 2,
            "affinity": -3.3,
            "rmsd_l_b": 1.711,
            "rmsd_u_b": 2.765
          },
          {
            "mode": 3,
            "affinity": -3.2,
            "rmsd_l_b": 2.505,
            "rmsd_u_b": 3.548
          },
          {
            "mode": 4,
            "affinity": -3.2,
            "rmsd_l_b": 3.011,
            "rmsd_u_b": 4.188
          },
          {
            "mode": 5,
            "affinity": -3.2,
            "rmsd_l_b": 1.814,
            "rmsd_u_b": 3.23
          },
          {
            "mode": 6,
            "affinity": -3.1,
            "rmsd_l_b": 1.935,
            "rmsd_u_b": 2.765
          },
          {
            "mode": 7,
            "affinity": -3.0,
            "rmsd_l_b": 1.855,
            "rmsd_u_b": 2.924
          },
          {
            "mode": 8,
            "affinity": -3.0,
            "rmsd_l_b": 2.315,
            "rmsd_u_b": 3.945
          },
          {
            "mode": 9,
            "affinity": -3.0,
            "rmsd_l_b": 1.695,
            "rmsd_u_b": 3.033
          }
        ]
      },
      {
        "run": 18,
        "seed": 150669,
        "average": {
          "affinity": -3.156,
          "rmsd_l_b": 1.904,
          "rmsd_u_b": 2.813
        },
        "modes": [
          {
            "mode": 1,
            "affinity": -3.3,
            "rmsd_l_b": 0.0,
            "rmsd_u_b": 0.0
          },
          {
            "mode": 2,
            "affinity": -3.3,
            "rmsd_l_b": 1.706,
            "rmsd_u_b": 2.759
          },
          {
            "mode": 3,
            "affinity": -3.2,
            "rmsd_l_b": 2.522,
            "rmsd_u_b": 3.563
          },
          {
            "mode": 4,
            "affinity": -3.2,
            "rmsd_l_b": 3.017,
            "rmsd_u_b": 4.186
          },
          {
            "mode": 5,
            "affinity": -3.2,
            "rmsd_l_b": 1.79,
            "rmsd_u_b": 3.225
          },
          {
            "mode": 6,
            "affinity": -3.1,
            "rmsd_l_b": 1.94,
            "rmsd_u_b": 2.766
          },
          {
            "mode": 7,
            "affinity": -3.1,
            "rmsd_l_b": 2.402,
            "rmsd_u_b": 3.198
          },
          {
            "mode": 8,
            "affinity": -3.0,
            "rmsd_l_b": 1.849,
            "rmsd_u_b": 2.918
          },
          {
            "mode": 9,
            "affinity": -3.0,
            "rmsd_l_b": 1.909,
            "rmsd_u_b": 2.705
          }
        ]
      },
      {
        "run": 19,
        "seed": 928976,
        "average": {
          "affinity": -3.156,
          "rmsd_l_b": 1.911,
          "rmsd_u_b": 2.9
        },
        "modes": [
          {
            "mode": 1,
            "affinity": -3.3,
            "rmsd_l_b": 0.0,
            "rmsd_u_b": 0.0
          },
          {
            "mode": 2,
            "affinity": -3.3,
            "rmsd_l_b": 1.717,
            "rmsd_u_b": 2.772
          },
          {
            "mode": 3,
            "affinity": -3.2,
            "rmsd_l_b": 2.481,
            "rmsd_u_b": 3.525
          },
          {
            "mode": 4,
            "affinity": -3.2,
            "rmsd_l_b": 1.964,
            "rmsd_u_b": 2.824
          },
          {
            "mode": 5,
            "affinity": -3.2,
            "rmsd_l_b": 3.006,
            "rmsd_u_b": 4.193
          },
          {
            "mode": 6,
            "affinity": -3.1,
            "rmsd_l_b": 1.797,
            "rmsd_u_b": 3.126
          },
          {
            "mode": 7,
            "affinity": -3.1,
            "rmsd_l_b": 2.369,
            "rmsd_u_b": 3.149
          },
          {
            "mode": 8,
            "affinity": -3.0,
            "rmsd_l_b": 1.99,
            "rmsd_u_b": 3.581
          },
          {
            "mode": 9,
            "affinity": -3.0,
            "rmsd_l_b": 1.878,
            "rmsd_u_b": 2.933
          }
        ]
      },
      {
        "run": 20,
        "seed": 469039,
        "average": {
          "affinity": -3.144,
          "rmsd_l_b": 1.904,
          "rmsd_u_b": 2.789
        },
        "modes": [
          {
            "mode": 1,
            "affinity": -3.3,
            "rmsd_l_b": 0.0,
            "rmsd_u_b": 0.0
          },
          {
            "mode": 2,
            "affinity": -3.3,
            "rmsd_l_b": 1.704,
            "rmsd_u_b": 2.759
          },
          {
            "mode": 3,
            "affinity": -3.2,
            "rmsd_l_b": 2.518,
            "rmsd_u_b": 3.557
          },
          {
            "mode": 4,
            "affinity": -3.2,
            "rmsd_l_b": 2.975,
            "rmsd_u_b": 4.21
          },
          {
            "mode": 5,
            "affinity": -3.2,
            "rmsd_l_b": 1.808,
            "rmsd_u_b": 3.234
          },
          {
            "mode": 6,
            "affinity": -3.1,
            "rmsd_l_b": 1.94,
            "rmsd_u_b": 2.766
          },
          {
            "mode": 7,
            "affinity": -3.0,
            "rmsd_l_b": 2.389,
            "rmsd_u_b": 3.2
          },
          {
            "mode": 8,
            "affinity": -3.0,
            "rmsd_l_b": 1.954,
            "rmsd_u_b": 2.457
          },
          {
            "mode": 9,
            "affinity": -3.0,
            "rmsd_l_b": 1.848,
            "rmsd_u_b": 2.916
          }
        ]
      }
    ]
  }
}