{
  "rmsd": 4.349,
  "rmsd_method": "C-alpha coordinates",
  "rmsd_tool": "BioPython",
  "docking": {
    "average_affinity": -6.103,
    "runs": [
      {
        "run": 1,
        "seed": 874744,
        "average": {
          "affinity": -6.156,
          "rmsd_l_b": 2.49,
          "rmsd_u_b": 5.899
        },
        "modes": [
          {
            "mode": 1,
            "affinity": -6.2,
            "rmsd_l_b": 0.0,
            "rmsd_u_b": 0.0
          },
          {
            "mode": 2,
            "affinity": -6.2,
            "rmsd_l_b": 2.299,
            "rmsd_u_b": 3.761
          },
          {
            "mode": 3,
            "affinity": -6.2,
            "rmsd_l_b": 1.857,
            "rmsd_u_b": 3.167
          },
          {
            "mode": 4,
            "affinity": -6.2,
            "rmsd_l_b": 2.6,
            "rmsd_u_b": 9.473
          },
          {
            "mode": 5,
            "affinity": -6.2,
            "rmsd_l_b": 2.952,
            "rmsd_u_b": 4.869
          },
          {
            "mode": 6,
            "affinity": -6.1,
            "rmsd_l_b": 2.855,
            "rmsd_u_b": 9.273
          },
          {
            "mode": 7,
            "affinity": -6.1,
            "rmsd_l_b": 2.773,
            "rmsd_u_b": 4.662
          },
          {
            "mode": 8,
            "affinity": -6.1,
            "rmsd_l_b": 3.661,
            "rmsd_u_b": 9.168
          },
          {
            "mode": 9,
            "affinity": -6.1,
            "rmsd_l_b": 3.411,
            "rmsd_u_b": 8.721
          }
        ]
      },
      {
        "run": 2,
        "seed": 408597,
        "average": {
          "affinity": -6.167,
          "rmsd_l_b": 2.302,
          "rmsd_u_b": 6.128
        },
        "modes": [
          {
            "mode": 1,
            "affinity": -6.4,
            "rmsd_l_b": 0.0,
            "rmsd_u_b": 0.0
          },
          {
            "mode": 2,
            "affinity": -6.4,
            "rmsd_l_b": 2.244,
            "rmsd_u_b": 3.599
          },
          {
            "mode": 3,
            "affinity": -6.2,
            "rmsd_l_b": 2.687,
            "rmsd_u_b": 8.546
          },
          {
            "mode": 4,
            "affinity": -6.2,
            "rmsd_l_b": 2.383,
            "rmsd_u_b": 8.657
          },
          {
            "mode": 5,
            "affinity": -6.1,
            "rmsd_l_b": 2.664,
            "rmsd_u_b": 9.69
          },
          {
            "mode": 6,
            "affinity": -6.1,
            "rmsd_l_b": 1.525,
            "rmsd_u_b": 2.695
          },
          {
            "mode": 7,
            "affinity": -6.1,
            "rmsd_l_b": 2.219,
            "rmsd_u_b": 9.663
          },
          {
            "mode": 8,
            "affinity": -6.0,
            "rmsd_l_b": 4.55,
            "rmsd_u_b": 7.518
          },
          {
            "mode": 9,
            "affinity": -6.0,
            "rmsd_l_b": 2.445,
            "rmsd_u_b": 4.786
          }
        ]
      },
      {
        "run": 3,
        "seed": 558542,
        "average": {
          "affinity": -6.433,
          "rmsd_l_b": 2.729,
          "rmsd_u_b": 6.751
        },
        "modes": [
          {
            "mode": 1,
            "affinity": -6.7,
            "rmsd_l_b": 0.0,
            "rmsd_u_b": 0.0
          },
          {
            "mode": 2,
            "affinity": -6.6,
            "rmsd_l_b": 1.845,
            "rmsd_u_b": 3.245
          },
          {
            "mode": 3,
            "affinity": -6.6,
            "rmsd_l_b": 2.546,
            "rmsd_u_b": 8.203
          },
          {
            "mode": 4,
            "affinity": -6.5,
            "rmsd_l_b": 3.956,
            "rmsd_u_b": 8.737
          },
          {
            "mode": 5,
            "affinity": -6.4,
            "rmsd_l_b": 1.666,
            "rmsd_u_b": 8.631
          },
          {
            "mode": 6,
            "affinity": -6.4,
            "rmsd_l_b": 4.956,
            "rmsd_u_b": 9.512
          },
          {
            "mode": 7,
            "affinity": -6.3,
            "rmsd_l_b": 2.328,
            "rmsd_u_b": 8.746
          },
          {
            "mode": 8,
            "affinity": -6.2,
            "rmsd_l_b": 2.339,
            "rmsd_u_b": 4.228
          },
          {
            "mode": 9,
            "affinity": -6.2,
            "rmsd_l_b": 4.929,
            "rmsd_u_b": 9.453
          }
        ]
      },
      {
        "run": 4,
        "seed": 560128,
        "average": {
          "affinity": -5.911,
          "rmsd_l_b": 2.458,
          "rmsd_u_b": 6.975
        },
        "modes": [
          {
            "mode": 1,
            "affinity": -6.4,
            "rmsd_l_b": 0.0,
            "rmsd_u_b": 0.0
          },
          {
            "mode": 2,
            "affinity": -5.9,
            "rmsd_l_b": 3.04,
            "rmsd_u_b": 8.982
          },
          {
            "mode": 3,
            "affinity": -5.9,
            "rmsd_l_b": 2.832,
            "rmsd_u_b": 8.877
          },
          {
            "mode": 4,
            "affinity": -5.9,
            "rmsd_l_b": 2.76,
            "rmsd_u_b": 8.812
          },
          {
            "mode": 5,
            "affinity": -5.9,
            "rmsd_l_b": 2.769,
            "rmsd_u_b": 9.331
          },
          {
            "mode": 6,
            "affinity": -5.8,
            "rmsd_l_b": 2.577,
            "rmsd_u_b": 5.272
          },
          {
            "mode": 7,
            "affinity": -5.8,
            "rmsd_l_b": 1.238,
            "rmsd_u_b": 2.273
          },
          {
            "mode": 8,
            "affinity": -5.8,
            "rmsd_l_b": 3.489,
            "rmsd_u_b": 9.593
          },
          {
            "mode": 9,
            "affinity": -5.8,
            "rmsd_l_b": 3.42,
            "rmsd_u_b": 9.637
          }
        ]
      },
      {
        "run": 5,
        "seed": 703771,
        "average": {
          "affinity": -6.267,
          "rmsd_l_b": 2.354,
          "rmsd_u_b": 4.497
        },
        "modes": [
          {
            "mode": 1,
            "affinity": -6.4,
            "rmsd_l_b": 0.0,
            "rmsd_u_b": 0.0
          },
          {
            "mode": 2,
            "affinity": -6.3,
            "rmsd_l_b": 3.245,
            "rmsd_u_b": 9.214
          },
          {
            "mode": 3,
            "affinity": -6.3,
            "rmsd_l_b": 2.247,
            "rmsd_u_b": 4.364
          },
          {
            "mode": 4,
            "affinity": -6.3,
            "rmsd_l_b": 2.334,
            "rmsd_u_b": 4.151
          },
          {
            "mode": 5,
            "affinity": -6.3,
            "rmsd_l_b": 2.669,
            "rmsd_u_b": 4.121
          },
          {
            "mode": 6,
            "affinity": -6.3,
            "rmsd_l_b": 3.223,
            "rmsd_u_b": 6.095
          },
          {
            "mode": 7,
            "affinity": -6.2,
            "rmsd_l_b": 1.782,
            "rmsd_u_b": 2.354
          },
          {
            "mode": 8,
            "affinity": -6.2,
            "rmsd_l_b": 2.191,
            "rmsd_u_b": 4.576
          },
          {
            "mode": 9,
            "affinity": -6.1,
            "rmsd_l_b": 3.497,
            "rmsd_u_b": 5.596
          }
        ]
      },
      {
        "run": 6,
        "seed": 146123,
        "average": {
          "affinity": -6.3,
          "rmsd_l_b": 1.876,
          "rmsd_u_b": 4.253
        },
        "modes": [
          {
            "mode": 1,
            "affinity": -6.6,
            "rmsd_l_b": 0.0,
            "rmsd_u_b": 0.0
          },
          {
            "mode": 2,
            "affinity": -6.5,
            "rmsd_l_b": 2.005,
            "rmsd_u_b": 3.052
          },
          {
            "mode": 3,
            "affinity": -6.5,
            "rmsd_l_b": 2.231,
            "rmsd_u_b": 8.734
          },
          {
            "mode": 4,
            "affinity": -6.4,
            "rmsd_l_b": 2.366,
            "rmsd_u_b": 3.887
          },
          {
            "mode": 5,
            "affinity": -6.2,
            "rmsd_l_b": 2.686,
            "rmsd_u_b": 8.725
          },
          {
            "mode": 6,
            "affinity": -6.2,
            "rmsd_l_b": 2.036,
            "rmsd_u_b": 3.24
          },
          {
            "mode": 7,
            "affinity": -6.1,
            "rmsd_l_b": 1.332,
            "rmsd_u_b": 2.327
          },
          {
            "mode": 8,
            "affinity": -6.1,
            "rmsd_l_b": 2.821,
            "rmsd_u_b": 5.705
          },
          {
            "mode": 9,
            "affinity": -6.1,
            "rmsd_l_b": 1.403,
            "rmsd_u_b": 2.605
          }
        ]
      },
      {
        "run": 7,
        "seed": 576979,
        "average": {
          "affinity": -5.467,
          "rmsd_l_b": 2.252,
          "rmsd_u_b": 5.979
        },
        "modes": [
          {
            "mode": 1,
            "affinity": -5.6,
            "rmsd_l_b": 0.0,
            "rmsd_u_b": 0.0
          },
          {
            "mode": 2,
            "affinity": -5.6,
            "rmsd_l_b": 2.471,
            "rmsd_u_b": 4.044
          },
          {
            "mode": 3,
            "affinity": -5.5,
            "rmsd_l_b": 1.87,
            "rmsd_u_b": 8.58
          },
          {
            "mode": 4,
            "affinity": -5.5,
            "rmsd_l_b": 1.582,
            "rmsd_u_b": 2.936
          },
          {
            "mode": 5,
            "affinity": -5.4,
            "rmsd_l_b": 3.321,
            "rmsd_u_b": 8.833
          },
          {
            "mode": 6,
            "affinity": -5.4,
            "rmsd_l_b": 2.523,
            "rmsd_u_b": 8.595
          },
          {
            "mode": 7,
            "affinity": -5.4,
            "rmsd_l_b": 3.744,
            "rmsd_u_b": 8.838
          },
          {
            "mode": 8,
            "affinity": -5.4,
            "rmsd_l_b": 1.952,
            "rmsd_u_b": 3.281
          },
          {
            "mode": 9,
            "affinity": -5.4,
            "rmsd_l_b": 2.804,
            "rmsd_u_b": 8.703
          }
        ]
      },
      {
        "run": 8,
        "seed": 920202,
        "average": {
          "affinity": -6.311,
          "rmsd_l_b": 2.716,
          "rmsd_u_b": 6.902
        },
        "modes": [
          {
            "mode": 1,
            "affinity": -6.5,
            "rmsd_l_b": 0.0,
            "rmsd_u_b": 0.0
          },
          {
            "mode": 2,
            "affinity": -6.5,
            "rmsd_l_b": 2.709,
            "rmsd_u_b": 9.016
          },
          {
            "mode": 3,
            "affinity": -6.4,
            "rmsd_l_b": 3.083,
            "rmsd_u_b": 8.729
          },
          {
            "mode": 4,
            "affinity": -6.4,
            "rmsd_l_b": 2.955,
            "rmsd_u_b": 8.919
          },
          {
            "mode": 5,
            "affinity": -6.3,
            "rmsd_l_b": 2.499,
            "rmsd_u_b": 4.059
          },
          {
            "mode": 6,
            "affinity": -6.2,
            "rmsd_l_b": 1.429,
            "rmsd_u_b": 2.601
          },
          {
            "mode": 7,
            "affinity": -6.2,
            "rmsd_l_b": 4.968,
            "rmsd_u_b": 10.074
          },
          {
            "mode": 8,
            "affinity": -6.2,
            "rmsd_l_b": 5.283,
            "rmsd_u_b": 9.988
          },
          {
            "mode": 9,
            "affinity": -6.1,
            "rmsd_l_b": 1.52,
            "rmsd_u_b": 8.733
          }
        ]
      },
      {
        "run": 9,
        "seed": 499256,
        "average": {
          "affinity": -5.856,
          "rmsd_l_b": 2.529,
          "rmsd_u_b": 6.844
        },
        "modes": [
          {
            "mode": 1,
            "affinity": -6.1,
            "rmsd_l_b": 0.0,
            "rmsd_u_b": 0.0
          },
          {
            "mode": 2,
            "affinity": -6.0,
            "rmsd_l_b": 2.938,
            "rmsd_u_b": 8.831
          },
          {
            "mode": 3,
            "affinity": -5.9,
            "rmsd_l_b": 2.641,
            "rmsd_u_b": 8.466
          },
          {
            "mode": 4,
            "affinity": -5.9,
            "rmsd_l_b": 2.858,
            "rmsd_u_b": 8.538
          },
          {
            "mode": 5,
            "affinity": -5.9,
            "rmsd_l_b": 2.816,
            "rmsd_u_b": 8.785
          },
          {
            "mode": 6,
            "affinity": -5.8,
            "rmsd_l_b": 2.242,
            "rmsd_u_b": 4.19
          },
          {
            "mode": 7,
            "affinity": -5.8,
            "rmsd_l_b": 2.348,
            "rmsd_u_b": 4.612
          },
          {
            "mode": 8,
            "affinity": -5.7,
            "rmsd_l_b": 3.942,
            "rmsd_u_b": 9.088
          },
          {
            "mode": 9,
            "affinity": -5.6,
            "rmsd_l_b": 2.975,
            "rmsd_u_b": 9.09
          }
        ]
      },
      {
        "run": 10,
        "seed": 701394,
        "average": {
          "affinity": -6.011,
          "rmsd_l_b": 2.083,
          "rmsd_u_b": 5.881
        },
        "modes": [
          {
            "mode": 1,
            "affinity": -6.2,
            "rmsd_l_b": 0.0,
            "rmsd_u_b": 0.0
          },
          {
            "mode": 2,
            "affinity": -6.2,
            "rmsd_l_b": 1.836,
            "rmsd_u_b": 8.77
          },
          {
            "mode": 3,
            "affinity": -6.1,
            "rmsd_l_b": 2.67,
            "rmsd_u_b": 8.95
          },
          {
            "mode": 4,
            "affinity": -6.0,
            "rmsd_l_b": 2.385,
            "rmsd_u_b": 4.55
          },
          {
            "mode": 5,
            "affinity": -6.0,
            "rmsd_l_b": 2.425,
            "rmsd_u_b": 4.986
          },
          {
            "mode": 6,
            "affinity": -5.9,
            "rmsd_l_b": 2.493,
            "rmsd_u_b": 9.024
          },
          {
            "mode": 7,
            "affinity": -5.9,
            "rmsd_l_b": 2.72,
            "rmsd_u_b": 8.678
          },
          {
            "mode": 8,
            "affinity": -5.9,
            "rmsd_l_b": 2.989,
            "rmsd_u_b": 5.849
          },
          {
            "mode": 9,
            "affinity": -5.9,
            "rmsd_l_b": 1.232,
            "rmsd_u_b": 2.126
          }
        ]
      },
      {
        "run": 11,
        "seed": 7327,
        "average": {
          "affinity": -5.856,
          "rmsd_l_b": 2.109,
          "rmsd_u_b": 5.028
        },
        "modes": [
          {
            "mode": 1,
            "affinity": -6.1,
            "rmsd_l_b": 0.0,
            "rmsd_u_b": 0.0
          },
          {
            "mode": 2,
            "affinity": -5.9,
            "rmsd_l_b": 2.004,
            "rmsd_u_b": 8.584
          },
          {
            "mode": 3,
            "affinity": -5.9,
            "rmsd_l_b": 2.059,
            "rmsd_u_b": 3.704
          },
          {
            "mode": 4,
            "affinity": -5.9,
            "rmsd_l_b": 2.585,
            "rmsd_u_b": 4.182
          },
          {
            "mode": 5,
            "affinity": -5.8,
            "rmsd_l_b": 3.081,
            "rmsd_u_b": 8.776
          },
          {
            "mode": 6,
            "affinity": -5.8,
            "rmsd_l_b": 2.147,
            "rmsd_u_b": 3.832
          },
          {
            "mode": 7,
            "affinity": -5.8,
            "rmsd_l_b": 2.248,
            "rmsd_u_b": 3.603
          },
          {
            "mode": 8,
            "affinity": -5.8,
            "rmsd_l_b": 3.023,
            "rmsd_u_b": 9.273
          },
          {
            "mode": 9,
            "affinity": -5.7,
            "rmsd_l_b": 1.838,
            "rmsd_u_b": 3.298
          }
        ]
      },
      {
        "run": 12,
        "seed": 345894,
        "average": {
          "affinity": -6.1,
          "rmsd_l_b": 2.511,
          "rmsd_u_b": 5.125
        },
        "modes": [
          {
            "mode": 1,
            "affinity": -6.3,
            "rmsd_l_b": 0.0,
            "rmsd_u_b": 0.0
          },
          {
            "mode": 2,
            "affinity": -6.2,
            "rmsd_l_b": 2.146,
            "rmsd_u_b": 3.113
          },
          {
            "mode": 3,
            "affinity": -6.1,
            "rmsd_l_b": 1.798,
            "rmsd_u_b": 2.378
          },
          {
            "mode": 4,
            "affinity": -6.1,
            "rmsd_l_b": 4.952,
            "rmsd_u_b": 8.506
          },
          {
            "mode": 5,
            "affinity": -6.1,
            "rmsd_l_b": 2.951,
            "rmsd_u_b": 5.494
          },
          {
            "mode": 6,
            "affinity": -6.1,
            "rmsd_l_b": 2.639,
            "rmsd_u_b": 8.781
          },
          {
            "mode": 7,
            "affinity": -6.0,
            "rmsd_l_b": 1.462,
            "rmsd_u_b": 2.613
          },
          {
            "mode": 8,
            "affinity": -6.0,
            "rmsd_l_b": 4.232,
            "rmsd_u_b": 6.687
          },
          {
            "mode": 9,
            "affinity": -6.0,
            "rmsd_l_b": 2.415,
            "rmsd_u_b": 8.551
          }
        ]
      },
      {
        "run": 13,
        "seed": 140781,
        "average": {
          "affinity": -6.522,
          "rmsd_l_b": 2.998,
          "rmsd_u_b": 7.783
        },
        "modes": [
          {
            "mode": 1,
            "affinity": -6.7,
            "rmsd_l_b": 0.0,
            "rmsd_u_b": 0.0
          },
          {
            "mode": 2,
            "affinity": -6.6,
            "rmsd_l_b": 2.324,
            "rmsd_u_b": 8.358
          },
          {
            "mode": 3,
            "affinity": -6.6,
            "rmsd_l_b": 4.75,
            "rmsd_u_b": 10.162
          },
          {
            "mode": 4,
            "affinity": -6.5,
            "rmsd_l_b": 5.612,
            "rmsd_u_b": 10.24
          },
          {
            "mode": 5,
            "affinity": -6.5,
            "rmsd_l_b": 2.607,
            "rmsd_u_b": 4.22
          },
          {
            "mode": 6,
            "affinity": -6.5,
            "rmsd_l_b": 4.05,
            "rmsd_u_b": 9.97
          },
          {
            "mode": 7,
            "affinity": -6.5,
            "rmsd_l_b": 1.848,
            "rmsd_u_b": 8.549
          },
          {
            "mode": 8,
            "affinity": -6.4,
            "rmsd_l_b": 3.181,
            "rmsd_u_b": 9.559
          },
          {
            "mode": 9,
            "affinity": -6.4,
            "rmsd_l_b": 2.61,
            "rmsd_u_b": 8.991
          }
        ]
      },
      {
        "run": 14,
        "seed": 401449,
        "average": {
          "affinity": -6.311,
          "rmsd_l_b": 2.401,
          "rmsd_u_b": 7.466
        },
        "modes": [
          {
            "mode": 1,
            "affinity": -6.6,
            "rmsd_l_b": 0.0,
            "rmsd_u_b": 0.0
          },
          {
            "mode": 2,
            "affinity": -6.5,
            "rmsd_l_b": 2.199,
            "rmsd_u_b": 3.59
          },
          {
            "mode": 3,
            "affinity": -6.4,
            "rmsd_l_b": 2.933,
            "rmsd_u_b": 9.682
          },
          {
            "mode": 4,
            "affinity": -6.4,
            "rmsd_l_b": 2.859,
            "rmsd_u_b": 9.54
          },
          {
            "mode": 5,
            "affinity": -6.3,
            "rmsd_l_b": 2.509,
            "rmsd_u_b": 9.198
          },
          {
            "mode": 6,
            "affinity": -6.2,
            "rmsd_l_b": 2.872,
            "rmsd_u_b": 9.073
          },
          {
            "mode": 7,
            "affinity": -6.2,
            "rmsd_l_b": 2.949,
            "rmsd_u_b": 8.735
          },
          {
            "mode": 8,
            "affinity": -6.1,
            "rmsd_l_b": 2.888,
            "rmsd_u_b": 8.958
          },
          {
            "mode": 9,
            "affinity": -6.1,
            "rmsd_l_b": 2.401,
            "rmsd_u_b": 8.415
          }
        ]
      },
      {
        "run": 15,
        "seed": 26375,
        "average": {
          "affinity": -5.733,
          "rmsd_l_b": 2.243,
          "rmsd_u_b": 6.804
        },
        "modes": [
          {
            "mode": 1,
            "affinity": -6.0,
            "rmsd_l_b": 0.0,
            "rmsd_u_b": 0.0
          },
          {
            "mode": 2,
            "affinity": -5.9,
            "rmsd_l_b": 2.39,
            "rmsd_u_b": 8.54
          },
          {
            "mode": 3,
            "affinity": -5.8,
            "rmsd_l_b": 2.482,
            "rmsd_u_b": 4.21
          },
          {
            "mode": 4,
            "affinity": -5.7,
            "rmsd_l_b": 2.181,
            "rmsd_u_b": 9.686
          },
          {
            "mode": 5,
            "affinity": -5.7,
            "rmsd_l_b": 2.111,
            "rmsd_u_b": 8.419
          },
          {
            "mode": 6,
            "affinity": -5.7,
            "rmsd_l_b": 3.624,
            "rmsd_u_b": 9.04
          },
          {
            "mode": 7,
            "affinity": -5.6,
            "rmsd_l_b": 2.011,
            "rmsd_u_b": 3.698
          },
          {
            "mode": 8,
            "affinity": -5.6,
            "rmsd_l_b": 2.668,
            "rmsd_u_b": 8.83
          },
          {
            "mode": 9,
            "affinity": -5.6,
            "rmsd_l_b": 2.718,
            "rmsd_u_b": 8.812
          }
        ]
      },
      {
        "run": 16,
        "seed": 627531,
        "average": {
          "affinity": -6.056,
          "rmsd_l_b": 2.372,
          "rmsd_u_b": 5.375
        },
        "modes": [
          {
            "mode": 1,
            "affinity": -6.1,
            "rmsd_l_b": 0.0,
            "rmsd_u_b": 0.0
          },
          {
            "mode": 2,
            "affinity": -6.1,
            "rmsd_l_b": 2.633,
            "rmsd_u_b": 8.702
          },
          {
            "mode": 3,
            "affinity": -6.1,
            "rmsd_l_b": 2.028,
            "rmsd_u_b": 3.454
          },
          {
            "mode": 4,
            "affinity": -6.1,
            "rmsd_l_b": 3.511,
            "rmsd_u_b": 9.216
          },
          {
            "mode": 5,
            "affinity": -6.1,
            "rmsd_l_b": 2.841,
            "rmsd_u_b": 8.826
          },
          {
            "mode": 6,
            "affinity": -6.0,
            "rmsd_l_b": 1.743,
            "rmsd_u_b": 2.286
          },
          {
            "mode": 7,
            "affinity": -6.0,
            "rmsd_l_b": 2.911,
            "rmsd_u_b": 5.133
          },
          {
            "mode": 8,
            "affinity": -6.0,
            "rmsd_l_b": 2.701,
            "rmsd_u_b": 5.391
          },
          {
            "mode": 9,
            "affinity": -6.0,
            "rmsd_l_b": 2.984,
            "rmsd_u_b": 5.37
          }
        ]
      },
      {
        "run": 17,
        "seed": 785766,
        "average": {
          "affinity": -6.322,
          "rmsd_l_b": 3.039,
          "rmsd_u_b": 6.929
        },
        "modes": [
          {
            "mode": 1,
            "affinity": -6.4,
            "rmsd_l_b": 0.0,
            "rmsd_u_b": 0.0
          },
          {
            "mode": 2,
            "affinity": -6.4,
            "rmsd_l_b": 5.792,
            "rmsd_u_b": 9.511
          },
          {
            "mode": 3,
            "affinity": -6.4,
            "rmsd_l_b": 2.508,
            "rmsd_u_b": 8.396
          },
          {
            "mode": 4,
            "affinity": -6.3,
            "rmsd_l_b": 3.372,
            "rmsd_u_b": 6.433
          },
          {
            "mode": 5,
            "affinity": -6.3,
            "rmsd_l_b": 5.714,
            "rmsd_u_b": 9.5
          },
          {
            "mode": 6,
            "affinity": -6.3,
            "rmsd_l_b": 1.691,
            "rmsd_u_b": 2.338
          },
          {
            "mode": 7,
            "affinity": -6.3,
            "rmsd_l_b": 2.527,
            "rmsd_u_b": 8.76
          },
          {
            "mode": 8,
            "affinity": -6.3,
            "rmsd_l_b": 1.829,
            "rmsd_u_b": 8.623
          },
          {
            "mode": 9,
            "affinity": -6.2,
            "rmsd_l_b": 3.918,
            "rmsd_u_b": 8.796
          }
        ]
      },
      {
        "run": 18,
        "seed": 481637,
        "average": {
          "affinity": -5.867,
          "rmsd_l_b": 2.178,
          "rmsd_u_b": 6.923
        },
        "modes": [
          {
            "mode": 1,
            "affinity": -6.1,
            "rmsd_l_b": 0.0,
            "rmsd_u_b": 0.0
          },
          {
            "mode": 2,
            "affinity": -5.9,
            "rmsd_l_b": 2.95,
            "rmsd_u_b": 8.919
          },
          {
            "mode": 3,
            "affinity": -5.9,
            "rmsd_l_b": 1.743,
            "rmsd_u_b": 8.842
          },
          {
            "mode": 4,
            "affinity": -5.9,
            "rmsd_l_b": 2.08,
            "rmsd_u_b": 8.844
          },
          {
            "mode": 5,
            "affinity": -5.8,
            "rmsd_l_b": 1.868,
            "rmsd_u_b": 2.975
          },
          {
            "mode": 6,
            "affinity": -5.8,
            "rmsd_l_b": 2.748,
            "rmsd_u_b": 4.908
          },
          {
            "mode": 7,
            "affinity": -5.8,
            "rmsd_l_b": 2.576,
            "rmsd_u_b": 9.305
          },
          {
            "mode": 8,
            "affinity": -5.8,
            "rmsd_l_b": 3.259,
            "rmsd_u_b": 9.732
          },
          {
            "mode": 9,
            "affinity": -5.8,
            "rmsd_l_b": 2.382,
            "rmsd_u_b": 8.778
          }
        ]
      },
      {
        "run": 19,
        "seed": 15404,
        "average": {
          "affinity": -6.244,
          "rmsd_l_b": 2.391,
          "rmsd_u_b": 5.473
        },
        "modes": [
          {
            "mode": 1,
            "affinity": -6.4,
            "rmsd_l_b": 0.0,
            "rmsd_u_b": 0.0
          },
          {
            "mode": 2,
            "affinity": -6.3,
            "rmsd_l_b": 1.878,
            "rmsd_u_b": 8.924
          },
          {
            "mode": 3,
            "affinity": -6.3,
            "rmsd_l_b": 1.537,
            "rmsd_u_b": 2.68
          },
          {
            "mode": 4,
            "affinity": -6.3,
            "rmsd_l_b": 2.069,
            "rmsd_u_b": 3.833
          },
          {
            "mode": 5,
            "affinity": -6.3,
            "rmsd_l_b": 1.992,
            "rmsd_u_b": 3.799
          },
          {
            "mode": 6,
            "affinity": -6.2,
            "rmsd_l_b": 3.973,
            "rmsd_u_b": 7.372
          },
          {
            "mode": 7,
            "affinity": -6.2,
            "rmsd_l_b": 3.067,
            "rmsd_u_b": 8.421
          },
          {
            "mode": 8,
            "affinity": -6.1,
            "rmsd_l_b": 3.602,
            "rmsd_u_b": 8.26
          },
          {
            "mode": 9,
            "affinity": -6.1,
            "rmsd_l_b": 3.402,
            "rmsd_u_b": 5.969
          }
        ]
      },
      {
        "run": 20,
        "seed": 374344,
        "average": {
          "affinity": -6.178,
          "rmsd_l_b": 2.276,
          "rmsd_u_b": 7.43
        },
        "modes": [
          {
            "mode": 1,
            "affinity": -6.3,
            "rmsd_l_b": 0.0,
            "rmsd_u_b": 0.0
          },
          {
            "mode": 2,
            "affinity": -6.3,
            "rmsd_l_b": 2.533,
            "rmsd_u_b": 8.618
          },
          {
            "mode": 3,
            "affinity": -6.3,
            "rmsd_l_b": 2.501,
            "rmsd_u_b": 8.762
          },
          {
            "mode": 4,
            "affinity": -6.2,
            "rmsd_l_b": 2.553,
            "rmsd_u_b": 8.741
          },
          {
            "mode": 5,
            "affinity": -6.2,
            "rmsd_l_b": 2.677,
            "rmsd_u_b": 8.916
          },
          {
            "mode": 6,
            "affinity": -6.1,
            "rmsd_l_b": 2.886,
            "rmsd_u_b": 9.292
          },
          {
            "mode": 7,
            "affinity": -6.1,
            "rmsd_l_b": 2.14,
            "rmsd_u_b": 8.943
          },
          {
            "mode": 8,
            "affinity": -6.1,
            "rmsd_l_b": 2.574,
            "rmsd_u_b": 4.166
          },
          {
            "mode": 9,
            "affinity": -6.0,
            "rmsd_l_b": 2.616,
            "rmsd_u_b": 9.434
          }
        ]
      }
    ]
  }
}