{
  "rmsd": 4.103,
  "rmsd_method": "C-alpha coordinates",
  "rmsd_tool": "BioPython",
  "docking": {
    "average_affinity": -5.382,
    "runs": [
      {
        "run": 1,
        "seed": 611268,
        "average": {
          "affinity": -5.4,
          "rmsd_l_b": 2.303,
          "rmsd_u_b": 5.315
        },
        "modes": [
          {
            "mode": 1,
            "affinity": -5.6,
            "rmsd_l_b": 0.0,
            "rmsd_u_b": 0.0
          },
          {
            "mode": 2,
            "affinity": -5.5,
            "rmsd_l_b": 2.492,
            "rmsd_u_b": 5.897
          },
          {
            "mode": 3,
            "affinity": -5.5,
            "rmsd_l_b": 2.361,
            "rmsd_u_b": 5.984
          },
          {
            "mode": 4,
            "affinity": -5.5,
            "rmsd_l_b": 2.621,
            "rmsd_u_b": 6.124
          },
          {
            "mode": 5,
            "affinity": -5.4,
            "rmsd_l_b": 2.813,
            "rmsd_u_b": 5.843
          },
          {
            "mode": 6,
            "affinity": -5.4,
            "rmsd_l_b": 2.804,
            "rmsd_u_b": 4.735
          },
          {
            "mode": 7,
            "affinity": -5.3,
            "rmsd_l_b": 2.146,
            "rmsd_u_b": 7.112
          },
          {
            "mode": 8,
            "affinity": -5.2,
            "rmsd_l_b": 2.612,
            "rmsd_u_b": 4.257
          },
          {
            "mode": 9,
            "affinity": -5.2,
            "rmsd_l_b": 2.88,
            "rmsd_u_b": 7.886
          }
        ]
      },
      {
        "run": 2,
        "seed": 993434,
        "average": {
          "affinity": -5.344,
          "rmsd_l_b": 3.006,
          "rmsd_u_b": 6.683
        },
        "modes": [
          {
            "mode": 1,
            "affinity": -5.5,
            "rmsd_l_b": 0.0,
            "rmsd_u_b": 0.0
          },
          {
            "mode": 2,
            "affinity": -5.4,
            "rmsd_l_b": 2.301,
            "rmsd_u_b": 3.143
          },
          {
            "mode": 3,
            "affinity": -5.4,
            "rmsd_l_b": 3.418,
            "rmsd_u_b": 5.821
          },
          {
            "mode": 4,
            "affinity": -5.4,
            "rmsd_l_b": 6.424,
            "rmsd_u_b": 10.719
          },
          {
            "mode": 5,
            "affinity": -5.3,
            "rmsd_l_b": 1.847,
            "rmsd_u_b": 7.326
          },
          {
            "mode": 6,
            "affinity": -5.3,
            "rmsd_l_b": 3.719,
            "rmsd_u_b": 7.594
          },
          {
            "mode": 7,
            "affinity": -5.3,
            "rmsd_l_b": 3.961,
            "rmsd_u_b": 7.602
          },
          {
            "mode": 8,
            "affinity": -5.3,
            "rmsd_l_b": 3.197,
            "rmsd_u_b": 9.598
          },
          {
            "mode": 9,
            "affinity": -5.2,
            "rmsd_l_b": 2.183,
            "rmsd_u_b": 8.348
          }
        ]
      },
      {
        "run": 3,
        "seed": 844763,
        "average": {
          "affinity": -5.467,
          "rmsd_l_b": 3.442,
          "rmsd_u_b": 7.168
        },
        "modes": [
          {
            "mode": 1,
            "affinity": -5.9,
            "rmsd_l_b": 0.0,
            "rmsd_u_b": 0.0
          },
          {
            "mode": 2,
            "affinity": -5.7,
            "rmsd_l_b": 2.376,
            "rmsd_u_b": 6.023
          },
          {
            "mode": 3,
            "affinity": -5.6,
            "rmsd_l_b": 2.582,
            "rmsd_u_b": 6.139
          },
          {
            "mode": 4,
            "affinity": -5.4,
            "rmsd_l_b": 2.678,
            "rmsd_u_b": 6.195
          },
          {
            "mode": 5,
            "affinity": -5.4,
            "rmsd_l_b": 2.039,
            "rmsd_u_b": 7.172
          },
          {
            "mode": 6,
            "affinity": -5.3,
            "rmsd_l_b": 2.716,
            "rmsd_u_b": 9.153
          },
          {
            "mode": 7,
            "affinity": -5.3,
            "rmsd_l_b": 2.753,
            "rmsd_u_b": 6.279
          },
          {
            "mode": 8,
            "affinity": -5.3,
            "rmsd_l_b": 7.736,
            "rmsd_u_b": 12.235
          },
          {
            "mode": 9,
            "affinity": -5.3,
            "rmsd_l_b": 8.098,
            "rmsd_u_b": 11.313
          }
        ]
      },
      {
        "run": 4,
        "seed": 28372,
        "average": {
          "affinity": -5.4,
          "rmsd_l_b": 2.863,
          "rmsd_u_b": 6.211
        },
        "modes": [
          {
            "mode": 1,
            "affinity": -5.9,
            "rmsd_l_b": 0.0,
            "rmsd_u_b": 0.0
          },
          {
            "mode": 2,
            "affinity": -5.5,
            "rmsd_l_b": 2.682,
            "rmsd_u_b": 6.231
          },
          {
            "mode": 3,
            "affinity": -5.4,
            "rmsd_l_b": 2.748,
            "rmsd_u_b": 5.958
          },
          {
            "mode": 4,
            "affinity": -5.4,
            "rmsd_l_b": 2.747,
            "rmsd_u_b": 6.235
          },
          {
            "mode": 5,
            "affinity": -5.3,
            "rmsd_l_b": 2.866,
            "rmsd_u_b": 4.553
          },
          {
            "mode": 6,
            "affinity": -5.3,
            "rmsd_l_b": 7.139,
            "rmsd_u_b": 12.008
          },
          {
            "mode": 7,
            "affinity": -5.3,
            "rmsd_l_b": 2.021,
            "rmsd_u_b": 7.224
          },
          {
            "mode": 8,
            "affinity": -5.3,
            "rmsd_l_b": 2.856,
            "rmsd_u_b": 9.299
          },
          {
            "mode": 9,
            "affinity": -5.2,
            "rmsd_l_b": 2.709,
            "rmsd_u_b": 4.389
          }
        ]
      },
      {
        "run": 5,
        "seed": 22838,
        "average": {
          "affinity": -5.356,
          "rmsd_l_b": 3.604,
          "rmsd_u_b": 7.23
        },
        "modes": [
          {
            "mode": 1,
            "affinity": -5.6,
            "rmsd_l_b": 0.0,
            "rmsd_u_b": 0.0
          },
          {
            "mode": 2,
            "affinity": -5.5,
            "rmsd_l_b": 3.664,
            "rmsd_u_b": 5.074
          },
          {
            "mode": 3,
            "affinity": -5.4,
            "rmsd_l_b": 3.231,
            "rmsd_u_b": 5.582
          },
          {
            "mode": 4,
            "affinity": -5.4,
            "rmsd_l_b": 3.703,
            "rmsd_u_b": 6.689
          },
          {
            "mode": 5,
            "affinity": -5.3,
            "rmsd_l_b": 3.054,
            "rmsd_u_b": 8.24
          },
          {
            "mode": 6,
            "affinity": -5.3,
            "rmsd_l_b": 3.364,
            "rmsd_u_b": 8.8
          },
          {
            "mode": 7,
            "affinity": -5.3,
            "rmsd_l_b": 4.192,
            "rmsd_u_b": 11.174
          },
          {
            "mode": 8,
            "affinity": -5.2,
            "rmsd_l_b": 2.485,
            "rmsd_u_b": 6.217
          },
          {
            "mode": 9,
            "affinity": -5.2,
            "rmsd_l_b": 8.739,
            "rmsd_u_b": 13.291
          }
        ]
      },
      {
        "run": 6,
        "seed": 475646,
        "average": {
          "affinity": -5.411,
          "rmsd_l_b": 2.926,
          "rmsd_u_b": 6.737
        },
        "modes": [
          {
            "mode": 1,
            "affinity": -5.7,
            "rmsd_l_b": 0.0,
            "rmsd_u_b": 0.0
          },
          {
            "mode": 2,
            "affinity": -5.6,
            "rmsd_l_b": 2.5,
            "rmsd_u_b": 6.234
          },
          {
            "mode": 3,
            "affinity": -5.4,
            "rmsd_l_b": 2.735,
            "rmsd_u_b": 6.193
          },
          {
            "mode": 4,
            "affinity": -5.4,
            "rmsd_l_b": 2.769,
            "rmsd_u_b": 5.833
          },
          {
            "mode": 5,
            "affinity": -5.4,
            "rmsd_l_b": 2.827,
            "rmsd_u_b": 4.61
          },
          {
            "mode": 6,
            "affinity": -5.3,
            "rmsd_l_b": 2.718,
            "rmsd_u_b": 8.975
          },
          {
            "mode": 7,
            "affinity": -5.3,
            "rmsd_l_b": 2.029,
            "rmsd_u_b": 7.179
          },
          {
            "mode": 8,
            "affinity": -5.3,
            "rmsd_l_b": 7.524,
            "rmsd_u_b": 12.357
          },
          {
            "mode": 9,
            "affinity": -5.3,
            "rmsd_l_b": 3.234,
            "rmsd_u_b": 9.248
          }
        ]
      },
      {
        "run": 7,
        "seed": 356248,
        "average": {
          "affinity": -5.422,
          "rmsd_l_b": 3.244,
          "rmsd_u_b": 5.814
        },
        "modes": [
          {
            "mode": 1,
            "affinity": -5.6,
            "rmsd_l_b": 0.0,
            "rmsd_u_b": 0.0
          },
          {
            "mode": 2,
            "affinity": -5.6,
            "rmsd_l_b": 2.36,
            "rmsd_u_b": 6.122
          },
          {
            "mode": 3,
            "affinity": -5.5,
            "rmsd_l_b": 1.605,
            "rmsd_u_b": 2.178
          },
          {
            "mode": 4,
            "affinity": -5.4,
            "rmsd_l_b": 3.267,
            "rmsd_u_b": 5.7
          },
          {
            "mode": 5,
            "affinity": -5.4,
            "rmsd_l_b": 3.277,
            "rmsd_u_b": 7.095
          },
          {
            "mode": 6,
            "affinity": -5.4,
            "rmsd_l_b": 9.806,
            "rmsd_u_b": 13.134
          },
          {
            "mode": 7,
            "affinity": -5.3,
            "rmsd_l_b": 2.182,
            "rmsd_u_b": 3.228
          },
          {
            "mode": 8,
            "affinity": -5.3,
            "rmsd_l_b": 3.033,
            "rmsd_u_b": 8.231
          },
          {
            "mode": 9,
            "affinity": -5.3,
            "rmsd_l_b": 3.666,
            "rmsd_u_b": 6.641
          }
        ]
      },
      {
        "run": 8,
        "seed": 293188,
        "average": {
          "affinity": -5.344,
          "rmsd_l_b": 3.358,
          "rmsd_u_b": 6.99
        },
        "modes": [
          {
            "mode": 1,
            "affinity": -5.6,
            "rmsd_l_b": 0.0,
            "rmsd_u_b": 0.0
          },
          {
            "mode": 2,
            "affinity": -5.5,
            "rmsd_l_b": 3.281,
            "rmsd_u_b": 7.037
          },
          {
            "mode": 3,
            "affinity": -5.5,
            "rmsd_l_b": 1.582,
            "rmsd_u_b": 2.177
          },
          {
            "mode": 4,
            "affinity": -5.4,
            "rmsd_l_b": 3.265,
            "rmsd_u_b": 5.735
          },
          {
            "mode": 5,
            "affinity": -5.4,
            "rmsd_l_b": 3.039,
            "rmsd_u_b": 8.22
          },
          {
            "mode": 6,
            "affinity": -5.3,
            "rmsd_l_b": 3.212,
            "rmsd_u_b": 8.659
          },
          {
            "mode": 7,
            "affinity": -5.2,
            "rmsd_l_b": 3.4,
            "rmsd_u_b": 8.958
          },
          {
            "mode": 8,
            "affinity": -5.1,
            "rmsd_l_b": 8.596,
            "rmsd_u_b": 13.397
          },
          {
            "mode": 9,
            "affinity": -5.1,
            "rmsd_l_b": 3.845,
            "rmsd_u_b": 8.724
          }
        ]
      },
      {
        "run": 9,
        "seed": 291473,
        "average": {
          "affinity": -5.233,
          "rmsd_l_b": 2.628,
          "rmsd_u_b": 5.989
        },
        "modes": [
          {
            "mode": 1,
            "affinity": -5.4,
            "rmsd_l_b": 0.0,
            "rmsd_u_b": 0.0
          },
          {
            "mode": 2,
            "affinity": -5.4,
            "rmsd_l_b": 3.361,
            "rmsd_u_b": 4.831
          },
          {
            "mode": 3,
            "affinity": -5.3,
            "rmsd_l_b": 2.295,
            "rmsd_u_b": 3.144
          },
          {
            "mode": 4,
            "affinity": -5.3,
            "rmsd_l_b": 3.522,
            "rmsd_u_b": 5.9
          },
          {
            "mode": 5,
            "affinity": -5.2,
            "rmsd_l_b": 1.869,
            "rmsd_u_b": 7.389
          },
          {
            "mode": 6,
            "affinity": -5.2,
            "rmsd_l_b": 3.307,
            "rmsd_u_b": 9.64
          },
          {
            "mode": 7,
            "affinity": -5.2,
            "rmsd_l_b": 4.135,
            "rmsd_u_b": 7.853
          },
          {
            "mode": 8,
            "affinity": -5.1,
            "rmsd_l_b": 2.989,
            "rmsd_u_b": 6.852
          },
          {
            "mode": 9,
            "affinity": -5.0,
            "rmsd_l_b": 2.178,
            "rmsd_u_b": 8.292
          }
        ]
      },
      {
        "run": 10,
        "seed": 298806,
        "average": {
          "affinity": -5.456,
          "rmsd_l_b": 2.31,
          "rmsd_u_b": 5.691
        },
        "modes": [
          {
            "mode": 1,
            "affinity": -5.9,
            "rmsd_l_b": 0.0,
            "rmsd_u_b": 0.0
          },
          {
            "mode": 2,
            "affinity": -5.6,
            "rmsd_l_b": 2.341,
            "rmsd_u_b": 6.008
          },
          {
            "mode": 3,
            "affinity": -5.5,
            "rmsd_l_b": 2.651,
            "rmsd_u_b": 6.143
          },
          {
            "mode": 4,
            "affinity": -5.5,
            "rmsd_l_b": 2.503,
            "rmsd_u_b": 5.824
          },
          {
            "mode": 5,
            "affinity": -5.4,
            "rmsd_l_b": 2.772,
            "rmsd_u_b": 6.266
          },
          {
            "mode": 6,
            "affinity": -5.4,
            "rmsd_l_b": 2.74,
            "rmsd_u_b": 5.952
          },
          {
            "mode": 7,
            "affinity": -5.3,
            "rmsd_l_b": 2.047,
            "rmsd_u_b": 7.21
          },
          {
            "mode": 8,
            "affinity": -5.3,
            "rmsd_l_b": 2.859,
            "rmsd_u_b": 4.572
          },
          {
            "mode": 9,
            "affinity": -5.2,
            "rmsd_l_b": 2.879,
            "rmsd_u_b": 9.241
          }
        ]
      },
      {
        "run": 11,
        "seed": 520305,
        "average": {
          "affinity": -5.456,
          "rmsd_l_b": 2.872,
          "rmsd_u_b": 6.134
        },
        "modes": [
          {
            "mode": 1,
            "affinity": -5.8,
            "rmsd_l_b": 0.0,
            "rmsd_u_b": 0.0
          },
          {
            "mode": 2,
            "affinity": -5.5,
            "rmsd_l_b": 2.757,
            "rmsd_u_b": 6.239
          },
          {
            "mode": 3,
            "affinity": -5.5,
            "rmsd_l_b": 2.729,
            "rmsd_u_b": 5.983
          },
          {
            "mode": 4,
            "affinity": -5.4,
            "rmsd_l_b": 2.562,
            "rmsd_u_b": 5.951
          },
          {
            "mode": 5,
            "affinity": -5.4,
            "rmsd_l_b": 2.782,
            "rmsd_u_b": 4.459
          },
          {
            "mode": 6,
            "affinity": -5.4,
            "rmsd_l_b": 2.041,
            "rmsd_u_b": 7.17
          },
          {
            "mode": 7,
            "affinity": -5.4,
            "rmsd_l_b": 2.638,
            "rmsd_u_b": 4.156
          },
          {
            "mode": 8,
            "affinity": -5.4,
            "rmsd_l_b": 7.111,
            "rmsd_u_b": 11.949
          },
          {
            "mode": 9,
            "affinity": -5.3,
            "rmsd_l_b": 3.23,
            "rmsd_u_b": 9.301
          }
        ]
      },
      {
        "run": 12,
        "seed": 87019,
        "average": {
          "affinity": -5.367,
          "rmsd_l_b": 3.108,
          "rmsd_u_b": 6.794
        },
        "modes": [
          {
            "mode": 1,
            "affinity": -5.6,
            "rmsd_l_b": 0.0,
            "rmsd_u_b": 0.0
          },
          {
            "mode": 2,
            "affinity": -5.5,
            "rmsd_l_b": 3.698,
            "rmsd_u_b": 5.076
          },
          {
            "mode": 3,
            "affinity": -5.4,
            "rmsd_l_b": 3.246,
            "rmsd_u_b": 6.881
          },
          {
            "mode": 4,
            "affinity": -5.4,
            "rmsd_l_b": 3.202,
            "rmsd_u_b": 5.614
          },
          {
            "mode": 5,
            "affinity": -5.4,
            "rmsd_l_b": 3.674,
            "rmsd_u_b": 6.587
          },
          {
            "mode": 6,
            "affinity": -5.3,
            "rmsd_l_b": 3.065,
            "rmsd_u_b": 8.206
          },
          {
            "mode": 7,
            "affinity": -5.3,
            "rmsd_l_b": 3.391,
            "rmsd_u_b": 8.789
          },
          {
            "mode": 8,
            "affinity": -5.3,
            "rmsd_l_b": 4.288,
            "rmsd_u_b": 11.103
          },
          {
            "mode": 9,
            "affinity": -5.1,
            "rmsd_l_b": 3.409,
            "rmsd_u_b": 8.891
          }
        ]
      },
      {
        "run": 13,
        "seed": 491419,
        "average": {
          "affinity": -5.356,
          "rmsd_l_b": 3.612,
          "rmsd_u_b": 7.122
        },
        "modes": [
          {
            "mode": 1,
            "affinity": -5.7,
            "rmsd_l_b": 0.0,
            "rmsd_u_b": 0.0
          },
          {
            "mode": 2,
            "affinity": -5.6,
            "rmsd_l_b": 2.3,
            "rmsd_u_b": 6.011
          },
          {
            "mode": 3,
            "affinity": -5.5,
            "rmsd_l_b": 2.757,
            "rmsd_u_b": 6.29
          },
          {
            "mode": 4,
            "affinity": -5.4,
            "rmsd_l_b": 2.807,
            "rmsd_u_b": 6.357
          },
          {
            "mode": 5,
            "affinity": -5.4,
            "rmsd_l_b": 2.711,
            "rmsd_u_b": 5.712
          },
          {
            "mode": 6,
            "affinity": -5.4,
            "rmsd_l_b": 2.787,
            "rmsd_u_b": 9.155
          },
          {
            "mode": 7,
            "affinity": -5.1,
            "rmsd_l_b": 3.211,
            "rmsd_u_b": 9.287
          },
          {
            "mode": 8,
            "affinity": -5.1,
            "rmsd_l_b": 8.445,
            "rmsd_u_b": 11.632
          },
          {
            "mode": 9,
            "affinity": -5.0,
            "rmsd_l_b": 7.494,
            "rmsd_u_b": 9.657
          }
        ]
      },
      {
        "run": 14,
        "seed": 348129,
        "average": {
          "affinity": -5.411,
          "rmsd_l_b": 3.362,
          "rmsd_u_b": 6.248
        },
        "modes": [
          {
            "mode": 1,
            "affinity": -5.6,
            "rmsd_l_b": 0.0,
            "rmsd_u_b": 0.0
          },
          {
            "mode": 2,
            "affinity": -5.5,
            "rmsd_l_b": 1.509,
            "rmsd_u_b": 2.013
          },
          {
            "mode": 3,
            "affinity": -5.5,
            "rmsd_l_b": 3.734,
            "rmsd_u_b": 5.108
          },
          {
            "mode": 4,
            "affinity": -5.4,
            "rmsd_l_b": 3.198,
            "rmsd_u_b": 6.796
          },
          {
            "mode": 5,
            "affinity": -5.4,
            "rmsd_l_b": 3.254,
            "rmsd_u_b": 5.687
          },
          {
            "mode": 6,
            "affinity": -5.4,
            "rmsd_l_b": 3.281,
            "rmsd_u_b": 6.981
          },
          {
            "mode": 7,
            "affinity": -5.3,
            "rmsd_l_b": 3.037,
            "rmsd_u_b": 8.244
          },
          {
            "mode": 8,
            "affinity": -5.3,
            "rmsd_l_b": 3.463,
            "rmsd_u_b": 8.812
          },
          {
            "mode": 9,
            "affinity": -5.3,
            "rmsd_l_b": 8.784,
            "rmsd_u_b": 12.589
          }
        ]
      },
      {
        "run": 15,
        "seed": 812336,
        "average": {
          "affinity": -5.333,
          "rmsd_l_b": 3.528,
          "rmsd_u_b": 7.613
        },
        "modes": [
          {
            "mode": 1,
            "affinity": -5.6,
            "rmsd_l_b": 0.0,
            "rmsd_u_b": 0.0
          },
          {
            "mode": 2,
            "affinity": -5.4,
            "rmsd_l_b": 2.791,
            "rmsd_u_b": 5.939
          },
          {
            "mode": 3,
            "affinity": -5.4,
            "rmsd_l_b": 2.844,
            "rmsd_u_b": 6.302
          },
          {
            "mode": 4,
            "affinity": -5.4,
            "rmsd_l_b": 8.588,
            "rmsd_u_b": 12.03
          },
          {
            "mode": 5,
            "affinity": -5.3,
            "rmsd_l_b": 2.779,
            "rmsd_u_b": 9.217
          },
          {
            "mode": 6,
            "affinity": -5.3,
            "rmsd_l_b": 2.099,
            "rmsd_u_b": 7.206
          },
          {
            "mode": 7,
            "affinity": -5.3,
            "rmsd_l_b": 2.712,
            "rmsd_u_b": 6.171
          },
          {
            "mode": 8,
            "affinity": -5.2,
            "rmsd_l_b": 7.117,
            "rmsd_u_b": 12.028
          },
          {
            "mode": 9,
            "affinity": -5.1,
            "rmsd_l_b": 2.818,
            "rmsd_u_b": 9.628
          }
        ]
      },
      {
        "run": 16,
        "seed": 152887,
        "average": {
          "affinity": -5.389,
          "rmsd_l_b": 2.804,
          "rmsd_u_b": 6.021
        },
        "modes": [
          {
            "mode": 1,
            "affinity": -5.6,
            "rmsd_l_b": 0.0,
            "rmsd_u_b": 0.0
          },
          {
            "mode": 2,
            "affinity": -5.6,
            "rmsd_l_b": 3.557,
            "rmsd_u_b": 4.861
          },
          {
            "mode": 3,
            "affinity": -5.5,
            "rmsd_l_b": 3.269,
            "rmsd_u_b": 7.056
          },
          {
            "mode": 4,
            "affinity": -5.4,
            "rmsd_l_b": 3.184,
            "rmsd_u_b": 5.562
          },
          {
            "mode": 5,
            "affinity": -5.4,
            "rmsd_l_b": 1.416,
            "rmsd_u_b": 2.063
          },
          {
            "mode": 6,
            "affinity": -5.4,
            "rmsd_l_b": 3.028,
            "rmsd_u_b": 8.222
          },
          {
            "mode": 7,
            "affinity": -5.3,
            "rmsd_l_b": 3.491,
            "rmsd_u_b": 8.799
          },
          {
            "mode": 8,
            "affinity": -5.2,
            "rmsd_l_b": 3.44,
            "rmsd_u_b": 8.901
          },
          {
            "mode": 9,
            "affinity": -5.1,
            "rmsd_l_b": 3.847,
            "rmsd_u_b": 8.725
          }
        ]
      },
      {
        "run": 17,
        "seed": 712506,
        "average": {
          "affinity": -5.4,
          "rmsd_l_b": 3.484,
          "rmsd_u_b": 7.035
        },
        "modes": [
          {
            "mode": 1,
            "affinity": -5.9,
            "rmsd_l_b": 0.0,
            "rmsd_u_b": 0.0
          },
          {
            "mode": 2,
            "affinity": -5.6,
            "rmsd_l_b": 2.308,
            "rmsd_u_b": 5.994
          },
          {
            "mode": 3,
            "affinity": -5.4,
            "rmsd_l_b": 2.63,
            "rmsd_u_b": 6.124
          },
          {
            "mode": 4,
            "affinity": -5.3,
            "rmsd_l_b": 8.712,
            "rmsd_u_b": 12.008
          },
          {
            "mode": 5,
            "affinity": -5.3,
            "rmsd_l_b": 2.751,
            "rmsd_u_b": 6.165
          },
          {
            "mode": 6,
            "affinity": -5.3,
            "rmsd_l_b": 7.213,
            "rmsd_u_b": 12.073
          },
          {
            "mode": 7,
            "affinity": -5.3,
            "rmsd_l_b": 2.945,
            "rmsd_u_b": 4.613
          },
          {
            "mode": 8,
            "affinity": -5.3,
            "rmsd_l_b": 2.738,
            "rmsd_u_b": 9.116
          },
          {
            "mode": 9,
            "affinity": -5.2,
            "rmsd_l_b": 2.058,
            "rmsd_u_b": 7.222
          }
        ]
      },
      {
        "run": 18,
        "seed": 244837,
        "average": {
          "affinity": -5.3,
          "rmsd_l_b": 2.414,
          "rmsd_u_b": 6.046
        },
        "modes": [
          {
            "mode": 1,
            "affinity": -5.9,
            "rmsd_l_b": 0.0,
            "rmsd_u_b": 0.0
          },
          {
            "mode": 2,
            "affinity": -5.5,
            "rmsd_l_b": 2.345,
            "rmsd_u_b": 6.007
          },
          {
            "mode": 3,
            "affinity": -5.4,
            "rmsd_l_b": 2.633,
            "rmsd_u_b": 6.157
          },
          {
            "mode": 4,
            "affinity": -5.4,
            "rmsd_l_b": 2.75,
            "rmsd_u_b": 6.196
          },
          {
            "mode": 5,
            "affinity": -5.3,
            "rmsd_l_b": 2.035,
            "rmsd_u_b": 7.158
          },
          {
            "mode": 6,
            "affinity": -5.1,
            "rmsd_l_b": 2.478,
            "rmsd_u_b": 5.7
          },
          {
            "mode": 7,
            "affinity": -5.1,
            "rmsd_l_b": 2.926,
            "rmsd_u_b": 8.054
          },
          {
            "mode": 8,
            "affinity": -5.0,
            "rmsd_l_b": 2.931,
            "rmsd_u_b": 7.68
          },
          {
            "mode": 9,
            "affinity": -5.0,
            "rmsd_l_b": 3.632,
            "rmsd_u_b": 7.466
          }
        ]
      },
      {
        "run": 19,
        "seed": 182471,
        "average": {
          "affinity": -5.422,
          "rmsd_l_b": 3.388,
          "rmsd_u_b": 6.993
        },
        "modes": [
          {
            "mode": 1,
            "affinity": -5.6,
            "rmsd_l_b": 0.0,
            "rmsd_u_b": 0.0
          },
          {
            "mode": 2,
            "affinity": -5.5,
            "rmsd_l_b": 3.3,
            "rmsd_u_b": 7.05
          },
          {
            "mode": 3,
            "affinity": -5.5,
            "rmsd_l_b": 1.556,
            "rmsd_u_b": 2.156
          },
          {
            "mode": 4,
            "affinity": -5.5,
            "rmsd_l_b": 3.295,
            "rmsd_u_b": 5.77
          },
          {
            "mode": 5,
            "affinity": -5.4,
            "rmsd_l_b": 3.692,
            "rmsd_u_b": 6.637
          },
          {
            "mode": 6,
            "affinity": -5.4,
            "rmsd_l_b": 3.041,
            "rmsd_u_b": 8.233
          },
          {
            "mode": 7,
            "affinity": -5.3,
            "rmsd_l_b": 3.245,
            "rmsd_u_b": 8.675
          },
          {
            "mode": 8,
            "affinity": -5.3,
            "rmsd_l_b": 4.272,
            "rmsd_u_b": 11.206
          },
          {
            "mode": 9,
            "affinity": -5.3,
            "rmsd_l_b": 8.093,
            "rmsd_u_b": 13.211
          }
        ]
      },
      {
        "run": 20,
        "seed": 51475,
        "average": {
          "affinity": -5.367,
          "rmsd_l_b": 4.353,
          "rmsd_u_b": 8.096
        },
        "modes": [
          {
            "mode": 1,
            "affinity": -5.6,
            "rmsd_l_b": 0.0,
            "rmsd_u_b": 0.0
          },
          {
            "mode": 2,
            "affinity": -5.4,
            "rmsd_l_b": 3.163,
            "rmsd_u_b": 5.482
          },
          {
            "mode": 3,
            "affinity": -5.4,
            "rmsd_l_b": 3.761,
            "rmsd_u_b": 6.684
          },
          {
            "mode": 4,
            "affinity": -5.4,
            "rmsd_l_b": 3.286,
            "rmsd_u_b": 7.088
          },
          {
            "mode": 5,
            "affinity": -5.3,
            "rmsd_l_b": 3.039,
            "rmsd_u_b": 8.177
          },
          {
            "mode": 6,
            "affinity": -5.3,
            "rmsd_l_b": 8.886,
            "rmsd_u_b": 12.667
          },
          {
            "mode": 7,
            "affinity": -5.3,
            "rmsd_l_b": 3.413,
            "rmsd_u_b": 8.849
          },
          {
            "mode": 8,
            "affinity": -5.3,
            "rmsd_l_b": 4.329,
            "rmsd_u_b": 11.183
          },
          {
            "mode": 9,
            "affinity": -5.3,
            "rmsd_l_b": 9.298,
            "rmsd_u_b": 12.735
          }
        ]
      }
    ]
  }
}