{
  "rmsd": 4.095,
  "rmsd_method": "C-alpha coordinates",
  "rmsd_tool": "BioPython",
  "docking": {
    "average_affinity": -4.368,
    "runs": [
      {
        "run": 1,
        "seed": 964593,
        "average": {
          "affinity": -4.356,
          "rmsd_l_b": 2.372,
          "rmsd_u_b": 3.567
        },
        "modes": [
          {
            "mode": 1,
            "affinity": -4.7,
            "rmsd_l_b": 0.0,
            "rmsd_u_b": 0.0
          },
          {
            "mode": 2,
            "affinity": -4.6,
            "rmsd_l_b": 1.727,
            "rmsd_u_b": 2.133
          },
          {
            "mode": 3,
            "affinity": -4.5,
            "rmsd_l_b": 2.004,
            "rmsd_u_b": 2.475
          },
          {
            "mode": 4,
            "affinity": -4.4,
            "rmsd_l_b": 2.942,
            "rmsd_u_b": 5.57
          },
          {
            "mode": 5,
            "affinity": -4.4,
            "rmsd_l_b": 2.366,
            "rmsd_u_b": 3.474
          },
          {
            "mode": 6,
            "affinity": -4.3,
            "rmsd_l_b": 2.972,
            "rmsd_u_b": 4.916
          },
          {
            "mode": 7,
            "affinity": -4.1,
            "rmsd_l_b": 2.4,
            "rmsd_u_b": 3.329
          },
          {
            "mode": 8,
            "affinity": -4.1,
            "rmsd_l_b": 4.161,
            "rmsd_u_b": 7.012
          },
          {
            "mode": 9,
            "affinity": -4.1,
            "rmsd_l_b": 2.776,
            "rmsd_u_b": 3.192
          }
        ]
      },
      {
        "run": 2,
        "seed": 180080,
        "average": {
          "affinity": -4.367,
          "rmsd_l_b": 2.179,
          "rmsd_u_b": 3.423
        },
        "modes": [
          {
            "mode": 1,
            "affinity": -4.7,
            "rmsd_l_b": 0.0,
            "rmsd_u_b": 0.0
          },
          {
            "mode": 2,
            "affinity": -4.6,
            "rmsd_l_b": 0.891,
            "rmsd_u_b": 1.161
          },
          {
            "mode": 3,
            "affinity": -4.5,
            "rmsd_l_b": 1.977,
            "rmsd_u_b": 2.445
          },
          {
            "mode": 4,
            "affinity": -4.4,
            "rmsd_l_b": 2.424,
            "rmsd_u_b": 3.172
          },
          {
            "mode": 5,
            "affinity": -4.4,
            "rmsd_l_b": 2.947,
            "rmsd_u_b": 5.574
          },
          {
            "mode": 6,
            "affinity": -4.3,
            "rmsd_l_b": 2.97,
            "rmsd_u_b": 4.896
          },
          {
            "mode": 7,
            "affinity": -4.2,
            "rmsd_l_b": 2.501,
            "rmsd_u_b": 3.52
          },
          {
            "mode": 8,
            "affinity": -4.1,
            "rmsd_l_b": 4.175,
            "rmsd_u_b": 7.015
          },
          {
            "mode": 9,
            "affinity": -4.1,
            "rmsd_l_b": 1.723,
            "rmsd_u_b": 3.026
          }
        ]
      },
      {
        "run": 3,
        "seed": 851971,
        "average": {
          "affinity": -4.378,
          "rmsd_l_b": 2.245,
          "rmsd_u_b": 3.399
        },
        "modes": [
          {
            "mode": 1,
            "affinity": -4.7,
            "rmsd_l_b": 0.0,
            "rmsd_u_b": 0.0
          },
          {
            "mode": 2,
            "affinity": -4.5,
            "rmsd_l_b": 1.987,
            "rmsd_u_b": 2.471
          },
          {
            "mode": 3,
            "affinity": -4.5,
            "rmsd_l_b": 1.661,
            "rmsd_u_b": 1.956
          },
          {
            "mode": 4,
            "affinity": -4.4,
            "rmsd_l_b": 3.048,
            "rmsd_u_b": 5.628
          },
          {
            "mode": 5,
            "affinity": -4.4,
            "rmsd_l_b": 2.441,
            "rmsd_u_b": 3.162
          },
          {
            "mode": 6,
            "affinity": -4.3,
            "rmsd_l_b": 2.246,
            "rmsd_u_b": 3.811
          },
          {
            "mode": 7,
            "affinity": -4.3,
            "rmsd_l_b": 2.968,
            "rmsd_u_b": 4.95
          },
          {
            "mode": 8,
            "affinity": -4.2,
            "rmsd_l_b": 2.442,
            "rmsd_u_b": 3.195
          },
          {
            "mode": 9,
            "affinity": -4.1,
            "rmsd_l_b": 3.414,
            "rmsd_u_b": 5.415
          }
        ]
      },
      {
        "run": 4,
        "seed": 689204,
        "average": {
          "affinity": -4.389,
          "rmsd_l_b": 2.269,
          "rmsd_u_b": 3.596
        },
        "modes": [
          {
            "mode": 1,
            "affinity": -4.7,
            "rmsd_l_b": 0.0,
            "rmsd_u_b": 0.0
          },
          {
            "mode": 2,
            "affinity": -4.6,
            "rmsd_l_b": 1.725,
            "rmsd_u_b": 2.132
          },
          {
            "mode": 3,
            "affinity": -4.5,
            "rmsd_l_b": 1.928,
            "rmsd_u_b": 2.402
          },
          {
            "mode": 4,
            "affinity": -4.4,
            "rmsd_l_b": 3.053,
            "rmsd_u_b": 5.633
          },
          {
            "mode": 5,
            "affinity": -4.4,
            "rmsd_l_b": 2.408,
            "rmsd_u_b": 3.135
          },
          {
            "mode": 6,
            "affinity": -4.3,
            "rmsd_l_b": 3.009,
            "rmsd_u_b": 5.003
          },
          {
            "mode": 7,
            "affinity": -4.3,
            "rmsd_l_b": 2.449,
            "rmsd_u_b": 3.367
          },
          {
            "mode": 8,
            "affinity": -4.2,
            "rmsd_l_b": 2.78,
            "rmsd_u_b": 5.4
          },
          {
            "mode": 9,
            "affinity": -4.1,
            "rmsd_l_b": 3.067,
            "rmsd_u_b": 5.293
          }
        ]
      },
      {
        "run": 5,
        "seed": 648336,
        "average": {
          "affinity": -4.344,
          "rmsd_l_b": 2.3,
          "rmsd_u_b": 3.695
        },
        "modes": [
          {
            "mode": 1,
            "affinity": -4.7,
            "rmsd_l_b": 0.0,
            "rmsd_u_b": 0.0
          },
          {
            "mode": 2,
            "affinity": -4.6,
            "rmsd_l_b": 1.715,
            "rmsd_u_b": 2.116
          },
          {
            "mode": 3,
            "affinity": -4.5,
            "rmsd_l_b": 1.948,
            "rmsd_u_b": 2.41
          },
          {
            "mode": 4,
            "affinity": -4.4,
            "rmsd_l_b": 3.053,
            "rmsd_u_b": 5.637
          },
          {
            "mode": 5,
            "affinity": -4.4,
            "rmsd_l_b": 2.457,
            "rmsd_u_b": 3.187
          },
          {
            "mode": 6,
            "affinity": -4.3,
            "rmsd_l_b": 3.017,
            "rmsd_u_b": 5.026
          },
          {
            "mode": 7,
            "affinity": -4.1,
            "rmsd_l_b": 2.378,
            "rmsd_u_b": 4.104
          },
          {
            "mode": 8,
            "affinity": -4.1,
            "rmsd_l_b": 3.071,
            "rmsd_u_b": 5.294
          },
          {
            "mode": 9,
            "affinity": -4.0,
            "rmsd_l_b": 3.065,
            "rmsd_u_b": 5.479
          }
        ]
      },
      {
        "run": 6,
        "seed": 903602,
        "average": {
          "affinity": -4.389,
          "rmsd_l_b": 2.17,
          "rmsd_u_b": 3.382
        },
        "modes": [
          {
            "mode": 1,
            "affinity": -4.7,
            "rmsd_l_b": 0.0,
            "rmsd_u_b": 0.0
          },
          {
            "mode": 2,
            "affinity": -4.6,
            "rmsd_l_b": 1.729,
            "rmsd_u_b": 2.133
          },
          {
            "mode": 3,
            "affinity": -4.5,
            "rmsd_l_b": 1.969,
            "rmsd_u_b": 2.448
          },
          {
            "mode": 4,
            "affinity": -4.4,
            "rmsd_l_b": 3.054,
            "rmsd_u_b": 5.657
          },
          {
            "mode": 5,
            "affinity": -4.4,
            "rmsd_l_b": 2.414,
            "rmsd_u_b": 3.162
          },
          {
            "mode": 6,
            "affinity": -4.3,
            "rmsd_l_b": 2.982,
            "rmsd_u_b": 4.952
          },
          {
            "mode": 7,
            "affinity": -4.2,
            "rmsd_l_b": 2.501,
            "rmsd_u_b": 2.894
          },
          {
            "mode": 8,
            "affinity": -4.2,
            "rmsd_l_b": 2.1,
            "rmsd_u_b": 3.766
          },
          {
            "mode": 9,
            "affinity": -4.2,
            "rmsd_l_b": 2.778,
            "rmsd_u_b": 5.427
          }
        ]
      },
      {
        "run": 7,
        "seed": 534209,
        "average": {
          "affinity": -4.356,
          "rmsd_l_b": 2.155,
          "rmsd_u_b": 3.426
        },
        "modes": [
          {
            "mode": 1,
            "affinity": -4.7,
            "rmsd_l_b": 0.0,
            "rmsd_u_b": 0.0
          },
          {
            "mode": 2,
            "affinity": -4.5,
            "rmsd_l_b": 1.98,
            "rmsd_u_b": 2.458
          },
          {
            "mode": 3,
            "affinity": -4.5,
            "rmsd_l_b": 1.638,
            "rmsd_u_b": 1.922
          },
          {
            "mode": 4,
            "affinity": -4.4,
            "rmsd_l_b": 3.051,
            "rmsd_u_b": 5.634
          },
          {
            "mode": 5,
            "affinity": -4.3,
            "rmsd_l_b": 2.343,
            "rmsd_u_b": 3.427
          },
          {
            "mode": 6,
            "affinity": -4.3,
            "rmsd_l_b": 3.006,
            "rmsd_u_b": 5.017
          },
          {
            "mode": 7,
            "affinity": -4.2,
            "rmsd_l_b": 2.118,
            "rmsd_u_b": 3.788
          },
          {
            "mode": 8,
            "affinity": -4.2,
            "rmsd_l_b": 2.79,
            "rmsd_u_b": 5.409
          },
          {
            "mode": 9,
            "affinity": -4.1,
            "rmsd_l_b": 2.466,
            "rmsd_u_b": 3.177
          }
        ]
      },
      {
        "run": 8,
        "seed": 402944,
        "average": {
          "affinity": -4.367,
          "rmsd_l_b": 2.304,
          "rmsd_u_b": 3.608
        },
        "modes": [
          {
            "mode": 1,
            "affinity": -4.7,
            "rmsd_l_b": 0.0,
            "rmsd_u_b": 0.0
          },
          {
            "mode": 2,
            "affinity": -4.6,
            "rmsd_l_b": 1.724,
            "rmsd_u_b": 2.122
          },
          {
            "mode": 3,
            "affinity": -4.5,
            "rmsd_l_b": 1.98,
            "rmsd_u_b": 2.462
          },
          {
            "mode": 4,
            "affinity": -4.4,
            "rmsd_l_b": 3.071,
            "rmsd_u_b": 5.666
          },
          {
            "mode": 5,
            "affinity": -4.4,
            "rmsd_l_b": 2.372,
            "rmsd_u_b": 3.485
          },
          {
            "mode": 6,
            "affinity": -4.3,
            "rmsd_l_b": 2.962,
            "rmsd_u_b": 4.894
          },
          {
            "mode": 7,
            "affinity": -4.2,
            "rmsd_l_b": 2.424,
            "rmsd_u_b": 3.211
          },
          {
            "mode": 8,
            "affinity": -4.1,
            "rmsd_l_b": 3.131,
            "rmsd_u_b": 5.339
          },
          {
            "mode": 9,
            "affinity": -4.1,
            "rmsd_l_b": 3.068,
            "rmsd_u_b": 5.296
          }
        ]
      },
      {
        "run": 9,
        "seed": 426200,
        "average": {
          "affinity": -4.378,
          "rmsd_l_b": 2.346,
          "rmsd_u_b": 3.625
        },
        "modes": [
          {
            "mode": 1,
            "affinity": -4.7,
            "rmsd_l_b": 0.0,
            "rmsd_u_b": 0.0
          },
          {
            "mode": 2,
            "affinity": -4.6,
            "rmsd_l_b": 1.709,
            "rmsd_u_b": 2.108
          },
          {
            "mode": 3,
            "affinity": -4.5,
            "rmsd_l_b": 1.998,
            "rmsd_u_b": 2.46
          },
          {
            "mode": 4,
            "affinity": -4.4,
            "rmsd_l_b": 2.451,
            "rmsd_u_b": 3.222
          },
          {
            "mode": 5,
            "affinity": -4.4,
            "rmsd_l_b": 3.037,
            "rmsd_u_b": 5.64
          },
          {
            "mode": 6,
            "affinity": -4.3,
            "rmsd_l_b": 3.004,
            "rmsd_u_b": 5.003
          },
          {
            "mode": 7,
            "affinity": -4.2,
            "rmsd_l_b": 2.282,
            "rmsd_u_b": 3.926
          },
          {
            "mode": 8,
            "affinity": -4.2,
            "rmsd_l_b": 2.444,
            "rmsd_u_b": 3.231
          },
          {
            "mode": 9,
            "affinity": -4.1,
            "rmsd_l_b": 4.189,
            "rmsd_u_b": 7.031
          }
        ]
      },
      {
        "run": 10,
        "seed": 996989,
        "average": {
          "affinity": -4.411,
          "rmsd_l_b": 2.195,
          "rmsd_u_b": 3.376
        },
        "modes": [
          {
            "mode": 1,
            "affinity": -4.7,
            "rmsd_l_b": 0.0,
            "rmsd_u_b": 0.0
          },
          {
            "mode": 2,
            "affinity": -4.6,
            "rmsd_l_b": 0.909,
            "rmsd_u_b": 1.182
          },
          {
            "mode": 3,
            "affinity": -4.6,
            "rmsd_l_b": 1.734,
            "rmsd_u_b": 2.148
          },
          {
            "mode": 4,
            "affinity": -4.5,
            "rmsd_l_b": 1.936,
            "rmsd_u_b": 2.414
          },
          {
            "mode": 5,
            "affinity": -4.4,
            "rmsd_l_b": 3.062,
            "rmsd_u_b": 5.655
          },
          {
            "mode": 6,
            "affinity": -4.4,
            "rmsd_l_b": 2.393,
            "rmsd_u_b": 3.124
          },
          {
            "mode": 7,
            "affinity": -4.2,
            "rmsd_l_b": 2.446,
            "rmsd_u_b": 3.355
          },
          {
            "mode": 8,
            "affinity": -4.2,
            "rmsd_l_b": 4.103,
            "rmsd_u_b": 7.011
          },
          {
            "mode": 9,
            "affinity": -4.1,
            "rmsd_l_b": 3.171,
            "rmsd_u_b": 5.492
          }
        ]
      },
      {
        "run": 11,
        "seed": 689787,
        "average": {
          "affinity": -4.356,
          "rmsd_l_b": 2.377,
          "rmsd_u_b": 3.859
        },
        "modes": [
          {
            "mode": 1,
            "affinity": -4.7,
            "rmsd_l_b": 0.0,
            "rmsd_u_b": 0.0
          },
          {
            "mode": 2,
            "affinity": -4.6,
            "rmsd_l_b": 1.717,
            "rmsd_u_b": 2.115
          },
          {
            "mode": 3,
            "affinity": -4.5,
            "rmsd_l_b": 1.999,
            "rmsd_u_b": 2.463
          },
          {
            "mode": 4,
            "affinity": -4.4,
            "rmsd_l_b": 2.335,
            "rmsd_u_b": 3.356
          },
          {
            "mode": 5,
            "affinity": -4.4,
            "rmsd_l_b": 3.052,
            "rmsd_u_b": 5.65
          },
          {
            "mode": 6,
            "affinity": -4.3,
            "rmsd_l_b": 2.962,
            "rmsd_u_b": 4.921
          },
          {
            "mode": 7,
            "affinity": -4.2,
            "rmsd_l_b": 2.175,
            "rmsd_u_b": 3.703
          },
          {
            "mode": 8,
            "affinity": -4.1,
            "rmsd_l_b": 4.06,
            "rmsd_u_b": 6.993
          },
          {
            "mode": 9,
            "affinity": -4.0,
            "rmsd_l_b": 3.089,
            "rmsd_u_b": 5.528
          }
        ]
      },
      {
        "run": 12,
        "seed": 893685,
        "average": {
          "affinity": -4.367,
          "rmsd_l_b": 2.446,
          "rmsd_u_b": 3.81
        },
        "modes": [
          {
            "mode": 1,
            "affinity": -4.7,
            "rmsd_l_b": 0.0,
            "rmsd_u_b": 0.0
          },
          {
            "mode": 2,
            "affinity": -4.6,
            "rmsd_l_b": 1.782,
            "rmsd_u_b": 2.23
          },
          {
            "mode": 3,
            "affinity": -4.5,
            "rmsd_l_b": 1.993,
            "rmsd_u_b": 2.522
          },
          {
            "mode": 4,
            "affinity": -4.4,
            "rmsd_l_b": 3.064,
            "rmsd_u_b": 5.643
          },
          {
            "mode": 5,
            "affinity": -4.4,
            "rmsd_l_b": 2.306,
            "rmsd_u_b": 3.382
          },
          {
            "mode": 6,
            "affinity": -4.2,
            "rmsd_l_b": 2.983,
            "rmsd_u_b": 4.989
          },
          {
            "mode": 7,
            "affinity": -4.2,
            "rmsd_l_b": 2.407,
            "rmsd_u_b": 3.134
          },
          {
            "mode": 8,
            "affinity": -4.2,
            "rmsd_l_b": 4.043,
            "rmsd_u_b": 6.928
          },
          {
            "mode": 9,
            "affinity": -4.1,
            "rmsd_l_b": 3.438,
            "rmsd_u_b": 5.458
          }
        ]
      },
      {
        "run": 13,
        "seed": 954325,
        "average": {
          "affinity": -4.367,
          "rmsd_l_b": 2.212,
          "rmsd_u_b": 3.44
        },
        "modes": [
          {
            "mode": 1,
            "affinity": -4.7,
            "rmsd_l_b": 0.0,
            "rmsd_u_b": 0.0
          },
          {
            "mode": 2,
            "affinity": -4.6,
            "rmsd_l_b": 1.733,
            "rmsd_u_b": 2.148
          },
          {
            "mode": 3,
            "affinity": -4.5,
            "rmsd_l_b": 1.965,
            "rmsd_u_b": 2.442
          },
          {
            "mode": 4,
            "affinity": -4.4,
            "rmsd_l_b": 3.04,
            "rmsd_u_b": 5.653
          },
          {
            "mode": 5,
            "affinity": -4.4,
            "rmsd_l_b": 2.375,
            "rmsd_u_b": 3.488
          },
          {
            "mode": 6,
            "affinity": -4.3,
            "rmsd_l_b": 2.988,
            "rmsd_u_b": 4.928
          },
          {
            "mode": 7,
            "affinity": -4.2,
            "rmsd_l_b": 2.479,
            "rmsd_u_b": 3.078
          },
          {
            "mode": 8,
            "affinity": -4.1,
            "rmsd_l_b": 2.11,
            "rmsd_u_b": 3.726
          },
          {
            "mode": 9,
            "affinity": -4.1,
            "rmsd_l_b": 3.216,
            "rmsd_u_b": 5.501
          }
        ]
      },
      {
        "run": 14,
        "seed": 85852,
        "average": {
          "affinity": -4.367,
          "rmsd_l_b": 2.407,
          "rmsd_u_b": 3.857
        },
        "modes": [
          {
            "mode": 1,
            "affinity": -4.7,
            "rmsd_l_b": 0.0,
            "rmsd_u_b": 0.0
          },
          {
            "mode": 2,
            "affinity": -4.6,
            "rmsd_l_b": 1.749,
            "rmsd_u_b": 2.172
          },
          {
            "mode": 3,
            "affinity": -4.5,
            "rmsd_l_b": 1.986,
            "rmsd_u_b": 2.474
          },
          {
            "mode": 4,
            "affinity": -4.4,
            "rmsd_l_b": 2.434,
            "rmsd_u_b": 3.17
          },
          {
            "mode": 5,
            "affinity": -4.4,
            "rmsd_l_b": 3.029,
            "rmsd_u_b": 5.642
          },
          {
            "mode": 6,
            "affinity": -4.3,
            "rmsd_l_b": 2.961,
            "rmsd_u_b": 4.903
          },
          {
            "mode": 7,
            "affinity": -4.2,
            "rmsd_l_b": 4.074,
            "rmsd_u_b": 6.972
          },
          {
            "mode": 8,
            "affinity": -4.1,
            "rmsd_l_b": 2.371,
            "rmsd_u_b": 4.09
          },
          {
            "mode": 9,
            "affinity": -4.1,
            "rmsd_l_b": 3.061,
            "rmsd_u_b": 5.293
          }
        ]
      },
      {
        "run": 15,
        "seed": 229666,
        "average": {
          "affinity": -4.356,
          "rmsd_l_b": 2.377,
          "rmsd_u_b": 3.856
        },
        "modes": [
          {
            "mode": 1,
            "affinity": -4.7,
            "rmsd_l_b": 0.0,
            "rmsd_u_b": 0.0
          },
          {
            "mode": 2,
            "affinity": -4.6,
            "rmsd_l_b": 1.71,
            "rmsd_u_b": 2.106
          },
          {
            "mode": 3,
            "affinity": -4.5,
            "rmsd_l_b": 1.925,
            "rmsd_u_b": 2.402
          },
          {
            "mode": 4,
            "affinity": -4.4,
            "rmsd_l_b": 3.059,
            "rmsd_u_b": 5.654
          },
          {
            "mode": 5,
            "affinity": -4.3,
            "rmsd_l_b": 2.32,
            "rmsd_u_b": 3.26
          },
          {
            "mode": 6,
            "affinity": -4.3,
            "rmsd_l_b": 3.014,
            "rmsd_u_b": 5.021
          },
          {
            "mode": 7,
            "affinity": -4.2,
            "rmsd_l_b": 2.813,
            "rmsd_u_b": 5.49
          },
          {
            "mode": 8,
            "affinity": -4.1,
            "rmsd_l_b": 3.407,
            "rmsd_u_b": 5.408
          },
          {
            "mode": 9,
            "affinity": -4.1,
            "rmsd_l_b": 3.142,
            "rmsd_u_b": 5.361
          }
        ]
      },
      {
        "run": 16,
        "seed": 331013,
        "average": {
          "affinity": -4.433,
          "rmsd_l_b": 1.99,
          "rmsd_u_b": 2.986
        },
        "modes": [
          {
            "mode": 1,
            "affinity": -4.7,
            "rmsd_l_b": 0.0,
            "rmsd_u_b": 0.0
          },
          {
            "mode": 2,
            "affinity": -4.6,
            "rmsd_l_b": 0.895,
            "rmsd_u_b": 1.164
          },
          {
            "mode": 3,
            "affinity": -4.6,
            "rmsd_l_b": 1.758,
            "rmsd_u_b": 2.175
          },
          {
            "mode": 4,
            "affinity": -4.5,
            "rmsd_l_b": 1.975,
            "rmsd_u_b": 2.472
          },
          {
            "mode": 5,
            "affinity": -4.4,
            "rmsd_l_b": 2.395,
            "rmsd_u_b": 3.115
          },
          {
            "mode": 6,
            "affinity": -4.4,
            "rmsd_l_b": 3.032,
            "rmsd_u_b": 5.651
          },
          {
            "mode": 7,
            "affinity": -4.3,
            "rmsd_l_b": 2.978,
            "rmsd_u_b": 4.915
          },
          {
            "mode": 8,
            "affinity": -4.2,
            "rmsd_l_b": 2.432,
            "rmsd_u_b": 3.195
          },
          {
            "mode": 9,
            "affinity": -4.2,
            "rmsd_l_b": 2.449,
            "rmsd_u_b": 4.187
          }
        ]
      },
      {
        "run": 17,
        "seed": 520788,
        "average": {
          "affinity": -4.333,
          "rmsd_l_b": 2.384,
          "rmsd_u_b": 3.893
        },
        "modes": [
          {
            "mode": 1,
            "affinity": -4.7,
            "rmsd_l_b": 0.0,
            "rmsd_u_b": 0.0
          },
          {
            "mode": 2,
            "affinity": -4.6,
            "rmsd_l_b": 1.719,
            "rmsd_u_b": 2.126
          },
          {
            "mode": 3,
            "affinity": -4.5,
            "rmsd_l_b": 1.929,
            "rmsd_u_b": 2.399
          },
          {
            "mode": 4,
            "affinity": -4.4,
            "rmsd_l_b": 3.06,
            "rmsd_u_b": 5.65
          },
          {
            "mode": 5,
            "affinity": -4.4,
            "rmsd_l_b": 2.439,
            "rmsd_u_b": 3.284
          },
          {
            "mode": 6,
            "affinity": -4.3,
            "rmsd_l_b": 2.131,
            "rmsd_u_b": 3.862
          },
          {
            "mode": 7,
            "affinity": -4.1,
            "rmsd_l_b": 4.189,
            "rmsd_u_b": 7.001
          },
          {
            "mode": 8,
            "affinity": -4.0,
            "rmsd_l_b": 3.069,
            "rmsd_u_b": 5.288
          },
          {
            "mode": 9,
            "affinity": -4.0,
            "rmsd_l_b": 2.917,
            "rmsd_u_b": 5.428
          }
        ]
      },
      {
        "run": 18,
        "seed": 16635,
        "average": {
          "affinity": -4.356,
          "rmsd_l_b": 2.221,
          "rmsd_u_b": 3.49
        },
        "modes": [
          {
            "mode": 1,
            "affinity": -4.7,
            "rmsd_l_b": 0.0,
            "rmsd_u_b": 0.0
          },
          {
            "mode": 2,
            "affinity": -4.6,
            "rmsd_l_b": 1.744,
            "rmsd_u_b": 2.167
          },
          {
            "mode": 3,
            "affinity": -4.5,
            "rmsd_l_b": 1.942,
            "rmsd_u_b": 2.48
          },
          {
            "mode": 4,
            "affinity": -4.4,
            "rmsd_l_b": 3.06,
            "rmsd_u_b": 5.646
          },
          {
            "mode": 5,
            "affinity": -4.4,
            "rmsd_l_b": 2.431,
            "rmsd_u_b": 3.149
          },
          {
            "mode": 6,
            "affinity": -4.2,
            "rmsd_l_b": 2.417,
            "rmsd_u_b": 3.36
          },
          {
            "mode": 7,
            "affinity": -4.2,
            "rmsd_l_b": 2.175,
            "rmsd_u_b": 3.704
          },
          {
            "mode": 8,
            "affinity": -4.1,
            "rmsd_l_b": 3.061,
            "rmsd_u_b": 5.295
          },
          {
            "mode": 9,
            "affinity": -4.1,
            "rmsd_l_b": 3.155,
            "rmsd_u_b": 5.61
          }
        ]
      },
      {
        "run": 19,
        "seed": 707795,
        "average": {
          "affinity": -4.344,
          "rmsd_l_b": 2.367,
          "rmsd_u_b": 3.725
        },
        "modes": [
          {
            "mode": 1,
            "affinity": -4.7,
            "rmsd_l_b": 0.0,
            "rmsd_u_b": 0.0
          },
          {
            "mode": 2,
            "affinity": -4.5,
            "rmsd_l_b": 1.98,
            "rmsd_u_b": 2.476
          },
          {
            "mode": 3,
            "affinity": -4.5,
            "rmsd_l_b": 1.653,
            "rmsd_u_b": 1.948
          },
          {
            "mode": 4,
            "affinity": -4.4,
            "rmsd_l_b": 3.042,
            "rmsd_u_b": 5.645
          },
          {
            "mode": 5,
            "affinity": -4.4,
            "rmsd_l_b": 2.409,
            "rmsd_u_b": 3.132
          },
          {
            "mode": 6,
            "affinity": -4.2,
            "rmsd_l_b": 2.814,
            "rmsd_u_b": 5.499
          },
          {
            "mode": 7,
            "affinity": -4.2,
            "rmsd_l_b": 2.941,
            "rmsd_u_b": 4.925
          },
          {
            "mode": 8,
            "affinity": -4.1,
            "rmsd_l_b": 2.475,
            "rmsd_u_b": 2.993
          },
          {
            "mode": 9,
            "affinity": -4.1,
            "rmsd_l_b": 3.991,
            "rmsd_u_b": 6.908
          }
        ]
      },
      {
        "run": 20,
        "seed": 748367,
        "average": {
          "affinity": -4.344,
          "rmsd_l_b": 2.388,
          "rmsd_u_b": 3.981
        },
        "modes": [
          {
            "mode": 1,
            "affinity": -4.7,
            "rmsd_l_b": 0.0,
            "rmsd_u_b": 0.0
          },
          {
            "mode": 2,
            "affinity": -4.5,
            "rmsd_l_b": 1.987,
            "rmsd_u_b": 2.479
          },
          {
            "mode": 3,
            "affinity": -4.5,
            "rmsd_l_b": 1.678,
            "rmsd_u_b": 1.989
          },
          {
            "mode": 4,
            "affinity": -4.4,
            "rmsd_l_b": 3.064,
            "rmsd_u_b": 5.653
          },
          {
            "mode": 5,
            "affinity": -4.4,
            "rmsd_l_b": 2.382,
            "rmsd_u_b": 3.092
          },
          {
            "mode": 6,
            "affinity": -4.2,
            "rmsd_l_b": 2.364,
            "rmsd_u_b": 4.073
          },
          {
            "mode": 7,
            "affinity": -4.2,
            "rmsd_l_b": 4.062,
            "rmsd_u_b": 6.957
          },
          {
            "mode": 8,
            "affinity": -4.1,
            "rmsd_l_b": 3.138,
            "rmsd_u_b": 6.102
          },
          {
            "mode": 9,
            "affinity": -4.1,
            "rmsd_l_b": 2.814,
            "rmsd_u_b": 5.488
          }
        ]
      }
    ]
  }
}