{
  "rmsd": 5.58,
  "rmsd_method": "C-alpha coordinates",
  "rmsd_tool": "BioPython",
  "docking": {
    "average_affinity": -5.108,
    "runs": [
      {
        "run": 1,
        "seed": 151822,
        "average": {
          "affinity": -4.989,
          "rmsd_l_b": 7.703,
          "rmsd_u_b": 10.983
        },
        "modes": [
          {
            "mode": 1,
            "affinity": -6.0,
            "rmsd_l_b": 0.0,
            "rmsd_u_b": 0.0
          },
          {
            "mode": 2,
            "affinity": -5.5,
            "rmsd_l_b": 12.781,
            "rmsd_u_b": 16.248
          },
          {
            "mode": 3,
            "affinity": -5.3,
            "rmsd_l_b": 4.049,
            "rmsd_u_b": 6.67
          },
          {
            "mode": 4,
            "affinity": -5.0,
            "rmsd_l_b": 13.343,
            "rmsd_u_b": 16.066
          },
          {
            "mode": 5,
            "affinity": -5.0,
            "rmsd_l_b": 6.157,
            "rmsd_u_b": 9.235
          },
          {
            "mode": 6,
            "affinity": -4.9,
            "rmsd_l_b": 11.649,
            "rmsd_u_b": 13.787
          },
          {
            "mode": 7,
            "affinity": -4.7,
            "rmsd_l_b": 4.144,
            "rmsd_u_b": 10.346
          },
          {
            "mode": 8,
            "affinity": -4.6,
            "rmsd_l_b": 4.402,
            "rmsd_u_b": 10.414
          },
          {
            "mode": 9,
            "affinity": -3.9,
            "rmsd_l_b": 12.805,
            "rmsd_u_b": 16.082
          }
        ]
      },
      {
        "run": 2,
        "seed": 897155,
        "average": {
          "affinity": -5.244,
          "rmsd_l_b": 7.055,
          "rmsd_u_b": 9.884
        },
        "modes": [
          {
            "mode": 1,
            "affinity": -6.0,
            "rmsd_l_b": 0.0,
            "rmsd_u_b": 0.0
          },
          {
            "mode": 2,
            "affinity": -5.7,
            "rmsd_l_b": 3.976,
            "rmsd_u_b": 6.408
          },
          {
            "mode": 3,
            "affinity": -5.6,
            "rmsd_l_b": 4.142,
            "rmsd_u_b": 10.201
          },
          {
            "mode": 4,
            "affinity": -5.4,
            "rmsd_l_b": 12.737,
            "rmsd_u_b": 16.209
          },
          {
            "mode": 5,
            "affinity": -5.4,
            "rmsd_l_b": 4.073,
            "rmsd_u_b": 6.839
          },
          {
            "mode": 6,
            "affinity": -5.1,
            "rmsd_l_b": 13.318,
            "rmsd_u_b": 16.031
          },
          {
            "mode": 7,
            "affinity": -5.0,
            "rmsd_l_b": 6.158,
            "rmsd_u_b": 9.235
          },
          {
            "mode": 8,
            "affinity": -4.8,
            "rmsd_l_b": 11.742,
            "rmsd_u_b": 13.868
          },
          {
            "mode": 9,
            "affinity": -4.2,
            "rmsd_l_b": 7.353,
            "rmsd_u_b": 10.167
          }
        ]
      },
      {
        "run": 3,
        "seed": 144388,
        "average": {
          "affinity": -4.867,
          "rmsd_l_b": 9.97,
          "rmsd_u_b": 12.681
        },
        "modes": [
          {
            "mode": 1,
            "affinity": -5.6,
            "rmsd_l_b": 0.0,
            "rmsd_u_b": 0.0
          },
          {
            "mode": 2,
            "affinity": -5.5,
            "rmsd_l_b": 12.336,
            "rmsd_u_b": 14.375
          },
          {
            "mode": 3,
            "affinity": -5.3,
            "rmsd_l_b": 4.432,
            "rmsd_u_b": 9.924
          },
          {
            "mode": 4,
            "affinity": -5.0,
            "rmsd_l_b": 13.867,
            "rmsd_u_b": 15.984
          },
          {
            "mode": 5,
            "affinity": -5.0,
            "rmsd_l_b": 5.603,
            "rmsd_u_b": 9.377
          },
          {
            "mode": 6,
            "affinity": -4.6,
            "rmsd_l_b": 11.609,
            "rmsd_u_b": 15.099
          },
          {
            "mode": 7,
            "affinity": -4.5,
            "rmsd_l_b": 13.594,
            "rmsd_u_b": 15.972
          },
          {
            "mode": 8,
            "affinity": -4.4,
            "rmsd_l_b": 14.831,
            "rmsd_u_b": 17.784
          },
          {
            "mode": 9,
            "affinity": -3.9,
            "rmsd_l_b": 13.458,
            "rmsd_u_b": 15.612
          }
        ]
      },
      {
        "run": 4,
        "seed": 868620,
        "average": {
          "affinity": -5.189,
          "rmsd_l_b": 8.358,
          "rmsd_u_b": 10.606
        },
        "modes": [
          {
            "mode": 1,
            "affinity": -6.0,
            "rmsd_l_b": 0.0,
            "rmsd_u_b": 0.0
          },
          {
            "mode": 2,
            "affinity": -5.7,
            "rmsd_l_b": 3.978,
            "rmsd_u_b": 6.41
          },
          {
            "mode": 3,
            "affinity": -5.6,
            "rmsd_l_b": 12.847,
            "rmsd_u_b": 16.286
          },
          {
            "mode": 4,
            "affinity": -5.3,
            "rmsd_l_b": 4.224,
            "rmsd_u_b": 6.915
          },
          {
            "mode": 5,
            "affinity": -5.1,
            "rmsd_l_b": 4.117,
            "rmsd_u_b": 6.535
          },
          {
            "mode": 6,
            "affinity": -5.1,
            "rmsd_l_b": 13.326,
            "rmsd_u_b": 16.051
          },
          {
            "mode": 7,
            "affinity": -4.7,
            "rmsd_l_b": 13.847,
            "rmsd_u_b": 16.212
          },
          {
            "mode": 8,
            "affinity": -4.7,
            "rmsd_l_b": 11.021,
            "rmsd_u_b": 13.072
          },
          {
            "mode": 9,
            "affinity": -4.5,
            "rmsd_l_b": 11.864,
            "rmsd_u_b": 13.971
          }
        ]
      },
      {
        "run": 5,
        "seed": 860917,
        "average": {
          "affinity": -5.178,
          "rmsd_l_b": 7.132,
          "rmsd_u_b": 10.041
        },
        "modes": [
          {
            "mode": 1,
            "affinity": -6.0,
            "rmsd_l_b": 0.0,
            "rmsd_u_b": 0.0
          },
          {
            "mode": 2,
            "affinity": -5.7,
            "rmsd_l_b": 4.158,
            "rmsd_u_b": 10.209
          },
          {
            "mode": 3,
            "affinity": -5.6,
            "rmsd_l_b": 12.841,
            "rmsd_u_b": 16.289
          },
          {
            "mode": 4,
            "affinity": -5.4,
            "rmsd_l_b": 4.081,
            "rmsd_u_b": 6.767
          },
          {
            "mode": 5,
            "affinity": -5.1,
            "rmsd_l_b": 4.168,
            "rmsd_u_b": 6.588
          },
          {
            "mode": 6,
            "affinity": -5.0,
            "rmsd_l_b": 13.326,
            "rmsd_u_b": 16.055
          },
          {
            "mode": 7,
            "affinity": -5.0,
            "rmsd_l_b": 6.165,
            "rmsd_u_b": 9.239
          },
          {
            "mode": 8,
            "affinity": -4.4,
            "rmsd_l_b": 6.083,
            "rmsd_u_b": 9.984
          },
          {
            "mode": 9,
            "affinity": -4.4,
            "rmsd_l_b": 13.368,
            "rmsd_u_b": 15.236
          }
        ]
      },
      {
        "run": 6,
        "seed": 926486,
        "average": {
          "affinity": -5.256,
          "rmsd_l_b": 6.798,
          "rmsd_u_b": 9.587
        },
        "modes": [
          {
            "mode": 1,
            "affinity": -6.0,
            "rmsd_l_b": 0.0,
            "rmsd_u_b": 0.0
          },
          {
            "mode": 2,
            "affinity": -5.7,
            "rmsd_l_b": 3.969,
            "rmsd_u_b": 6.407
          },
          {
            "mode": 3,
            "affinity": -5.7,
            "rmsd_l_b": 4.17,
            "rmsd_u_b": 10.205
          },
          {
            "mode": 4,
            "affinity": -5.5,
            "rmsd_l_b": 12.796,
            "rmsd_u_b": 16.26
          },
          {
            "mode": 5,
            "affinity": -5.3,
            "rmsd_l_b": 4.073,
            "rmsd_u_b": 6.652
          },
          {
            "mode": 6,
            "affinity": -5.1,
            "rmsd_l_b": 13.318,
            "rmsd_u_b": 16.029
          },
          {
            "mode": 7,
            "affinity": -4.8,
            "rmsd_l_b": 13.563,
            "rmsd_u_b": 15.999
          },
          {
            "mode": 8,
            "affinity": -4.7,
            "rmsd_l_b": 6.026,
            "rmsd_u_b": 9.888
          },
          {
            "mode": 9,
            "affinity": -4.5,
            "rmsd_l_b": 3.266,
            "rmsd_u_b": 4.843
          }
        ]
      },
      {
        "run": 7,
        "seed": 104259,
        "average": {
          "affinity": -5.178,
          "rmsd_l_b": 6.228,
          "rmsd_u_b": 9.849
        },
        "modes": [
          {
            "mode": 1,
            "affinity": -6.0,
            "rmsd_l_b": 0.0,
            "rmsd_u_b": 0.0
          },
          {
            "mode": 2,
            "affinity": -5.7,
            "rmsd_l_b": 4.163,
            "rmsd_u_b": 10.205
          },
          {
            "mode": 3,
            "affinity": -5.6,
            "rmsd_l_b": 12.836,
            "rmsd_u_b": 16.284
          },
          {
            "mode": 4,
            "affinity": -5.3,
            "rmsd_l_b": 4.172,
            "rmsd_u_b": 6.951
          },
          {
            "mode": 5,
            "affinity": -5.1,
            "rmsd_l_b": 13.33,
            "rmsd_u_b": 16.038
          },
          {
            "mode": 6,
            "affinity": -5.0,
            "rmsd_l_b": 6.139,
            "rmsd_u_b": 9.221
          },
          {
            "mode": 7,
            "affinity": -4.9,
            "rmsd_l_b": 6.692,
            "rmsd_u_b": 9.722
          },
          {
            "mode": 8,
            "affinity": -4.6,
            "rmsd_l_b": 4.223,
            "rmsd_u_b": 10.413
          },
          {
            "mode": 9,
            "affinity": -4.4,
            "rmsd_l_b": 4.495,
            "rmsd_u_b": 9.808
          }
        ]
      },
      {
        "run": 8,
        "seed": 708808,
        "average": {
          "affinity": -4.9,
          "rmsd_l_b": 8.744,
          "rmsd_u_b": 11.926
        },
        "modes": [
          {
            "mode": 1,
            "affinity": -5.7,
            "rmsd_l_b": 0.0,
            "rmsd_u_b": 0.0
          },
          {
            "mode": 2,
            "affinity": -5.5,
            "rmsd_l_b": 12.385,
            "rmsd_u_b": 14.411
          },
          {
            "mode": 3,
            "affinity": -5.4,
            "rmsd_l_b": 4.359,
            "rmsd_u_b": 9.826
          },
          {
            "mode": 4,
            "affinity": -5.1,
            "rmsd_l_b": 4.563,
            "rmsd_u_b": 9.996
          },
          {
            "mode": 5,
            "affinity": -5.1,
            "rmsd_l_b": 13.872,
            "rmsd_u_b": 16.005
          },
          {
            "mode": 6,
            "affinity": -4.7,
            "rmsd_l_b": 11.585,
            "rmsd_u_b": 15.132
          },
          {
            "mode": 7,
            "affinity": -4.3,
            "rmsd_l_b": 14.847,
            "rmsd_u_b": 17.843
          },
          {
            "mode": 8,
            "affinity": -4.3,
            "rmsd_l_b": 12.568,
            "rmsd_u_b": 14.59
          },
          {
            "mode": 9,
            "affinity": -4.0,
            "rmsd_l_b": 4.52,
            "rmsd_u_b": 9.527
          }
        ]
      },
      {
        "run": 9,
        "seed": 848689,
        "average": {
          "affinity": -5.344,
          "rmsd_l_b": 6.629,
          "rmsd_u_b": 9.398
        },
        "modes": [
          {
            "mode": 1,
            "affinity": -6.0,
            "rmsd_l_b": 0.0,
            "rmsd_u_b": 0.0
          },
          {
            "mode": 2,
            "affinity": -5.7,
            "rmsd_l_b": 3.971,
            "rmsd_u_b": 6.416
          },
          {
            "mode": 3,
            "affinity": -5.6,
            "rmsd_l_b": 4.128,
            "rmsd_u_b": 10.183
          },
          {
            "mode": 4,
            "affinity": -5.5,
            "rmsd_l_b": 12.796,
            "rmsd_u_b": 16.259
          },
          {
            "mode": 5,
            "affinity": -5.4,
            "rmsd_l_b": 4.117,
            "rmsd_u_b": 6.791
          },
          {
            "mode": 6,
            "affinity": -5.1,
            "rmsd_l_b": 13.316,
            "rmsd_u_b": 15.998
          },
          {
            "mode": 7,
            "affinity": -5.1,
            "rmsd_l_b": 4.178,
            "rmsd_u_b": 6.649
          },
          {
            "mode": 8,
            "affinity": -5.0,
            "rmsd_l_b": 6.136,
            "rmsd_u_b": 9.222
          },
          {
            "mode": 9,
            "affinity": -4.7,
            "rmsd_l_b": 11.015,
            "rmsd_u_b": 13.061
          }
        ]
      },
      {
        "run": 10,
        "seed": 6704,
        "average": {
          "affinity": -5.211,
          "rmsd_l_b": 6.399,
          "rmsd_u_b": 9.39
        },
        "modes": [
          {
            "mode": 1,
            "affinity": -6.0,
            "rmsd_l_b": 0.0,
            "rmsd_u_b": 0.0
          },
          {
            "mode": 2,
            "affinity": -5.7,
            "rmsd_l_b": 4.171,
            "rmsd_u_b": 10.201
          },
          {
            "mode": 3,
            "affinity": -5.5,
            "rmsd_l_b": 12.8,
            "rmsd_u_b": 16.267
          },
          {
            "mode": 4,
            "affinity": -5.3,
            "rmsd_l_b": 4.241,
            "rmsd_u_b": 6.993
          },
          {
            "mode": 5,
            "affinity": -5.1,
            "rmsd_l_b": 1.679,
            "rmsd_u_b": 2.288
          },
          {
            "mode": 6,
            "affinity": -5.1,
            "rmsd_l_b": 13.326,
            "rmsd_u_b": 16.056
          },
          {
            "mode": 7,
            "affinity": -4.8,
            "rmsd_l_b": 4.38,
            "rmsd_u_b": 9.895
          },
          {
            "mode": 8,
            "affinity": -4.7,
            "rmsd_l_b": 11.035,
            "rmsd_u_b": 13.091
          },
          {
            "mode": 9,
            "affinity": -4.7,
            "rmsd_l_b": 5.955,
            "rmsd_u_b": 9.72
          }
        ]
      },
      {
        "run": 11,
        "seed": 92809,
        "average": {
          "affinity": -4.989,
          "rmsd_l_b": 8.15,
          "rmsd_u_b": 11.055
        },
        "modes": [
          {
            "mode": 1,
            "affinity": -6.0,
            "rmsd_l_b": 0.0,
            "rmsd_u_b": 0.0
          },
          {
            "mode": 2,
            "affinity": -5.6,
            "rmsd_l_b": 4.162,
            "rmsd_u_b": 10.217
          },
          {
            "mode": 3,
            "affinity": -5.5,
            "rmsd_l_b": 12.784,
            "rmsd_u_b": 16.254
          },
          {
            "mode": 4,
            "affinity": -5.1,
            "rmsd_l_b": 13.326,
            "rmsd_u_b": 16.055
          },
          {
            "mode": 5,
            "affinity": -4.8,
            "rmsd_l_b": 13.539,
            "rmsd_u_b": 15.946
          },
          {
            "mode": 6,
            "affinity": -4.6,
            "rmsd_l_b": 10.86,
            "rmsd_u_b": 12.89
          },
          {
            "mode": 7,
            "affinity": -4.5,
            "rmsd_l_b": 1.815,
            "rmsd_u_b": 2.584
          },
          {
            "mode": 8,
            "affinity": -4.4,
            "rmsd_l_b": 12.444,
            "rmsd_u_b": 15.822
          },
          {
            "mode": 9,
            "affinity": -4.4,
            "rmsd_l_b": 4.42,
            "rmsd_u_b": 9.725
          }
        ]
      },
      {
        "run": 12,
        "seed": 657912,
        "average": {
          "affinity": -5.167,
          "rmsd_l_b": 9.283,
          "rmsd_u_b": 11.995
        },
        "modes": [
          {
            "mode": 1,
            "affinity": -5.7,
            "rmsd_l_b": 0.0,
            "rmsd_u_b": 0.0
          },
          {
            "mode": 2,
            "affinity": -5.6,
            "rmsd_l_b": 5.862,
            "rmsd_u_b": 9.565
          },
          {
            "mode": 3,
            "affinity": -5.6,
            "rmsd_l_b": 13.366,
            "rmsd_u_b": 16.21
          },
          {
            "mode": 4,
            "affinity": -5.3,
            "rmsd_l_b": 6.985,
            "rmsd_u_b": 10.671
          },
          {
            "mode": 5,
            "affinity": -5.1,
            "rmsd_l_b": 12.874,
            "rmsd_u_b": 16.311
          },
          {
            "mode": 6,
            "affinity": -5.0,
            "rmsd_l_b": 6.484,
            "rmsd_u_b": 8.454
          },
          {
            "mode": 7,
            "affinity": -4.8,
            "rmsd_l_b": 13.17,
            "rmsd_u_b": 16.552
          },
          {
            "mode": 8,
            "affinity": -4.7,
            "rmsd_l_b": 11.766,
            "rmsd_u_b": 14.157
          },
          {
            "mode": 9,
            "affinity": -4.7,
            "rmsd_l_b": 13.038,
            "rmsd_u_b": 16.036
          }
        ]
      },
      {
        "run": 13,
        "seed": 23198,
        "average": {
          "affinity": -5.189,
          "rmsd_l_b": 7.52,
          "rmsd_u_b": 10.34
        },
        "modes": [
          {
            "mode": 1,
            "affinity": -6.0,
            "rmsd_l_b": 0.0,
            "rmsd_u_b": 0.0
          },
          {
            "mode": 2,
            "affinity": -5.7,
            "rmsd_l_b": 4.173,
            "rmsd_u_b": 10.202
          },
          {
            "mode": 3,
            "affinity": -5.7,
            "rmsd_l_b": 3.975,
            "rmsd_u_b": 6.402
          },
          {
            "mode": 4,
            "affinity": -5.5,
            "rmsd_l_b": 12.79,
            "rmsd_u_b": 16.256
          },
          {
            "mode": 5,
            "affinity": -5.1,
            "rmsd_l_b": 13.316,
            "rmsd_u_b": 16.047
          },
          {
            "mode": 6,
            "affinity": -5.0,
            "rmsd_l_b": 6.156,
            "rmsd_u_b": 9.234
          },
          {
            "mode": 7,
            "affinity": -4.8,
            "rmsd_l_b": 11.642,
            "rmsd_u_b": 13.76
          },
          {
            "mode": 8,
            "affinity": -4.7,
            "rmsd_l_b": 11.023,
            "rmsd_u_b": 13.073
          },
          {
            "mode": 9,
            "affinity": -4.2,
            "rmsd_l_b": 4.605,
            "rmsd_u_b": 8.086
          }
        ]
      },
      {
        "run": 14,
        "seed": 970076,
        "average": {
          "affinity": -5.222,
          "rmsd_l_b": 8.302,
          "rmsd_u_b": 11.096
        },
        "modes": [
          {
            "mode": 1,
            "affinity": -5.7,
            "rmsd_l_b": 0.0,
            "rmsd_u_b": 0.0
          },
          {
            "mode": 2,
            "affinity": -5.6,
            "rmsd_l_b": 5.904,
            "rmsd_u_b": 9.608
          },
          {
            "mode": 3,
            "affinity": -5.5,
            "rmsd_l_b": 13.323,
            "rmsd_u_b": 16.169
          },
          {
            "mode": 4,
            "affinity": -5.4,
            "rmsd_l_b": 6.984,
            "rmsd_u_b": 10.855
          },
          {
            "mode": 5,
            "affinity": -5.2,
            "rmsd_l_b": 3.969,
            "rmsd_u_b": 6.411
          },
          {
            "mode": 6,
            "affinity": -5.1,
            "rmsd_l_b": 6.856,
            "rmsd_u_b": 9.939
          },
          {
            "mode": 7,
            "affinity": -5.0,
            "rmsd_l_b": 12.977,
            "rmsd_u_b": 16.396
          },
          {
            "mode": 8,
            "affinity": -4.8,
            "rmsd_l_b": 12.93,
            "rmsd_u_b": 16.319
          },
          {
            "mode": 9,
            "affinity": -4.7,
            "rmsd_l_b": 11.772,
            "rmsd_u_b": 14.169
          }
        ]
      },
      {
        "run": 15,
        "seed": 352782,
        "average": {
          "affinity": -5.011,
          "rmsd_l_b": 4.586,
          "rmsd_u_b": 6.814
        },
        "modes": [
          {
            "mode": 1,
            "affinity": -6.0,
            "rmsd_l_b": 0.0,
            "rmsd_u_b": 0.0
          },
          {
            "mode": 2,
            "affinity": -5.7,
            "rmsd_l_b": 3.971,
            "rmsd_u_b": 6.412
          },
          {
            "mode": 3,
            "affinity": -5.3,
            "rmsd_l_b": 4.01,
            "rmsd_u_b": 6.651
          },
          {
            "mode": 4,
            "affinity": -5.2,
            "rmsd_l_b": 3.595,
            "rmsd_u_b": 5.65
          },
          {
            "mode": 5,
            "affinity": -5.0,
            "rmsd_l_b": 6.16,
            "rmsd_u_b": 9.235
          },
          {
            "mode": 6,
            "affinity": -4.9,
            "rmsd_l_b": 1.626,
            "rmsd_u_b": 2.184
          },
          {
            "mode": 7,
            "affinity": -4.8,
            "rmsd_l_b": 11.614,
            "rmsd_u_b": 13.737
          },
          {
            "mode": 8,
            "affinity": -4.3,
            "rmsd_l_b": 5.745,
            "rmsd_u_b": 9.357
          },
          {
            "mode": 9,
            "affinity": -3.9,
            "rmsd_l_b": 4.555,
            "rmsd_u_b": 8.098
          }
        ]
      },
      {
        "run": 16,
        "seed": 309892,
        "average": {
          "affinity": -5.222,
          "rmsd_l_b": 6.711,
          "rmsd_u_b": 9.529
        },
        "modes": [
          {
            "mode": 1,
            "affinity": -6.0,
            "rmsd_l_b": 0.0,
            "rmsd_u_b": 0.0
          },
          {
            "mode": 2,
            "affinity": -5.7,
            "rmsd_l_b": 3.977,
            "rmsd_u_b": 6.408
          },
          {
            "mode": 3,
            "affinity": -5.7,
            "rmsd_l_b": 4.151,
            "rmsd_u_b": 10.193
          },
          {
            "mode": 4,
            "affinity": -5.5,
            "rmsd_l_b": 12.788,
            "rmsd_u_b": 16.26
          },
          {
            "mode": 5,
            "affinity": -5.3,
            "rmsd_l_b": 3.98,
            "rmsd_u_b": 6.619
          },
          {
            "mode": 6,
            "affinity": -5.1,
            "rmsd_l_b": 13.327,
            "rmsd_u_b": 16.052
          },
          {
            "mode": 7,
            "affinity": -4.7,
            "rmsd_l_b": 6.032,
            "rmsd_u_b": 9.893
          },
          {
            "mode": 8,
            "affinity": -4.5,
            "rmsd_l_b": 12.884,
            "rmsd_u_b": 15.504
          },
          {
            "mode": 9,
            "affinity": -4.5,
            "rmsd_l_b": 3.262,
            "rmsd_u_b": 4.832
          }
        ]
      },
      {
        "run": 17,
        "seed": 433203,
        "average": {
          "affinity": -5.3,
          "rmsd_l_b": 5.469,
          "rmsd_u_b": 7.958
        },
        "modes": [
          {
            "mode": 1,
            "affinity": -6.0,
            "rmsd_l_b": 0.0,
            "rmsd_u_b": 0.0
          },
          {
            "mode": 2,
            "affinity": -5.7,
            "rmsd_l_b": 3.97,
            "rmsd_u_b": 6.415
          },
          {
            "mode": 3,
            "affinity": -5.6,
            "rmsd_l_b": 4.195,
            "rmsd_u_b": 10.227
          },
          {
            "mode": 4,
            "affinity": -5.5,
            "rmsd_l_b": 12.791,
            "rmsd_u_b": 16.257
          },
          {
            "mode": 5,
            "affinity": -5.3,
            "rmsd_l_b": 4.058,
            "rmsd_u_b": 6.705
          },
          {
            "mode": 6,
            "affinity": -5.2,
            "rmsd_l_b": 1.634,
            "rmsd_u_b": 2.175
          },
          {
            "mode": 7,
            "affinity": -5.1,
            "rmsd_l_b": 13.327,
            "rmsd_u_b": 16.052
          },
          {
            "mode": 8,
            "affinity": -5.0,
            "rmsd_l_b": 6.159,
            "rmsd_u_b": 9.234
          },
          {
            "mode": 9,
            "affinity": -4.3,
            "rmsd_l_b": 3.084,
            "rmsd_u_b": 4.554
          }
        ]
      },
      {
        "run": 18,
        "seed": 986138,
        "average": {
          "affinity": -4.789,
          "rmsd_l_b": 9.609,
          "rmsd_u_b": 12.198
        },
        "modes": [
          {
            "mode": 1,
            "affinity": -6.0,
            "rmsd_l_b": 0.0,
            "rmsd_u_b": 0.0
          },
          {
            "mode": 2,
            "affinity": -5.7,
            "rmsd_l_b": 3.971,
            "rmsd_u_b": 6.417
          },
          {
            "mode": 3,
            "affinity": -5.6,
            "rmsd_l_b": 12.845,
            "rmsd_u_b": 16.285
          },
          {
            "mode": 4,
            "affinity": -5.1,
            "rmsd_l_b": 13.268,
            "rmsd_u_b": 15.93
          },
          {
            "mode": 5,
            "affinity": -4.7,
            "rmsd_l_b": 11.019,
            "rmsd_u_b": 13.069
          },
          {
            "mode": 6,
            "affinity": -4.4,
            "rmsd_l_b": 5.774,
            "rmsd_u_b": 9.428
          },
          {
            "mode": 7,
            "affinity": -4.3,
            "rmsd_l_b": 13.075,
            "rmsd_u_b": 16.12
          },
          {
            "mode": 8,
            "affinity": -3.7,
            "rmsd_l_b": 12.62,
            "rmsd_u_b": 15.833
          },
          {
            "mode": 9,
            "affinity": -3.6,
            "rmsd_l_b": 13.906,
            "rmsd_u_b": 16.702
          }
        ]
      },
      {
        "run": 19,
        "seed": 846731,
        "average": {
          "affinity": -5.044,
          "rmsd_l_b": 7.623,
          "rmsd_u_b": 10.858
        },
        "modes": [
          {
            "mode": 1,
            "affinity": -6.0,
            "rmsd_l_b": 0.0,
            "rmsd_u_b": 0.0
          },
          {
            "mode": 2,
            "affinity": -5.7,
            "rmsd_l_b": 4.161,
            "rmsd_u_b": 10.208
          },
          {
            "mode": 3,
            "affinity": -5.5,
            "rmsd_l_b": 12.804,
            "rmsd_u_b": 16.265
          },
          {
            "mode": 4,
            "affinity": -5.4,
            "rmsd_l_b": 4.121,
            "rmsd_u_b": 6.8
          },
          {
            "mode": 5,
            "affinity": -5.1,
            "rmsd_l_b": 13.327,
            "rmsd_u_b": 16.054
          },
          {
            "mode": 6,
            "affinity": -5.0,
            "rmsd_l_b": 6.137,
            "rmsd_u_b": 9.223
          },
          {
            "mode": 7,
            "affinity": -4.7,
            "rmsd_l_b": 11.014,
            "rmsd_u_b": 13.06
          },
          {
            "mode": 8,
            "affinity": -4.1,
            "rmsd_l_b": 13.105,
            "rmsd_u_b": 16.277
          },
          {
            "mode": 9,
            "affinity": -3.9,
            "rmsd_l_b": 3.94,
            "rmsd_u_b": 9.837
          }
        ]
      },
      {
        "run": 20,
        "seed": 272292,
        "average": {
          "affinity": -4.867,
          "rmsd_l_b": 9.587,
          "rmsd_u_b": 12.206
        },
        "modes": [
          {
            "mode": 1,
            "affinity": -6.0,
            "rmsd_l_b": 0.0,
            "rmsd_u_b": 0.0
          },
          {
            "mode": 2,
            "affinity": -5.5,
            "rmsd_l_b": 12.795,
            "rmsd_u_b": 16.252
          },
          {
            "mode": 3,
            "affinity": -5.1,
            "rmsd_l_b": 13.327,
            "rmsd_u_b": 16.06
          },
          {
            "mode": 4,
            "affinity": -5.0,
            "rmsd_l_b": 6.145,
            "rmsd_u_b": 9.224
          },
          {
            "mode": 5,
            "affinity": -4.9,
            "rmsd_l_b": 11.669,
            "rmsd_u_b": 13.793
          },
          {
            "mode": 6,
            "affinity": -4.7,
            "rmsd_l_b": 11.018,
            "rmsd_u_b": 13.074
          },
          {
            "mode": 7,
            "affinity": -4.6,
            "rmsd_l_b": 12.909,
            "rmsd_u_b": 16.277
          },
          {
            "mode": 8,
            "affinity": -4.2,
            "rmsd_l_b": 5.779,
            "rmsd_u_b": 9.325
          },
          {
            "mode": 9,
            "affinity": -3.8,
            "rmsd_l_b": 12.643,
            "rmsd_u_b": 15.851
          }
        ]
      }
    ]
  }
}