{
  "rmsd": 4.1,
  "rmsd_method": "C-alpha coordinates",
  "rmsd_tool": "BioPython",
  "docking": {
    "average_affinity": -5.604,
    "runs": [
      {
        "run": 1,
        "seed": 816400,
        "average": {
          "affinity": -5.278,
          "rmsd_l_b": 4.317,
          "rmsd_u_b": 7.759
        },
        "modes": [
          {
            "mode": 1,
            "affinity": -5.5,
            "rmsd_l_b": 0.0,
            "rmsd_u_b": 0.0
          },
          {
            "mode": 2,
            "affinity": -5.4,
            "rmsd_l_b": 2.91,
            "rmsd_u_b": 8.971
          },
          {
            "mode": 3,
            "affinity": -5.4,
            "rmsd_l_b": 3.395,
            "rmsd_u_b": 9.03
          },
          {
            "mode": 4,
            "affinity": -5.3,
            "rmsd_l_b": 8.878,
            "rmsd_u_b": 12.22
          },
          {
            "mode": 5,
            "affinity": -5.2,
            "rmsd_l_b": 3.112,
            "rmsd_u_b": 8.945
          },
          {
            "mode": 6,
            "affinity": -5.2,
            "rmsd_l_b": 4.505,
            "rmsd_u_b": 8.959
          },
          {
            "mode": 7,
            "affinity": -5.2,
            "rmsd_l_b": 7.395,
            "rmsd_u_b": 11.593
          },
          {
            "mode": 8,
            "affinity": -5.2,
            "rmsd_l_b": 1.365,
            "rmsd_u_b": 1.618
          },
          {
            "mode": 9,
            "affinity": -5.1,
            "rmsd_l_b": 7.289,
            "rmsd_u_b": 8.492
          }
        ]
      },
      {
        "run": 2,
        "seed": 681168,
        "average": {
          "affinity": -5.689,
          "rmsd_l_b": 5.277,
          "rmsd_u_b": 8.193
        },
        "modes": [
          {
            "mode": 1,
            "affinity": -6.2,
            "rmsd_l_b": 0.0,
            "rmsd_u_b": 0.0
          },
          {
            "mode": 2,
            "affinity": -5.9,
            "rmsd_l_b": 2.91,
            "rmsd_u_b": 4.477
          },
          {
            "mode": 3,
            "affinity": -5.8,
            "rmsd_l_b": 2.532,
            "rmsd_u_b": 3.73
          },
          {
            "mode": 4,
            "affinity": -5.7,
            "rmsd_l_b": 7.234,
            "rmsd_u_b": 9.614
          },
          {
            "mode": 5,
            "affinity": -5.6,
            "rmsd_l_b": 7.303,
            "rmsd_u_b": 11.39
          },
          {
            "mode": 6,
            "affinity": -5.6,
            "rmsd_l_b": 8.176,
            "rmsd_u_b": 12.232
          },
          {
            "mode": 7,
            "affinity": -5.5,
            "rmsd_l_b": 3.491,
            "rmsd_u_b": 8.079
          },
          {
            "mode": 8,
            "affinity": -5.5,
            "rmsd_l_b": 8.011,
            "rmsd_u_b": 12.142
          },
          {
            "mode": 9,
            "affinity": -5.4,
            "rmsd_l_b": 7.84,
            "rmsd_u_b": 12.076
          }
        ]
      },
      {
        "run": 3,
        "seed": 340141,
        "average": {
          "affinity": -5.7,
          "rmsd_l_b": 4.703,
          "rmsd_u_b": 7.316
        },
        "modes": [
          {
            "mode": 1,
            "affinity": -6.2,
            "rmsd_l_b": 0.0,
            "rmsd_u_b": 0.0
          },
          {
            "mode": 2,
            "affinity": -5.9,
            "rmsd_l_b": 2.833,
            "rmsd_u_b": 4.329
          },
          {
            "mode": 3,
            "affinity": -5.8,
            "rmsd_l_b": 2.501,
            "rmsd_u_b": 3.694
          },
          {
            "mode": 4,
            "affinity": -5.7,
            "rmsd_l_b": 7.316,
            "rmsd_u_b": 9.619
          },
          {
            "mode": 5,
            "affinity": -5.6,
            "rmsd_l_b": 7.411,
            "rmsd_u_b": 11.445
          },
          {
            "mode": 6,
            "affinity": -5.6,
            "rmsd_l_b": 8.182,
            "rmsd_u_b": 12.221
          },
          {
            "mode": 7,
            "affinity": -5.5,
            "rmsd_l_b": 3.559,
            "rmsd_u_b": 7.877
          },
          {
            "mode": 8,
            "affinity": -5.5,
            "rmsd_l_b": 7.631,
            "rmsd_u_b": 11.937
          },
          {
            "mode": 9,
            "affinity": -5.5,
            "rmsd_l_b": 2.893,
            "rmsd_u_b": 4.726
          }
        ]
      },
      {
        "run": 4,
        "seed": 957404,
        "average": {
          "affinity": -5.733,
          "rmsd_l_b": 5.056,
          "rmsd_u_b": 7.701
        },
        "modes": [
          {
            "mode": 1,
            "affinity": -6.2,
            "rmsd_l_b": 0.0,
            "rmsd_u_b": 0.0
          },
          {
            "mode": 2,
            "affinity": -5.8,
            "rmsd_l_b": 2.45,
            "rmsd_u_b": 3.46
          },
          {
            "mode": 3,
            "affinity": -5.8,
            "rmsd_l_b": 2.466,
            "rmsd_u_b": 3.695
          },
          {
            "mode": 4,
            "affinity": -5.7,
            "rmsd_l_b": 7.216,
            "rmsd_u_b": 9.634
          },
          {
            "mode": 5,
            "affinity": -5.7,
            "rmsd_l_b": 7.224,
            "rmsd_u_b": 9.621
          },
          {
            "mode": 6,
            "affinity": -5.7,
            "rmsd_l_b": 7.281,
            "rmsd_u_b": 11.318
          },
          {
            "mode": 7,
            "affinity": -5.6,
            "rmsd_l_b": 8.106,
            "rmsd_u_b": 12.162
          },
          {
            "mode": 8,
            "affinity": -5.6,
            "rmsd_l_b": 7.256,
            "rmsd_u_b": 11.344
          },
          {
            "mode": 9,
            "affinity": -5.5,
            "rmsd_l_b": 3.502,
            "rmsd_u_b": 8.072
          }
        ]
      },
      {
        "run": 5,
        "seed": 417380,
        "average": {
          "affinity": -5.678,
          "rmsd_l_b": 5.115,
          "rmsd_u_b": 7.959
        },
        "modes": [
          {
            "mode": 1,
            "affinity": -6.2,
            "rmsd_l_b": 0.0,
            "rmsd_u_b": 0.0
          },
          {
            "mode": 2,
            "affinity": -5.8,
            "rmsd_l_b": 2.89,
            "rmsd_u_b": 4.485
          },
          {
            "mode": 3,
            "affinity": -5.7,
            "rmsd_l_b": 7.218,
            "rmsd_u_b": 9.614
          },
          {
            "mode": 4,
            "affinity": -5.6,
            "rmsd_l_b": 2.445,
            "rmsd_u_b": 3.413
          },
          {
            "mode": 5,
            "affinity": -5.6,
            "rmsd_l_b": 7.28,
            "rmsd_u_b": 11.276
          },
          {
            "mode": 6,
            "affinity": -5.6,
            "rmsd_l_b": 7.589,
            "rmsd_u_b": 11.828
          },
          {
            "mode": 7,
            "affinity": -5.6,
            "rmsd_l_b": 8.099,
            "rmsd_u_b": 12.143
          },
          {
            "mode": 8,
            "affinity": -5.5,
            "rmsd_l_b": 3.562,
            "rmsd_u_b": 7.884
          },
          {
            "mode": 9,
            "affinity": -5.5,
            "rmsd_l_b": 6.955,
            "rmsd_u_b": 10.987
          }
        ]
      },
      {
        "run": 6,
        "seed": 882485,
        "average": {
          "affinity": -5.722,
          "rmsd_l_b": 4.648,
          "rmsd_u_b": 7.042
        },
        "modes": [
          {
            "mode": 1,
            "affinity": -6.2,
            "rmsd_l_b": 0.0,
            "rmsd_u_b": 0.0
          },
          {
            "mode": 2,
            "affinity": -5.9,
            "rmsd_l_b": 2.813,
            "rmsd_u_b": 4.306
          },
          {
            "mode": 3,
            "affinity": -5.8,
            "rmsd_l_b": 2.522,
            "rmsd_u_b": 3.72
          },
          {
            "mode": 4,
            "affinity": -5.7,
            "rmsd_l_b": 7.27,
            "rmsd_u_b": 9.623
          },
          {
            "mode": 5,
            "affinity": -5.7,
            "rmsd_l_b": 7.263,
            "rmsd_u_b": 9.614
          },
          {
            "mode": 6,
            "affinity": -5.6,
            "rmsd_l_b": 2.601,
            "rmsd_u_b": 4.145
          },
          {
            "mode": 7,
            "affinity": -5.6,
            "rmsd_l_b": 8.165,
            "rmsd_u_b": 12.19
          },
          {
            "mode": 8,
            "affinity": -5.5,
            "rmsd_l_b": 3.553,
            "rmsd_u_b": 7.873
          },
          {
            "mode": 9,
            "affinity": -5.5,
            "rmsd_l_b": 7.643,
            "rmsd_u_b": 11.909
          }
        ]
      },
      {
        "run": 7,
        "seed": 276422,
        "average": {
          "affinity": -5.444,
          "rmsd_l_b": 5.106,
          "rmsd_u_b": 8.017
        },
        "modes": [
          {
            "mode": 1,
            "affinity": -5.7,
            "rmsd_l_b": 0.0,
            "rmsd_u_b": 0.0
          },
          {
            "mode": 2,
            "affinity": -5.5,
            "rmsd_l_b": 5.684,
            "rmsd_u_b": 9.312
          },
          {
            "mode": 3,
            "affinity": -5.5,
            "rmsd_l_b": 5.743,
            "rmsd_u_b": 9.331
          },
          {
            "mode": 4,
            "affinity": -5.5,
            "rmsd_l_b": 4.289,
            "rmsd_u_b": 6.678
          },
          {
            "mode": 5,
            "affinity": -5.4,
            "rmsd_l_b": 6.228,
            "rmsd_u_b": 9.835
          },
          {
            "mode": 6,
            "affinity": -5.4,
            "rmsd_l_b": 6.426,
            "rmsd_u_b": 10.246
          },
          {
            "mode": 7,
            "affinity": -5.4,
            "rmsd_l_b": 7.013,
            "rmsd_u_b": 10.768
          },
          {
            "mode": 8,
            "affinity": -5.3,
            "rmsd_l_b": 5.73,
            "rmsd_u_b": 8.588
          },
          {
            "mode": 9,
            "affinity": -5.3,
            "rmsd_l_b": 4.838,
            "rmsd_u_b": 7.391
          }
        ]
      },
      {
        "run": 8,
        "seed": 685747,
        "average": {
          "affinity": -5.689,
          "rmsd_l_b": 4.771,
          "rmsd_u_b": 7.555
        },
        "modes": [
          {
            "mode": 1,
            "affinity": -6.2,
            "rmsd_l_b": 0.0,
            "rmsd_u_b": 0.0
          },
          {
            "mode": 2,
            "affinity": -5.8,
            "rmsd_l_b": 2.758,
            "rmsd_u_b": 4.22
          },
          {
            "mode": 3,
            "affinity": -5.8,
            "rmsd_l_b": 2.605,
            "rmsd_u_b": 3.746
          },
          {
            "mode": 4,
            "affinity": -5.7,
            "rmsd_l_b": 7.29,
            "rmsd_u_b": 9.609
          },
          {
            "mode": 5,
            "affinity": -5.7,
            "rmsd_l_b": 7.299,
            "rmsd_u_b": 9.611
          },
          {
            "mode": 6,
            "affinity": -5.6,
            "rmsd_l_b": 8.187,
            "rmsd_u_b": 12.214
          },
          {
            "mode": 7,
            "affinity": -5.5,
            "rmsd_l_b": 3.473,
            "rmsd_u_b": 8.02
          },
          {
            "mode": 8,
            "affinity": -5.5,
            "rmsd_l_b": 8.045,
            "rmsd_u_b": 12.171
          },
          {
            "mode": 9,
            "affinity": -5.4,
            "rmsd_l_b": 3.28,
            "rmsd_u_b": 8.405
          }
        ]
      },
      {
        "run": 9,
        "seed": 214371,
        "average": {
          "affinity": -5.378,
          "rmsd_l_b": 5.448,
          "rmsd_u_b": 8.988
        },
        "modes": [
          {
            "mode": 1,
            "affinity": -5.6,
            "rmsd_l_b": 0.0,
            "rmsd_u_b": 0.0
          },
          {
            "mode": 2,
            "affinity": -5.5,
            "rmsd_l_b": 5.26,
            "rmsd_u_b": 9.331
          },
          {
            "mode": 3,
            "affinity": -5.5,
            "rmsd_l_b": 5.276,
            "rmsd_u_b": 9.329
          },
          {
            "mode": 4,
            "affinity": -5.4,
            "rmsd_l_b": 6.055,
            "rmsd_u_b": 9.825
          },
          {
            "mode": 5,
            "affinity": -5.4,
            "rmsd_l_b": 6.885,
            "rmsd_u_b": 10.902
          },
          {
            "mode": 6,
            "affinity": -5.3,
            "rmsd_l_b": 6.245,
            "rmsd_u_b": 10.375
          },
          {
            "mode": 7,
            "affinity": -5.3,
            "rmsd_l_b": 5.438,
            "rmsd_u_b": 8.807
          },
          {
            "mode": 8,
            "affinity": -5.2,
            "rmsd_l_b": 7.084,
            "rmsd_u_b": 11.529
          },
          {
            "mode": 9,
            "affinity": -5.2,
            "rmsd_l_b": 6.791,
            "rmsd_u_b": 10.79
          }
        ]
      },
      {
        "run": 10,
        "seed": 778043,
        "average": {
          "affinity": -5.622,
          "rmsd_l_b": 6.353,
          "rmsd_u_b": 9.669
        },
        "modes": [
          {
            "mode": 1,
            "affinity": -6.2,
            "rmsd_l_b": 0.0,
            "rmsd_u_b": 0.0
          },
          {
            "mode": 2,
            "affinity": -5.7,
            "rmsd_l_b": 7.233,
            "rmsd_u_b": 9.559
          },
          {
            "mode": 3,
            "affinity": -5.6,
            "rmsd_l_b": 7.591,
            "rmsd_u_b": 11.712
          },
          {
            "mode": 4,
            "affinity": -5.6,
            "rmsd_l_b": 7.316,
            "rmsd_u_b": 11.375
          },
          {
            "mode": 5,
            "affinity": -5.6,
            "rmsd_l_b": 8.187,
            "rmsd_u_b": 12.231
          },
          {
            "mode": 6,
            "affinity": -5.5,
            "rmsd_l_b": 3.49,
            "rmsd_u_b": 8.028
          },
          {
            "mode": 7,
            "affinity": -5.5,
            "rmsd_l_b": 7.61,
            "rmsd_u_b": 12.045
          },
          {
            "mode": 8,
            "affinity": -5.5,
            "rmsd_l_b": 8.031,
            "rmsd_u_b": 12.139
          },
          {
            "mode": 9,
            "affinity": -5.4,
            "rmsd_l_b": 7.721,
            "rmsd_u_b": 9.936
          }
        ]
      },
      {
        "run": 11,
        "seed": 441741,
        "average": {
          "affinity": -5.589,
          "rmsd_l_b": 5.588,
          "rmsd_u_b": 8.778
        },
        "modes": [
          {
            "mode": 1,
            "affinity": -6.1,
            "rmsd_l_b": 0.0,
            "rmsd_u_b": 0.0
          },
          {
            "mode": 2,
            "affinity": -5.7,
            "rmsd_l_b": 6.762,
            "rmsd_u_b": 9.626
          },
          {
            "mode": 3,
            "affinity": -5.6,
            "rmsd_l_b": 6.864,
            "rmsd_u_b": 9.676
          },
          {
            "mode": 4,
            "affinity": -5.6,
            "rmsd_l_b": 7.118,
            "rmsd_u_b": 11.316
          },
          {
            "mode": 5,
            "affinity": -5.5,
            "rmsd_l_b": 2.693,
            "rmsd_u_b": 4.315
          },
          {
            "mode": 6,
            "affinity": -5.5,
            "rmsd_l_b": 7.993,
            "rmsd_u_b": 12.291
          },
          {
            "mode": 7,
            "affinity": -5.5,
            "rmsd_l_b": 3.537,
            "rmsd_u_b": 7.971
          },
          {
            "mode": 8,
            "affinity": -5.4,
            "rmsd_l_b": 7.838,
            "rmsd_u_b": 12.146
          },
          {
            "mode": 9,
            "affinity": -5.4,
            "rmsd_l_b": 7.489,
            "rmsd_u_b": 11.665
          }
        ]
      },
      {
        "run": 12,
        "seed": 603335,
        "average": {
          "affinity": -5.733,
          "rmsd_l_b": 4.629,
          "rmsd_u_b": 6.928
        },
        "modes": [
          {
            "mode": 1,
            "affinity": -6.2,
            "rmsd_l_b": 0.0,
            "rmsd_u_b": 0.0
          },
          {
            "mode": 2,
            "affinity": -5.9,
            "rmsd_l_b": 2.864,
            "rmsd_u_b": 4.39
          },
          {
            "mode": 3,
            "affinity": -5.8,
            "rmsd_l_b": 2.518,
            "rmsd_u_b": 3.728
          },
          {
            "mode": 4,
            "affinity": -5.7,
            "rmsd_l_b": 7.32,
            "rmsd_u_b": 9.615
          },
          {
            "mode": 5,
            "affinity": -5.7,
            "rmsd_l_b": 7.334,
            "rmsd_u_b": 9.624
          },
          {
            "mode": 6,
            "affinity": -5.6,
            "rmsd_l_b": 7.346,
            "rmsd_u_b": 11.369
          },
          {
            "mode": 7,
            "affinity": -5.6,
            "rmsd_l_b": 8.199,
            "rmsd_u_b": 12.224
          },
          {
            "mode": 8,
            "affinity": -5.6,
            "rmsd_l_b": 2.513,
            "rmsd_u_b": 3.516
          },
          {
            "mode": 9,
            "affinity": -5.5,
            "rmsd_l_b": 3.564,
            "rmsd_u_b": 7.883
          }
        ]
      },
      {
        "run": 13,
        "seed": 839480,
        "average": {
          "affinity": -5.311,
          "rmsd_l_b": 3.669,
          "rmsd_u_b": 7.123
        },
        "modes": [
          {
            "mode": 1,
            "affinity": -5.5,
            "rmsd_l_b": 0.0,
            "rmsd_u_b": 0.0
          },
          {
            "mode": 2,
            "affinity": -5.5,
            "rmsd_l_b": 0.954,
            "rmsd_u_b": 1.595
          },
          {
            "mode": 3,
            "affinity": -5.4,
            "rmsd_l_b": 2.921,
            "rmsd_u_b": 9.0
          },
          {
            "mode": 4,
            "affinity": -5.3,
            "rmsd_l_b": 3.409,
            "rmsd_u_b": 9.016
          },
          {
            "mode": 5,
            "affinity": -5.3,
            "rmsd_l_b": 8.884,
            "rmsd_u_b": 12.235
          },
          {
            "mode": 6,
            "affinity": -5.2,
            "rmsd_l_b": 2.939,
            "rmsd_u_b": 8.844
          },
          {
            "mode": 7,
            "affinity": -5.2,
            "rmsd_l_b": 4.534,
            "rmsd_u_b": 8.971
          },
          {
            "mode": 8,
            "affinity": -5.2,
            "rmsd_l_b": 7.311,
            "rmsd_u_b": 11.568
          },
          {
            "mode": 9,
            "affinity": -5.2,
            "rmsd_l_b": 2.067,
            "rmsd_u_b": 2.874
          }
        ]
      },
      {
        "run": 14,
        "seed": 896673,
        "average": {
          "affinity": -5.633,
          "rmsd_l_b": 5.539,
          "rmsd_u_b": 7.907
        },
        "modes": [
          {
            "mode": 1,
            "affinity": -6.2,
            "rmsd_l_b": 0.0,
            "rmsd_u_b": 0.0
          },
          {
            "mode": 2,
            "affinity": -5.7,
            "rmsd_l_b": 7.248,
            "rmsd_u_b": 9.623
          },
          {
            "mode": 3,
            "affinity": -5.7,
            "rmsd_l_b": 7.234,
            "rmsd_u_b": 9.612
          },
          {
            "mode": 4,
            "affinity": -5.7,
            "rmsd_l_b": 1.41,
            "rmsd_u_b": 1.84
          },
          {
            "mode": 5,
            "affinity": -5.6,
            "rmsd_l_b": 7.573,
            "rmsd_u_b": 11.798
          },
          {
            "mode": 6,
            "affinity": -5.6,
            "rmsd_l_b": 2.661,
            "rmsd_u_b": 4.217
          },
          {
            "mode": 7,
            "affinity": -5.5,
            "rmsd_l_b": 8.154,
            "rmsd_u_b": 12.2
          },
          {
            "mode": 8,
            "affinity": -5.4,
            "rmsd_l_b": 7.844,
            "rmsd_u_b": 12.043
          },
          {
            "mode": 9,
            "affinity": -5.3,
            "rmsd_l_b": 7.73,
            "rmsd_u_b": 9.832
          }
        ]
      },
      {
        "run": 15,
        "seed": 329276,
        "average": {
          "affinity": -5.611,
          "rmsd_l_b": 5.639,
          "rmsd_u_b": 8.72
        },
        "modes": [
          {
            "mode": 1,
            "affinity": -6.2,
            "rmsd_l_b": 0.0,
            "rmsd_u_b": 0.0
          },
          {
            "mode": 2,
            "affinity": -5.7,
            "rmsd_l_b": 6.77,
            "rmsd_u_b": 9.604
          },
          {
            "mode": 3,
            "affinity": -5.6,
            "rmsd_l_b": 7.068,
            "rmsd_u_b": 11.373
          },
          {
            "mode": 4,
            "affinity": -5.6,
            "rmsd_l_b": 2.62,
            "rmsd_u_b": 4.075
          },
          {
            "mode": 5,
            "affinity": -5.6,
            "rmsd_l_b": 7.992,
            "rmsd_u_b": 12.333
          },
          {
            "mode": 6,
            "affinity": -5.5,
            "rmsd_l_b": 3.274,
            "rmsd_u_b": 7.924
          },
          {
            "mode": 7,
            "affinity": -5.5,
            "rmsd_l_b": 6.882,
            "rmsd_u_b": 9.379
          },
          {
            "mode": 8,
            "affinity": -5.4,
            "rmsd_l_b": 7.833,
            "rmsd_u_b": 12.156
          },
          {
            "mode": 9,
            "affinity": -5.4,
            "rmsd_l_b": 8.315,
            "rmsd_u_b": 11.634
          }
        ]
      },
      {
        "run": 16,
        "seed": 824396,
        "average": {
          "affinity": -5.689,
          "rmsd_l_b": 4.622,
          "rmsd_u_b": 7.186
        },
        "modes": [
          {
            "mode": 1,
            "affinity": -6.2,
            "rmsd_l_b": 0.0,
            "rmsd_u_b": 0.0
          },
          {
            "mode": 2,
            "affinity": -5.9,
            "rmsd_l_b": 2.887,
            "rmsd_u_b": 4.453
          },
          {
            "mode": 3,
            "affinity": -5.8,
            "rmsd_l_b": 2.451,
            "rmsd_u_b": 3.641
          },
          {
            "mode": 4,
            "affinity": -5.7,
            "rmsd_l_b": 7.114,
            "rmsd_u_b": 9.58
          },
          {
            "mode": 5,
            "affinity": -5.6,
            "rmsd_l_b": 7.167,
            "rmsd_u_b": 11.203
          },
          {
            "mode": 6,
            "affinity": -5.6,
            "rmsd_l_b": 7.967,
            "rmsd_u_b": 12.074
          },
          {
            "mode": 7,
            "affinity": -5.5,
            "rmsd_l_b": 3.57,
            "rmsd_u_b": 7.93
          },
          {
            "mode": 8,
            "affinity": -5.5,
            "rmsd_l_b": 2.547,
            "rmsd_u_b": 3.748
          },
          {
            "mode": 9,
            "affinity": -5.4,
            "rmsd_l_b": 7.899,
            "rmsd_u_b": 12.045
          }
        ]
      },
      {
        "run": 17,
        "seed": 132527,
        "average": {
          "affinity": -5.533,
          "rmsd_l_b": 4.832,
          "rmsd_u_b": 7.569
        },
        "modes": [
          {
            "mode": 1,
            "affinity": -5.9,
            "rmsd_l_b": 0.0,
            "rmsd_u_b": 0.0
          },
          {
            "mode": 2,
            "affinity": -5.7,
            "rmsd_l_b": 3.353,
            "rmsd_u_b": 4.893
          },
          {
            "mode": 3,
            "affinity": -5.6,
            "rmsd_l_b": 2.707,
            "rmsd_u_b": 3.648
          },
          {
            "mode": 4,
            "affinity": -5.6,
            "rmsd_l_b": 7.088,
            "rmsd_u_b": 9.552
          },
          {
            "mode": 5,
            "affinity": -5.5,
            "rmsd_l_b": 3.056,
            "rmsd_u_b": 4.974
          },
          {
            "mode": 6,
            "affinity": -5.4,
            "rmsd_l_b": 7.596,
            "rmsd_u_b": 12.116
          },
          {
            "mode": 7,
            "affinity": -5.4,
            "rmsd_l_b": 8.186,
            "rmsd_u_b": 12.538
          },
          {
            "mode": 8,
            "affinity": -5.4,
            "rmsd_l_b": 3.574,
            "rmsd_u_b": 8.026
          },
          {
            "mode": 9,
            "affinity": -5.3,
            "rmsd_l_b": 7.927,
            "rmsd_u_b": 12.371
          }
        ]
      },
      {
        "run": 18,
        "seed": 226796,
        "average": {
          "affinity": -5.733,
          "rmsd_l_b": 4.611,
          "rmsd_u_b": 7.147
        },
        "modes": [
          {
            "mode": 1,
            "affinity": -6.2,
            "rmsd_l_b": 0.0,
            "rmsd_u_b": 0.0
          },
          {
            "mode": 2,
            "affinity": -5.9,
            "rmsd_l_b": 2.921,
            "rmsd_u_b": 4.492
          },
          {
            "mode": 3,
            "affinity": -5.8,
            "rmsd_l_b": 2.529,
            "rmsd_u_b": 3.762
          },
          {
            "mode": 4,
            "affinity": -5.7,
            "rmsd_l_b": 7.218,
            "rmsd_u_b": 9.593
          },
          {
            "mode": 5,
            "affinity": -5.7,
            "rmsd_l_b": 7.292,
            "rmsd_u_b": 11.305
          },
          {
            "mode": 6,
            "affinity": -5.6,
            "rmsd_l_b": 7.604,
            "rmsd_u_b": 11.716
          },
          {
            "mode": 7,
            "affinity": -5.6,
            "rmsd_l_b": 8.172,
            "rmsd_u_b": 12.178
          },
          {
            "mode": 8,
            "affinity": -5.6,
            "rmsd_l_b": 2.28,
            "rmsd_u_b": 3.222
          },
          {
            "mode": 9,
            "affinity": -5.5,
            "rmsd_l_b": 3.486,
            "rmsd_u_b": 8.052
          }
        ]
      },
      {
        "run": 19,
        "seed": 620303,
        "average": {
          "affinity": -5.667,
          "rmsd_l_b": 5.839,
          "rmsd_u_b": 8.48
        },
        "modes": [
          {
            "mode": 1,
            "affinity": -6.2,
            "rmsd_l_b": 0.0,
            "rmsd_u_b": 0.0
          },
          {
            "mode": 2,
            "affinity": -5.9,
            "rmsd_l_b": 2.808,
            "rmsd_u_b": 4.305
          },
          {
            "mode": 3,
            "affinity": -5.7,
            "rmsd_l_b": 7.245,
            "rmsd_u_b": 9.612
          },
          {
            "mode": 4,
            "affinity": -5.6,
            "rmsd_l_b": 7.403,
            "rmsd_u_b": 9.713
          },
          {
            "mode": 5,
            "affinity": -5.6,
            "rmsd_l_b": 7.318,
            "rmsd_u_b": 11.331
          },
          {
            "mode": 6,
            "affinity": -5.6,
            "rmsd_l_b": 8.157,
            "rmsd_u_b": 12.176
          },
          {
            "mode": 7,
            "affinity": -5.5,
            "rmsd_l_b": 8.144,
            "rmsd_u_b": 11.555
          },
          {
            "mode": 8,
            "affinity": -5.5,
            "rmsd_l_b": 3.444,
            "rmsd_u_b": 5.464
          },
          {
            "mode": 9,
            "affinity": -5.4,
            "rmsd_l_b": 8.03,
            "rmsd_u_b": 12.161
          }
        ]
      },
      {
        "run": 20,
        "seed": 645476,
        "average": {
          "affinity": -5.656,
          "rmsd_l_b": 5.655,
          "rmsd_u_b": 8.47
        },
        "modes": [
          {
            "mode": 1,
            "affinity": -6.2,
            "rmsd_l_b": 0.0,
            "rmsd_u_b": 0.0
          },
          {
            "mode": 2,
            "affinity": -5.7,
            "rmsd_l_b": 7.242,
            "rmsd_u_b": 9.619
          },
          {
            "mode": 3,
            "affinity": -5.7,
            "rmsd_l_b": 7.254,
            "rmsd_u_b": 9.627
          },
          {
            "mode": 4,
            "affinity": -5.6,
            "rmsd_l_b": 7.229,
            "rmsd_u_b": 11.29
          },
          {
            "mode": 5,
            "affinity": -5.6,
            "rmsd_l_b": 2.658,
            "rmsd_u_b": 4.271
          },
          {
            "mode": 6,
            "affinity": -5.6,
            "rmsd_l_b": 7.581,
            "rmsd_u_b": 11.832
          },
          {
            "mode": 7,
            "affinity": -5.5,
            "rmsd_l_b": 8.158,
            "rmsd_u_b": 12.214
          },
          {
            "mode": 8,
            "affinity": -5.5,
            "rmsd_l_b": 3.527,
            "rmsd_u_b": 8.058
          },
          {
            "mode": 9,
            "affinity": -5.5,
            "rmsd_l_b": 7.249,
            "rmsd_u_b": 9.32
          }
        ]
      }
    ]
  }
}