{
  "rmsd": 3.807,
  "rmsd_method": "C-alpha coordinates",
  "rmsd_tool": "BioPython",
  "docking": {
    "average_affinity": -5.297,
    "runs": [
      {
        "run": 1,
        "seed": 434020,
        "average": {
          "affinity": -5.633,
          "rmsd_l_b": 2.98,
          "rmsd_u_b": 5.906
        },
        "modes": [
          {
            "mode": 1,
            "affinity": -6.1,
            "rmsd_l_b": 0.0,
            "rmsd_u_b": 0.0
          },
          {
            "mode": 2,
            "affinity": -5.8,
            "rmsd_l_b": 2.094,
            "rmsd_u_b": 7.866
          },
          {
            "mode": 3,
            "affinity": -5.7,
            "rmsd_l_b": 2.379,
            "rmsd_u_b": 7.53
          },
          {
            "mode": 4,
            "affinity": -5.7,
            "rmsd_l_b": 1.018,
            "rmsd_u_b": 1.605
          },
          {
            "mode": 5,
            "affinity": -5.7,
            "rmsd_l_b": 2.134,
            "rmsd_u_b": 3.446
          },
          {
            "mode": 6,
            "affinity": -5.5,
            "rmsd_l_b": 3.229,
            "rmsd_u_b": 4.686
          },
          {
            "mode": 7,
            "affinity": -5.5,
            "rmsd_l_b": 2.765,
            "rmsd_u_b": 6.3
          },
          {
            "mode": 8,
            "affinity": -5.4,
            "rmsd_l_b": 1.761,
            "rmsd_u_b": 7.211
          },
          {
            "mode": 9,
            "affinity": -5.3,
            "rmsd_l_b": 11.438,
            "rmsd_u_b": 14.506
          }
        ]
      },
      {
        "run": 2,
        "seed": 249993,
        "average": {
          "affinity": -5.522,
          "rmsd_l_b": 2.36,
          "rmsd_u_b": 5.921
        },
        "modes": [
          {
            "mode": 1,
            "affinity": -5.8,
            "rmsd_l_b": 0.0,
            "rmsd_u_b": 0.0
          },
          {
            "mode": 2,
            "affinity": -5.8,
            "rmsd_l_b": 2.172,
            "rmsd_u_b": 7.696
          },
          {
            "mode": 3,
            "affinity": -5.7,
            "rmsd_l_b": 2.405,
            "rmsd_u_b": 7.368
          },
          {
            "mode": 4,
            "affinity": -5.7,
            "rmsd_l_b": 2.089,
            "rmsd_u_b": 3.432
          },
          {
            "mode": 5,
            "affinity": -5.5,
            "rmsd_l_b": 3.054,
            "rmsd_u_b": 5.897
          },
          {
            "mode": 6,
            "affinity": -5.4,
            "rmsd_l_b": 2.944,
            "rmsd_u_b": 7.742
          },
          {
            "mode": 7,
            "affinity": -5.4,
            "rmsd_l_b": 1.922,
            "rmsd_u_b": 7.463
          },
          {
            "mode": 8,
            "affinity": -5.2,
            "rmsd_l_b": 3.823,
            "rmsd_u_b": 6.977
          },
          {
            "mode": 9,
            "affinity": -5.2,
            "rmsd_l_b": 2.835,
            "rmsd_u_b": 6.714
          }
        ]
      },
      {
        "run": 3,
        "seed": 217024,
        "average": {
          "affinity": -5.322,
          "rmsd_l_b": 4.333,
          "rmsd_u_b": 7.634
        },
        "modes": [
          {
            "mode": 1,
            "affinity": -6.0,
            "rmsd_l_b": 0.0,
            "rmsd_u_b": 0.0
          },
          {
            "mode": 2,
            "affinity": -5.4,
            "rmsd_l_b": 3.055,
            "rmsd_u_b": 7.805
          },
          {
            "mode": 3,
            "affinity": -5.4,
            "rmsd_l_b": 1.925,
            "rmsd_u_b": 7.352
          },
          {
            "mode": 4,
            "affinity": -5.3,
            "rmsd_l_b": 2.182,
            "rmsd_u_b": 3.018
          },
          {
            "mode": 5,
            "affinity": -5.2,
            "rmsd_l_b": 3.388,
            "rmsd_u_b": 5.909
          },
          {
            "mode": 6,
            "affinity": -5.2,
            "rmsd_l_b": 11.458,
            "rmsd_u_b": 14.762
          },
          {
            "mode": 7,
            "affinity": -5.2,
            "rmsd_l_b": 3.394,
            "rmsd_u_b": 8.023
          },
          {
            "mode": 8,
            "affinity": -5.1,
            "rmsd_l_b": 11.816,
            "rmsd_u_b": 13.893
          },
          {
            "mode": 9,
            "affinity": -5.1,
            "rmsd_l_b": 1.777,
            "rmsd_u_b": 7.945
          }
        ]
      },
      {
        "run": 4,
        "seed": 384043,
        "average": {
          "affinity": -5.311,
          "rmsd_l_b": 4.246,
          "rmsd_u_b": 7.927
        },
        "modes": [
          {
            "mode": 1,
            "affinity": -5.5,
            "rmsd_l_b": 0.0,
            "rmsd_u_b": 0.0
          },
          {
            "mode": 2,
            "affinity": -5.4,
            "rmsd_l_b": 1.626,
            "rmsd_u_b": 7.546
          },
          {
            "mode": 3,
            "affinity": -5.4,
            "rmsd_l_b": 1.577,
            "rmsd_u_b": 2.245
          },
          {
            "mode": 4,
            "affinity": -5.4,
            "rmsd_l_b": 3.087,
            "rmsd_u_b": 8.899
          },
          {
            "mode": 5,
            "affinity": -5.3,
            "rmsd_l_b": 3.796,
            "rmsd_u_b": 9.306
          },
          {
            "mode": 6,
            "affinity": -5.3,
            "rmsd_l_b": 11.641,
            "rmsd_u_b": 15.59
          },
          {
            "mode": 7,
            "affinity": -5.2,
            "rmsd_l_b": 11.134,
            "rmsd_u_b": 15.72
          },
          {
            "mode": 8,
            "affinity": -5.2,
            "rmsd_l_b": 3.028,
            "rmsd_u_b": 8.597
          },
          {
            "mode": 9,
            "affinity": -5.1,
            "rmsd_l_b": 2.327,
            "rmsd_u_b": 3.442
          }
        ]
      },
      {
        "run": 5,
        "seed": 418273,
        "average": {
          "affinity": -5.511,
          "rmsd_l_b": 3.303,
          "rmsd_u_b": 6.74
        },
        "modes": [
          {
            "mode": 1,
            "affinity": -5.8,
            "rmsd_l_b": 0.0,
            "rmsd_u_b": 0.0
          },
          {
            "mode": 2,
            "affinity": -5.8,
            "rmsd_l_b": 2.179,
            "rmsd_u_b": 7.667
          },
          {
            "mode": 3,
            "affinity": -5.7,
            "rmsd_l_b": 2.444,
            "rmsd_u_b": 7.16
          },
          {
            "mode": 4,
            "affinity": -5.7,
            "rmsd_l_b": 2.191,
            "rmsd_u_b": 3.396
          },
          {
            "mode": 5,
            "affinity": -5.5,
            "rmsd_l_b": 3.019,
            "rmsd_u_b": 5.702
          },
          {
            "mode": 6,
            "affinity": -5.4,
            "rmsd_l_b": 1.893,
            "rmsd_u_b": 7.431
          },
          {
            "mode": 7,
            "affinity": -5.3,
            "rmsd_l_b": 11.614,
            "rmsd_u_b": 14.84
          },
          {
            "mode": 8,
            "affinity": -5.2,
            "rmsd_l_b": 3.44,
            "rmsd_u_b": 8.192
          },
          {
            "mode": 9,
            "affinity": -5.2,
            "rmsd_l_b": 2.946,
            "rmsd_u_b": 6.269
          }
        ]
      },
      {
        "run": 6,
        "seed": 766783,
        "average": {
          "affinity": -5.356,
          "rmsd_l_b": 3.045,
          "rmsd_u_b": 6.513
        },
        "modes": [
          {
            "mode": 1,
            "affinity": -5.6,
            "rmsd_l_b": 0.0,
            "rmsd_u_b": 0.0
          },
          {
            "mode": 2,
            "affinity": -5.6,
            "rmsd_l_b": 1.582,
            "rmsd_u_b": 2.052
          },
          {
            "mode": 3,
            "affinity": -5.5,
            "rmsd_l_b": 1.752,
            "rmsd_u_b": 7.147
          },
          {
            "mode": 4,
            "affinity": -5.3,
            "rmsd_l_b": 2.319,
            "rmsd_u_b": 6.856
          },
          {
            "mode": 5,
            "affinity": -5.3,
            "rmsd_l_b": 2.268,
            "rmsd_u_b": 7.706
          },
          {
            "mode": 6,
            "affinity": -5.3,
            "rmsd_l_b": 1.894,
            "rmsd_u_b": 6.504
          },
          {
            "mode": 7,
            "affinity": -5.2,
            "rmsd_l_b": 3.257,
            "rmsd_u_b": 7.413
          },
          {
            "mode": 8,
            "affinity": -5.2,
            "rmsd_l_b": 11.959,
            "rmsd_u_b": 13.3
          },
          {
            "mode": 9,
            "affinity": -5.2,
            "rmsd_l_b": 2.37,
            "rmsd_u_b": 7.643
          }
        ]
      },
      {
        "run": 7,
        "seed": 36479,
        "average": {
          "affinity": -5.567,
          "rmsd_l_b": 2.386,
          "rmsd_u_b": 5.417
        },
        "modes": [
          {
            "mode": 1,
            "affinity": -6.2,
            "rmsd_l_b": 0.0,
            "rmsd_u_b": 0.0
          },
          {
            "mode": 2,
            "affinity": -5.7,
            "rmsd_l_b": 2.08,
            "rmsd_u_b": 7.912
          },
          {
            "mode": 3,
            "affinity": -5.6,
            "rmsd_l_b": 2.35,
            "rmsd_u_b": 7.499
          },
          {
            "mode": 4,
            "affinity": -5.6,
            "rmsd_l_b": 2.235,
            "rmsd_u_b": 3.579
          },
          {
            "mode": 5,
            "affinity": -5.4,
            "rmsd_l_b": 2.666,
            "rmsd_u_b": 6.188
          },
          {
            "mode": 6,
            "affinity": -5.4,
            "rmsd_l_b": 2.378,
            "rmsd_u_b": 6.365
          },
          {
            "mode": 7,
            "affinity": -5.4,
            "rmsd_l_b": 3.075,
            "rmsd_u_b": 7.781
          },
          {
            "mode": 8,
            "affinity": -5.4,
            "rmsd_l_b": 4.908,
            "rmsd_u_b": 6.829
          },
          {
            "mode": 9,
            "affinity": -5.4,
            "rmsd_l_b": 1.784,
            "rmsd_u_b": 2.602
          }
        ]
      },
      {
        "run": 8,
        "seed": 714528,
        "average": {
          "affinity": -5.467,
          "rmsd_l_b": 2.163,
          "rmsd_u_b": 6.208
        },
        "modes": [
          {
            "mode": 1,
            "affinity": -5.8,
            "rmsd_l_b": 0.0,
            "rmsd_u_b": 0.0
          },
          {
            "mode": 2,
            "affinity": -5.7,
            "rmsd_l_b": 2.1,
            "rmsd_u_b": 7.943
          },
          {
            "mode": 3,
            "affinity": -5.6,
            "rmsd_l_b": 2.28,
            "rmsd_u_b": 7.495
          },
          {
            "mode": 4,
            "affinity": -5.4,
            "rmsd_l_b": 1.729,
            "rmsd_u_b": 2.352
          },
          {
            "mode": 5,
            "affinity": -5.4,
            "rmsd_l_b": 2.555,
            "rmsd_u_b": 6.363
          },
          {
            "mode": 6,
            "affinity": -5.4,
            "rmsd_l_b": 2.973,
            "rmsd_u_b": 8.426
          },
          {
            "mode": 7,
            "affinity": -5.3,
            "rmsd_l_b": 2.938,
            "rmsd_u_b": 8.257
          },
          {
            "mode": 8,
            "affinity": -5.3,
            "rmsd_l_b": 2.946,
            "rmsd_u_b": 7.735
          },
          {
            "mode": 9,
            "affinity": -5.3,
            "rmsd_l_b": 1.943,
            "rmsd_u_b": 7.298
          }
        ]
      },
      {
        "run": 9,
        "seed": 481248,
        "average": {
          "affinity": -5.356,
          "rmsd_l_b": 4.434,
          "rmsd_u_b": 7.334
        },
        "modes": [
          {
            "mode": 1,
            "affinity": -5.7,
            "rmsd_l_b": 0.0,
            "rmsd_u_b": 0.0
          },
          {
            "mode": 2,
            "affinity": -5.5,
            "rmsd_l_b": 1.655,
            "rmsd_u_b": 2.291
          },
          {
            "mode": 3,
            "affinity": -5.5,
            "rmsd_l_b": 2.392,
            "rmsd_u_b": 6.668
          },
          {
            "mode": 4,
            "affinity": -5.3,
            "rmsd_l_b": 3.178,
            "rmsd_u_b": 7.285
          },
          {
            "mode": 5,
            "affinity": -5.3,
            "rmsd_l_b": 3.045,
            "rmsd_u_b": 5.767
          },
          {
            "mode": 6,
            "affinity": -5.3,
            "rmsd_l_b": 3.095,
            "rmsd_u_b": 7.32
          },
          {
            "mode": 7,
            "affinity": -5.3,
            "rmsd_l_b": 11.96,
            "rmsd_u_b": 13.304
          },
          {
            "mode": 8,
            "affinity": -5.2,
            "rmsd_l_b": 11.531,
            "rmsd_u_b": 14.602
          },
          {
            "mode": 9,
            "affinity": -5.1,
            "rmsd_l_b": 3.053,
            "rmsd_u_b": 8.77
          }
        ]
      },
      {
        "run": 10,
        "seed": 160609,
        "average": {
          "affinity": -4.267,
          "rmsd_l_b": 4.112,
          "rmsd_u_b": 7.052
        },
        "modes": [
          {
            "mode": 1,
            "affinity": -4.9,
            "rmsd_l_b": 0.0,
            "rmsd_u_b": 0.0
          },
          {
            "mode": 2,
            "affinity": -4.4,
            "rmsd_l_b": 3.201,
            "rmsd_u_b": 7.322
          },
          {
            "mode": 3,
            "affinity": -4.4,
            "rmsd_l_b": 3.222,
            "rmsd_u_b": 6.689
          },
          {
            "mode": 4,
            "affinity": -4.3,
            "rmsd_l_b": 4.001,
            "rmsd_u_b": 7.171
          },
          {
            "mode": 5,
            "affinity": -4.2,
            "rmsd_l_b": 3.282,
            "rmsd_u_b": 4.798
          },
          {
            "mode": 6,
            "affinity": -4.1,
            "rmsd_l_b": 2.712,
            "rmsd_u_b": 6.612
          },
          {
            "mode": 7,
            "affinity": -4.1,
            "rmsd_l_b": 5.118,
            "rmsd_u_b": 9.419
          },
          {
            "mode": 8,
            "affinity": -4.0,
            "rmsd_l_b": 2.754,
            "rmsd_u_b": 6.888
          },
          {
            "mode": 9,
            "affinity": -4.0,
            "rmsd_l_b": 12.721,
            "rmsd_u_b": 14.572
          }
        ]
      },
      {
        "run": 11,
        "seed": 797958,
        "average": {
          "affinity": -5.444,
          "rmsd_l_b": 2.124,
          "rmsd_u_b": 5.447
        },
        "modes": [
          {
            "mode": 1,
            "affinity": -6.3,
            "rmsd_l_b": 0.0,
            "rmsd_u_b": 0.0
          },
          {
            "mode": 2,
            "affinity": -5.7,
            "rmsd_l_b": 2.106,
            "rmsd_u_b": 3.277
          },
          {
            "mode": 3,
            "affinity": -5.5,
            "rmsd_l_b": 2.68,
            "rmsd_u_b": 6.405
          },
          {
            "mode": 4,
            "affinity": -5.4,
            "rmsd_l_b": 1.759,
            "rmsd_u_b": 7.206
          },
          {
            "mode": 5,
            "affinity": -5.4,
            "rmsd_l_b": 3.414,
            "rmsd_u_b": 7.958
          },
          {
            "mode": 6,
            "affinity": -5.2,
            "rmsd_l_b": 2.278,
            "rmsd_u_b": 3.007
          },
          {
            "mode": 7,
            "affinity": -5.2,
            "rmsd_l_b": 1.801,
            "rmsd_u_b": 7.974
          },
          {
            "mode": 8,
            "affinity": -5.2,
            "rmsd_l_b": 2.487,
            "rmsd_u_b": 6.694
          },
          {
            "mode": 9,
            "affinity": -5.1,
            "rmsd_l_b": 2.593,
            "rmsd_u_b": 6.499
          }
        ]
      },
      {
        "run": 12,
        "seed": 75270,
        "average": {
          "affinity": -5.489,
          "rmsd_l_b": 4.126,
          "rmsd_u_b": 7.313
        },
        "modes": [
          {
            "mode": 1,
            "affinity": -6.1,
            "rmsd_l_b": 0.0,
            "rmsd_u_b": 0.0
          },
          {
            "mode": 2,
            "affinity": -5.7,
            "rmsd_l_b": 2.105,
            "rmsd_u_b": 8.024
          },
          {
            "mode": 3,
            "affinity": -5.7,
            "rmsd_l_b": 2.463,
            "rmsd_u_b": 7.575
          },
          {
            "mode": 4,
            "affinity": -5.5,
            "rmsd_l_b": 2.985,
            "rmsd_u_b": 8.269
          },
          {
            "mode": 5,
            "affinity": -5.4,
            "rmsd_l_b": 2.841,
            "rmsd_u_b": 8.148
          },
          {
            "mode": 6,
            "affinity": -5.3,
            "rmsd_l_b": 2.172,
            "rmsd_u_b": 3.284
          },
          {
            "mode": 7,
            "affinity": -5.3,
            "rmsd_l_b": 1.308,
            "rmsd_u_b": 2.104
          },
          {
            "mode": 8,
            "affinity": -5.3,
            "rmsd_l_b": 11.629,
            "rmsd_u_b": 14.667
          },
          {
            "mode": 9,
            "affinity": -5.1,
            "rmsd_l_b": 11.631,
            "rmsd_u_b": 13.742
          }
        ]
      },
      {
        "run": 13,
        "seed": 693627,
        "average": {
          "affinity": -4.5,
          "rmsd_l_b": 2.777,
          "rmsd_u_b": 5.9
        },
        "modes": [
          {
            "mode": 1,
            "affinity": -4.9,
            "rmsd_l_b": 0.0,
            "rmsd_u_b": 0.0
          },
          {
            "mode": 2,
            "affinity": -4.9,
            "rmsd_l_b": 3.087,
            "rmsd_u_b": 7.125
          },
          {
            "mode": 3,
            "affinity": -4.6,
            "rmsd_l_b": 2.976,
            "rmsd_u_b": 8.106
          },
          {
            "mode": 4,
            "affinity": -4.5,
            "rmsd_l_b": 3.05,
            "rmsd_u_b": 8.593
          },
          {
            "mode": 5,
            "affinity": -4.4,
            "rmsd_l_b": 3.191,
            "rmsd_u_b": 6.664
          },
          {
            "mode": 6,
            "affinity": -4.3,
            "rmsd_l_b": 4.019,
            "rmsd_u_b": 7.29
          },
          {
            "mode": 7,
            "affinity": -4.3,
            "rmsd_l_b": 3.318,
            "rmsd_u_b": 4.795
          },
          {
            "mode": 8,
            "affinity": -4.3,
            "rmsd_l_b": 2.678,
            "rmsd_u_b": 3.938
          },
          {
            "mode": 9,
            "affinity": -4.3,
            "rmsd_l_b": 2.673,
            "rmsd_u_b": 6.588
          }
        ]
      },
      {
        "run": 14,
        "seed": 154901,
        "average": {
          "affinity": -5.522,
          "rmsd_l_b": 4.502,
          "rmsd_u_b": 8.307
        },
        "modes": [
          {
            "mode": 1,
            "affinity": -5.9,
            "rmsd_l_b": 0.0,
            "rmsd_u_b": 0.0
          },
          {
            "mode": 2,
            "affinity": -5.8,
            "rmsd_l_b": 2.091,
            "rmsd_u_b": 8.039
          },
          {
            "mode": 3,
            "affinity": -5.8,
            "rmsd_l_b": 2.365,
            "rmsd_u_b": 7.649
          },
          {
            "mode": 4,
            "affinity": -5.5,
            "rmsd_l_b": 1.861,
            "rmsd_u_b": 7.28
          },
          {
            "mode": 5,
            "affinity": -5.5,
            "rmsd_l_b": 4.162,
            "rmsd_u_b": 7.66
          },
          {
            "mode": 6,
            "affinity": -5.3,
            "rmsd_l_b": 11.603,
            "rmsd_u_b": 14.631
          },
          {
            "mode": 7,
            "affinity": -5.3,
            "rmsd_l_b": 3.874,
            "rmsd_u_b": 7.006
          },
          {
            "mode": 8,
            "affinity": -5.3,
            "rmsd_l_b": 12.672,
            "rmsd_u_b": 14.523
          },
          {
            "mode": 9,
            "affinity": -5.3,
            "rmsd_l_b": 1.894,
            "rmsd_u_b": 7.971
          }
        ]
      },
      {
        "run": 15,
        "seed": 441867,
        "average": {
          "affinity": -5.511,
          "rmsd_l_b": 4.305,
          "rmsd_u_b": 8.492
        },
        "modes": [
          {
            "mode": 1,
            "affinity": -5.8,
            "rmsd_l_b": 0.0,
            "rmsd_u_b": 0.0
          },
          {
            "mode": 2,
            "affinity": -5.7,
            "rmsd_l_b": 2.125,
            "rmsd_u_b": 7.879
          },
          {
            "mode": 3,
            "affinity": -5.7,
            "rmsd_l_b": 2.298,
            "rmsd_u_b": 7.472
          },
          {
            "mode": 4,
            "affinity": -5.5,
            "rmsd_l_b": 2.911,
            "rmsd_u_b": 8.393
          },
          {
            "mode": 5,
            "affinity": -5.5,
            "rmsd_l_b": 2.998,
            "rmsd_u_b": 8.505
          },
          {
            "mode": 6,
            "affinity": -5.4,
            "rmsd_l_b": 2.887,
            "rmsd_u_b": 7.71
          },
          {
            "mode": 7,
            "affinity": -5.4,
            "rmsd_l_b": 12.12,
            "rmsd_u_b": 14.489
          },
          {
            "mode": 8,
            "affinity": -5.3,
            "rmsd_l_b": 1.866,
            "rmsd_u_b": 7.338
          },
          {
            "mode": 9,
            "affinity": -5.3,
            "rmsd_l_b": 11.537,
            "rmsd_u_b": 14.643
          }
        ]
      },
      {
        "run": 16,
        "seed": 852776,
        "average": {
          "affinity": -5.544,
          "rmsd_l_b": 4.336,
          "rmsd_u_b": 8.226
        },
        "modes": [
          {
            "mode": 1,
            "affinity": -6.0,
            "rmsd_l_b": 0.0,
            "rmsd_u_b": 0.0
          },
          {
            "mode": 2,
            "affinity": -5.8,
            "rmsd_l_b": 2.022,
            "rmsd_u_b": 7.949
          },
          {
            "mode": 3,
            "affinity": -5.7,
            "rmsd_l_b": 2.264,
            "rmsd_u_b": 7.594
          },
          {
            "mode": 4,
            "affinity": -5.6,
            "rmsd_l_b": 2.883,
            "rmsd_u_b": 6.325
          },
          {
            "mode": 5,
            "affinity": -5.4,
            "rmsd_l_b": 3.184,
            "rmsd_u_b": 7.74
          },
          {
            "mode": 6,
            "affinity": -5.4,
            "rmsd_l_b": 11.901,
            "rmsd_u_b": 14.382
          },
          {
            "mode": 7,
            "affinity": -5.4,
            "rmsd_l_b": 1.773,
            "rmsd_u_b": 7.344
          },
          {
            "mode": 8,
            "affinity": -5.3,
            "rmsd_l_b": 11.669,
            "rmsd_u_b": 14.642
          },
          {
            "mode": 9,
            "affinity": -5.3,
            "rmsd_l_b": 3.327,
            "rmsd_u_b": 8.061
          }
        ]
      },
      {
        "run": 17,
        "seed": 447535,
        "average": {
          "affinity": -4.278,
          "rmsd_l_b": 4.983,
          "rmsd_u_b": 7.89
        },
        "modes": [
          {
            "mode": 1,
            "affinity": -4.9,
            "rmsd_l_b": 0.0,
            "rmsd_u_b": 0.0
          },
          {
            "mode": 2,
            "affinity": -4.4,
            "rmsd_l_b": 3.922,
            "rmsd_u_b": 7.183
          },
          {
            "mode": 3,
            "affinity": -4.3,
            "rmsd_l_b": 3.076,
            "rmsd_u_b": 4.514
          },
          {
            "mode": 4,
            "affinity": -4.2,
            "rmsd_l_b": 2.901,
            "rmsd_u_b": 6.737
          },
          {
            "mode": 5,
            "affinity": -4.2,
            "rmsd_l_b": 12.474,
            "rmsd_u_b": 14.575
          },
          {
            "mode": 6,
            "affinity": -4.2,
            "rmsd_l_b": 4.958,
            "rmsd_u_b": 9.331
          },
          {
            "mode": 7,
            "affinity": -4.1,
            "rmsd_l_b": 2.704,
            "rmsd_u_b": 6.644
          },
          {
            "mode": 8,
            "affinity": -4.1,
            "rmsd_l_b": 2.564,
            "rmsd_u_b": 6.762
          },
          {
            "mode": 9,
            "affinity": -4.1,
            "rmsd_l_b": 12.248,
            "rmsd_u_b": 15.266
          }
        ]
      },
      {
        "run": 18,
        "seed": 618364,
        "average": {
          "affinity": -5.233,
          "rmsd_l_b": 6.279,
          "rmsd_u_b": 8.597
        },
        "modes": [
          {
            "mode": 1,
            "affinity": -5.7,
            "rmsd_l_b": 0.0,
            "rmsd_u_b": 0.0
          },
          {
            "mode": 2,
            "affinity": -5.6,
            "rmsd_l_b": 1.646,
            "rmsd_u_b": 2.319
          },
          {
            "mode": 3,
            "affinity": -5.4,
            "rmsd_l_b": 2.288,
            "rmsd_u_b": 6.645
          },
          {
            "mode": 4,
            "affinity": -5.2,
            "rmsd_l_b": 12.009,
            "rmsd_u_b": 14.777
          },
          {
            "mode": 5,
            "affinity": -5.2,
            "rmsd_l_b": 11.652,
            "rmsd_u_b": 14.611
          },
          {
            "mode": 6,
            "affinity": -5.0,
            "rmsd_l_b": 11.681,
            "rmsd_u_b": 14.685
          },
          {
            "mode": 7,
            "affinity": -5.0,
            "rmsd_l_b": 3.268,
            "rmsd_u_b": 5.2
          },
          {
            "mode": 8,
            "affinity": -5.0,
            "rmsd_l_b": 2.376,
            "rmsd_u_b": 5.882
          },
          {
            "mode": 9,
            "affinity": -5.0,
            "rmsd_l_b": 11.595,
            "rmsd_u_b": 13.253
          }
        ]
      },
      {
        "run": 19,
        "seed": 777095,
        "average": {
          "affinity": -5.556,
          "rmsd_l_b": 2.922,
          "rmsd_u_b": 5.505
        },
        "modes": [
          {
            "mode": 1,
            "affinity": -5.9,
            "rmsd_l_b": 0.0,
            "rmsd_u_b": 0.0
          },
          {
            "mode": 2,
            "affinity": -5.7,
            "rmsd_l_b": 2.156,
            "rmsd_u_b": 3.515
          },
          {
            "mode": 3,
            "affinity": -5.7,
            "rmsd_l_b": 2.107,
            "rmsd_u_b": 7.981
          },
          {
            "mode": 4,
            "affinity": -5.6,
            "rmsd_l_b": 2.341,
            "rmsd_u_b": 7.568
          },
          {
            "mode": 5,
            "affinity": -5.5,
            "rmsd_l_b": 1.154,
            "rmsd_u_b": 1.732
          },
          {
            "mode": 6,
            "affinity": -5.5,
            "rmsd_l_b": 1.564,
            "rmsd_u_b": 2.15
          },
          {
            "mode": 7,
            "affinity": -5.4,
            "rmsd_l_b": 1.927,
            "rmsd_u_b": 7.252
          },
          {
            "mode": 8,
            "affinity": -5.4,
            "rmsd_l_b": 3.293,
            "rmsd_u_b": 4.56
          },
          {
            "mode": 9,
            "affinity": -5.3,
            "rmsd_l_b": 11.758,
            "rmsd_u_b": 14.784
          }
        ]
      },
      {
        "run": 20,
        "seed": 677940,
        "average": {
          "affinity": -5.544,
          "rmsd_l_b": 2.214,
          "rmsd_u_b": 6.176
        },
        "modes": [
          {
            "mode": 1,
            "affinity": -5.9,
            "rmsd_l_b": 0.0,
            "rmsd_u_b": 0.0
          },
          {
            "mode": 2,
            "affinity": -5.7,
            "rmsd_l_b": 2.133,
            "rmsd_u_b": 8.012
          },
          {
            "mode": 3,
            "affinity": -5.6,
            "rmsd_l_b": 2.295,
            "rmsd_u_b": 7.589
          },
          {
            "mode": 4,
            "affinity": -5.6,
            "rmsd_l_b": 3.048,
            "rmsd_u_b": 7.081
          },
          {
            "mode": 5,
            "affinity": -5.5,
            "rmsd_l_b": 2.97,
            "rmsd_u_b": 6.315
          },
          {
            "mode": 6,
            "affinity": -5.5,
            "rmsd_l_b": 2.992,
            "rmsd_u_b": 8.487
          },
          {
            "mode": 7,
            "affinity": -5.4,
            "rmsd_l_b": 2.928,
            "rmsd_u_b": 8.264
          },
          {
            "mode": 8,
            "affinity": -5.4,
            "rmsd_l_b": 1.761,
            "rmsd_u_b": 2.544
          },
          {
            "mode": 9,
            "affinity": -5.3,
            "rmsd_l_b": 1.802,
            "rmsd_u_b": 7.295
          }
        ]
      }
    ]
  }
}