{
  "rmsd": 3.794,
  "rmsd_method": "C-alpha coordinates",
  "rmsd_tool": "BioPython",
  "docking": {
    "average_affinity": -4.331,
    "runs": [
      {
        "run": 1,
        "seed": 818519,
        "average": {
          "affinity": -4.356,
          "rmsd_l_b": 2.047,
          "rmsd_u_b": 5.179
        },
        "modes": [
          {
            "mode": 1,
            "affinity": -4.5,
            "rmsd_l_b": 0.0,
            "rmsd_u_b": 0.0
          },
          {
            "mode": 2,
            "affinity": -4.5,
            "rmsd_l_b": 2.354,
            "rmsd_u_b": 6.345
          },
          {
            "mode": 3,
            "affinity": -4.4,
            "rmsd_l_b": 2.134,
            "rmsd_u_b": 5.583
          },
          {
            "mode": 4,
            "affinity": -4.3,
            "rmsd_l_b": 2.384,
            "rmsd_u_b": 7.556
          },
          {
            "mode": 5,
            "affinity": -4.3,
            "rmsd_l_b": 2.185,
            "rmsd_u_b": 2.961
          },
          {
            "mode": 6,
            "affinity": -4.3,
            "rmsd_l_b": 2.209,
            "rmsd_u_b": 5.267
          },
          {
            "mode": 7,
            "affinity": -4.3,
            "rmsd_l_b": 2.403,
            "rmsd_u_b": 6.674
          },
          {
            "mode": 8,
            "affinity": -4.3,
            "rmsd_l_b": 2.396,
            "rmsd_u_b": 6.341
          },
          {
            "mode": 9,
            "affinity": -4.3,
            "rmsd_l_b": 2.362,
            "rmsd_u_b": 5.883
          }
        ]
      },
      {
        "run": 2,
        "seed": 925765,
        "average": {
          "affinity": -4.389,
          "rmsd_l_b": 2.426,
          "rmsd_u_b": 6.034
        },
        "modes": [
          {
            "mode": 1,
            "affinity": -4.5,
            "rmsd_l_b": 0.0,
            "rmsd_u_b": 0.0
          },
          {
            "mode": 2,
            "affinity": -4.4,
            "rmsd_l_b": 2.482,
            "rmsd_u_b": 8.428
          },
          {
            "mode": 3,
            "affinity": -4.4,
            "rmsd_l_b": 1.906,
            "rmsd_u_b": 4.89
          },
          {
            "mode": 4,
            "affinity": -4.4,
            "rmsd_l_b": 2.746,
            "rmsd_u_b": 4.3
          },
          {
            "mode": 5,
            "affinity": -4.4,
            "rmsd_l_b": 2.597,
            "rmsd_u_b": 7.665
          },
          {
            "mode": 6,
            "affinity": -4.4,
            "rmsd_l_b": 2.749,
            "rmsd_u_b": 6.602
          },
          {
            "mode": 7,
            "affinity": -4.4,
            "rmsd_l_b": 2.474,
            "rmsd_u_b": 5.924
          },
          {
            "mode": 8,
            "affinity": -4.3,
            "rmsd_l_b": 2.93,
            "rmsd_u_b": 8.206
          },
          {
            "mode": 9,
            "affinity": -4.3,
            "rmsd_l_b": 3.952,
            "rmsd_u_b": 8.291
          }
        ]
      },
      {
        "run": 3,
        "seed": 558768,
        "average": {
          "affinity": -4.133,
          "rmsd_l_b": 2.103,
          "rmsd_u_b": 5.63
        },
        "modes": [
          {
            "mode": 1,
            "affinity": -4.3,
            "rmsd_l_b": 0.0,
            "rmsd_u_b": 0.0
          },
          {
            "mode": 2,
            "affinity": -4.2,
            "rmsd_l_b": 2.301,
            "rmsd_u_b": 6.476
          },
          {
            "mode": 3,
            "affinity": -4.2,
            "rmsd_l_b": 2.28,
            "rmsd_u_b": 5.535
          },
          {
            "mode": 4,
            "affinity": -4.2,
            "rmsd_l_b": 2.476,
            "rmsd_u_b": 7.474
          },
          {
            "mode": 5,
            "affinity": -4.1,
            "rmsd_l_b": 2.449,
            "rmsd_u_b": 7.604
          },
          {
            "mode": 6,
            "affinity": -4.1,
            "rmsd_l_b": 2.345,
            "rmsd_u_b": 5.34
          },
          {
            "mode": 7,
            "affinity": -4.1,
            "rmsd_l_b": 2.224,
            "rmsd_u_b": 5.543
          },
          {
            "mode": 8,
            "affinity": -4.0,
            "rmsd_l_b": 2.58,
            "rmsd_u_b": 7.071
          },
          {
            "mode": 9,
            "affinity": -4.0,
            "rmsd_l_b": 2.269,
            "rmsd_u_b": 5.627
          }
        ]
      },
      {
        "run": 4,
        "seed": 866503,
        "average": {
          "affinity": -4.111,
          "rmsd_l_b": 2.084,
          "rmsd_u_b": 5.602
        },
        "modes": [
          {
            "mode": 1,
            "affinity": -4.3,
            "rmsd_l_b": 0.0,
            "rmsd_u_b": 0.0
          },
          {
            "mode": 2,
            "affinity": -4.3,
            "rmsd_l_b": 2.297,
            "rmsd_u_b": 6.422
          },
          {
            "mode": 3,
            "affinity": -4.2,
            "rmsd_l_b": 2.553,
            "rmsd_u_b": 5.84
          },
          {
            "mode": 4,
            "affinity": -4.1,
            "rmsd_l_b": 2.552,
            "rmsd_u_b": 8.674
          },
          {
            "mode": 5,
            "affinity": -4.1,
            "rmsd_l_b": 2.361,
            "rmsd_u_b": 6.447
          },
          {
            "mode": 6,
            "affinity": -4.0,
            "rmsd_l_b": 2.032,
            "rmsd_u_b": 3.295
          },
          {
            "mode": 7,
            "affinity": -4.0,
            "rmsd_l_b": 2.369,
            "rmsd_u_b": 6.39
          },
          {
            "mode": 8,
            "affinity": -4.0,
            "rmsd_l_b": 2.477,
            "rmsd_u_b": 5.971
          },
          {
            "mode": 9,
            "affinity": -4.0,
            "rmsd_l_b": 2.116,
            "rmsd_u_b": 7.378
          }
        ]
      },
      {
        "run": 5,
        "seed": 46669,
        "average": {
          "affinity": -4.967,
          "rmsd_l_b": 2.33,
          "rmsd_u_b": 6.193
        },
        "modes": [
          {
            "mode": 1,
            "affinity": -5.1,
            "rmsd_l_b": 0.0,
            "rmsd_u_b": 0.0
          },
          {
            "mode": 2,
            "affinity": -5.0,
            "rmsd_l_b": 2.502,
            "rmsd_u_b": 7.842
          },
          {
            "mode": 3,
            "affinity": -5.0,
            "rmsd_l_b": 2.467,
            "rmsd_u_b": 8.538
          },
          {
            "mode": 4,
            "affinity": -5.0,
            "rmsd_l_b": 2.497,
            "rmsd_u_b": 5.617
          },
          {
            "mode": 5,
            "affinity": -5.0,
            "rmsd_l_b": 3.139,
            "rmsd_u_b": 8.486
          },
          {
            "mode": 6,
            "affinity": -4.9,
            "rmsd_l_b": 2.372,
            "rmsd_u_b": 3.645
          },
          {
            "mode": 7,
            "affinity": -4.9,
            "rmsd_l_b": 2.842,
            "rmsd_u_b": 7.545
          },
          {
            "mode": 8,
            "affinity": -4.9,
            "rmsd_l_b": 2.703,
            "rmsd_u_b": 5.718
          },
          {
            "mode": 9,
            "affinity": -4.9,
            "rmsd_l_b": 2.448,
            "rmsd_u_b": 8.343
          }
        ]
      },
      {
        "run": 6,
        "seed": 543521,
        "average": {
          "affinity": -4.4,
          "rmsd_l_b": 2.218,
          "rmsd_u_b": 5.458
        },
        "modes": [
          {
            "mode": 1,
            "affinity": -4.5,
            "rmsd_l_b": 0.0,
            "rmsd_u_b": 0.0
          },
          {
            "mode": 2,
            "affinity": -4.5,
            "rmsd_l_b": 2.731,
            "rmsd_u_b": 4.351
          },
          {
            "mode": 3,
            "affinity": -4.4,
            "rmsd_l_b": 2.012,
            "rmsd_u_b": 4.951
          },
          {
            "mode": 4,
            "affinity": -4.4,
            "rmsd_l_b": 2.475,
            "rmsd_u_b": 8.5
          },
          {
            "mode": 5,
            "affinity": -4.4,
            "rmsd_l_b": 2.32,
            "rmsd_u_b": 5.611
          },
          {
            "mode": 6,
            "affinity": -4.4,
            "rmsd_l_b": 2.239,
            "rmsd_u_b": 3.95
          },
          {
            "mode": 7,
            "affinity": -4.4,
            "rmsd_l_b": 2.745,
            "rmsd_u_b": 6.425
          },
          {
            "mode": 8,
            "affinity": -4.3,
            "rmsd_l_b": 2.898,
            "rmsd_u_b": 8.281
          },
          {
            "mode": 9,
            "affinity": -4.3,
            "rmsd_l_b": 2.546,
            "rmsd_u_b": 7.052
          }
        ]
      },
      {
        "run": 7,
        "seed": 860480,
        "average": {
          "affinity": -4.278,
          "rmsd_l_b": 3.0,
          "rmsd_u_b": 6.666
        },
        "modes": [
          {
            "mode": 1,
            "affinity": -4.5,
            "rmsd_l_b": 0.0,
            "rmsd_u_b": 0.0
          },
          {
            "mode": 2,
            "affinity": -4.4,
            "rmsd_l_b": 1.908,
            "rmsd_u_b": 4.888
          },
          {
            "mode": 3,
            "affinity": -4.4,
            "rmsd_l_b": 2.429,
            "rmsd_u_b": 8.274
          },
          {
            "mode": 4,
            "affinity": -4.3,
            "rmsd_l_b": 2.937,
            "rmsd_u_b": 8.244
          },
          {
            "mode": 5,
            "affinity": -4.3,
            "rmsd_l_b": 2.777,
            "rmsd_u_b": 7.246
          },
          {
            "mode": 6,
            "affinity": -4.2,
            "rmsd_l_b": 1.938,
            "rmsd_u_b": 4.65
          },
          {
            "mode": 7,
            "affinity": -4.2,
            "rmsd_l_b": 2.895,
            "rmsd_u_b": 5.95
          },
          {
            "mode": 8,
            "affinity": -4.1,
            "rmsd_l_b": 2.373,
            "rmsd_u_b": 7.791
          },
          {
            "mode": 9,
            "affinity": -4.1,
            "rmsd_l_b": 9.741,
            "rmsd_u_b": 12.955
          }
        ]
      },
      {
        "run": 8,
        "seed": 980057,
        "average": {
          "affinity": -4.333,
          "rmsd_l_b": 2.19,
          "rmsd_u_b": 5.138
        },
        "modes": [
          {
            "mode": 1,
            "affinity": -4.5,
            "rmsd_l_b": 0.0,
            "rmsd_u_b": 0.0
          },
          {
            "mode": 2,
            "affinity": -4.5,
            "rmsd_l_b": 2.355,
            "rmsd_u_b": 6.345
          },
          {
            "mode": 3,
            "affinity": -4.4,
            "rmsd_l_b": 1.948,
            "rmsd_u_b": 4.909
          },
          {
            "mode": 4,
            "affinity": -4.4,
            "rmsd_l_b": 2.966,
            "rmsd_u_b": 4.802
          },
          {
            "mode": 5,
            "affinity": -4.4,
            "rmsd_l_b": 2.276,
            "rmsd_u_b": 6.201
          },
          {
            "mode": 6,
            "affinity": -4.3,
            "rmsd_l_b": 2.728,
            "rmsd_u_b": 7.065
          },
          {
            "mode": 7,
            "affinity": -4.2,
            "rmsd_l_b": 2.493,
            "rmsd_u_b": 4.647
          },
          {
            "mode": 8,
            "affinity": -4.2,
            "rmsd_l_b": 2.334,
            "rmsd_u_b": 4.013
          },
          {
            "mode": 9,
            "affinity": -4.1,
            "rmsd_l_b": 2.614,
            "rmsd_u_b": 8.257
          }
        ]
      },
      {
        "run": 9,
        "seed": 606253,
        "average": {
          "affinity": -4.356,
          "rmsd_l_b": 2.319,
          "rmsd_u_b": 5.66
        },
        "modes": [
          {
            "mode": 1,
            "affinity": -4.5,
            "rmsd_l_b": 0.0,
            "rmsd_u_b": 0.0
          },
          {
            "mode": 2,
            "affinity": -4.4,
            "rmsd_l_b": 2.664,
            "rmsd_u_b": 8.025
          },
          {
            "mode": 3,
            "affinity": -4.4,
            "rmsd_l_b": 2.314,
            "rmsd_u_b": 5.613
          },
          {
            "mode": 4,
            "affinity": -4.4,
            "rmsd_l_b": 1.973,
            "rmsd_u_b": 4.852
          },
          {
            "mode": 5,
            "affinity": -4.3,
            "rmsd_l_b": 2.863,
            "rmsd_u_b": 4.647
          },
          {
            "mode": 6,
            "affinity": -4.3,
            "rmsd_l_b": 2.694,
            "rmsd_u_b": 6.332
          },
          {
            "mode": 7,
            "affinity": -4.3,
            "rmsd_l_b": 2.94,
            "rmsd_u_b": 8.255
          },
          {
            "mode": 8,
            "affinity": -4.3,
            "rmsd_l_b": 2.607,
            "rmsd_u_b": 7.037
          },
          {
            "mode": 9,
            "affinity": -4.3,
            "rmsd_l_b": 2.819,
            "rmsd_u_b": 6.182
          }
        ]
      },
      {
        "run": 10,
        "seed": 987659,
        "average": {
          "affinity": -4.278,
          "rmsd_l_b": 3.105,
          "rmsd_u_b": 5.806
        },
        "modes": [
          {
            "mode": 1,
            "affinity": -4.5,
            "rmsd_l_b": 0.0,
            "rmsd_u_b": 0.0
          },
          {
            "mode": 2,
            "affinity": -4.4,
            "rmsd_l_b": 2.67,
            "rmsd_u_b": 7.701
          },
          {
            "mode": 3,
            "affinity": -4.4,
            "rmsd_l_b": 1.94,
            "rmsd_u_b": 4.841
          },
          {
            "mode": 4,
            "affinity": -4.3,
            "rmsd_l_b": 2.442,
            "rmsd_u_b": 8.465
          },
          {
            "mode": 5,
            "affinity": -4.3,
            "rmsd_l_b": 2.312,
            "rmsd_u_b": 3.739
          },
          {
            "mode": 6,
            "affinity": -4.2,
            "rmsd_l_b": 2.823,
            "rmsd_u_b": 4.579
          },
          {
            "mode": 7,
            "affinity": -4.2,
            "rmsd_l_b": 2.249,
            "rmsd_u_b": 5.028
          },
          {
            "mode": 8,
            "affinity": -4.1,
            "rmsd_l_b": 10.857,
            "rmsd_u_b": 13.456
          },
          {
            "mode": 9,
            "affinity": -4.1,
            "rmsd_l_b": 2.654,
            "rmsd_u_b": 4.442
          }
        ]
      },
      {
        "run": 11,
        "seed": 661119,
        "average": {
          "affinity": -4.422,
          "rmsd_l_b": 2.145,
          "rmsd_u_b": 5.823
        },
        "modes": [
          {
            "mode": 1,
            "affinity": -4.6,
            "rmsd_l_b": 0.0,
            "rmsd_u_b": 0.0
          },
          {
            "mode": 2,
            "affinity": -4.5,
            "rmsd_l_b": 2.246,
            "rmsd_u_b": 6.531
          },
          {
            "mode": 3,
            "affinity": -4.5,
            "rmsd_l_b": 2.444,
            "rmsd_u_b": 8.444
          },
          {
            "mode": 4,
            "affinity": -4.5,
            "rmsd_l_b": 1.916,
            "rmsd_u_b": 4.81
          },
          {
            "mode": 5,
            "affinity": -4.4,
            "rmsd_l_b": 2.369,
            "rmsd_u_b": 6.21
          },
          {
            "mode": 6,
            "affinity": -4.4,
            "rmsd_l_b": 2.563,
            "rmsd_u_b": 7.801
          },
          {
            "mode": 7,
            "affinity": -4.3,
            "rmsd_l_b": 2.934,
            "rmsd_u_b": 8.266
          },
          {
            "mode": 8,
            "affinity": -4.3,
            "rmsd_l_b": 2.094,
            "rmsd_u_b": 3.208
          },
          {
            "mode": 9,
            "affinity": -4.3,
            "rmsd_l_b": 2.739,
            "rmsd_u_b": 7.134
          }
        ]
      },
      {
        "run": 12,
        "seed": 921943,
        "average": {
          "affinity": -4.778,
          "rmsd_l_b": 2.048,
          "rmsd_u_b": 5.563
        },
        "modes": [
          {
            "mode": 1,
            "affinity": -4.9,
            "rmsd_l_b": 0.0,
            "rmsd_u_b": 0.0
          },
          {
            "mode": 2,
            "affinity": -4.9,
            "rmsd_l_b": 2.182,
            "rmsd_u_b": 5.18
          },
          {
            "mode": 3,
            "affinity": -4.9,
            "rmsd_l_b": 2.319,
            "rmsd_u_b": 6.56
          },
          {
            "mode": 4,
            "affinity": -4.8,
            "rmsd_l_b": 2.551,
            "rmsd_u_b": 8.659
          },
          {
            "mode": 5,
            "affinity": -4.8,
            "rmsd_l_b": 2.362,
            "rmsd_u_b": 6.548
          },
          {
            "mode": 6,
            "affinity": -4.7,
            "rmsd_l_b": 2.209,
            "rmsd_u_b": 5.93
          },
          {
            "mode": 7,
            "affinity": -4.7,
            "rmsd_l_b": 2.013,
            "rmsd_u_b": 5.765
          },
          {
            "mode": 8,
            "affinity": -4.7,
            "rmsd_l_b": 2.387,
            "rmsd_u_b": 5.123
          },
          {
            "mode": 9,
            "affinity": -4.6,
            "rmsd_l_b": 2.411,
            "rmsd_u_b": 6.298
          }
        ]
      },
      {
        "run": 13,
        "seed": 619374,
        "average": {
          "affinity": -4.156,
          "rmsd_l_b": 2.053,
          "rmsd_u_b": 5.421
        },
        "modes": [
          {
            "mode": 1,
            "affinity": -4.3,
            "rmsd_l_b": 0.0,
            "rmsd_u_b": 0.0
          },
          {
            "mode": 2,
            "affinity": -4.3,
            "rmsd_l_b": 2.493,
            "rmsd_u_b": 6.135
          },
          {
            "mode": 3,
            "affinity": -4.2,
            "rmsd_l_b": 2.294,
            "rmsd_u_b": 6.461
          },
          {
            "mode": 4,
            "affinity": -4.2,
            "rmsd_l_b": 2.638,
            "rmsd_u_b": 7.649
          },
          {
            "mode": 5,
            "affinity": -4.2,
            "rmsd_l_b": 2.589,
            "rmsd_u_b": 6.188
          },
          {
            "mode": 6,
            "affinity": -4.1,
            "rmsd_l_b": 1.855,
            "rmsd_u_b": 5.997
          },
          {
            "mode": 7,
            "affinity": -4.1,
            "rmsd_l_b": 2.405,
            "rmsd_u_b": 6.708
          },
          {
            "mode": 8,
            "affinity": -4.0,
            "rmsd_l_b": 2.524,
            "rmsd_u_b": 7.133
          },
          {
            "mode": 9,
            "affinity": -4.0,
            "rmsd_l_b": 1.682,
            "rmsd_u_b": 2.521
          }
        ]
      },
      {
        "run": 14,
        "seed": 528674,
        "average": {
          "affinity": -4.1,
          "rmsd_l_b": 2.26,
          "rmsd_u_b": 5.559
        },
        "modes": [
          {
            "mode": 1,
            "affinity": -4.2,
            "rmsd_l_b": 0.0,
            "rmsd_u_b": 0.0
          },
          {
            "mode": 2,
            "affinity": -4.2,
            "rmsd_l_b": 2.552,
            "rmsd_u_b": 5.632
          },
          {
            "mode": 3,
            "affinity": -4.2,
            "rmsd_l_b": 2.755,
            "rmsd_u_b": 6.476
          },
          {
            "mode": 4,
            "affinity": -4.2,
            "rmsd_l_b": 2.231,
            "rmsd_u_b": 4.995
          },
          {
            "mode": 5,
            "affinity": -4.1,
            "rmsd_l_b": 2.403,
            "rmsd_u_b": 4.017
          },
          {
            "mode": 6,
            "affinity": -4.0,
            "rmsd_l_b": 2.728,
            "rmsd_u_b": 8.43
          },
          {
            "mode": 7,
            "affinity": -4.0,
            "rmsd_l_b": 2.547,
            "rmsd_u_b": 5.456
          },
          {
            "mode": 8,
            "affinity": -4.0,
            "rmsd_l_b": 2.342,
            "rmsd_u_b": 6.266
          },
          {
            "mode": 9,
            "affinity": -4.0,
            "rmsd_l_b": 2.783,
            "rmsd_u_b": 8.755
          }
        ]
      },
      {
        "run": 15,
        "seed": 135935,
        "average": {
          "affinity": -4.267,
          "rmsd_l_b": 3.929,
          "rmsd_u_b": 7.055
        },
        "modes": [
          {
            "mode": 1,
            "affinity": -4.5,
            "rmsd_l_b": 0.0,
            "rmsd_u_b": 0.0
          },
          {
            "mode": 2,
            "affinity": -4.4,
            "rmsd_l_b": 1.948,
            "rmsd_u_b": 4.823
          },
          {
            "mode": 3,
            "affinity": -4.4,
            "rmsd_l_b": 2.438,
            "rmsd_u_b": 5.758
          },
          {
            "mode": 4,
            "affinity": -4.3,
            "rmsd_l_b": 2.765,
            "rmsd_u_b": 7.046
          },
          {
            "mode": 5,
            "affinity": -4.3,
            "rmsd_l_b": 2.524,
            "rmsd_u_b": 6.191
          },
          {
            "mode": 6,
            "affinity": -4.2,
            "rmsd_l_b": 9.813,
            "rmsd_u_b": 12.982
          },
          {
            "mode": 7,
            "affinity": -4.1,
            "rmsd_l_b": 2.39,
            "rmsd_u_b": 5.262
          },
          {
            "mode": 8,
            "affinity": -4.1,
            "rmsd_l_b": 11.11,
            "rmsd_u_b": 12.83
          },
          {
            "mode": 9,
            "affinity": -4.1,
            "rmsd_l_b": 2.371,
            "rmsd_u_b": 8.604
          }
        ]
      },
      {
        "run": 16,
        "seed": 767808,
        "average": {
          "affinity": -4.156,
          "rmsd_l_b": 3.882,
          "rmsd_u_b": 7.122
        },
        "modes": [
          {
            "mode": 1,
            "affinity": -4.3,
            "rmsd_l_b": 0.0,
            "rmsd_u_b": 0.0
          },
          {
            "mode": 2,
            "affinity": -4.3,
            "rmsd_l_b": 2.46,
            "rmsd_u_b": 5.886
          },
          {
            "mode": 3,
            "affinity": -4.3,
            "rmsd_l_b": 2.28,
            "rmsd_u_b": 6.436
          },
          {
            "mode": 4,
            "affinity": -4.2,
            "rmsd_l_b": 2.163,
            "rmsd_u_b": 6.458
          },
          {
            "mode": 5,
            "affinity": -4.2,
            "rmsd_l_b": 2.617,
            "rmsd_u_b": 7.732
          },
          {
            "mode": 6,
            "affinity": -4.1,
            "rmsd_l_b": 2.568,
            "rmsd_u_b": 6.959
          },
          {
            "mode": 7,
            "affinity": -4.0,
            "rmsd_l_b": 2.103,
            "rmsd_u_b": 7.101
          },
          {
            "mode": 8,
            "affinity": -4.0,
            "rmsd_l_b": 10.167,
            "rmsd_u_b": 11.632
          },
          {
            "mode": 9,
            "affinity": -4.0,
            "rmsd_l_b": 10.583,
            "rmsd_u_b": 11.893
          }
        ]
      },
      {
        "run": 17,
        "seed": 132493,
        "average": {
          "affinity": -4.333,
          "rmsd_l_b": 2.282,
          "rmsd_u_b": 5.821
        },
        "modes": [
          {
            "mode": 1,
            "affinity": -4.5,
            "rmsd_l_b": 0.0,
            "rmsd_u_b": 0.0
          },
          {
            "mode": 2,
            "affinity": -4.4,
            "rmsd_l_b": 2.256,
            "rmsd_u_b": 6.274
          },
          {
            "mode": 3,
            "affinity": -4.4,
            "rmsd_l_b": 1.938,
            "rmsd_u_b": 4.849
          },
          {
            "mode": 4,
            "affinity": -4.4,
            "rmsd_l_b": 2.761,
            "rmsd_u_b": 4.651
          },
          {
            "mode": 5,
            "affinity": -4.3,
            "rmsd_l_b": 2.418,
            "rmsd_u_b": 8.364
          },
          {
            "mode": 6,
            "affinity": -4.3,
            "rmsd_l_b": 2.762,
            "rmsd_u_b": 6.11
          },
          {
            "mode": 7,
            "affinity": -4.3,
            "rmsd_l_b": 2.564,
            "rmsd_u_b": 7.608
          },
          {
            "mode": 8,
            "affinity": -4.2,
            "rmsd_l_b": 2.967,
            "rmsd_u_b": 8.206
          },
          {
            "mode": 9,
            "affinity": -4.2,
            "rmsd_l_b": 2.874,
            "rmsd_u_b": 6.328
          }
        ]
      },
      {
        "run": 18,
        "seed": 816359,
        "average": {
          "affinity": -4.322,
          "rmsd_l_b": 2.227,
          "rmsd_u_b": 5.576
        },
        "modes": [
          {
            "mode": 1,
            "affinity": -4.5,
            "rmsd_l_b": 0.0,
            "rmsd_u_b": 0.0
          },
          {
            "mode": 2,
            "affinity": -4.4,
            "rmsd_l_b": 2.571,
            "rmsd_u_b": 7.738
          },
          {
            "mode": 3,
            "affinity": -4.4,
            "rmsd_l_b": 1.891,
            "rmsd_u_b": 4.827
          },
          {
            "mode": 4,
            "affinity": -4.4,
            "rmsd_l_b": 2.307,
            "rmsd_u_b": 6.22
          },
          {
            "mode": 5,
            "affinity": -4.3,
            "rmsd_l_b": 2.482,
            "rmsd_u_b": 8.396
          },
          {
            "mode": 6,
            "affinity": -4.3,
            "rmsd_l_b": 2.636,
            "rmsd_u_b": 4.549
          },
          {
            "mode": 7,
            "affinity": -4.2,
            "rmsd_l_b": 2.945,
            "rmsd_u_b": 5.87
          },
          {
            "mode": 8,
            "affinity": -4.2,
            "rmsd_l_b": 2.588,
            "rmsd_u_b": 5.521
          },
          {
            "mode": 9,
            "affinity": -4.2,
            "rmsd_l_b": 2.621,
            "rmsd_u_b": 7.065
          }
        ]
      },
      {
        "run": 19,
        "seed": 73775,
        "average": {
          "affinity": -4.089,
          "rmsd_l_b": 2.342,
          "rmsd_u_b": 6.062
        },
        "modes": [
          {
            "mode": 1,
            "affinity": -4.2,
            "rmsd_l_b": 0.0,
            "rmsd_u_b": 0.0
          },
          {
            "mode": 2,
            "affinity": -4.2,
            "rmsd_l_b": 2.489,
            "rmsd_u_b": 5.98
          },
          {
            "mode": 3,
            "affinity": -4.1,
            "rmsd_l_b": 2.697,
            "rmsd_u_b": 6.388
          },
          {
            "mode": 4,
            "affinity": -4.1,
            "rmsd_l_b": 2.578,
            "rmsd_u_b": 5.511
          },
          {
            "mode": 5,
            "affinity": -4.1,
            "rmsd_l_b": 2.192,
            "rmsd_u_b": 5.039
          },
          {
            "mode": 6,
            "affinity": -4.1,
            "rmsd_l_b": 2.724,
            "rmsd_u_b": 8.691
          },
          {
            "mode": 7,
            "affinity": -4.0,
            "rmsd_l_b": 2.755,
            "rmsd_u_b": 7.909
          },
          {
            "mode": 8,
            "affinity": -4.0,
            "rmsd_l_b": 2.806,
            "rmsd_u_b": 6.384
          },
          {
            "mode": 9,
            "affinity": -4.0,
            "rmsd_l_b": 2.838,
            "rmsd_u_b": 8.653
          }
        ]
      },
      {
        "run": 20,
        "seed": 163261,
        "average": {
          "affinity": -4.389,
          "rmsd_l_b": 2.172,
          "rmsd_u_b": 5.867
        },
        "modes": [
          {
            "mode": 1,
            "affinity": -4.5,
            "rmsd_l_b": 0.0,
            "rmsd_u_b": 0.0
          },
          {
            "mode": 2,
            "affinity": -4.5,
            "rmsd_l_b": 2.341,
            "rmsd_u_b": 6.529
          },
          {
            "mode": 3,
            "affinity": -4.5,
            "rmsd_l_b": 2.61,
            "rmsd_u_b": 7.758
          },
          {
            "mode": 4,
            "affinity": -4.5,
            "rmsd_l_b": 2.294,
            "rmsd_u_b": 6.32
          },
          {
            "mode": 5,
            "affinity": -4.4,
            "rmsd_l_b": 1.932,
            "rmsd_u_b": 4.887
          },
          {
            "mode": 6,
            "affinity": -4.3,
            "rmsd_l_b": 2.415,
            "rmsd_u_b": 8.332
          },
          {
            "mode": 7,
            "affinity": -4.3,
            "rmsd_l_b": 2.46,
            "rmsd_u_b": 4.565
          },
          {
            "mode": 8,
            "affinity": -4.3,
            "rmsd_l_b": 2.969,
            "rmsd_u_b": 8.164
          },
          {
            "mode": 9,
            "affinity": -4.2,
            "rmsd_l_b": 2.528,
            "rmsd_u_b": 6.246
          }
        ]
      }
    ]
  }
}