{
  "rmsd": 2.428,
  "rmsd_method": "C-alpha coordinates",
  "rmsd_tool": "BioPython",
  "docking": {
    "average_affinity": -3.834,
    "runs": [
      {
        "run": 1,
        "seed": 341524,
        "average": {
          "affinity": -3.756,
          "rmsd_l_b": 4.816,
          "rmsd_u_b": 6.979
        },
        "modes": [
          {
            "mode": 1,
            "affinity": -4.0,
            "rmsd_l_b": 0.0,
            "rmsd_u_b": 0.0
          },
          {
            "mode": 2,
            "affinity": -3.8,
            "rmsd_l_b": 5.261,
            "rmsd_u_b": 8.261
          },
          {
            "mode": 3,
            "affinity": -3.8,
            "rmsd_l_b": 6.74,
            "rmsd_u_b": 8.457
          },
          {
            "mode": 4,
            "affinity": -3.8,
            "rmsd_l_b": 5.292,
            "rmsd_u_b": 8.314
          },
          {
            "mode": 5,
            "affinity": -3.7,
            "rmsd_l_b": 7.862,
            "rmsd_u_b": 11.042
          },
          {
            "mode": 6,
            "affinity": -3.7,
            "rmsd_l_b": 5.217,
            "rmsd_u_b": 8.675
          },
          {
            "mode": 7,
            "affinity": -3.7,
            "rmsd_l_b": 2.313,
            "rmsd_u_b": 3.684
          },
          {
            "mode": 8,
            "affinity": -3.7,
            "rmsd_l_b": 1.709,
            "rmsd_u_b": 2.67
          },
          {
            "mode": 9,
            "affinity": -3.6,
            "rmsd_l_b": 8.952,
            "rmsd_u_b": 11.71
          }
        ]
      },
      {
        "run": 2,
        "seed": 971604,
        "average": {
          "affinity": -3.833,
          "rmsd_l_b": 6.256,
          "rmsd_u_b": 8.449
        },
        "modes": [
          {
            "mode": 1,
            "affinity": -4.1,
            "rmsd_l_b": 0.0,
            "rmsd_u_b": 0.0
          },
          {
            "mode": 2,
            "affinity": -4.0,
            "rmsd_l_b": 6.821,
            "rmsd_u_b": 8.549
          },
          {
            "mode": 3,
            "affinity": -3.9,
            "rmsd_l_b": 5.187,
            "rmsd_u_b": 8.187
          },
          {
            "mode": 4,
            "affinity": -3.8,
            "rmsd_l_b": 6.785,
            "rmsd_u_b": 8.308
          },
          {
            "mode": 5,
            "affinity": -3.8,
            "rmsd_l_b": 5.289,
            "rmsd_u_b": 8.315
          },
          {
            "mode": 6,
            "affinity": -3.8,
            "rmsd_l_b": 7.829,
            "rmsd_u_b": 11.049
          },
          {
            "mode": 7,
            "affinity": -3.7,
            "rmsd_l_b": 7.603,
            "rmsd_u_b": 11.034
          },
          {
            "mode": 8,
            "affinity": -3.7,
            "rmsd_l_b": 8.883,
            "rmsd_u_b": 11.682
          },
          {
            "mode": 9,
            "affinity": -3.7,
            "rmsd_l_b": 7.91,
            "rmsd_u_b": 8.917
          }
        ]
      },
      {
        "run": 3,
        "seed": 337468,
        "average": {
          "affinity": -3.911,
          "rmsd_l_b": 5.177,
          "rmsd_u_b": 6.961
        },
        "modes": [
          {
            "mode": 1,
            "affinity": -4.1,
            "rmsd_l_b": 0.0,
            "rmsd_u_b": 0.0
          },
          {
            "mode": 2,
            "affinity": -4.0,
            "rmsd_l_b": 4.998,
            "rmsd_u_b": 8.107
          },
          {
            "mode": 3,
            "affinity": -4.0,
            "rmsd_l_b": 7.624,
            "rmsd_u_b": 9.706
          },
          {
            "mode": 4,
            "affinity": -3.9,
            "rmsd_l_b": 1.969,
            "rmsd_u_b": 3.29
          },
          {
            "mode": 5,
            "affinity": -3.9,
            "rmsd_l_b": 7.124,
            "rmsd_u_b": 9.088
          },
          {
            "mode": 6,
            "affinity": -3.9,
            "rmsd_l_b": 5.028,
            "rmsd_u_b": 8.317
          },
          {
            "mode": 7,
            "affinity": -3.8,
            "rmsd_l_b": 8.102,
            "rmsd_u_b": 9.357
          },
          {
            "mode": 8,
            "affinity": -3.8,
            "rmsd_l_b": 9.614,
            "rmsd_u_b": 11.935
          },
          {
            "mode": 9,
            "affinity": -3.8,
            "rmsd_l_b": 2.13,
            "rmsd_u_b": 2.853
          }
        ]
      },
      {
        "run": 4,
        "seed": 501417,
        "average": {
          "affinity": -3.722,
          "rmsd_l_b": 5.67,
          "rmsd_u_b": 7.777
        },
        "modes": [
          {
            "mode": 1,
            "affinity": -4.0,
            "rmsd_l_b": 0.0,
            "rmsd_u_b": 0.0
          },
          {
            "mode": 2,
            "affinity": -3.8,
            "rmsd_l_b": 5.249,
            "rmsd_u_b": 8.243
          },
          {
            "mode": 3,
            "affinity": -3.8,
            "rmsd_l_b": 6.773,
            "rmsd_u_b": 8.336
          },
          {
            "mode": 4,
            "affinity": -3.7,
            "rmsd_l_b": 7.887,
            "rmsd_u_b": 11.086
          },
          {
            "mode": 5,
            "affinity": -3.7,
            "rmsd_l_b": 1.713,
            "rmsd_u_b": 2.646
          },
          {
            "mode": 6,
            "affinity": -3.7,
            "rmsd_l_b": 4.933,
            "rmsd_u_b": 8.116
          },
          {
            "mode": 7,
            "affinity": -3.6,
            "rmsd_l_b": 8.905,
            "rmsd_u_b": 11.681
          },
          {
            "mode": 8,
            "affinity": -3.6,
            "rmsd_l_b": 7.617,
            "rmsd_u_b": 10.924
          },
          {
            "mode": 9,
            "affinity": -3.6,
            "rmsd_l_b": 7.955,
            "rmsd_u_b": 8.96
          }
        ]
      },
      {
        "run": 5,
        "seed": 15871,
        "average": {
          "affinity": -3.789,
          "rmsd_l_b": 5.428,
          "rmsd_u_b": 7.823
        },
        "modes": [
          {
            "mode": 1,
            "affinity": -4.0,
            "rmsd_l_b": 0.0,
            "rmsd_u_b": 0.0
          },
          {
            "mode": 2,
            "affinity": -3.9,
            "rmsd_l_b": 5.173,
            "rmsd_u_b": 8.15
          },
          {
            "mode": 3,
            "affinity": -3.9,
            "rmsd_l_b": 5.273,
            "rmsd_u_b": 8.287
          },
          {
            "mode": 4,
            "affinity": -3.8,
            "rmsd_l_b": 7.86,
            "rmsd_u_b": 11.023
          },
          {
            "mode": 5,
            "affinity": -3.7,
            "rmsd_l_b": 2.084,
            "rmsd_u_b": 3.302
          },
          {
            "mode": 6,
            "affinity": -3.7,
            "rmsd_l_b": 5.306,
            "rmsd_u_b": 8.749
          },
          {
            "mode": 7,
            "affinity": -3.7,
            "rmsd_l_b": 7.556,
            "rmsd_u_b": 10.813
          },
          {
            "mode": 8,
            "affinity": -3.7,
            "rmsd_l_b": 6.71,
            "rmsd_u_b": 8.417
          },
          {
            "mode": 9,
            "affinity": -3.7,
            "rmsd_l_b": 8.892,
            "rmsd_u_b": 11.665
          }
        ]
      },
      {
        "run": 6,
        "seed": 807011,
        "average": {
          "affinity": -3.967,
          "rmsd_l_b": 5.064,
          "rmsd_u_b": 7.595
        },
        "modes": [
          {
            "mode": 1,
            "affinity": -4.2,
            "rmsd_l_b": 0.0,
            "rmsd_u_b": 0.0
          },
          {
            "mode": 2,
            "affinity": -4.2,
            "rmsd_l_b": 6.666,
            "rmsd_u_b": 8.288
          },
          {
            "mode": 3,
            "affinity": -4.0,
            "rmsd_l_b": 7.411,
            "rmsd_u_b": 10.633
          },
          {
            "mode": 4,
            "affinity": -4.0,
            "rmsd_l_b": 3.944,
            "rmsd_u_b": 7.288
          },
          {
            "mode": 5,
            "affinity": -4.0,
            "rmsd_l_b": 6.62,
            "rmsd_u_b": 8.791
          },
          {
            "mode": 6,
            "affinity": -3.9,
            "rmsd_l_b": 7.789,
            "rmsd_u_b": 10.871
          },
          {
            "mode": 7,
            "affinity": -3.8,
            "rmsd_l_b": 4.784,
            "rmsd_u_b": 7.809
          },
          {
            "mode": 8,
            "affinity": -3.8,
            "rmsd_l_b": 3.99,
            "rmsd_u_b": 6.938
          },
          {
            "mode": 9,
            "affinity": -3.8,
            "rmsd_l_b": 4.374,
            "rmsd_u_b": 7.733
          }
        ]
      },
      {
        "run": 7,
        "seed": 369383,
        "average": {
          "affinity": -3.767,
          "rmsd_l_b": 5.015,
          "rmsd_u_b": 7.154
        },
        "modes": [
          {
            "mode": 1,
            "affinity": -4.0,
            "rmsd_l_b": 0.0,
            "rmsd_u_b": 0.0
          },
          {
            "mode": 2,
            "affinity": -3.9,
            "rmsd_l_b": 7.006,
            "rmsd_u_b": 8.569
          },
          {
            "mode": 3,
            "affinity": -3.8,
            "rmsd_l_b": 5.11,
            "rmsd_u_b": 8.082
          },
          {
            "mode": 4,
            "affinity": -3.8,
            "rmsd_l_b": 5.275,
            "rmsd_u_b": 8.297
          },
          {
            "mode": 5,
            "affinity": -3.7,
            "rmsd_l_b": 7.849,
            "rmsd_u_b": 11.045
          },
          {
            "mode": 6,
            "affinity": -3.7,
            "rmsd_l_b": 4.934,
            "rmsd_u_b": 8.156
          },
          {
            "mode": 7,
            "affinity": -3.7,
            "rmsd_l_b": 5.277,
            "rmsd_u_b": 8.746
          },
          {
            "mode": 8,
            "affinity": -3.7,
            "rmsd_l_b": 8.03,
            "rmsd_u_b": 8.98
          },
          {
            "mode": 9,
            "affinity": -3.6,
            "rmsd_l_b": 1.656,
            "rmsd_u_b": 2.512
          }
        ]
      },
      {
        "run": 8,
        "seed": 328462,
        "average": {
          "affinity": -3.778,
          "rmsd_l_b": 6.084,
          "rmsd_u_b": 8.643
        },
        "modes": [
          {
            "mode": 1,
            "affinity": -4.0,
            "rmsd_l_b": 0.0,
            "rmsd_u_b": 0.0
          },
          {
            "mode": 2,
            "affinity": -4.0,
            "rmsd_l_b": 6.776,
            "rmsd_u_b": 8.346
          },
          {
            "mode": 3,
            "affinity": -3.8,
            "rmsd_l_b": 5.009,
            "rmsd_u_b": 8.067
          },
          {
            "mode": 4,
            "affinity": -3.8,
            "rmsd_l_b": 5.2,
            "rmsd_u_b": 8.255
          },
          {
            "mode": 5,
            "affinity": -3.8,
            "rmsd_l_b": 7.892,
            "rmsd_u_b": 11.083
          },
          {
            "mode": 6,
            "affinity": -3.7,
            "rmsd_l_b": 4.842,
            "rmsd_u_b": 8.097
          },
          {
            "mode": 7,
            "affinity": -3.7,
            "rmsd_l_b": 7.616,
            "rmsd_u_b": 10.769
          },
          {
            "mode": 8,
            "affinity": -3.6,
            "rmsd_l_b": 8.454,
            "rmsd_u_b": 11.457
          },
          {
            "mode": 9,
            "affinity": -3.6,
            "rmsd_l_b": 8.967,
            "rmsd_u_b": 11.71
          }
        ]
      },
      {
        "run": 9,
        "seed": 101729,
        "average": {
          "affinity": -3.989,
          "rmsd_l_b": 5.904,
          "rmsd_u_b": 8.474
        },
        "modes": [
          {
            "mode": 1,
            "affinity": -4.3,
            "rmsd_l_b": 0.0,
            "rmsd_u_b": 0.0
          },
          {
            "mode": 2,
            "affinity": -4.2,
            "rmsd_l_b": 6.785,
            "rmsd_u_b": 8.355
          },
          {
            "mode": 3,
            "affinity": -4.0,
            "rmsd_l_b": 7.305,
            "rmsd_u_b": 10.869
          },
          {
            "mode": 4,
            "affinity": -4.0,
            "rmsd_l_b": 7.434,
            "rmsd_u_b": 10.7
          },
          {
            "mode": 5,
            "affinity": -3.9,
            "rmsd_l_b": 4.268,
            "rmsd_u_b": 7.438
          },
          {
            "mode": 6,
            "affinity": -3.9,
            "rmsd_l_b": 4.495,
            "rmsd_u_b": 7.834
          },
          {
            "mode": 7,
            "affinity": -3.9,
            "rmsd_l_b": 7.935,
            "rmsd_u_b": 11.196
          },
          {
            "mode": 8,
            "affinity": -3.9,
            "rmsd_l_b": 7.089,
            "rmsd_u_b": 8.993
          },
          {
            "mode": 9,
            "affinity": -3.8,
            "rmsd_l_b": 7.824,
            "rmsd_u_b": 10.877
          }
        ]
      },
      {
        "run": 10,
        "seed": 817957,
        "average": {
          "affinity": -4.111,
          "rmsd_l_b": 6.038,
          "rmsd_u_b": 8.588
        },
        "modes": [
          {
            "mode": 1,
            "affinity": -4.3,
            "rmsd_l_b": 0.0,
            "rmsd_u_b": 0.0
          },
          {
            "mode": 2,
            "affinity": -4.3,
            "rmsd_l_b": 6.665,
            "rmsd_u_b": 8.237
          },
          {
            "mode": 3,
            "affinity": -4.2,
            "rmsd_l_b": 7.626,
            "rmsd_u_b": 11.052
          },
          {
            "mode": 4,
            "affinity": -4.1,
            "rmsd_l_b": 7.71,
            "rmsd_u_b": 10.854
          },
          {
            "mode": 5,
            "affinity": -4.1,
            "rmsd_l_b": 4.163,
            "rmsd_u_b": 7.453
          },
          {
            "mode": 6,
            "affinity": -4.0,
            "rmsd_l_b": 8.14,
            "rmsd_u_b": 11.4
          },
          {
            "mode": 7,
            "affinity": -4.0,
            "rmsd_l_b": 6.837,
            "rmsd_u_b": 8.887
          },
          {
            "mode": 8,
            "affinity": -4.0,
            "rmsd_l_b": 4.678,
            "rmsd_u_b": 7.787
          },
          {
            "mode": 9,
            "affinity": -4.0,
            "rmsd_l_b": 8.527,
            "rmsd_u_b": 11.623
          }
        ]
      },
      {
        "run": 11,
        "seed": 739800,
        "average": {
          "affinity": -3.744,
          "rmsd_l_b": 5.662,
          "rmsd_u_b": 7.811
        },
        "modes": [
          {
            "mode": 1,
            "affinity": -4.0,
            "rmsd_l_b": 0.0,
            "rmsd_u_b": 0.0
          },
          {
            "mode": 2,
            "affinity": -3.9,
            "rmsd_l_b": 5.173,
            "rmsd_u_b": 8.215
          },
          {
            "mode": 3,
            "affinity": -3.8,
            "rmsd_l_b": 6.683,
            "rmsd_u_b": 8.316
          },
          {
            "mode": 4,
            "affinity": -3.7,
            "rmsd_l_b": 7.839,
            "rmsd_u_b": 10.989
          },
          {
            "mode": 5,
            "affinity": -3.7,
            "rmsd_l_b": 5.218,
            "rmsd_u_b": 8.662
          },
          {
            "mode": 6,
            "affinity": -3.7,
            "rmsd_l_b": 1.688,
            "rmsd_u_b": 2.653
          },
          {
            "mode": 7,
            "affinity": -3.7,
            "rmsd_l_b": 7.591,
            "rmsd_u_b": 10.851
          },
          {
            "mode": 8,
            "affinity": -3.6,
            "rmsd_l_b": 8.89,
            "rmsd_u_b": 11.699
          },
          {
            "mode": 9,
            "affinity": -3.6,
            "rmsd_l_b": 7.873,
            "rmsd_u_b": 8.918
          }
        ]
      },
      {
        "run": 12,
        "seed": 190756,
        "average": {
          "affinity": -3.767,
          "rmsd_l_b": 5.743,
          "rmsd_u_b": 8.366
        },
        "modes": [
          {
            "mode": 1,
            "affinity": -4.0,
            "rmsd_l_b": 0.0,
            "rmsd_u_b": 0.0
          },
          {
            "mode": 2,
            "affinity": -4.0,
            "rmsd_l_b": 6.657,
            "rmsd_u_b": 8.28
          },
          {
            "mode": 3,
            "affinity": -3.8,
            "rmsd_l_b": 5.127,
            "rmsd_u_b": 8.082
          },
          {
            "mode": 4,
            "affinity": -3.8,
            "rmsd_l_b": 5.287,
            "rmsd_u_b": 8.346
          },
          {
            "mode": 5,
            "affinity": -3.8,
            "rmsd_l_b": 7.861,
            "rmsd_u_b": 11.023
          },
          {
            "mode": 6,
            "affinity": -3.7,
            "rmsd_l_b": 8.941,
            "rmsd_u_b": 11.717
          },
          {
            "mode": 7,
            "affinity": -3.6,
            "rmsd_l_b": 5.305,
            "rmsd_u_b": 8.766
          },
          {
            "mode": 8,
            "affinity": -3.6,
            "rmsd_l_b": 7.54,
            "rmsd_u_b": 10.863
          },
          {
            "mode": 9,
            "affinity": -3.6,
            "rmsd_l_b": 4.973,
            "rmsd_u_b": 8.22
          }
        ]
      },
      {
        "run": 13,
        "seed": 142873,
        "average": {
          "affinity": -3.944,
          "rmsd_l_b": 5.401,
          "rmsd_u_b": 7.847
        },
        "modes": [
          {
            "mode": 1,
            "affinity": -4.1,
            "rmsd_l_b": 0.0,
            "rmsd_u_b": 0.0
          },
          {
            "mode": 2,
            "affinity": -4.0,
            "rmsd_l_b": 7.747,
            "rmsd_u_b": 11.159
          },
          {
            "mode": 3,
            "affinity": -4.0,
            "rmsd_l_b": 7.78,
            "rmsd_u_b": 10.918
          },
          {
            "mode": 4,
            "affinity": -4.0,
            "rmsd_l_b": 4.398,
            "rmsd_u_b": 7.487
          },
          {
            "mode": 5,
            "affinity": -3.9,
            "rmsd_l_b": 4.516,
            "rmsd_u_b": 7.601
          },
          {
            "mode": 6,
            "affinity": -3.9,
            "rmsd_l_b": 3.288,
            "rmsd_u_b": 4.827
          },
          {
            "mode": 7,
            "affinity": -3.9,
            "rmsd_l_b": 4.674,
            "rmsd_u_b": 7.688
          },
          {
            "mode": 8,
            "affinity": -3.9,
            "rmsd_l_b": 7.621,
            "rmsd_u_b": 9.156
          },
          {
            "mode": 9,
            "affinity": -3.8,
            "rmsd_l_b": 8.586,
            "rmsd_u_b": 11.783
          }
        ]
      },
      {
        "run": 14,
        "seed": 923789,
        "average": {
          "affinity": -3.778,
          "rmsd_l_b": 5.456,
          "rmsd_u_b": 7.412
        },
        "modes": [
          {
            "mode": 1,
            "affinity": -4.0,
            "rmsd_l_b": 0.0,
            "rmsd_u_b": 0.0
          },
          {
            "mode": 2,
            "affinity": -3.9,
            "rmsd_l_b": 4.846,
            "rmsd_u_b": 7.965
          },
          {
            "mode": 3,
            "affinity": -3.9,
            "rmsd_l_b": 6.849,
            "rmsd_u_b": 8.37
          },
          {
            "mode": 4,
            "affinity": -3.8,
            "rmsd_l_b": 5.118,
            "rmsd_u_b": 8.121
          },
          {
            "mode": 5,
            "affinity": -3.7,
            "rmsd_l_b": 7.569,
            "rmsd_u_b": 10.815
          },
          {
            "mode": 6,
            "affinity": -3.7,
            "rmsd_l_b": 7.583,
            "rmsd_u_b": 10.856
          },
          {
            "mode": 7,
            "affinity": -3.7,
            "rmsd_l_b": 1.722,
            "rmsd_u_b": 2.577
          },
          {
            "mode": 8,
            "affinity": -3.7,
            "rmsd_l_b": 8.057,
            "rmsd_u_b": 9.02
          },
          {
            "mode": 9,
            "affinity": -3.6,
            "rmsd_l_b": 7.358,
            "rmsd_u_b": 8.98
          }
        ]
      },
      {
        "run": 15,
        "seed": 771665,
        "average": {
          "affinity": -3.778,
          "rmsd_l_b": 5.437,
          "rmsd_u_b": 7.723
        },
        "modes": [
          {
            "mode": 1,
            "affinity": -4.0,
            "rmsd_l_b": 0.0,
            "rmsd_u_b": 0.0
          },
          {
            "mode": 2,
            "affinity": -4.0,
            "rmsd_l_b": 6.691,
            "rmsd_u_b": 8.375
          },
          {
            "mode": 3,
            "affinity": -3.8,
            "rmsd_l_b": 5.274,
            "rmsd_u_b": 8.3
          },
          {
            "mode": 4,
            "affinity": -3.8,
            "rmsd_l_b": 7.454,
            "rmsd_u_b": 10.769
          },
          {
            "mode": 5,
            "affinity": -3.7,
            "rmsd_l_b": 1.706,
            "rmsd_u_b": 2.68
          },
          {
            "mode": 6,
            "affinity": -3.7,
            "rmsd_l_b": 5.27,
            "rmsd_u_b": 8.741
          },
          {
            "mode": 7,
            "affinity": -3.7,
            "rmsd_l_b": 7.886,
            "rmsd_u_b": 11.075
          },
          {
            "mode": 8,
            "affinity": -3.7,
            "rmsd_l_b": 8.912,
            "rmsd_u_b": 11.656
          },
          {
            "mode": 9,
            "affinity": -3.6,
            "rmsd_l_b": 5.738,
            "rmsd_u_b": 7.909
          }
        ]
      },
      {
        "run": 16,
        "seed": 457606,
        "average": {
          "affinity": -3.789,
          "rmsd_l_b": 5.391,
          "rmsd_u_b": 7.758
        },
        "modes": [
          {
            "mode": 1,
            "affinity": -4.0,
            "rmsd_l_b": 0.0,
            "rmsd_u_b": 0.0
          },
          {
            "mode": 2,
            "affinity": -3.9,
            "rmsd_l_b": 5.041,
            "rmsd_u_b": 8.065
          },
          {
            "mode": 3,
            "affinity": -3.9,
            "rmsd_l_b": 6.886,
            "rmsd_u_b": 8.439
          },
          {
            "mode": 4,
            "affinity": -3.8,
            "rmsd_l_b": 5.235,
            "rmsd_u_b": 8.27
          },
          {
            "mode": 5,
            "affinity": -3.8,
            "rmsd_l_b": 7.867,
            "rmsd_u_b": 11.065
          },
          {
            "mode": 6,
            "affinity": -3.7,
            "rmsd_l_b": 7.529,
            "rmsd_u_b": 10.872
          },
          {
            "mode": 7,
            "affinity": -3.7,
            "rmsd_l_b": 1.717,
            "rmsd_u_b": 2.652
          },
          {
            "mode": 8,
            "affinity": -3.7,
            "rmsd_l_b": 8.973,
            "rmsd_u_b": 11.727
          },
          {
            "mode": 9,
            "affinity": -3.6,
            "rmsd_l_b": 5.271,
            "rmsd_u_b": 8.731
          }
        ]
      },
      {
        "run": 17,
        "seed": 657445,
        "average": {
          "affinity": -3.733,
          "rmsd_l_b": 5.166,
          "rmsd_u_b": 7.71
        },
        "modes": [
          {
            "mode": 1,
            "affinity": -4.0,
            "rmsd_l_b": 0.0,
            "rmsd_u_b": 0.0
          },
          {
            "mode": 2,
            "affinity": -3.9,
            "rmsd_l_b": 4.874,
            "rmsd_u_b": 7.971
          },
          {
            "mode": 3,
            "affinity": -3.7,
            "rmsd_l_b": 5.082,
            "rmsd_u_b": 8.064
          },
          {
            "mode": 4,
            "affinity": -3.7,
            "rmsd_l_b": 7.858,
            "rmsd_u_b": 11.085
          },
          {
            "mode": 5,
            "affinity": -3.7,
            "rmsd_l_b": 5.271,
            "rmsd_u_b": 8.724
          },
          {
            "mode": 6,
            "affinity": -3.7,
            "rmsd_l_b": 7.593,
            "rmsd_u_b": 10.887
          },
          {
            "mode": 7,
            "affinity": -3.7,
            "rmsd_l_b": 5.084,
            "rmsd_u_b": 8.233
          },
          {
            "mode": 8,
            "affinity": -3.6,
            "rmsd_l_b": 1.721,
            "rmsd_u_b": 2.669
          },
          {
            "mode": 9,
            "affinity": -3.6,
            "rmsd_l_b": 9.007,
            "rmsd_u_b": 11.761
          }
        ]
      },
      {
        "run": 18,
        "seed": 396669,
        "average": {
          "affinity": -3.8,
          "rmsd_l_b": 5.523,
          "rmsd_u_b": 8.0
        },
        "modes": [
          {
            "mode": 1,
            "affinity": -4.0,
            "rmsd_l_b": 0.0,
            "rmsd_u_b": 0.0
          },
          {
            "mode": 2,
            "affinity": -4.0,
            "rmsd_l_b": 6.695,
            "rmsd_u_b": 8.301
          },
          {
            "mode": 3,
            "affinity": -3.8,
            "rmsd_l_b": 5.092,
            "rmsd_u_b": 8.099
          },
          {
            "mode": 4,
            "affinity": -3.8,
            "rmsd_l_b": 5.237,
            "rmsd_u_b": 8.293
          },
          {
            "mode": 5,
            "affinity": -3.8,
            "rmsd_l_b": 6.794,
            "rmsd_u_b": 8.318
          },
          {
            "mode": 6,
            "affinity": -3.8,
            "rmsd_l_b": 7.9,
            "rmsd_u_b": 11.075
          },
          {
            "mode": 7,
            "affinity": -3.7,
            "rmsd_l_b": 4.867,
            "rmsd_u_b": 8.111
          },
          {
            "mode": 8,
            "affinity": -3.7,
            "rmsd_l_b": 7.916,
            "rmsd_u_b": 11.11
          },
          {
            "mode": 9,
            "affinity": -3.6,
            "rmsd_l_b": 5.205,
            "rmsd_u_b": 8.692
          }
        ]
      },
      {
        "run": 19,
        "seed": 607593,
        "average": {
          "affinity": -3.778,
          "rmsd_l_b": 4.945,
          "rmsd_u_b": 7.294
        },
        "modes": [
          {
            "mode": 1,
            "affinity": -4.0,
            "rmsd_l_b": 0.0,
            "rmsd_u_b": 0.0
          },
          {
            "mode": 2,
            "affinity": -3.9,
            "rmsd_l_b": 4.923,
            "rmsd_u_b": 7.995
          },
          {
            "mode": 3,
            "affinity": -3.8,
            "rmsd_l_b": 7.834,
            "rmsd_u_b": 11.004
          },
          {
            "mode": 4,
            "affinity": -3.8,
            "rmsd_l_b": 6.814,
            "rmsd_u_b": 8.48
          },
          {
            "mode": 5,
            "affinity": -3.7,
            "rmsd_l_b": 5.402,
            "rmsd_u_b": 7.686
          },
          {
            "mode": 6,
            "affinity": -3.7,
            "rmsd_l_b": 7.612,
            "rmsd_u_b": 10.89
          },
          {
            "mode": 7,
            "affinity": -3.7,
            "rmsd_l_b": 1.718,
            "rmsd_u_b": 2.669
          },
          {
            "mode": 8,
            "affinity": -3.7,
            "rmsd_l_b": 5.342,
            "rmsd_u_b": 8.764
          },
          {
            "mode": 9,
            "affinity": -3.7,
            "rmsd_l_b": 4.857,
            "rmsd_u_b": 8.155
          }
        ]
      },
      {
        "run": 20,
        "seed": 585715,
        "average": {
          "affinity": -3.956,
          "rmsd_l_b": 5.214,
          "rmsd_u_b": 7.945
        },
        "modes": [
          {
            "mode": 1,
            "affinity": -4.2,
            "rmsd_l_b": 0.0,
            "rmsd_u_b": 0.0
          },
          {
            "mode": 2,
            "affinity": -4.1,
            "rmsd_l_b": 7.691,
            "rmsd_u_b": 10.947
          },
          {
            "mode": 3,
            "affinity": -4.0,
            "rmsd_l_b": 7.681,
            "rmsd_u_b": 11.097
          },
          {
            "mode": 4,
            "affinity": -4.0,
            "rmsd_l_b": 4.44,
            "rmsd_u_b": 7.553
          },
          {
            "mode": 5,
            "affinity": -3.9,
            "rmsd_l_b": 4.555,
            "rmsd_u_b": 7.916
          },
          {
            "mode": 6,
            "affinity": -3.9,
            "rmsd_l_b": 5.105,
            "rmsd_u_b": 8.199
          },
          {
            "mode": 7,
            "affinity": -3.9,
            "rmsd_l_b": 3.926,
            "rmsd_u_b": 5.998
          },
          {
            "mode": 8,
            "affinity": -3.8,
            "rmsd_l_b": 4.749,
            "rmsd_u_b": 8.18
          },
          {
            "mode": 9,
            "affinity": -3.8,
            "rmsd_l_b": 8.783,
            "rmsd_u_b": 11.618
          }
        ]
      }
    ]
  }
}