{
  "rmsd": 4.831,
  "rmsd_method": "C-alpha coordinates",
  "rmsd_tool": "BioPython",
  "docking": {
    "average_affinity": -4.767,
    "runs": [
      {
        "run": 1,
        "seed": 648396,
        "average": {
          "affinity": -4.811,
          "rmsd_l_b": 5.096,
          "rmsd_u_b": 8.342
        },
        "modes": [
          {
            "mode": 1,
            "affinity": -5.2,
            "rmsd_l_b": 0.0,
            "rmsd_u_b": 0.0
          },
          {
            "mode": 2,
            "affinity": -5.0,
            "rmsd_l_b": 0.774,
            "rmsd_u_b": 2.539
          },
          {
            "mode": 3,
            "affinity": -4.8,
            "rmsd_l_b": 8.152,
            "rmsd_u_b": 12.286
          },
          {
            "mode": 4,
            "affinity": -4.8,
            "rmsd_l_b": 4.348,
            "rmsd_u_b": 6.995
          },
          {
            "mode": 5,
            "affinity": -4.7,
            "rmsd_l_b": 6.374,
            "rmsd_u_b": 10.593
          },
          {
            "mode": 6,
            "affinity": -4.7,
            "rmsd_l_b": 6.654,
            "rmsd_u_b": 10.755
          },
          {
            "mode": 7,
            "affinity": -4.7,
            "rmsd_l_b": 6.879,
            "rmsd_u_b": 10.823
          },
          {
            "mode": 8,
            "affinity": -4.7,
            "rmsd_l_b": 6.409,
            "rmsd_u_b": 10.611
          },
          {
            "mode": 9,
            "affinity": -4.7,
            "rmsd_l_b": 6.278,
            "rmsd_u_b": 10.475
          }
        ]
      },
      {
        "run": 2,
        "seed": 723655,
        "average": {
          "affinity": -4.767,
          "rmsd_l_b": 4.594,
          "rmsd_u_b": 7.561
        },
        "modes": [
          {
            "mode": 1,
            "affinity": -5.1,
            "rmsd_l_b": 0.0,
            "rmsd_u_b": 0.0
          },
          {
            "mode": 2,
            "affinity": -5.0,
            "rmsd_l_b": 0.466,
            "rmsd_u_b": 2.443
          },
          {
            "mode": 3,
            "affinity": -4.7,
            "rmsd_l_b": 1.868,
            "rmsd_u_b": 3.317
          },
          {
            "mode": 4,
            "affinity": -4.7,
            "rmsd_l_b": 8.152,
            "rmsd_u_b": 12.415
          },
          {
            "mode": 5,
            "affinity": -4.7,
            "rmsd_l_b": 6.553,
            "rmsd_u_b": 10.707
          },
          {
            "mode": 6,
            "affinity": -4.7,
            "rmsd_l_b": 6.56,
            "rmsd_u_b": 10.56
          },
          {
            "mode": 7,
            "affinity": -4.7,
            "rmsd_l_b": 6.338,
            "rmsd_u_b": 10.561
          },
          {
            "mode": 8,
            "affinity": -4.7,
            "rmsd_l_b": 6.396,
            "rmsd_u_b": 10.613
          },
          {
            "mode": 9,
            "affinity": -4.6,
            "rmsd_l_b": 5.014,
            "rmsd_u_b": 7.429
          }
        ]
      },
      {
        "run": 3,
        "seed": 333893,
        "average": {
          "affinity": -4.678,
          "rmsd_l_b": 5.292,
          "rmsd_u_b": 8.503
        },
        "modes": [
          {
            "mode": 1,
            "affinity": -5.0,
            "rmsd_l_b": 0.0,
            "rmsd_u_b": 0.0
          },
          {
            "mode": 2,
            "affinity": -4.7,
            "rmsd_l_b": 4.478,
            "rmsd_u_b": 7.727
          },
          {
            "mode": 3,
            "affinity": -4.7,
            "rmsd_l_b": 4.511,
            "rmsd_u_b": 7.924
          },
          {
            "mode": 4,
            "affinity": -4.7,
            "rmsd_l_b": 6.693,
            "rmsd_u_b": 10.777
          },
          {
            "mode": 5,
            "affinity": -4.6,
            "rmsd_l_b": 6.368,
            "rmsd_u_b": 10.378
          },
          {
            "mode": 6,
            "affinity": -4.6,
            "rmsd_l_b": 6.509,
            "rmsd_u_b": 10.312
          },
          {
            "mode": 7,
            "affinity": -4.6,
            "rmsd_l_b": 4.808,
            "rmsd_u_b": 7.14
          },
          {
            "mode": 8,
            "affinity": -4.6,
            "rmsd_l_b": 8.036,
            "rmsd_u_b": 11.998
          },
          {
            "mode": 9,
            "affinity": -4.6,
            "rmsd_l_b": 6.222,
            "rmsd_u_b": 10.272
          }
        ]
      },
      {
        "run": 4,
        "seed": 40968,
        "average": {
          "affinity": -4.844,
          "rmsd_l_b": 4.652,
          "rmsd_u_b": 7.666
        },
        "modes": [
          {
            "mode": 1,
            "affinity": -5.3,
            "rmsd_l_b": 0.0,
            "rmsd_u_b": 0.0
          },
          {
            "mode": 2,
            "affinity": -4.9,
            "rmsd_l_b": 0.642,
            "rmsd_u_b": 2.493
          },
          {
            "mode": 3,
            "affinity": -4.8,
            "rmsd_l_b": 6.878,
            "rmsd_u_b": 10.798
          },
          {
            "mode": 4,
            "affinity": -4.8,
            "rmsd_l_b": 8.07,
            "rmsd_u_b": 12.222
          },
          {
            "mode": 5,
            "affinity": -4.8,
            "rmsd_l_b": 6.634,
            "rmsd_u_b": 10.521
          },
          {
            "mode": 6,
            "affinity": -4.8,
            "rmsd_l_b": 4.263,
            "rmsd_u_b": 8.099
          },
          {
            "mode": 7,
            "affinity": -4.8,
            "rmsd_l_b": 4.297,
            "rmsd_u_b": 7.116
          },
          {
            "mode": 8,
            "affinity": -4.7,
            "rmsd_l_b": 6.223,
            "rmsd_u_b": 10.414
          },
          {
            "mode": 9,
            "affinity": -4.7,
            "rmsd_l_b": 4.86,
            "rmsd_u_b": 7.327
          }
        ]
      },
      {
        "run": 5,
        "seed": 277878,
        "average": {
          "affinity": -4.8,
          "rmsd_l_b": 4.531,
          "rmsd_u_b": 7.396
        },
        "modes": [
          {
            "mode": 1,
            "affinity": -5.2,
            "rmsd_l_b": 0.0,
            "rmsd_u_b": 0.0
          },
          {
            "mode": 2,
            "affinity": -5.2,
            "rmsd_l_b": 0.106,
            "rmsd_u_b": 2.404
          },
          {
            "mode": 3,
            "affinity": -4.7,
            "rmsd_l_b": 6.67,
            "rmsd_u_b": 10.506
          },
          {
            "mode": 4,
            "affinity": -4.7,
            "rmsd_l_b": 4.946,
            "rmsd_u_b": 7.513
          },
          {
            "mode": 5,
            "affinity": -4.7,
            "rmsd_l_b": 2.253,
            "rmsd_u_b": 2.986
          },
          {
            "mode": 6,
            "affinity": -4.7,
            "rmsd_l_b": 6.979,
            "rmsd_u_b": 11.026
          },
          {
            "mode": 7,
            "affinity": -4.7,
            "rmsd_l_b": 6.668,
            "rmsd_u_b": 10.799
          },
          {
            "mode": 8,
            "affinity": -4.7,
            "rmsd_l_b": 6.915,
            "rmsd_u_b": 10.846
          },
          {
            "mode": 9,
            "affinity": -4.6,
            "rmsd_l_b": 6.242,
            "rmsd_u_b": 10.483
          }
        ]
      },
      {
        "run": 6,
        "seed": 145438,
        "average": {
          "affinity": -4.778,
          "rmsd_l_b": 5.023,
          "rmsd_u_b": 8.058
        },
        "modes": [
          {
            "mode": 1,
            "affinity": -5.2,
            "rmsd_l_b": 0.0,
            "rmsd_u_b": 0.0
          },
          {
            "mode": 2,
            "affinity": -4.9,
            "rmsd_l_b": 0.9,
            "rmsd_u_b": 2.562
          },
          {
            "mode": 3,
            "affinity": -4.7,
            "rmsd_l_b": 4.94,
            "rmsd_u_b": 7.521
          },
          {
            "mode": 4,
            "affinity": -4.7,
            "rmsd_l_b": 8.239,
            "rmsd_u_b": 12.405
          },
          {
            "mode": 5,
            "affinity": -4.7,
            "rmsd_l_b": 4.624,
            "rmsd_u_b": 7.301
          },
          {
            "mode": 6,
            "affinity": -4.7,
            "rmsd_l_b": 6.934,
            "rmsd_u_b": 10.877
          },
          {
            "mode": 7,
            "affinity": -4.7,
            "rmsd_l_b": 6.308,
            "rmsd_u_b": 10.548
          },
          {
            "mode": 8,
            "affinity": -4.7,
            "rmsd_l_b": 6.451,
            "rmsd_u_b": 10.678
          },
          {
            "mode": 9,
            "affinity": -4.7,
            "rmsd_l_b": 6.807,
            "rmsd_u_b": 10.628
          }
        ]
      },
      {
        "run": 7,
        "seed": 213902,
        "average": {
          "affinity": -4.767,
          "rmsd_l_b": 4.376,
          "rmsd_u_b": 7.169
        },
        "modes": [
          {
            "mode": 1,
            "affinity": -5.1,
            "rmsd_l_b": 0.0,
            "rmsd_u_b": 0.0
          },
          {
            "mode": 2,
            "affinity": -4.9,
            "rmsd_l_b": 1.089,
            "rmsd_u_b": 2.663
          },
          {
            "mode": 3,
            "affinity": -4.7,
            "rmsd_l_b": 4.306,
            "rmsd_u_b": 7.741
          },
          {
            "mode": 4,
            "affinity": -4.7,
            "rmsd_l_b": 6.527,
            "rmsd_u_b": 10.509
          },
          {
            "mode": 5,
            "affinity": -4.7,
            "rmsd_l_b": 4.914,
            "rmsd_u_b": 7.382
          },
          {
            "mode": 6,
            "affinity": -4.7,
            "rmsd_l_b": 6.798,
            "rmsd_u_b": 10.704
          },
          {
            "mode": 7,
            "affinity": -4.7,
            "rmsd_l_b": 6.601,
            "rmsd_u_b": 10.383
          },
          {
            "mode": 8,
            "affinity": -4.7,
            "rmsd_l_b": 4.81,
            "rmsd_u_b": 7.274
          },
          {
            "mode": 9,
            "affinity": -4.7,
            "rmsd_l_b": 4.343,
            "rmsd_u_b": 7.864
          }
        ]
      },
      {
        "run": 8,
        "seed": 377307,
        "average": {
          "affinity": -4.722,
          "rmsd_l_b": 5.635,
          "rmsd_u_b": 8.854
        },
        "modes": [
          {
            "mode": 1,
            "affinity": -5.1,
            "rmsd_l_b": 0.0,
            "rmsd_u_b": 0.0
          },
          {
            "mode": 2,
            "affinity": -4.8,
            "rmsd_l_b": 8.095,
            "rmsd_u_b": 12.306
          },
          {
            "mode": 3,
            "affinity": -4.7,
            "rmsd_l_b": 6.61,
            "rmsd_u_b": 10.42
          },
          {
            "mode": 4,
            "affinity": -4.7,
            "rmsd_l_b": 4.993,
            "rmsd_u_b": 7.525
          },
          {
            "mode": 5,
            "affinity": -4.7,
            "rmsd_l_b": 4.927,
            "rmsd_u_b": 7.369
          },
          {
            "mode": 6,
            "affinity": -4.7,
            "rmsd_l_b": 6.947,
            "rmsd_u_b": 10.752
          },
          {
            "mode": 7,
            "affinity": -4.6,
            "rmsd_l_b": 6.217,
            "rmsd_u_b": 10.394
          },
          {
            "mode": 8,
            "affinity": -4.6,
            "rmsd_l_b": 6.214,
            "rmsd_u_b": 10.404
          },
          {
            "mode": 9,
            "affinity": -4.6,
            "rmsd_l_b": 6.711,
            "rmsd_u_b": 10.519
          }
        ]
      },
      {
        "run": 9,
        "seed": 327994,
        "average": {
          "affinity": -4.711,
          "rmsd_l_b": 5.32,
          "rmsd_u_b": 8.614
        },
        "modes": [
          {
            "mode": 1,
            "affinity": -5.1,
            "rmsd_l_b": 0.0,
            "rmsd_u_b": 0.0
          },
          {
            "mode": 2,
            "affinity": -4.9,
            "rmsd_l_b": 0.245,
            "rmsd_u_b": 2.412
          },
          {
            "mode": 3,
            "affinity": -4.7,
            "rmsd_l_b": 6.857,
            "rmsd_u_b": 10.768
          },
          {
            "mode": 4,
            "affinity": -4.7,
            "rmsd_l_b": 6.403,
            "rmsd_u_b": 10.605
          },
          {
            "mode": 5,
            "affinity": -4.6,
            "rmsd_l_b": 6.828,
            "rmsd_u_b": 10.57
          },
          {
            "mode": 6,
            "affinity": -4.6,
            "rmsd_l_b": 8.148,
            "rmsd_u_b": 12.282
          },
          {
            "mode": 7,
            "affinity": -4.6,
            "rmsd_l_b": 6.867,
            "rmsd_u_b": 10.673
          },
          {
            "mode": 8,
            "affinity": -4.6,
            "rmsd_l_b": 6.277,
            "rmsd_u_b": 9.817
          },
          {
            "mode": 9,
            "affinity": -4.6,
            "rmsd_l_b": 6.251,
            "rmsd_u_b": 10.4
          }
        ]
      },
      {
        "run": 10,
        "seed": 895128,
        "average": {
          "affinity": -4.778,
          "rmsd_l_b": 4.907,
          "rmsd_u_b": 7.968
        },
        "modes": [
          {
            "mode": 1,
            "affinity": -5.2,
            "rmsd_l_b": 0.0,
            "rmsd_u_b": 0.0
          },
          {
            "mode": 2,
            "affinity": -5.1,
            "rmsd_l_b": 0.498,
            "rmsd_u_b": 2.453
          },
          {
            "mode": 3,
            "affinity": -4.8,
            "rmsd_l_b": 8.054,
            "rmsd_u_b": 12.201
          },
          {
            "mode": 4,
            "affinity": -4.7,
            "rmsd_l_b": 4.61,
            "rmsd_u_b": 7.255
          },
          {
            "mode": 5,
            "affinity": -4.7,
            "rmsd_l_b": 6.91,
            "rmsd_u_b": 10.752
          },
          {
            "mode": 6,
            "affinity": -4.7,
            "rmsd_l_b": 6.627,
            "rmsd_u_b": 10.615
          },
          {
            "mode": 7,
            "affinity": -4.6,
            "rmsd_l_b": 6.256,
            "rmsd_u_b": 10.477
          },
          {
            "mode": 8,
            "affinity": -4.6,
            "rmsd_l_b": 6.34,
            "rmsd_u_b": 10.554
          },
          {
            "mode": 9,
            "affinity": -4.6,
            "rmsd_l_b": 4.869,
            "rmsd_u_b": 7.407
          }
        ]
      },
      {
        "run": 11,
        "seed": 308282,
        "average": {
          "affinity": -4.789,
          "rmsd_l_b": 4.626,
          "rmsd_u_b": 7.793
        },
        "modes": [
          {
            "mode": 1,
            "affinity": -5.2,
            "rmsd_l_b": 0.0,
            "rmsd_u_b": 0.0
          },
          {
            "mode": 2,
            "affinity": -5.1,
            "rmsd_l_b": 0.458,
            "rmsd_u_b": 2.446
          },
          {
            "mode": 3,
            "affinity": -4.7,
            "rmsd_l_b": 6.393,
            "rmsd_u_b": 10.569
          },
          {
            "mode": 4,
            "affinity": -4.7,
            "rmsd_l_b": 6.387,
            "rmsd_u_b": 10.574
          },
          {
            "mode": 5,
            "affinity": -4.7,
            "rmsd_l_b": 6.539,
            "rmsd_u_b": 10.503
          },
          {
            "mode": 6,
            "affinity": -4.7,
            "rmsd_l_b": 6.566,
            "rmsd_u_b": 10.665
          },
          {
            "mode": 7,
            "affinity": -4.7,
            "rmsd_l_b": 6.563,
            "rmsd_u_b": 10.512
          },
          {
            "mode": 8,
            "affinity": -4.7,
            "rmsd_l_b": 4.351,
            "rmsd_u_b": 7.191
          },
          {
            "mode": 9,
            "affinity": -4.6,
            "rmsd_l_b": 4.373,
            "rmsd_u_b": 7.681
          }
        ]
      },
      {
        "run": 12,
        "seed": 908887,
        "average": {
          "affinity": -4.744,
          "rmsd_l_b": 4.356,
          "rmsd_u_b": 7.12
        },
        "modes": [
          {
            "mode": 1,
            "affinity": -4.9,
            "rmsd_l_b": 0.0,
            "rmsd_u_b": 0.0
          },
          {
            "mode": 2,
            "affinity": -4.8,
            "rmsd_l_b": 4.332,
            "rmsd_u_b": 7.984
          },
          {
            "mode": 3,
            "affinity": -4.8,
            "rmsd_l_b": 4.081,
            "rmsd_u_b": 7.517
          },
          {
            "mode": 4,
            "affinity": -4.7,
            "rmsd_l_b": 4.24,
            "rmsd_u_b": 7.596
          },
          {
            "mode": 5,
            "affinity": -4.7,
            "rmsd_l_b": 6.446,
            "rmsd_u_b": 9.259
          },
          {
            "mode": 6,
            "affinity": -4.7,
            "rmsd_l_b": 4.947,
            "rmsd_u_b": 9.554
          },
          {
            "mode": 7,
            "affinity": -4.7,
            "rmsd_l_b": 5.244,
            "rmsd_u_b": 7.323
          },
          {
            "mode": 8,
            "affinity": -4.7,
            "rmsd_l_b": 4.681,
            "rmsd_u_b": 7.165
          },
          {
            "mode": 9,
            "affinity": -4.7,
            "rmsd_l_b": 5.23,
            "rmsd_u_b": 7.683
          }
        ]
      },
      {
        "run": 13,
        "seed": 64157,
        "average": {
          "affinity": -4.7,
          "rmsd_l_b": 5.2,
          "rmsd_u_b": 8.114
        },
        "modes": [
          {
            "mode": 1,
            "affinity": -4.9,
            "rmsd_l_b": 0.0,
            "rmsd_u_b": 0.0
          },
          {
            "mode": 2,
            "affinity": -4.7,
            "rmsd_l_b": 8.223,
            "rmsd_u_b": 12.266
          },
          {
            "mode": 3,
            "affinity": -4.7,
            "rmsd_l_b": 4.638,
            "rmsd_u_b": 7.091
          },
          {
            "mode": 4,
            "affinity": -4.7,
            "rmsd_l_b": 6.435,
            "rmsd_u_b": 10.519
          },
          {
            "mode": 5,
            "affinity": -4.7,
            "rmsd_l_b": 4.722,
            "rmsd_u_b": 7.331
          },
          {
            "mode": 6,
            "affinity": -4.7,
            "rmsd_l_b": 6.394,
            "rmsd_u_b": 10.44
          },
          {
            "mode": 7,
            "affinity": -4.7,
            "rmsd_l_b": 6.548,
            "rmsd_u_b": 10.569
          },
          {
            "mode": 8,
            "affinity": -4.6,
            "rmsd_l_b": 5.245,
            "rmsd_u_b": 7.902
          },
          {
            "mode": 9,
            "affinity": -4.6,
            "rmsd_l_b": 4.591,
            "rmsd_u_b": 6.908
          }
        ]
      },
      {
        "run": 14,
        "seed": 761567,
        "average": {
          "affinity": -4.678,
          "rmsd_l_b": 5.391,
          "rmsd_u_b": 8.519
        },
        "modes": [
          {
            "mode": 1,
            "affinity": -4.9,
            "rmsd_l_b": 0.0,
            "rmsd_u_b": 0.0
          },
          {
            "mode": 2,
            "affinity": -4.7,
            "rmsd_l_b": 6.348,
            "rmsd_u_b": 10.142
          },
          {
            "mode": 3,
            "affinity": -4.7,
            "rmsd_l_b": 4.08,
            "rmsd_u_b": 6.63
          },
          {
            "mode": 4,
            "affinity": -4.7,
            "rmsd_l_b": 6.26,
            "rmsd_u_b": 10.153
          },
          {
            "mode": 5,
            "affinity": -4.7,
            "rmsd_l_b": 6.352,
            "rmsd_u_b": 10.196
          },
          {
            "mode": 6,
            "affinity": -4.6,
            "rmsd_l_b": 6.383,
            "rmsd_u_b": 10.101
          },
          {
            "mode": 7,
            "affinity": -4.6,
            "rmsd_l_b": 6.238,
            "rmsd_u_b": 10.12
          },
          {
            "mode": 8,
            "affinity": -4.6,
            "rmsd_l_b": 8.22,
            "rmsd_u_b": 12.293
          },
          {
            "mode": 9,
            "affinity": -4.6,
            "rmsd_l_b": 4.638,
            "rmsd_u_b": 7.037
          }
        ]
      },
      {
        "run": 15,
        "seed": 352322,
        "average": {
          "affinity": -4.789,
          "rmsd_l_b": 4.729,
          "rmsd_u_b": 7.782
        },
        "modes": [
          {
            "mode": 1,
            "affinity": -5.0,
            "rmsd_l_b": 0.0,
            "rmsd_u_b": 0.0
          },
          {
            "mode": 2,
            "affinity": -5.0,
            "rmsd_l_b": 0.09,
            "rmsd_u_b": 2.403
          },
          {
            "mode": 3,
            "affinity": -4.8,
            "rmsd_l_b": 6.52,
            "rmsd_u_b": 10.412
          },
          {
            "mode": 4,
            "affinity": -4.8,
            "rmsd_l_b": 8.05,
            "rmsd_u_b": 12.263
          },
          {
            "mode": 5,
            "affinity": -4.7,
            "rmsd_l_b": 4.158,
            "rmsd_u_b": 6.783
          },
          {
            "mode": 6,
            "affinity": -4.7,
            "rmsd_l_b": 6.292,
            "rmsd_u_b": 10.369
          },
          {
            "mode": 7,
            "affinity": -4.7,
            "rmsd_l_b": 4.663,
            "rmsd_u_b": 7.339
          },
          {
            "mode": 8,
            "affinity": -4.7,
            "rmsd_l_b": 6.297,
            "rmsd_u_b": 10.266
          },
          {
            "mode": 9,
            "affinity": -4.7,
            "rmsd_l_b": 6.495,
            "rmsd_u_b": 10.203
          }
        ]
      },
      {
        "run": 16,
        "seed": 432202,
        "average": {
          "affinity": -4.7,
          "rmsd_l_b": 4.867,
          "rmsd_u_b": 7.987
        },
        "modes": [
          {
            "mode": 1,
            "affinity": -4.9,
            "rmsd_l_b": 0.0,
            "rmsd_u_b": 0.0
          },
          {
            "mode": 2,
            "affinity": -4.9,
            "rmsd_l_b": 1.028,
            "rmsd_u_b": 2.619
          },
          {
            "mode": 3,
            "affinity": -4.7,
            "rmsd_l_b": 8.123,
            "rmsd_u_b": 12.208
          },
          {
            "mode": 4,
            "affinity": -4.7,
            "rmsd_l_b": 6.878,
            "rmsd_u_b": 10.968
          },
          {
            "mode": 5,
            "affinity": -4.7,
            "rmsd_l_b": 4.374,
            "rmsd_u_b": 6.969
          },
          {
            "mode": 6,
            "affinity": -4.6,
            "rmsd_l_b": 6.238,
            "rmsd_u_b": 10.367
          },
          {
            "mode": 7,
            "affinity": -4.6,
            "rmsd_l_b": 6.241,
            "rmsd_u_b": 10.395
          },
          {
            "mode": 8,
            "affinity": -4.6,
            "rmsd_l_b": 6.566,
            "rmsd_u_b": 10.548
          },
          {
            "mode": 9,
            "affinity": -4.6,
            "rmsd_l_b": 4.353,
            "rmsd_u_b": 7.81
          }
        ]
      },
      {
        "run": 17,
        "seed": 775078,
        "average": {
          "affinity": -4.778,
          "rmsd_l_b": 5.53,
          "rmsd_u_b": 8.832
        },
        "modes": [
          {
            "mode": 1,
            "affinity": -5.2,
            "rmsd_l_b": 0.0,
            "rmsd_u_b": 0.0
          },
          {
            "mode": 2,
            "affinity": -4.8,
            "rmsd_l_b": 7.983,
            "rmsd_u_b": 12.208
          },
          {
            "mode": 3,
            "affinity": -4.8,
            "rmsd_l_b": 4.254,
            "rmsd_u_b": 6.858
          },
          {
            "mode": 4,
            "affinity": -4.7,
            "rmsd_l_b": 4.304,
            "rmsd_u_b": 7.097
          },
          {
            "mode": 5,
            "affinity": -4.7,
            "rmsd_l_b": 6.325,
            "rmsd_u_b": 10.477
          },
          {
            "mode": 6,
            "affinity": -4.7,
            "rmsd_l_b": 6.817,
            "rmsd_u_b": 10.855
          },
          {
            "mode": 7,
            "affinity": -4.7,
            "rmsd_l_b": 6.354,
            "rmsd_u_b": 10.53
          },
          {
            "mode": 8,
            "affinity": -4.7,
            "rmsd_l_b": 6.842,
            "rmsd_u_b": 10.665
          },
          {
            "mode": 9,
            "affinity": -4.7,
            "rmsd_l_b": 6.888,
            "rmsd_u_b": 10.795
          }
        ]
      },
      {
        "run": 18,
        "seed": 644953,
        "average": {
          "affinity": -4.8,
          "rmsd_l_b": 4.883,
          "rmsd_u_b": 7.714
        },
        "modes": [
          {
            "mode": 1,
            "affinity": -5.2,
            "rmsd_l_b": 0.0,
            "rmsd_u_b": 0.0
          },
          {
            "mode": 2,
            "affinity": -5.0,
            "rmsd_l_b": 4.984,
            "rmsd_u_b": 7.264
          },
          {
            "mode": 3,
            "affinity": -4.8,
            "rmsd_l_b": 4.829,
            "rmsd_u_b": 7.428
          },
          {
            "mode": 4,
            "affinity": -4.7,
            "rmsd_l_b": 6.378,
            "rmsd_u_b": 10.611
          },
          {
            "mode": 5,
            "affinity": -4.7,
            "rmsd_l_b": 6.714,
            "rmsd_u_b": 10.753
          },
          {
            "mode": 6,
            "affinity": -4.7,
            "rmsd_l_b": 4.66,
            "rmsd_u_b": 7.317
          },
          {
            "mode": 7,
            "affinity": -4.7,
            "rmsd_l_b": 6.387,
            "rmsd_u_b": 10.66
          },
          {
            "mode": 8,
            "affinity": -4.7,
            "rmsd_l_b": 4.758,
            "rmsd_u_b": 7.333
          },
          {
            "mode": 9,
            "affinity": -4.7,
            "rmsd_l_b": 5.234,
            "rmsd_u_b": 8.059
          }
        ]
      },
      {
        "run": 19,
        "seed": 287282,
        "average": {
          "affinity": -4.722,
          "rmsd_l_b": 5.283,
          "rmsd_u_b": 8.456
        },
        "modes": [
          {
            "mode": 1,
            "affinity": -5.1,
            "rmsd_l_b": 0.0,
            "rmsd_u_b": 0.0
          },
          {
            "mode": 2,
            "affinity": -4.7,
            "rmsd_l_b": 4.324,
            "rmsd_u_b": 7.133
          },
          {
            "mode": 3,
            "affinity": -4.7,
            "rmsd_l_b": 4.92,
            "rmsd_u_b": 7.526
          },
          {
            "mode": 4,
            "affinity": -4.7,
            "rmsd_l_b": 6.342,
            "rmsd_u_b": 10.486
          },
          {
            "mode": 5,
            "affinity": -4.7,
            "rmsd_l_b": 6.526,
            "rmsd_u_b": 10.643
          },
          {
            "mode": 6,
            "affinity": -4.7,
            "rmsd_l_b": 6.526,
            "rmsd_u_b": 10.649
          },
          {
            "mode": 7,
            "affinity": -4.7,
            "rmsd_l_b": 6.911,
            "rmsd_u_b": 10.967
          },
          {
            "mode": 8,
            "affinity": -4.6,
            "rmsd_l_b": 6.606,
            "rmsd_u_b": 10.597
          },
          {
            "mode": 9,
            "affinity": -4.6,
            "rmsd_l_b": 5.396,
            "rmsd_u_b": 8.103
          }
        ]
      },
      {
        "run": 20,
        "seed": 577134,
        "average": {
          "affinity": -4.989,
          "rmsd_l_b": 3.753,
          "rmsd_u_b": 5.685
        },
        "modes": [
          {
            "mode": 1,
            "affinity": -5.1,
            "rmsd_l_b": 0.0,
            "rmsd_u_b": 0.0
          },
          {
            "mode": 2,
            "affinity": -5.0,
            "rmsd_l_b": 5.939,
            "rmsd_u_b": 8.44
          },
          {
            "mode": 3,
            "affinity": -5.0,
            "rmsd_l_b": 2.987,
            "rmsd_u_b": 4.094
          },
          {
            "mode": 4,
            "affinity": -5.0,
            "rmsd_l_b": 6.163,
            "rmsd_u_b": 8.573
          },
          {
            "mode": 5,
            "affinity": -5.0,
            "rmsd_l_b": 2.958,
            "rmsd_u_b": 4.205
          },
          {
            "mode": 6,
            "affinity": -5.0,
            "rmsd_l_b": 2.941,
            "rmsd_u_b": 3.88
          },
          {
            "mode": 7,
            "affinity": -5.0,
            "rmsd_l_b": 5.012,
            "rmsd_u_b": 9.301
          },
          {
            "mode": 8,
            "affinity": -4.9,
            "rmsd_l_b": 4.976,
            "rmsd_u_b": 8.74
          },
          {
            "mode": 9,
            "affinity": -4.9,
            "rmsd_l_b": 2.798,
            "rmsd_u_b": 3.929
          }
        ]
      }
    ]
  }
}