{
  "rmsd": 1.914,
  "rmsd_method": "C-alpha coordinates",
  "rmsd_tool": "BioPython",
  "docking": {
    "average_affinity": -3.013,
    "runs": [
      {
        "run": 1,
        "seed": 570289,
        "average": {
          "affinity": -2.9,
          "rmsd_l_b": 3.015,
          "rmsd_u_b": 3.953
        },
        "modes": [
          {
            "mode": 1,
            "affinity": -3.0,
            "rmsd_l_b": 0.0,
            "rmsd_u_b": 0.0
          },
          {
            "mode": 2,
            "affinity": -2.9,
            "rmsd_l_b": 5.6,
            "rmsd_u_b": 6.991
          },
          {
            "mode": 3,
            "affinity": -2.9,
            "rmsd_l_b": 3.685,
            "rmsd_u_b": 4.5
          },
          {
            "mode": 4,
            "affinity": -2.9,
            "rmsd_l_b": 3.742,
            "rmsd_u_b": 5.1
          },
          {
            "mode": 5,
            "affinity": -2.9,
            "rmsd_l_b": 2.203,
            "rmsd_u_b": 2.814
          },
          {
            "mode": 6,
            "affinity": -2.9,
            "rmsd_l_b": 4.355,
            "rmsd_u_b": 6.681
          },
          {
            "mode": 7,
            "affinity": -2.9,
            "rmsd_l_b": 1.138,
            "rmsd_u_b": 1.378
          },
          {
            "mode": 8,
            "affinity": -2.9,
            "rmsd_l_b": 1.607,
            "rmsd_u_b": 2.093
          },
          {
            "mode": 9,
            "affinity": -2.8,
            "rmsd_l_b": 4.802,
            "rmsd_u_b": 6.02
          }
        ]
      },
      {
        "run": 2,
        "seed": 851162,
        "average": {
          "affinity": -3.156,
          "rmsd_l_b": 2.679,
          "rmsd_u_b": 3.745
        },
        "modes": [
          {
            "mode": 1,
            "affinity": -3.3,
            "rmsd_l_b": 0.0,
            "rmsd_u_b": 0.0
          },
          {
            "mode": 2,
            "affinity": -3.3,
            "rmsd_l_b": 4.186,
            "rmsd_u_b": 5.661
          },
          {
            "mode": 3,
            "affinity": -3.2,
            "rmsd_l_b": 1.067,
            "rmsd_u_b": 1.578
          },
          {
            "mode": 4,
            "affinity": -3.2,
            "rmsd_l_b": 2.971,
            "rmsd_u_b": 3.772
          },
          {
            "mode": 5,
            "affinity": -3.1,
            "rmsd_l_b": 1.768,
            "rmsd_u_b": 2.428
          },
          {
            "mode": 6,
            "affinity": -3.1,
            "rmsd_l_b": 1.701,
            "rmsd_u_b": 2.244
          },
          {
            "mode": 7,
            "affinity": -3.1,
            "rmsd_l_b": 4.411,
            "rmsd_u_b": 7.29
          },
          {
            "mode": 8,
            "affinity": -3.1,
            "rmsd_l_b": 4.35,
            "rmsd_u_b": 5.957
          },
          {
            "mode": 9,
            "affinity": -3.0,
            "rmsd_l_b": 3.654,
            "rmsd_u_b": 4.772
          }
        ]
      },
      {
        "run": 3,
        "seed": 425652,
        "average": {
          "affinity": -3.156,
          "rmsd_l_b": 3.229,
          "rmsd_u_b": 4.57
        },
        "modes": [
          {
            "mode": 1,
            "affinity": -3.4,
            "rmsd_l_b": 0.0,
            "rmsd_u_b": 0.0
          },
          {
            "mode": 2,
            "affinity": -3.2,
            "rmsd_l_b": 4.663,
            "rmsd_u_b": 7.491
          },
          {
            "mode": 3,
            "affinity": -3.2,
            "rmsd_l_b": 1.506,
            "rmsd_u_b": 2.444
          },
          {
            "mode": 4,
            "affinity": -3.2,
            "rmsd_l_b": 4.001,
            "rmsd_u_b": 5.235
          },
          {
            "mode": 5,
            "affinity": -3.2,
            "rmsd_l_b": 2.815,
            "rmsd_u_b": 3.691
          },
          {
            "mode": 6,
            "affinity": -3.1,
            "rmsd_l_b": 3.545,
            "rmsd_u_b": 4.934
          },
          {
            "mode": 7,
            "affinity": -3.1,
            "rmsd_l_b": 4.749,
            "rmsd_u_b": 7.468
          },
          {
            "mode": 8,
            "affinity": -3.0,
            "rmsd_l_b": 3.223,
            "rmsd_u_b": 3.976
          },
          {
            "mode": 9,
            "affinity": -3.0,
            "rmsd_l_b": 4.555,
            "rmsd_u_b": 5.892
          }
        ]
      },
      {
        "run": 4,
        "seed": 780266,
        "average": {
          "affinity": -2.911,
          "rmsd_l_b": 2.751,
          "rmsd_u_b": 3.645
        },
        "modes": [
          {
            "mode": 1,
            "affinity": -3.0,
            "rmsd_l_b": 0.0,
            "rmsd_u_b": 0.0
          },
          {
            "mode": 2,
            "affinity": -2.9,
            "rmsd_l_b": 4.861,
            "rmsd_u_b": 7.13
          },
          {
            "mode": 3,
            "affinity": -2.9,
            "rmsd_l_b": 1.249,
            "rmsd_u_b": 1.625
          },
          {
            "mode": 4,
            "affinity": -2.9,
            "rmsd_l_b": 1.867,
            "rmsd_u_b": 2.574
          },
          {
            "mode": 5,
            "affinity": -2.9,
            "rmsd_l_b": 3.284,
            "rmsd_u_b": 4.405
          },
          {
            "mode": 6,
            "affinity": -2.9,
            "rmsd_l_b": 1.289,
            "rmsd_u_b": 1.6
          },
          {
            "mode": 7,
            "affinity": -2.9,
            "rmsd_l_b": 5.806,
            "rmsd_u_b": 7.301
          },
          {
            "mode": 8,
            "affinity": -2.9,
            "rmsd_l_b": 3.715,
            "rmsd_u_b": 4.712
          },
          {
            "mode": 9,
            "affinity": -2.9,
            "rmsd_l_b": 2.692,
            "rmsd_u_b": 3.461
          }
        ]
      },
      {
        "run": 5,
        "seed": 483539,
        "average": {
          "affinity": -3.111,
          "rmsd_l_b": 2.357,
          "rmsd_u_b": 3.52
        },
        "modes": [
          {
            "mode": 1,
            "affinity": -3.2,
            "rmsd_l_b": 0.0,
            "rmsd_u_b": 0.0
          },
          {
            "mode": 2,
            "affinity": -3.2,
            "rmsd_l_b": 3.96,
            "rmsd_u_b": 5.892
          },
          {
            "mode": 3,
            "affinity": -3.2,
            "rmsd_l_b": 1.205,
            "rmsd_u_b": 1.967
          },
          {
            "mode": 4,
            "affinity": -3.2,
            "rmsd_l_b": 4.521,
            "rmsd_u_b": 7.04
          },
          {
            "mode": 5,
            "affinity": -3.1,
            "rmsd_l_b": 1.11,
            "rmsd_u_b": 1.841
          },
          {
            "mode": 6,
            "affinity": -3.1,
            "rmsd_l_b": 1.517,
            "rmsd_u_b": 2.153
          },
          {
            "mode": 7,
            "affinity": -3.0,
            "rmsd_l_b": 4.667,
            "rmsd_u_b": 7.151
          },
          {
            "mode": 8,
            "affinity": -3.0,
            "rmsd_l_b": 0.957,
            "rmsd_u_b": 1.296
          },
          {
            "mode": 9,
            "affinity": -3.0,
            "rmsd_l_b": 3.278,
            "rmsd_u_b": 4.342
          }
        ]
      },
      {
        "run": 6,
        "seed": 820652,
        "average": {
          "affinity": -3.089,
          "rmsd_l_b": 3.13,
          "rmsd_u_b": 4.008
        },
        "modes": [
          {
            "mode": 1,
            "affinity": -3.2,
            "rmsd_l_b": 0.0,
            "rmsd_u_b": 0.0
          },
          {
            "mode": 2,
            "affinity": -3.1,
            "rmsd_l_b": 1.317,
            "rmsd_u_b": 1.659
          },
          {
            "mode": 3,
            "affinity": -3.1,
            "rmsd_l_b": 4.783,
            "rmsd_u_b": 7.348
          },
          {
            "mode": 4,
            "affinity": -3.1,
            "rmsd_l_b": 1.446,
            "rmsd_u_b": 2.235
          },
          {
            "mode": 5,
            "affinity": -3.1,
            "rmsd_l_b": 3.085,
            "rmsd_u_b": 4.195
          },
          {
            "mode": 6,
            "affinity": -3.1,
            "rmsd_l_b": 4.199,
            "rmsd_u_b": 5.767
          },
          {
            "mode": 7,
            "affinity": -3.1,
            "rmsd_l_b": 1.503,
            "rmsd_u_b": 1.809
          },
          {
            "mode": 8,
            "affinity": -3.0,
            "rmsd_l_b": 10.156,
            "rmsd_u_b": 10.79
          },
          {
            "mode": 9,
            "affinity": -3.0,
            "rmsd_l_b": 1.682,
            "rmsd_u_b": 2.273
          }
        ]
      },
      {
        "run": 7,
        "seed": 773366,
        "average": {
          "affinity": -2.9,
          "rmsd_l_b": 2.555,
          "rmsd_u_b": 3.561
        },
        "modes": [
          {
            "mode": 1,
            "affinity": -3.0,
            "rmsd_l_b": 0.0,
            "rmsd_u_b": 0.0
          },
          {
            "mode": 2,
            "affinity": -3.0,
            "rmsd_l_b": 1.274,
            "rmsd_u_b": 1.758
          },
          {
            "mode": 3,
            "affinity": -2.9,
            "rmsd_l_b": 4.697,
            "rmsd_u_b": 6.855
          },
          {
            "mode": 4,
            "affinity": -2.9,
            "rmsd_l_b": 4.49,
            "rmsd_u_b": 6.674
          },
          {
            "mode": 5,
            "affinity": -2.9,
            "rmsd_l_b": 0.926,
            "rmsd_u_b": 1.546
          },
          {
            "mode": 6,
            "affinity": -2.9,
            "rmsd_l_b": 1.204,
            "rmsd_u_b": 1.487
          },
          {
            "mode": 7,
            "affinity": -2.9,
            "rmsd_l_b": 4.115,
            "rmsd_u_b": 5.299
          },
          {
            "mode": 8,
            "affinity": -2.8,
            "rmsd_l_b": 1.495,
            "rmsd_u_b": 2.038
          },
          {
            "mode": 9,
            "affinity": -2.8,
            "rmsd_l_b": 4.798,
            "rmsd_u_b": 6.395
          }
        ]
      },
      {
        "run": 8,
        "seed": 82544,
        "average": {
          "affinity": -2.956,
          "rmsd_l_b": 3.435,
          "rmsd_u_b": 4.5
        },
        "modes": [
          {
            "mode": 1,
            "affinity": -3.1,
            "rmsd_l_b": 0.0,
            "rmsd_u_b": 0.0
          },
          {
            "mode": 2,
            "affinity": -3.0,
            "rmsd_l_b": 2.778,
            "rmsd_u_b": 3.577
          },
          {
            "mode": 3,
            "affinity": -3.0,
            "rmsd_l_b": 2.604,
            "rmsd_u_b": 3.144
          },
          {
            "mode": 4,
            "affinity": -3.0,
            "rmsd_l_b": 6.151,
            "rmsd_u_b": 7.949
          },
          {
            "mode": 5,
            "affinity": -3.0,
            "rmsd_l_b": 2.978,
            "rmsd_u_b": 4.307
          },
          {
            "mode": 6,
            "affinity": -2.9,
            "rmsd_l_b": 1.998,
            "rmsd_u_b": 3.489
          },
          {
            "mode": 7,
            "affinity": -2.9,
            "rmsd_l_b": 3.065,
            "rmsd_u_b": 4.08
          },
          {
            "mode": 8,
            "affinity": -2.9,
            "rmsd_l_b": 2.884,
            "rmsd_u_b": 4.896
          },
          {
            "mode": 9,
            "affinity": -2.8,
            "rmsd_l_b": 8.453,
            "rmsd_u_b": 9.056
          }
        ]
      },
      {
        "run": 9,
        "seed": 281860,
        "average": {
          "affinity": -2.844,
          "rmsd_l_b": 2.736,
          "rmsd_u_b": 3.67
        },
        "modes": [
          {
            "mode": 1,
            "affinity": -3.0,
            "rmsd_l_b": 0.0,
            "rmsd_u_b": 0.0
          },
          {
            "mode": 2,
            "affinity": -2.9,
            "rmsd_l_b": 4.585,
            "rmsd_u_b": 5.921
          },
          {
            "mode": 3,
            "affinity": -2.9,
            "rmsd_l_b": 3.296,
            "rmsd_u_b": 4.397
          },
          {
            "mode": 4,
            "affinity": -2.8,
            "rmsd_l_b": 4.646,
            "rmsd_u_b": 6.983
          },
          {
            "mode": 5,
            "affinity": -2.8,
            "rmsd_l_b": 1.231,
            "rmsd_u_b": 1.686
          },
          {
            "mode": 6,
            "affinity": -2.8,
            "rmsd_l_b": 2.323,
            "rmsd_u_b": 3.259
          },
          {
            "mode": 7,
            "affinity": -2.8,
            "rmsd_l_b": 5.621,
            "rmsd_u_b": 7.084
          },
          {
            "mode": 8,
            "affinity": -2.8,
            "rmsd_l_b": 1.118,
            "rmsd_u_b": 1.332
          },
          {
            "mode": 9,
            "affinity": -2.8,
            "rmsd_l_b": 1.807,
            "rmsd_u_b": 2.372
          }
        ]
      },
      {
        "run": 10,
        "seed": 656559,
        "average": {
          "affinity": -3.022,
          "rmsd_l_b": 2.798,
          "rmsd_u_b": 3.911
        },
        "modes": [
          {
            "mode": 1,
            "affinity": -3.1,
            "rmsd_l_b": 0.0,
            "rmsd_u_b": 0.0
          },
          {
            "mode": 2,
            "affinity": -3.1,
            "rmsd_l_b": 2.567,
            "rmsd_u_b": 3.154
          },
          {
            "mode": 3,
            "affinity": -3.1,
            "rmsd_l_b": 2.872,
            "rmsd_u_b": 3.886
          },
          {
            "mode": 4,
            "affinity": -3.0,
            "rmsd_l_b": 3.53,
            "rmsd_u_b": 5.056
          },
          {
            "mode": 5,
            "affinity": -3.0,
            "rmsd_l_b": 6.288,
            "rmsd_u_b": 8.278
          },
          {
            "mode": 6,
            "affinity": -3.0,
            "rmsd_l_b": 3.278,
            "rmsd_u_b": 4.342
          },
          {
            "mode": 7,
            "affinity": -3.0,
            "rmsd_l_b": 1.526,
            "rmsd_u_b": 3.016
          },
          {
            "mode": 8,
            "affinity": -3.0,
            "rmsd_l_b": 3.301,
            "rmsd_u_b": 4.549
          },
          {
            "mode": 9,
            "affinity": -2.9,
            "rmsd_l_b": 1.824,
            "rmsd_u_b": 2.915
          }
        ]
      },
      {
        "run": 11,
        "seed": 198893,
        "average": {
          "affinity": -3.122,
          "rmsd_l_b": 2.685,
          "rmsd_u_b": 3.751
        },
        "modes": [
          {
            "mode": 1,
            "affinity": -3.3,
            "rmsd_l_b": 0.0,
            "rmsd_u_b": 0.0
          },
          {
            "mode": 2,
            "affinity": -3.2,
            "rmsd_l_b": 4.565,
            "rmsd_u_b": 7.268
          },
          {
            "mode": 3,
            "affinity": -3.2,
            "rmsd_l_b": 1.403,
            "rmsd_u_b": 1.873
          },
          {
            "mode": 4,
            "affinity": -3.1,
            "rmsd_l_b": 4.011,
            "rmsd_u_b": 5.454
          },
          {
            "mode": 5,
            "affinity": -3.1,
            "rmsd_l_b": 3.097,
            "rmsd_u_b": 3.866
          },
          {
            "mode": 6,
            "affinity": -3.1,
            "rmsd_l_b": 3.025,
            "rmsd_u_b": 3.916
          },
          {
            "mode": 7,
            "affinity": -3.1,
            "rmsd_l_b": 4.142,
            "rmsd_u_b": 5.805
          },
          {
            "mode": 8,
            "affinity": -3.0,
            "rmsd_l_b": 1.968,
            "rmsd_u_b": 2.995
          },
          {
            "mode": 9,
            "affinity": -3.0,
            "rmsd_l_b": 1.957,
            "rmsd_u_b": 2.583
          }
        ]
      },
      {
        "run": 12,
        "seed": 950412,
        "average": {
          "affinity": -3.222,
          "rmsd_l_b": 4.064,
          "rmsd_u_b": 5.244
        },
        "modes": [
          {
            "mode": 1,
            "affinity": -3.4,
            "rmsd_l_b": 0.0,
            "rmsd_u_b": 0.0
          },
          {
            "mode": 2,
            "affinity": -3.3,
            "rmsd_l_b": 4.755,
            "rmsd_u_b": 6.319
          },
          {
            "mode": 3,
            "affinity": -3.3,
            "rmsd_l_b": 3.586,
            "rmsd_u_b": 5.313
          },
          {
            "mode": 4,
            "affinity": -3.3,
            "rmsd_l_b": 7.482,
            "rmsd_u_b": 9.47
          },
          {
            "mode": 5,
            "affinity": -3.3,
            "rmsd_l_b": 6.302,
            "rmsd_u_b": 7.419
          },
          {
            "mode": 6,
            "affinity": -3.2,
            "rmsd_l_b": 2.172,
            "rmsd_u_b": 2.732
          },
          {
            "mode": 7,
            "affinity": -3.1,
            "rmsd_l_b": 5.412,
            "rmsd_u_b": 6.903
          },
          {
            "mode": 8,
            "affinity": -3.1,
            "rmsd_l_b": 1.813,
            "rmsd_u_b": 2.597
          },
          {
            "mode": 9,
            "affinity": -3.0,
            "rmsd_l_b": 5.05,
            "rmsd_u_b": 6.439
          }
        ]
      },
      {
        "run": 13,
        "seed": 465083,
        "average": {
          "affinity": -2.878,
          "rmsd_l_b": 2.49,
          "rmsd_u_b": 3.39
        },
        "modes": [
          {
            "mode": 1,
            "affinity": -3.1,
            "rmsd_l_b": 0.0,
            "rmsd_u_b": 0.0
          },
          {
            "mode": 2,
            "affinity": -2.9,
            "rmsd_l_b": 4.529,
            "rmsd_u_b": 6.881
          },
          {
            "mode": 3,
            "affinity": -2.9,
            "rmsd_l_b": 0.901,
            "rmsd_u_b": 1.616
          },
          {
            "mode": 4,
            "affinity": -2.9,
            "rmsd_l_b": 4.435,
            "rmsd_u_b": 5.749
          },
          {
            "mode": 5,
            "affinity": -2.9,
            "rmsd_l_b": 4.357,
            "rmsd_u_b": 5.615
          },
          {
            "mode": 6,
            "affinity": -2.8,
            "rmsd_l_b": 1.714,
            "rmsd_u_b": 2.384
          },
          {
            "mode": 7,
            "affinity": -2.8,
            "rmsd_l_b": 1.318,
            "rmsd_u_b": 1.69
          },
          {
            "mode": 8,
            "affinity": -2.8,
            "rmsd_l_b": 1.789,
            "rmsd_u_b": 2.158
          },
          {
            "mode": 9,
            "affinity": -2.8,
            "rmsd_l_b": 3.365,
            "rmsd_u_b": 4.413
          }
        ]
      },
      {
        "run": 14,
        "seed": 924008,
        "average": {
          "affinity": -3.178,
          "rmsd_l_b": 2.352,
          "rmsd_u_b": 3.369
        },
        "modes": [
          {
            "mode": 1,
            "affinity": -3.3,
            "rmsd_l_b": 0.0,
            "rmsd_u_b": 0.0
          },
          {
            "mode": 2,
            "affinity": -3.3,
            "rmsd_l_b": 1.512,
            "rmsd_u_b": 2.132
          },
          {
            "mode": 3,
            "affinity": -3.2,
            "rmsd_l_b": 1.516,
            "rmsd_u_b": 2.539
          },
          {
            "mode": 4,
            "affinity": -3.2,
            "rmsd_l_b": 1.113,
            "rmsd_u_b": 1.465
          },
          {
            "mode": 5,
            "affinity": -3.2,
            "rmsd_l_b": 4.141,
            "rmsd_u_b": 5.616
          },
          {
            "mode": 6,
            "affinity": -3.1,
            "rmsd_l_b": 1.828,
            "rmsd_u_b": 2.602
          },
          {
            "mode": 7,
            "affinity": -3.1,
            "rmsd_l_b": 2.737,
            "rmsd_u_b": 3.562
          },
          {
            "mode": 8,
            "affinity": -3.1,
            "rmsd_l_b": 4.683,
            "rmsd_u_b": 7.407
          },
          {
            "mode": 9,
            "affinity": -3.1,
            "rmsd_l_b": 3.639,
            "rmsd_u_b": 4.994
          }
        ]
      },
      {
        "run": 15,
        "seed": 775231,
        "average": {
          "affinity": -3.078,
          "rmsd_l_b": 2.033,
          "rmsd_u_b": 3.005
        },
        "modes": [
          {
            "mode": 1,
            "affinity": -3.2,
            "rmsd_l_b": 0.0,
            "rmsd_u_b": 0.0
          },
          {
            "mode": 2,
            "affinity": -3.2,
            "rmsd_l_b": 4.664,
            "rmsd_u_b": 7.245
          },
          {
            "mode": 3,
            "affinity": -3.1,
            "rmsd_l_b": 3.225,
            "rmsd_u_b": 4.747
          },
          {
            "mode": 4,
            "affinity": -3.1,
            "rmsd_l_b": 1.036,
            "rmsd_u_b": 1.642
          },
          {
            "mode": 5,
            "affinity": -3.1,
            "rmsd_l_b": 2.792,
            "rmsd_u_b": 3.564
          },
          {
            "mode": 6,
            "affinity": -3.0,
            "rmsd_l_b": 1.206,
            "rmsd_u_b": 2.091
          },
          {
            "mode": 7,
            "affinity": -3.0,
            "rmsd_l_b": 0.965,
            "rmsd_u_b": 1.509
          },
          {
            "mode": 8,
            "affinity": -3.0,
            "rmsd_l_b": 2.815,
            "rmsd_u_b": 3.838
          },
          {
            "mode": 9,
            "affinity": -3.0,
            "rmsd_l_b": 1.591,
            "rmsd_u_b": 2.406
          }
        ]
      },
      {
        "run": 16,
        "seed": 608733,
        "average": {
          "affinity": -3.067,
          "rmsd_l_b": 2.718,
          "rmsd_u_b": 3.747
        },
        "modes": [
          {
            "mode": 1,
            "affinity": -3.2,
            "rmsd_l_b": 0.0,
            "rmsd_u_b": 0.0
          },
          {
            "mode": 2,
            "affinity": -3.1,
            "rmsd_l_b": 4.46,
            "rmsd_u_b": 5.947
          },
          {
            "mode": 3,
            "affinity": -3.1,
            "rmsd_l_b": 1.897,
            "rmsd_u_b": 3.216
          },
          {
            "mode": 4,
            "affinity": -3.1,
            "rmsd_l_b": 4.514,
            "rmsd_u_b": 7.015
          },
          {
            "mode": 5,
            "affinity": -3.1,
            "rmsd_l_b": 4.765,
            "rmsd_u_b": 5.775
          },
          {
            "mode": 6,
            "affinity": -3.0,
            "rmsd_l_b": 3.912,
            "rmsd_u_b": 5.25
          },
          {
            "mode": 7,
            "affinity": -3.0,
            "rmsd_l_b": 1.403,
            "rmsd_u_b": 1.909
          },
          {
            "mode": 8,
            "affinity": -3.0,
            "rmsd_l_b": 1.615,
            "rmsd_u_b": 2.35
          },
          {
            "mode": 9,
            "affinity": -3.0,
            "rmsd_l_b": 1.899,
            "rmsd_u_b": 2.263
          }
        ]
      },
      {
        "run": 17,
        "seed": 610869,
        "average": {
          "affinity": -3.022,
          "rmsd_l_b": 2.745,
          "rmsd_u_b": 4.003
        },
        "modes": [
          {
            "mode": 1,
            "affinity": -3.2,
            "rmsd_l_b": 0.0,
            "rmsd_u_b": 0.0
          },
          {
            "mode": 2,
            "affinity": -3.1,
            "rmsd_l_b": 1.096,
            "rmsd_u_b": 1.835
          },
          {
            "mode": 3,
            "affinity": -3.1,
            "rmsd_l_b": 1.05,
            "rmsd_u_b": 1.746
          },
          {
            "mode": 4,
            "affinity": -3.0,
            "rmsd_l_b": 4.529,
            "rmsd_u_b": 7.182
          },
          {
            "mode": 5,
            "affinity": -3.0,
            "rmsd_l_b": 3.449,
            "rmsd_u_b": 4.522
          },
          {
            "mode": 6,
            "affinity": -3.0,
            "rmsd_l_b": 3.012,
            "rmsd_u_b": 4.244
          },
          {
            "mode": 7,
            "affinity": -3.0,
            "rmsd_l_b": 4.797,
            "rmsd_u_b": 6.183
          },
          {
            "mode": 8,
            "affinity": -2.9,
            "rmsd_l_b": 4.364,
            "rmsd_u_b": 7.109
          },
          {
            "mode": 9,
            "affinity": -2.9,
            "rmsd_l_b": 2.407,
            "rmsd_u_b": 3.208
          }
        ]
      },
      {
        "run": 18,
        "seed": 539245,
        "average": {
          "affinity": -2.922,
          "rmsd_l_b": 2.611,
          "rmsd_u_b": 3.681
        },
        "modes": [
          {
            "mode": 1,
            "affinity": -3.1,
            "rmsd_l_b": 0.0,
            "rmsd_u_b": 0.0
          },
          {
            "mode": 2,
            "affinity": -3.0,
            "rmsd_l_b": 1.43,
            "rmsd_u_b": 2.215
          },
          {
            "mode": 3,
            "affinity": -3.0,
            "rmsd_l_b": 1.793,
            "rmsd_u_b": 2.534
          },
          {
            "mode": 4,
            "affinity": -3.0,
            "rmsd_l_b": 5.319,
            "rmsd_u_b": 6.691
          },
          {
            "mode": 5,
            "affinity": -2.9,
            "rmsd_l_b": 4.991,
            "rmsd_u_b": 7.449
          },
          {
            "mode": 6,
            "affinity": -2.9,
            "rmsd_l_b": 1.014,
            "rmsd_u_b": 1.767
          },
          {
            "mode": 7,
            "affinity": -2.8,
            "rmsd_l_b": 3.996,
            "rmsd_u_b": 5.027
          },
          {
            "mode": 8,
            "affinity": -2.8,
            "rmsd_l_b": 3.467,
            "rmsd_u_b": 5.062
          },
          {
            "mode": 9,
            "affinity": -2.8,
            "rmsd_l_b": 1.487,
            "rmsd_u_b": 2.386
          }
        ]
      },
      {
        "run": 19,
        "seed": 677236,
        "average": {
          "affinity": -2.833,
          "rmsd_l_b": 2.364,
          "rmsd_u_b": 3.375
        },
        "modes": [
          {
            "mode": 1,
            "affinity": -3.0,
            "rmsd_l_b": 0.0,
            "rmsd_u_b": 0.0
          },
          {
            "mode": 2,
            "affinity": -2.9,
            "rmsd_l_b": 4.664,
            "rmsd_u_b": 6.824
          },
          {
            "mode": 3,
            "affinity": -2.9,
            "rmsd_l_b": 0.648,
            "rmsd_u_b": 1.227
          },
          {
            "mode": 4,
            "affinity": -2.9,
            "rmsd_l_b": 1.133,
            "rmsd_u_b": 2.025
          },
          {
            "mode": 5,
            "affinity": -2.8,
            "rmsd_l_b": 1.516,
            "rmsd_u_b": 2.153
          },
          {
            "mode": 6,
            "affinity": -2.8,
            "rmsd_l_b": 4.63,
            "rmsd_u_b": 6.099
          },
          {
            "mode": 7,
            "affinity": -2.8,
            "rmsd_l_b": 1.276,
            "rmsd_u_b": 2.174
          },
          {
            "mode": 8,
            "affinity": -2.7,
            "rmsd_l_b": 3.407,
            "rmsd_u_b": 4.559
          },
          {
            "mode": 9,
            "affinity": -2.7,
            "rmsd_l_b": 3.999,
            "rmsd_u_b": 5.318
          }
        ]
      },
      {
        "run": 20,
        "seed": 910007,
        "average": {
          "affinity": -2.9,
          "rmsd_l_b": 3.013,
          "rmsd_u_b": 4.018
        },
        "modes": [
          {
            "mode": 1,
            "affinity": -3.1,
            "rmsd_l_b": 0.0,
            "rmsd_u_b": 0.0
          },
          {
            "mode": 2,
            "affinity": -3.0,
            "rmsd_l_b": 1.364,
            "rmsd_u_b": 1.537
          },
          {
            "mode": 3,
            "affinity": -2.9,
            "rmsd_l_b": 4.917,
            "rmsd_u_b": 6.291
          },
          {
            "mode": 4,
            "affinity": -2.9,
            "rmsd_l_b": 4.576,
            "rmsd_u_b": 5.883
          },
          {
            "mode": 5,
            "affinity": -2.9,
            "rmsd_l_b": 1.148,
            "rmsd_u_b": 2.143
          },
          {
            "mode": 6,
            "affinity": -2.9,
            "rmsd_l_b": 4.808,
            "rmsd_u_b": 7.035
          },
          {
            "mode": 7,
            "affinity": -2.9,
            "rmsd_l_b": 4.079,
            "rmsd_u_b": 5.25
          },
          {
            "mode": 8,
            "affinity": -2.8,
            "rmsd_l_b": 4.48,
            "rmsd_u_b": 5.816
          },
          {
            "mode": 9,
            "affinity": -2.7,
            "rmsd_l_b": 1.742,
            "rmsd_u_b": 2.203
          }
        ]
      }
    ]
  }
}