{
  "rmsd": 3.752,
  "rmsd_method": "C-alpha coordinates",
  "rmsd_tool": "BioPython",
  "docking": {
    "average_affinity": -3.444,
    "runs": [
      {
        "run": 1,
        "seed": 687141,
        "average": {
          "affinity": -3.444,
          "rmsd_l_b": 2.378,
          "rmsd_u_b": 3.131
        },
        "modes": [
          {
            "mode": 1,
            "affinity": -3.6,
            "rmsd_l_b": 0.0,
            "rmsd_u_b": 0.0
          },
          {
            "mode": 2,
            "affinity": -3.5,
            "rmsd_l_b": 2.422,
            "rmsd_u_b": 3.696
          },
          {
            "mode": 3,
            "affinity": -3.5,
            "rmsd_l_b": 1.668,
            "rmsd_u_b": 1.858
          },
          {
            "mode": 4,
            "affinity": -3.5,
            "rmsd_l_b": 2.278,
            "rmsd_u_b": 2.916
          },
          {
            "mode": 5,
            "affinity": -3.5,
            "rmsd_l_b": 2.33,
            "rmsd_u_b": 2.592
          },
          {
            "mode": 6,
            "affinity": -3.5,
            "rmsd_l_b": 3.389,
            "rmsd_u_b": 4.557
          },
          {
            "mode": 7,
            "affinity": -3.4,
            "rmsd_l_b": 2.93,
            "rmsd_u_b": 3.819
          },
          {
            "mode": 8,
            "affinity": -3.3,
            "rmsd_l_b": 1.813,
            "rmsd_u_b": 2.455
          },
          {
            "mode": 9,
            "affinity": -3.2,
            "rmsd_l_b": 4.575,
            "rmsd_u_b": 6.289
          }
        ]
      },
      {
        "run": 2,
        "seed": 810922,
        "average": {
          "affinity": -3.411,
          "rmsd_l_b": 2.175,
          "rmsd_u_b": 2.726
        },
        "modes": [
          {
            "mode": 1,
            "affinity": -3.6,
            "rmsd_l_b": 0.0,
            "rmsd_u_b": 0.0
          },
          {
            "mode": 2,
            "affinity": -3.6,
            "rmsd_l_b": 2.438,
            "rmsd_u_b": 3.846
          },
          {
            "mode": 3,
            "affinity": -3.5,
            "rmsd_l_b": 1.656,
            "rmsd_u_b": 1.846
          },
          {
            "mode": 4,
            "affinity": -3.5,
            "rmsd_l_b": 2.33,
            "rmsd_u_b": 2.68
          },
          {
            "mode": 5,
            "affinity": -3.5,
            "rmsd_l_b": 3.432,
            "rmsd_u_b": 4.535
          },
          {
            "mode": 6,
            "affinity": -3.3,
            "rmsd_l_b": 2.66,
            "rmsd_u_b": 3.224
          },
          {
            "mode": 7,
            "affinity": -3.3,
            "rmsd_l_b": 2.913,
            "rmsd_u_b": 3.614
          },
          {
            "mode": 8,
            "affinity": -3.2,
            "rmsd_l_b": 2.212,
            "rmsd_u_b": 2.519
          },
          {
            "mode": 9,
            "affinity": -3.2,
            "rmsd_l_b": 1.938,
            "rmsd_u_b": 2.27
          }
        ]
      },
      {
        "run": 3,
        "seed": 975850,
        "average": {
          "affinity": -3.4,
          "rmsd_l_b": 2.11,
          "rmsd_u_b": 3.109
        },
        "modes": [
          {
            "mode": 1,
            "affinity": -3.6,
            "rmsd_l_b": 0.0,
            "rmsd_u_b": 0.0
          },
          {
            "mode": 2,
            "affinity": -3.6,
            "rmsd_l_b": 2.428,
            "rmsd_u_b": 3.663
          },
          {
            "mode": 3,
            "affinity": -3.5,
            "rmsd_l_b": 2.334,
            "rmsd_u_b": 2.845
          },
          {
            "mode": 4,
            "affinity": -3.5,
            "rmsd_l_b": 2.34,
            "rmsd_u_b": 3.028
          },
          {
            "mode": 5,
            "affinity": -3.4,
            "rmsd_l_b": 2.052,
            "rmsd_u_b": 2.311
          },
          {
            "mode": 6,
            "affinity": -3.3,
            "rmsd_l_b": 3.394,
            "rmsd_u_b": 5.089
          },
          {
            "mode": 7,
            "affinity": -3.3,
            "rmsd_l_b": 1.401,
            "rmsd_u_b": 3.649
          },
          {
            "mode": 8,
            "affinity": -3.2,
            "rmsd_l_b": 2.254,
            "rmsd_u_b": 3.688
          },
          {
            "mode": 9,
            "affinity": -3.2,
            "rmsd_l_b": 2.787,
            "rmsd_u_b": 3.711
          }
        ]
      },
      {
        "run": 4,
        "seed": 37279,
        "average": {
          "affinity": -3.444,
          "rmsd_l_b": 2.319,
          "rmsd_u_b": 3.106
        },
        "modes": [
          {
            "mode": 1,
            "affinity": -3.6,
            "rmsd_l_b": 0.0,
            "rmsd_u_b": 0.0
          },
          {
            "mode": 2,
            "affinity": -3.6,
            "rmsd_l_b": 2.434,
            "rmsd_u_b": 3.759
          },
          {
            "mode": 3,
            "affinity": -3.5,
            "rmsd_l_b": 1.661,
            "rmsd_u_b": 2.02
          },
          {
            "mode": 4,
            "affinity": -3.5,
            "rmsd_l_b": 2.335,
            "rmsd_u_b": 2.688
          },
          {
            "mode": 5,
            "affinity": -3.5,
            "rmsd_l_b": 2.28,
            "rmsd_u_b": 2.92
          },
          {
            "mode": 6,
            "affinity": -3.4,
            "rmsd_l_b": 2.782,
            "rmsd_u_b": 3.441
          },
          {
            "mode": 7,
            "affinity": -3.3,
            "rmsd_l_b": 2.907,
            "rmsd_u_b": 4.682
          },
          {
            "mode": 8,
            "affinity": -3.3,
            "rmsd_l_b": 2.926,
            "rmsd_u_b": 3.811
          },
          {
            "mode": 9,
            "affinity": -3.3,
            "rmsd_l_b": 3.548,
            "rmsd_u_b": 4.629
          }
        ]
      },
      {
        "run": 5,
        "seed": 961317,
        "average": {
          "affinity": -3.4,
          "rmsd_l_b": 1.931,
          "rmsd_u_b": 2.75
        },
        "modes": [
          {
            "mode": 1,
            "affinity": -3.6,
            "rmsd_l_b": 0.0,
            "rmsd_u_b": 0.0
          },
          {
            "mode": 2,
            "affinity": -3.6,
            "rmsd_l_b": 2.43,
            "rmsd_u_b": 3.853
          },
          {
            "mode": 3,
            "affinity": -3.5,
            "rmsd_l_b": 2.341,
            "rmsd_u_b": 2.772
          },
          {
            "mode": 4,
            "affinity": -3.5,
            "rmsd_l_b": 2.29,
            "rmsd_u_b": 3.011
          },
          {
            "mode": 5,
            "affinity": -3.5,
            "rmsd_l_b": 1.861,
            "rmsd_u_b": 2.043
          },
          {
            "mode": 6,
            "affinity": -3.4,
            "rmsd_l_b": 3.155,
            "rmsd_u_b": 4.641
          },
          {
            "mode": 7,
            "affinity": -3.3,
            "rmsd_l_b": 1.908,
            "rmsd_u_b": 2.375
          },
          {
            "mode": 8,
            "affinity": -3.1,
            "rmsd_l_b": 1.676,
            "rmsd_u_b": 4.035
          },
          {
            "mode": 9,
            "affinity": -3.1,
            "rmsd_l_b": 1.717,
            "rmsd_u_b": 2.017
          }
        ]
      },
      {
        "run": 6,
        "seed": 340377,
        "average": {
          "affinity": -3.467,
          "rmsd_l_b": 2.002,
          "rmsd_u_b": 2.639
        },
        "modes": [
          {
            "mode": 1,
            "affinity": -3.6,
            "rmsd_l_b": 0.0,
            "rmsd_u_b": 0.0
          },
          {
            "mode": 2,
            "affinity": -3.6,
            "rmsd_l_b": 2.437,
            "rmsd_u_b": 3.762
          },
          {
            "mode": 3,
            "affinity": -3.5,
            "rmsd_l_b": 1.645,
            "rmsd_u_b": 1.994
          },
          {
            "mode": 4,
            "affinity": -3.5,
            "rmsd_l_b": 2.258,
            "rmsd_u_b": 2.891
          },
          {
            "mode": 5,
            "affinity": -3.4,
            "rmsd_l_b": 2.678,
            "rmsd_u_b": 3.305
          },
          {
            "mode": 6,
            "affinity": -3.4,
            "rmsd_l_b": 2.569,
            "rmsd_u_b": 2.875
          },
          {
            "mode": 7,
            "affinity": -3.4,
            "rmsd_l_b": 1.874,
            "rmsd_u_b": 2.479
          },
          {
            "mode": 8,
            "affinity": -3.4,
            "rmsd_l_b": 2.698,
            "rmsd_u_b": 4.421
          },
          {
            "mode": 9,
            "affinity": -3.4,
            "rmsd_l_b": 1.862,
            "rmsd_u_b": 2.02
          }
        ]
      },
      {
        "run": 7,
        "seed": 112458,
        "average": {
          "affinity": -3.411,
          "rmsd_l_b": 2.265,
          "rmsd_u_b": 2.956
        },
        "modes": [
          {
            "mode": 1,
            "affinity": -3.6,
            "rmsd_l_b": 0.0,
            "rmsd_u_b": 0.0
          },
          {
            "mode": 2,
            "affinity": -3.6,
            "rmsd_l_b": 2.432,
            "rmsd_u_b": 3.671
          },
          {
            "mode": 3,
            "affinity": -3.5,
            "rmsd_l_b": 1.66,
            "rmsd_u_b": 2.018
          },
          {
            "mode": 4,
            "affinity": -3.5,
            "rmsd_l_b": 2.334,
            "rmsd_u_b": 2.687
          },
          {
            "mode": 5,
            "affinity": -3.4,
            "rmsd_l_b": 2.746,
            "rmsd_u_b": 3.429
          },
          {
            "mode": 6,
            "affinity": -3.4,
            "rmsd_l_b": 3.699,
            "rmsd_u_b": 4.754
          },
          {
            "mode": 7,
            "affinity": -3.3,
            "rmsd_l_b": 2.579,
            "rmsd_u_b": 3.161
          },
          {
            "mode": 8,
            "affinity": -3.2,
            "rmsd_l_b": 2.975,
            "rmsd_u_b": 4.569
          },
          {
            "mode": 9,
            "affinity": -3.2,
            "rmsd_l_b": 1.956,
            "rmsd_u_b": 2.318
          }
        ]
      },
      {
        "run": 8,
        "seed": 622178,
        "average": {
          "affinity": -3.467,
          "rmsd_l_b": 2.131,
          "rmsd_u_b": 2.794
        },
        "modes": [
          {
            "mode": 1,
            "affinity": -3.6,
            "rmsd_l_b": 0.0,
            "rmsd_u_b": 0.0
          },
          {
            "mode": 2,
            "affinity": -3.6,
            "rmsd_l_b": 2.444,
            "rmsd_u_b": 3.719
          },
          {
            "mode": 3,
            "affinity": -3.5,
            "rmsd_l_b": 1.658,
            "rmsd_u_b": 2.198
          },
          {
            "mode": 4,
            "affinity": -3.5,
            "rmsd_l_b": 2.339,
            "rmsd_u_b": 2.853
          },
          {
            "mode": 5,
            "affinity": -3.5,
            "rmsd_l_b": 2.249,
            "rmsd_u_b": 3.009
          },
          {
            "mode": 6,
            "affinity": -3.5,
            "rmsd_l_b": 3.418,
            "rmsd_u_b": 4.51
          },
          {
            "mode": 7,
            "affinity": -3.4,
            "rmsd_l_b": 2.765,
            "rmsd_u_b": 3.614
          },
          {
            "mode": 8,
            "affinity": -3.4,
            "rmsd_l_b": 2.494,
            "rmsd_u_b": 3.049
          },
          {
            "mode": 9,
            "affinity": -3.2,
            "rmsd_l_b": 1.811,
            "rmsd_u_b": 2.197
          }
        ]
      },
      {
        "run": 9,
        "seed": 158279,
        "average": {
          "affinity": -3.456,
          "rmsd_l_b": 2.083,
          "rmsd_u_b": 2.741
        },
        "modes": [
          {
            "mode": 1,
            "affinity": -3.6,
            "rmsd_l_b": 0.0,
            "rmsd_u_b": 0.0
          },
          {
            "mode": 2,
            "affinity": -3.6,
            "rmsd_l_b": 2.421,
            "rmsd_u_b": 3.743
          },
          {
            "mode": 3,
            "affinity": -3.5,
            "rmsd_l_b": 1.684,
            "rmsd_u_b": 2.03
          },
          {
            "mode": 4,
            "affinity": -3.5,
            "rmsd_l_b": 2.281,
            "rmsd_u_b": 2.921
          },
          {
            "mode": 5,
            "affinity": -3.5,
            "rmsd_l_b": 1.864,
            "rmsd_u_b": 2.252
          },
          {
            "mode": 6,
            "affinity": -3.4,
            "rmsd_l_b": 3.152,
            "rmsd_u_b": 4.64
          },
          {
            "mode": 7,
            "affinity": -3.4,
            "rmsd_l_b": 2.517,
            "rmsd_u_b": 3.162
          },
          {
            "mode": 8,
            "affinity": -3.4,
            "rmsd_l_b": 2.494,
            "rmsd_u_b": 3.177
          },
          {
            "mode": 9,
            "affinity": -3.2,
            "rmsd_l_b": 2.334,
            "rmsd_u_b": 2.74
          }
        ]
      },
      {
        "run": 10,
        "seed": 696137,
        "average": {
          "affinity": -3.489,
          "rmsd_l_b": 2.125,
          "rmsd_u_b": 2.747
        },
        "modes": [
          {
            "mode": 1,
            "affinity": -3.6,
            "rmsd_l_b": 0.0,
            "rmsd_u_b": 0.0
          },
          {
            "mode": 2,
            "affinity": -3.6,
            "rmsd_l_b": 2.44,
            "rmsd_u_b": 3.674
          },
          {
            "mode": 3,
            "affinity": -3.5,
            "rmsd_l_b": 1.658,
            "rmsd_u_b": 2.016
          },
          {
            "mode": 4,
            "affinity": -3.5,
            "rmsd_l_b": 2.335,
            "rmsd_u_b": 2.77
          },
          {
            "mode": 5,
            "affinity": -3.5,
            "rmsd_l_b": 2.268,
            "rmsd_u_b": 2.945
          },
          {
            "mode": 6,
            "affinity": -3.5,
            "rmsd_l_b": 3.44,
            "rmsd_u_b": 4.621
          },
          {
            "mode": 7,
            "affinity": -3.5,
            "rmsd_l_b": 2.239,
            "rmsd_u_b": 2.812
          },
          {
            "mode": 8,
            "affinity": -3.4,
            "rmsd_l_b": 1.891,
            "rmsd_u_b": 2.176
          },
          {
            "mode": 9,
            "affinity": -3.3,
            "rmsd_l_b": 2.858,
            "rmsd_u_b": 3.708
          }
        ]
      },
      {
        "run": 11,
        "seed": 914155,
        "average": {
          "affinity": -3.4,
          "rmsd_l_b": 1.969,
          "rmsd_u_b": 2.47
        },
        "modes": [
          {
            "mode": 1,
            "affinity": -3.6,
            "rmsd_l_b": 0.0,
            "rmsd_u_b": 0.0
          },
          {
            "mode": 2,
            "affinity": -3.6,
            "rmsd_l_b": 2.42,
            "rmsd_u_b": 3.779
          },
          {
            "mode": 3,
            "affinity": -3.5,
            "rmsd_l_b": 1.693,
            "rmsd_u_b": 1.877
          },
          {
            "mode": 4,
            "affinity": -3.5,
            "rmsd_l_b": 2.339,
            "rmsd_u_b": 2.698
          },
          {
            "mode": 5,
            "affinity": -3.5,
            "rmsd_l_b": 2.288,
            "rmsd_u_b": 2.966
          },
          {
            "mode": 6,
            "affinity": -3.4,
            "rmsd_l_b": 1.854,
            "rmsd_u_b": 2.018
          },
          {
            "mode": 7,
            "affinity": -3.2,
            "rmsd_l_b": 1.584,
            "rmsd_u_b": 1.79
          },
          {
            "mode": 8,
            "affinity": -3.2,
            "rmsd_l_b": 2.861,
            "rmsd_u_b": 3.542
          },
          {
            "mode": 9,
            "affinity": -3.1,
            "rmsd_l_b": 2.681,
            "rmsd_u_b": 3.562
          }
        ]
      },
      {
        "run": 12,
        "seed": 479742,
        "average": {
          "affinity": -3.478,
          "rmsd_l_b": 2.115,
          "rmsd_u_b": 2.784
        },
        "modes": [
          {
            "mode": 1,
            "affinity": -3.6,
            "rmsd_l_b": 0.0,
            "rmsd_u_b": 0.0
          },
          {
            "mode": 2,
            "affinity": -3.6,
            "rmsd_l_b": 2.43,
            "rmsd_u_b": 3.694
          },
          {
            "mode": 3,
            "affinity": -3.5,
            "rmsd_l_b": 1.651,
            "rmsd_u_b": 2.047
          },
          {
            "mode": 4,
            "affinity": -3.5,
            "rmsd_l_b": 2.295,
            "rmsd_u_b": 3.049
          },
          {
            "mode": 5,
            "affinity": -3.5,
            "rmsd_l_b": 2.327,
            "rmsd_u_b": 2.759
          },
          {
            "mode": 6,
            "affinity": -3.5,
            "rmsd_l_b": 2.687,
            "rmsd_u_b": 3.391
          },
          {
            "mode": 7,
            "affinity": -3.5,
            "rmsd_l_b": 2.234,
            "rmsd_u_b": 2.803
          },
          {
            "mode": 8,
            "affinity": -3.3,
            "rmsd_l_b": 1.854,
            "rmsd_u_b": 2.395
          },
          {
            "mode": 9,
            "affinity": -3.3,
            "rmsd_l_b": 3.555,
            "rmsd_u_b": 4.92
          }
        ]
      },
      {
        "run": 13,
        "seed": 477103,
        "average": {
          "affinity": -3.467,
          "rmsd_l_b": 2.07,
          "rmsd_u_b": 2.842
        },
        "modes": [
          {
            "mode": 1,
            "affinity": -3.6,
            "rmsd_l_b": 0.0,
            "rmsd_u_b": 0.0
          },
          {
            "mode": 2,
            "affinity": -3.6,
            "rmsd_l_b": 2.424,
            "rmsd_u_b": 3.777
          },
          {
            "mode": 3,
            "affinity": -3.5,
            "rmsd_l_b": 1.696,
            "rmsd_u_b": 1.88
          },
          {
            "mode": 4,
            "affinity": -3.5,
            "rmsd_l_b": 2.343,
            "rmsd_u_b": 2.7
          },
          {
            "mode": 5,
            "affinity": -3.5,
            "rmsd_l_b": 1.887,
            "rmsd_u_b": 2.052
          },
          {
            "mode": 6,
            "affinity": -3.5,
            "rmsd_l_b": 3.459,
            "rmsd_u_b": 4.549
          },
          {
            "mode": 7,
            "affinity": -3.4,
            "rmsd_l_b": 2.186,
            "rmsd_u_b": 2.741
          },
          {
            "mode": 8,
            "affinity": -3.3,
            "rmsd_l_b": 2.923,
            "rmsd_u_b": 3.871
          },
          {
            "mode": 9,
            "affinity": -3.3,
            "rmsd_l_b": 1.711,
            "rmsd_u_b": 4.006
          }
        ]
      },
      {
        "run": 14,
        "seed": 983966,
        "average": {
          "affinity": -3.4,
          "rmsd_l_b": 1.883,
          "rmsd_u_b": 2.892
        },
        "modes": [
          {
            "mode": 1,
            "affinity": -3.6,
            "rmsd_l_b": 0.0,
            "rmsd_u_b": 0.0
          },
          {
            "mode": 2,
            "affinity": -3.6,
            "rmsd_l_b": 2.435,
            "rmsd_u_b": 3.739
          },
          {
            "mode": 3,
            "affinity": -3.5,
            "rmsd_l_b": 1.689,
            "rmsd_u_b": 2.039
          },
          {
            "mode": 4,
            "affinity": -3.5,
            "rmsd_l_b": 2.345,
            "rmsd_u_b": 2.784
          },
          {
            "mode": 5,
            "affinity": -3.5,
            "rmsd_l_b": 2.279,
            "rmsd_u_b": 2.868
          },
          {
            "mode": 6,
            "affinity": -3.3,
            "rmsd_l_b": 1.735,
            "rmsd_u_b": 4.098
          },
          {
            "mode": 7,
            "affinity": -3.2,
            "rmsd_l_b": 1.45,
            "rmsd_u_b": 3.593
          },
          {
            "mode": 8,
            "affinity": -3.2,
            "rmsd_l_b": 2.716,
            "rmsd_u_b": 3.264
          },
          {
            "mode": 9,
            "affinity": -3.2,
            "rmsd_l_b": 2.298,
            "rmsd_u_b": 3.646
          }
        ]
      },
      {
        "run": 15,
        "seed": 773232,
        "average": {
          "affinity": -3.467,
          "rmsd_l_b": 1.988,
          "rmsd_u_b": 2.782
        },
        "modes": [
          {
            "mode": 1,
            "affinity": -3.6,
            "rmsd_l_b": 0.0,
            "rmsd_u_b": 0.0
          },
          {
            "mode": 2,
            "affinity": -3.6,
            "rmsd_l_b": 2.43,
            "rmsd_u_b": 3.668
          },
          {
            "mode": 3,
            "affinity": -3.5,
            "rmsd_l_b": 1.684,
            "rmsd_u_b": 1.863
          },
          {
            "mode": 4,
            "affinity": -3.5,
            "rmsd_l_b": 2.343,
            "rmsd_u_b": 2.629
          },
          {
            "mode": 5,
            "affinity": -3.5,
            "rmsd_l_b": 2.264,
            "rmsd_u_b": 2.907
          },
          {
            "mode": 6,
            "affinity": -3.5,
            "rmsd_l_b": 2.214,
            "rmsd_u_b": 2.837
          },
          {
            "mode": 7,
            "affinity": -3.4,
            "rmsd_l_b": 3.092,
            "rmsd_u_b": 4.535
          },
          {
            "mode": 8,
            "affinity": -3.3,
            "rmsd_l_b": 2.197,
            "rmsd_u_b": 2.429
          },
          {
            "mode": 9,
            "affinity": -3.3,
            "rmsd_l_b": 1.666,
            "rmsd_u_b": 4.166
          }
        ]
      },
      {
        "run": 16,
        "seed": 52377,
        "average": {
          "affinity": -3.5,
          "rmsd_l_b": 1.922,
          "rmsd_u_b": 2.586
        },
        "modes": [
          {
            "mode": 1,
            "affinity": -3.6,
            "rmsd_l_b": 0.0,
            "rmsd_u_b": 0.0
          },
          {
            "mode": 2,
            "affinity": -3.6,
            "rmsd_l_b": 2.427,
            "rmsd_u_b": 3.672
          },
          {
            "mode": 3,
            "affinity": -3.5,
            "rmsd_l_b": 1.668,
            "rmsd_u_b": 2.221
          },
          {
            "mode": 4,
            "affinity": -3.5,
            "rmsd_l_b": 2.333,
            "rmsd_u_b": 2.838
          },
          {
            "mode": 5,
            "affinity": -3.5,
            "rmsd_l_b": 2.254,
            "rmsd_u_b": 2.894
          },
          {
            "mode": 6,
            "affinity": -3.5,
            "rmsd_l_b": 2.259,
            "rmsd_u_b": 3.484
          },
          {
            "mode": 7,
            "affinity": -3.5,
            "rmsd_l_b": 1.009,
            "rmsd_u_b": 1.39
          },
          {
            "mode": 8,
            "affinity": -3.4,
            "rmsd_l_b": 3.515,
            "rmsd_u_b": 4.638
          },
          {
            "mode": 9,
            "affinity": -3.4,
            "rmsd_l_b": 1.83,
            "rmsd_u_b": 2.133
          }
        ]
      },
      {
        "run": 17,
        "seed": 709455,
        "average": {
          "affinity": -3.433,
          "rmsd_l_b": 2.144,
          "rmsd_u_b": 2.848
        },
        "modes": [
          {
            "mode": 1,
            "affinity": -3.6,
            "rmsd_l_b": 0.0,
            "rmsd_u_b": 0.0
          },
          {
            "mode": 2,
            "affinity": -3.6,
            "rmsd_l_b": 2.452,
            "rmsd_u_b": 3.695
          },
          {
            "mode": 3,
            "affinity": -3.6,
            "rmsd_l_b": 2.343,
            "rmsd_u_b": 2.867
          },
          {
            "mode": 4,
            "affinity": -3.5,
            "rmsd_l_b": 2.332,
            "rmsd_u_b": 2.609
          },
          {
            "mode": 5,
            "affinity": -3.5,
            "rmsd_l_b": 2.388,
            "rmsd_u_b": 3.631
          },
          {
            "mode": 6,
            "affinity": -3.3,
            "rmsd_l_b": 2.759,
            "rmsd_u_b": 3.64
          },
          {
            "mode": 7,
            "affinity": -3.3,
            "rmsd_l_b": 2.121,
            "rmsd_u_b": 2.494
          },
          {
            "mode": 8,
            "affinity": -3.3,
            "rmsd_l_b": 3.383,
            "rmsd_u_b": 4.965
          },
          {
            "mode": 9,
            "affinity": -3.2,
            "rmsd_l_b": 1.514,
            "rmsd_u_b": 1.735
          }
        ]
      },
      {
        "run": 18,
        "seed": 671970,
        "average": {
          "affinity": -3.456,
          "rmsd_l_b": 2.05,
          "rmsd_u_b": 2.744
        },
        "modes": [
          {
            "mode": 1,
            "affinity": -3.6,
            "rmsd_l_b": 0.0,
            "rmsd_u_b": 0.0
          },
          {
            "mode": 2,
            "affinity": -3.6,
            "rmsd_l_b": 2.435,
            "rmsd_u_b": 3.773
          },
          {
            "mode": 3,
            "affinity": -3.5,
            "rmsd_l_b": 1.652,
            "rmsd_u_b": 2.009
          },
          {
            "mode": 4,
            "affinity": -3.5,
            "rmsd_l_b": 2.294,
            "rmsd_u_b": 3.006
          },
          {
            "mode": 5,
            "affinity": -3.5,
            "rmsd_l_b": 3.541,
            "rmsd_u_b": 4.64
          },
          {
            "mode": 6,
            "affinity": -3.4,
            "rmsd_l_b": 2.436,
            "rmsd_u_b": 3.103
          },
          {
            "mode": 7,
            "affinity": -3.4,
            "rmsd_l_b": 2.908,
            "rmsd_u_b": 3.792
          },
          {
            "mode": 8,
            "affinity": -3.3,
            "rmsd_l_b": 2.262,
            "rmsd_u_b": 2.85
          },
          {
            "mode": 9,
            "affinity": -3.3,
            "rmsd_l_b": 0.921,
            "rmsd_u_b": 1.526
          }
        ]
      },
      {
        "run": 19,
        "seed": 592234,
        "average": {
          "affinity": -3.467,
          "rmsd_l_b": 2.027,
          "rmsd_u_b": 2.858
        },
        "modes": [
          {
            "mode": 1,
            "affinity": -3.6,
            "rmsd_l_b": 0.0,
            "rmsd_u_b": 0.0
          },
          {
            "mode": 2,
            "affinity": -3.6,
            "rmsd_l_b": 2.427,
            "rmsd_u_b": 3.846
          },
          {
            "mode": 3,
            "affinity": -3.6,
            "rmsd_l_b": 1.68,
            "rmsd_u_b": 2.067
          },
          {
            "mode": 4,
            "affinity": -3.5,
            "rmsd_l_b": 2.338,
            "rmsd_u_b": 2.616
          },
          {
            "mode": 5,
            "affinity": -3.5,
            "rmsd_l_b": 2.673,
            "rmsd_u_b": 3.45
          },
          {
            "mode": 6,
            "affinity": -3.5,
            "rmsd_l_b": 2.249,
            "rmsd_u_b": 2.781
          },
          {
            "mode": 7,
            "affinity": -3.4,
            "rmsd_l_b": 2.588,
            "rmsd_u_b": 2.991
          },
          {
            "mode": 8,
            "affinity": -3.3,
            "rmsd_l_b": 2.604,
            "rmsd_u_b": 3.696
          },
          {
            "mode": 9,
            "affinity": -3.2,
            "rmsd_l_b": 1.685,
            "rmsd_u_b": 4.272
          }
        ]
      },
      {
        "run": 20,
        "seed": 394692,
        "average": {
          "affinity": -3.422,
          "rmsd_l_b": 2.428,
          "rmsd_u_b": 3.335
        },
        "modes": [
          {
            "mode": 1,
            "affinity": -3.6,
            "rmsd_l_b": 0.0,
            "rmsd_u_b": 0.0
          },
          {
            "mode": 2,
            "affinity": -3.6,
            "rmsd_l_b": 2.421,
            "rmsd_u_b": 3.756
          },
          {
            "mode": 3,
            "affinity": -3.5,
            "rmsd_l_b": 1.694,
            "rmsd_u_b": 2.055
          },
          {
            "mode": 4,
            "affinity": -3.5,
            "rmsd_l_b": 2.267,
            "rmsd_u_b": 2.994
          },
          {
            "mode": 5,
            "affinity": -3.5,
            "rmsd_l_b": 3.433,
            "rmsd_u_b": 4.621
          },
          {
            "mode": 6,
            "affinity": -3.4,
            "rmsd_l_b": 2.452,
            "rmsd_u_b": 2.688
          },
          {
            "mode": 7,
            "affinity": -3.3,
            "rmsd_l_b": 2.927,
            "rmsd_u_b": 3.901
          },
          {
            "mode": 8,
            "affinity": -3.2,
            "rmsd_l_b": 4.536,
            "rmsd_u_b": 6.171
          },
          {
            "mode": 9,
            "affinity": -3.2,
            "rmsd_l_b": 2.123,
            "rmsd_u_b": 3.828
          }
        ]
      }
    ]
  }
}