{
  "rmsd": 4.496,
  "rmsd_method": "C-alpha coordinates",
  "rmsd_tool": "BioPython",
  "docking": {
    "average_affinity": -4.287,
    "runs": [
      {
        "run": 1,
        "seed": 13710,
        "average": {
          "affinity": -4.278,
          "rmsd_l_b": 4.018,
          "rmsd_u_b": 7.039
        },
        "modes": [
          {
            "mode": 1,
            "affinity": -4.7,
            "rmsd_l_b": 0.0,
            "rmsd_u_b": 0.0
          },
          {
            "mode": 2,
            "affinity": -4.7,
            "rmsd_l_b": 1.113,
            "rmsd_u_b": 1.806
          },
          {
            "mode": 3,
            "affinity": -4.3,
            "rmsd_l_b": 1.699,
            "rmsd_u_b": 3.63
          },
          {
            "mode": 4,
            "affinity": -4.3,
            "rmsd_l_b": 9.528,
            "rmsd_u_b": 10.157
          },
          {
            "mode": 5,
            "affinity": -4.2,
            "rmsd_l_b": 3.427,
            "rmsd_u_b": 8.797
          },
          {
            "mode": 6,
            "affinity": -4.1,
            "rmsd_l_b": 3.482,
            "rmsd_u_b": 8.903
          },
          {
            "mode": 7,
            "affinity": -4.1,
            "rmsd_l_b": 3.46,
            "rmsd_u_b": 9.02
          },
          {
            "mode": 8,
            "affinity": -4.1,
            "rmsd_l_b": 3.547,
            "rmsd_u_b": 9.557
          },
          {
            "mode": 9,
            "affinity": -4.0,
            "rmsd_l_b": 9.908,
            "rmsd_u_b": 11.482
          }
        ]
      },
      {
        "run": 2,
        "seed": 550019,
        "average": {
          "affinity": -4.211,
          "rmsd_l_b": 5.159,
          "rmsd_u_b": 6.729
        },
        "modes": [
          {
            "mode": 1,
            "affinity": -4.7,
            "rmsd_l_b": 0.0,
            "rmsd_u_b": 0.0
          },
          {
            "mode": 2,
            "affinity": -4.6,
            "rmsd_l_b": 1.087,
            "rmsd_u_b": 1.865
          },
          {
            "mode": 3,
            "affinity": -4.3,
            "rmsd_l_b": 9.464,
            "rmsd_u_b": 10.128
          },
          {
            "mode": 4,
            "affinity": -4.3,
            "rmsd_l_b": 1.847,
            "rmsd_u_b": 3.802
          },
          {
            "mode": 5,
            "affinity": -4.2,
            "rmsd_l_b": 1.32,
            "rmsd_u_b": 1.743
          },
          {
            "mode": 6,
            "affinity": -4.1,
            "rmsd_l_b": 3.573,
            "rmsd_u_b": 9.528
          },
          {
            "mode": 7,
            "affinity": -4.0,
            "rmsd_l_b": 10.078,
            "rmsd_u_b": 11.56
          },
          {
            "mode": 8,
            "affinity": -3.9,
            "rmsd_l_b": 9.217,
            "rmsd_u_b": 11.06
          },
          {
            "mode": 9,
            "affinity": -3.8,
            "rmsd_l_b": 9.844,
            "rmsd_u_b": 10.871
          }
        ]
      },
      {
        "run": 3,
        "seed": 952835,
        "average": {
          "affinity": -4.3,
          "rmsd_l_b": 3.108,
          "rmsd_u_b": 5.365
        },
        "modes": [
          {
            "mode": 1,
            "affinity": -4.7,
            "rmsd_l_b": 0.0,
            "rmsd_u_b": 0.0
          },
          {
            "mode": 2,
            "affinity": -4.6,
            "rmsd_l_b": 1.113,
            "rmsd_u_b": 1.895
          },
          {
            "mode": 3,
            "affinity": -4.4,
            "rmsd_l_b": 3.437,
            "rmsd_u_b": 8.904
          },
          {
            "mode": 4,
            "affinity": -4.3,
            "rmsd_l_b": 9.611,
            "rmsd_u_b": 10.195
          },
          {
            "mode": 5,
            "affinity": -4.2,
            "rmsd_l_b": 1.855,
            "rmsd_u_b": 3.779
          },
          {
            "mode": 6,
            "affinity": -4.2,
            "rmsd_l_b": 3.508,
            "rmsd_u_b": 8.903
          },
          {
            "mode": 7,
            "affinity": -4.1,
            "rmsd_l_b": 1.624,
            "rmsd_u_b": 2.952
          },
          {
            "mode": 8,
            "affinity": -4.1,
            "rmsd_l_b": 1.0,
            "rmsd_u_b": 2.108
          },
          {
            "mode": 9,
            "affinity": -4.1,
            "rmsd_l_b": 5.828,
            "rmsd_u_b": 9.549
          }
        ]
      },
      {
        "run": 4,
        "seed": 941262,
        "average": {
          "affinity": -4.222,
          "rmsd_l_b": 4.34,
          "rmsd_u_b": 6.787
        },
        "modes": [
          {
            "mode": 1,
            "affinity": -4.7,
            "rmsd_l_b": 0.0,
            "rmsd_u_b": 0.0
          },
          {
            "mode": 2,
            "affinity": -4.6,
            "rmsd_l_b": 1.163,
            "rmsd_u_b": 1.85
          },
          {
            "mode": 3,
            "affinity": -4.3,
            "rmsd_l_b": 1.275,
            "rmsd_u_b": 1.961
          },
          {
            "mode": 4,
            "affinity": -4.2,
            "rmsd_l_b": 9.683,
            "rmsd_u_b": 10.159
          },
          {
            "mode": 5,
            "affinity": -4.1,
            "rmsd_l_b": 3.653,
            "rmsd_u_b": 8.854
          },
          {
            "mode": 6,
            "affinity": -4.1,
            "rmsd_l_b": 3.422,
            "rmsd_u_b": 9.021
          },
          {
            "mode": 7,
            "affinity": -4.0,
            "rmsd_l_b": 4.129,
            "rmsd_u_b": 9.196
          },
          {
            "mode": 8,
            "affinity": -4.0,
            "rmsd_l_b": 5.716,
            "rmsd_u_b": 8.522
          },
          {
            "mode": 9,
            "affinity": -4.0,
            "rmsd_l_b": 10.022,
            "rmsd_u_b": 11.519
          }
        ]
      },
      {
        "run": 5,
        "seed": 318361,
        "average": {
          "affinity": -4.278,
          "rmsd_l_b": 3.121,
          "rmsd_u_b": 6.035
        },
        "modes": [
          {
            "mode": 1,
            "affinity": -4.7,
            "rmsd_l_b": 0.0,
            "rmsd_u_b": 0.0
          },
          {
            "mode": 2,
            "affinity": -4.6,
            "rmsd_l_b": 1.119,
            "rmsd_u_b": 1.799
          },
          {
            "mode": 3,
            "affinity": -4.3,
            "rmsd_l_b": 3.382,
            "rmsd_u_b": 8.927
          },
          {
            "mode": 4,
            "affinity": -4.2,
            "rmsd_l_b": 1.764,
            "rmsd_u_b": 3.683
          },
          {
            "mode": 5,
            "affinity": -4.2,
            "rmsd_l_b": 9.619,
            "rmsd_u_b": 10.155
          },
          {
            "mode": 6,
            "affinity": -4.2,
            "rmsd_l_b": 3.674,
            "rmsd_u_b": 9.455
          },
          {
            "mode": 7,
            "affinity": -4.1,
            "rmsd_l_b": 3.533,
            "rmsd_u_b": 8.741
          },
          {
            "mode": 8,
            "affinity": -4.1,
            "rmsd_l_b": 1.52,
            "rmsd_u_b": 2.633
          },
          {
            "mode": 9,
            "affinity": -4.1,
            "rmsd_l_b": 3.481,
            "rmsd_u_b": 8.921
          }
        ]
      },
      {
        "run": 6,
        "seed": 434211,
        "average": {
          "affinity": -4.289,
          "rmsd_l_b": 3.645,
          "rmsd_u_b": 6.832
        },
        "modes": [
          {
            "mode": 1,
            "affinity": -4.7,
            "rmsd_l_b": 0.0,
            "rmsd_u_b": 0.0
          },
          {
            "mode": 2,
            "affinity": -4.6,
            "rmsd_l_b": 1.103,
            "rmsd_u_b": 1.826
          },
          {
            "mode": 3,
            "affinity": -4.3,
            "rmsd_l_b": 3.434,
            "rmsd_u_b": 8.911
          },
          {
            "mode": 4,
            "affinity": -4.3,
            "rmsd_l_b": 9.5,
            "rmsd_u_b": 10.142
          },
          {
            "mode": 5,
            "affinity": -4.3,
            "rmsd_l_b": 1.733,
            "rmsd_u_b": 3.685
          },
          {
            "mode": 6,
            "affinity": -4.2,
            "rmsd_l_b": 3.476,
            "rmsd_u_b": 8.716
          },
          {
            "mode": 7,
            "affinity": -4.1,
            "rmsd_l_b": 3.684,
            "rmsd_u_b": 9.457
          },
          {
            "mode": 8,
            "affinity": -4.1,
            "rmsd_l_b": 5.748,
            "rmsd_u_b": 9.631
          },
          {
            "mode": 9,
            "affinity": -4.0,
            "rmsd_l_b": 4.124,
            "rmsd_u_b": 9.124
          }
        ]
      },
      {
        "run": 7,
        "seed": 991744,
        "average": {
          "affinity": -4.322,
          "rmsd_l_b": 2.984,
          "rmsd_u_b": 5.195
        },
        "modes": [
          {
            "mode": 1,
            "affinity": -4.8,
            "rmsd_l_b": 0.0,
            "rmsd_u_b": 0.0
          },
          {
            "mode": 2,
            "affinity": -4.7,
            "rmsd_l_b": 1.111,
            "rmsd_u_b": 1.831
          },
          {
            "mode": 3,
            "affinity": -4.3,
            "rmsd_l_b": 9.6,
            "rmsd_u_b": 10.115
          },
          {
            "mode": 4,
            "affinity": -4.3,
            "rmsd_l_b": 2.034,
            "rmsd_u_b": 2.553
          },
          {
            "mode": 5,
            "affinity": -4.2,
            "rmsd_l_b": 1.774,
            "rmsd_u_b": 3.711
          },
          {
            "mode": 6,
            "affinity": -4.2,
            "rmsd_l_b": 3.469,
            "rmsd_u_b": 8.751
          },
          {
            "mode": 7,
            "affinity": -4.2,
            "rmsd_l_b": 3.682,
            "rmsd_u_b": 9.469
          },
          {
            "mode": 8,
            "affinity": -4.2,
            "rmsd_l_b": 1.473,
            "rmsd_u_b": 2.157
          },
          {
            "mode": 9,
            "affinity": -4.0,
            "rmsd_l_b": 3.716,
            "rmsd_u_b": 8.164
          }
        ]
      },
      {
        "run": 8,
        "seed": 998984,
        "average": {
          "affinity": -4.3,
          "rmsd_l_b": 3.059,
          "rmsd_u_b": 5.925
        },
        "modes": [
          {
            "mode": 1,
            "affinity": -4.7,
            "rmsd_l_b": 0.0,
            "rmsd_u_b": 0.0
          },
          {
            "mode": 2,
            "affinity": -4.6,
            "rmsd_l_b": 1.172,
            "rmsd_u_b": 1.72
          },
          {
            "mode": 3,
            "affinity": -4.4,
            "rmsd_l_b": 1.146,
            "rmsd_u_b": 1.981
          },
          {
            "mode": 4,
            "affinity": -4.3,
            "rmsd_l_b": 1.701,
            "rmsd_u_b": 3.614
          },
          {
            "mode": 5,
            "affinity": -4.2,
            "rmsd_l_b": 3.54,
            "rmsd_u_b": 8.722
          },
          {
            "mode": 6,
            "affinity": -4.2,
            "rmsd_l_b": 3.697,
            "rmsd_u_b": 9.467
          },
          {
            "mode": 7,
            "affinity": -4.1,
            "rmsd_l_b": 3.419,
            "rmsd_u_b": 8.92
          },
          {
            "mode": 8,
            "affinity": -4.1,
            "rmsd_l_b": 3.471,
            "rmsd_u_b": 8.937
          },
          {
            "mode": 9,
            "affinity": -4.1,
            "rmsd_l_b": 9.384,
            "rmsd_u_b": 9.967
          }
        ]
      },
      {
        "run": 9,
        "seed": 929933,
        "average": {
          "affinity": -4.3,
          "rmsd_l_b": 2.584,
          "rmsd_u_b": 4.386
        },
        "modes": [
          {
            "mode": 1,
            "affinity": -4.7,
            "rmsd_l_b": 0.0,
            "rmsd_u_b": 0.0
          },
          {
            "mode": 2,
            "affinity": -4.7,
            "rmsd_l_b": 1.125,
            "rmsd_u_b": 1.776
          },
          {
            "mode": 3,
            "affinity": -4.2,
            "rmsd_l_b": 9.472,
            "rmsd_u_b": 10.086
          },
          {
            "mode": 4,
            "affinity": -4.2,
            "rmsd_l_b": 0.809,
            "rmsd_u_b": 2.076
          },
          {
            "mode": 5,
            "affinity": -4.2,
            "rmsd_l_b": 1.944,
            "rmsd_u_b": 3.851
          },
          {
            "mode": 6,
            "affinity": -4.2,
            "rmsd_l_b": 1.512,
            "rmsd_u_b": 2.043
          },
          {
            "mode": 7,
            "affinity": -4.2,
            "rmsd_l_b": 3.541,
            "rmsd_u_b": 8.895
          },
          {
            "mode": 8,
            "affinity": -4.2,
            "rmsd_l_b": 1.367,
            "rmsd_u_b": 1.784
          },
          {
            "mode": 9,
            "affinity": -4.1,
            "rmsd_l_b": 3.483,
            "rmsd_u_b": 8.961
          }
        ]
      },
      {
        "run": 10,
        "seed": 933768,
        "average": {
          "affinity": -4.256,
          "rmsd_l_b": 4.047,
          "rmsd_u_b": 7.04
        },
        "modes": [
          {
            "mode": 1,
            "affinity": -4.7,
            "rmsd_l_b": 0.0,
            "rmsd_u_b": 0.0
          },
          {
            "mode": 2,
            "affinity": -4.7,
            "rmsd_l_b": 1.131,
            "rmsd_u_b": 1.86
          },
          {
            "mode": 3,
            "affinity": -4.3,
            "rmsd_l_b": 1.745,
            "rmsd_u_b": 3.684
          },
          {
            "mode": 4,
            "affinity": -4.3,
            "rmsd_l_b": 9.437,
            "rmsd_u_b": 10.098
          },
          {
            "mode": 5,
            "affinity": -4.2,
            "rmsd_l_b": 3.389,
            "rmsd_u_b": 8.935
          },
          {
            "mode": 6,
            "affinity": -4.1,
            "rmsd_l_b": 3.5,
            "rmsd_u_b": 8.882
          },
          {
            "mode": 7,
            "affinity": -4.1,
            "rmsd_l_b": 3.668,
            "rmsd_u_b": 8.874
          },
          {
            "mode": 8,
            "affinity": -4.0,
            "rmsd_l_b": 3.559,
            "rmsd_u_b": 9.492
          },
          {
            "mode": 9,
            "affinity": -3.9,
            "rmsd_l_b": 9.992,
            "rmsd_u_b": 11.539
          }
        ]
      },
      {
        "run": 11,
        "seed": 25468,
        "average": {
          "affinity": -4.289,
          "rmsd_l_b": 3.122,
          "rmsd_u_b": 6.021
        },
        "modes": [
          {
            "mode": 1,
            "affinity": -4.7,
            "rmsd_l_b": 0.0,
            "rmsd_u_b": 0.0
          },
          {
            "mode": 2,
            "affinity": -4.6,
            "rmsd_l_b": 1.147,
            "rmsd_u_b": 1.767
          },
          {
            "mode": 3,
            "affinity": -4.3,
            "rmsd_l_b": 3.381,
            "rmsd_u_b": 8.937
          },
          {
            "mode": 4,
            "affinity": -4.2,
            "rmsd_l_b": 9.63,
            "rmsd_u_b": 10.244
          },
          {
            "mode": 5,
            "affinity": -4.2,
            "rmsd_l_b": 3.505,
            "rmsd_u_b": 8.889
          },
          {
            "mode": 6,
            "affinity": -4.2,
            "rmsd_l_b": 3.481,
            "rmsd_u_b": 8.742
          },
          {
            "mode": 7,
            "affinity": -4.2,
            "rmsd_l_b": 1.804,
            "rmsd_u_b": 3.818
          },
          {
            "mode": 8,
            "affinity": -4.1,
            "rmsd_l_b": 3.676,
            "rmsd_u_b": 9.495
          },
          {
            "mode": 9,
            "affinity": -4.1,
            "rmsd_l_b": 1.476,
            "rmsd_u_b": 2.298
          }
        ]
      },
      {
        "run": 12,
        "seed": 216249,
        "average": {
          "affinity": -4.289,
          "rmsd_l_b": 4.046,
          "rmsd_u_b": 7.022
        },
        "modes": [
          {
            "mode": 1,
            "affinity": -4.7,
            "rmsd_l_b": 0.0,
            "rmsd_u_b": 0.0
          },
          {
            "mode": 2,
            "affinity": -4.7,
            "rmsd_l_b": 1.144,
            "rmsd_u_b": 1.83
          },
          {
            "mode": 3,
            "affinity": -4.3,
            "rmsd_l_b": 9.485,
            "rmsd_u_b": 10.131
          },
          {
            "mode": 4,
            "affinity": -4.3,
            "rmsd_l_b": 1.705,
            "rmsd_u_b": 3.644
          },
          {
            "mode": 5,
            "affinity": -4.2,
            "rmsd_l_b": 3.554,
            "rmsd_u_b": 8.751
          },
          {
            "mode": 6,
            "affinity": -4.2,
            "rmsd_l_b": 3.506,
            "rmsd_u_b": 8.908
          },
          {
            "mode": 7,
            "affinity": -4.2,
            "rmsd_l_b": 3.716,
            "rmsd_u_b": 9.475
          },
          {
            "mode": 8,
            "affinity": -4.0,
            "rmsd_l_b": 3.367,
            "rmsd_u_b": 8.946
          },
          {
            "mode": 9,
            "affinity": -4.0,
            "rmsd_l_b": 9.934,
            "rmsd_u_b": 11.515
          }
        ]
      },
      {
        "run": 13,
        "seed": 393793,
        "average": {
          "affinity": -4.256,
          "rmsd_l_b": 2.858,
          "rmsd_u_b": 5.271
        },
        "modes": [
          {
            "mode": 1,
            "affinity": -4.7,
            "rmsd_l_b": 0.0,
            "rmsd_u_b": 0.0
          },
          {
            "mode": 2,
            "affinity": -4.6,
            "rmsd_l_b": 1.169,
            "rmsd_u_b": 1.751
          },
          {
            "mode": 3,
            "affinity": -4.2,
            "rmsd_l_b": 3.576,
            "rmsd_u_b": 8.746
          },
          {
            "mode": 4,
            "affinity": -4.2,
            "rmsd_l_b": 3.687,
            "rmsd_u_b": 9.425
          },
          {
            "mode": 5,
            "affinity": -4.2,
            "rmsd_l_b": 3.6,
            "rmsd_u_b": 8.887
          },
          {
            "mode": 6,
            "affinity": -4.1,
            "rmsd_l_b": 1.819,
            "rmsd_u_b": 3.729
          },
          {
            "mode": 7,
            "affinity": -4.1,
            "rmsd_l_b": 1.563,
            "rmsd_u_b": 2.853
          },
          {
            "mode": 8,
            "affinity": -4.1,
            "rmsd_l_b": 9.354,
            "rmsd_u_b": 9.971
          },
          {
            "mode": 9,
            "affinity": -4.1,
            "rmsd_l_b": 0.95,
            "rmsd_u_b": 2.079
          }
        ]
      },
      {
        "run": 14,
        "seed": 719936,
        "average": {
          "affinity": -4.311,
          "rmsd_l_b": 1.986,
          "rmsd_u_b": 4.491
        },
        "modes": [
          {
            "mode": 1,
            "affinity": -4.7,
            "rmsd_l_b": 0.0,
            "rmsd_u_b": 0.0
          },
          {
            "mode": 2,
            "affinity": -4.6,
            "rmsd_l_b": 1.101,
            "rmsd_u_b": 1.847
          },
          {
            "mode": 3,
            "affinity": -4.4,
            "rmsd_l_b": 1.837,
            "rmsd_u_b": 2.74
          },
          {
            "mode": 4,
            "affinity": -4.3,
            "rmsd_l_b": 1.822,
            "rmsd_u_b": 3.727
          },
          {
            "mode": 5,
            "affinity": -4.2,
            "rmsd_l_b": 0.855,
            "rmsd_u_b": 2.051
          },
          {
            "mode": 6,
            "affinity": -4.2,
            "rmsd_l_b": 3.548,
            "rmsd_u_b": 8.726
          },
          {
            "mode": 7,
            "affinity": -4.2,
            "rmsd_l_b": 3.563,
            "rmsd_u_b": 8.891
          },
          {
            "mode": 8,
            "affinity": -4.1,
            "rmsd_l_b": 3.537,
            "rmsd_u_b": 9.594
          },
          {
            "mode": 9,
            "affinity": -4.1,
            "rmsd_l_b": 1.615,
            "rmsd_u_b": 2.842
          }
        ]
      },
      {
        "run": 15,
        "seed": 106846,
        "average": {
          "affinity": -4.333,
          "rmsd_l_b": 3.043,
          "rmsd_u_b": 5.891
        },
        "modes": [
          {
            "mode": 1,
            "affinity": -4.7,
            "rmsd_l_b": 0.0,
            "rmsd_u_b": 0.0
          },
          {
            "mode": 2,
            "affinity": -4.7,
            "rmsd_l_b": 1.114,
            "rmsd_u_b": 1.82
          },
          {
            "mode": 3,
            "affinity": -4.3,
            "rmsd_l_b": 3.461,
            "rmsd_u_b": 8.901
          },
          {
            "mode": 4,
            "affinity": -4.3,
            "rmsd_l_b": 9.571,
            "rmsd_u_b": 10.191
          },
          {
            "mode": 5,
            "affinity": -4.2,
            "rmsd_l_b": 3.485,
            "rmsd_u_b": 8.751
          },
          {
            "mode": 6,
            "affinity": -4.2,
            "rmsd_l_b": 3.544,
            "rmsd_u_b": 8.899
          },
          {
            "mode": 7,
            "affinity": -4.2,
            "rmsd_l_b": 1.635,
            "rmsd_u_b": 2.963
          },
          {
            "mode": 8,
            "affinity": -4.2,
            "rmsd_l_b": 0.845,
            "rmsd_u_b": 2.027
          },
          {
            "mode": 9,
            "affinity": -4.2,
            "rmsd_l_b": 3.731,
            "rmsd_u_b": 9.469
          }
        ]
      },
      {
        "run": 16,
        "seed": 483458,
        "average": {
          "affinity": -4.289,
          "rmsd_l_b": 3.164,
          "rmsd_u_b": 6.048
        },
        "modes": [
          {
            "mode": 1,
            "affinity": -4.7,
            "rmsd_l_b": 0.0,
            "rmsd_u_b": 0.0
          },
          {
            "mode": 2,
            "affinity": -4.7,
            "rmsd_l_b": 1.119,
            "rmsd_u_b": 1.816
          },
          {
            "mode": 3,
            "affinity": -4.2,
            "rmsd_l_b": 3.476,
            "rmsd_u_b": 8.742
          },
          {
            "mode": 4,
            "affinity": -4.2,
            "rmsd_l_b": 1.618,
            "rmsd_u_b": 3.571
          },
          {
            "mode": 5,
            "affinity": -4.2,
            "rmsd_l_b": 3.503,
            "rmsd_u_b": 8.952
          },
          {
            "mode": 6,
            "affinity": -4.2,
            "rmsd_l_b": 3.657,
            "rmsd_u_b": 9.456
          },
          {
            "mode": 7,
            "affinity": -4.2,
            "rmsd_l_b": 9.38,
            "rmsd_u_b": 10.015
          },
          {
            "mode": 8,
            "affinity": -4.1,
            "rmsd_l_b": 3.439,
            "rmsd_u_b": 8.914
          },
          {
            "mode": 9,
            "affinity": -4.1,
            "rmsd_l_b": 2.281,
            "rmsd_u_b": 2.964
          }
        ]
      },
      {
        "run": 17,
        "seed": 780018,
        "average": {
          "affinity": -4.289,
          "rmsd_l_b": 4.32,
          "rmsd_u_b": 7.097
        },
        "modes": [
          {
            "mode": 1,
            "affinity": -4.7,
            "rmsd_l_b": 0.0,
            "rmsd_u_b": 0.0
          },
          {
            "mode": 2,
            "affinity": -4.6,
            "rmsd_l_b": 1.135,
            "rmsd_u_b": 1.77
          },
          {
            "mode": 3,
            "affinity": -4.3,
            "rmsd_l_b": 9.535,
            "rmsd_u_b": 10.181
          },
          {
            "mode": 4,
            "affinity": -4.3,
            "rmsd_l_b": 1.759,
            "rmsd_u_b": 3.701
          },
          {
            "mode": 5,
            "affinity": -4.2,
            "rmsd_l_b": 3.506,
            "rmsd_u_b": 8.748
          },
          {
            "mode": 6,
            "affinity": -4.2,
            "rmsd_l_b": 3.678,
            "rmsd_u_b": 9.44
          },
          {
            "mode": 7,
            "affinity": -4.2,
            "rmsd_l_b": 3.539,
            "rmsd_u_b": 8.905
          },
          {
            "mode": 8,
            "affinity": -4.1,
            "rmsd_l_b": 5.815,
            "rmsd_u_b": 9.612
          },
          {
            "mode": 9,
            "affinity": -4.0,
            "rmsd_l_b": 9.916,
            "rmsd_u_b": 11.52
          }
        ]
      },
      {
        "run": 18,
        "seed": 992101,
        "average": {
          "affinity": -4.322,
          "rmsd_l_b": 2.946,
          "rmsd_u_b": 5.702
        },
        "modes": [
          {
            "mode": 1,
            "affinity": -4.7,
            "rmsd_l_b": 0.0,
            "rmsd_u_b": 0.0
          },
          {
            "mode": 2,
            "affinity": -4.6,
            "rmsd_l_b": 1.119,
            "rmsd_u_b": 1.827
          },
          {
            "mode": 3,
            "affinity": -4.4,
            "rmsd_l_b": 0.804,
            "rmsd_u_b": 1.224
          },
          {
            "mode": 4,
            "affinity": -4.3,
            "rmsd_l_b": 3.443,
            "rmsd_u_b": 8.919
          },
          {
            "mode": 5,
            "affinity": -4.2,
            "rmsd_l_b": 0.869,
            "rmsd_u_b": 2.053
          },
          {
            "mode": 6,
            "affinity": -4.2,
            "rmsd_l_b": 3.476,
            "rmsd_u_b": 8.734
          },
          {
            "mode": 7,
            "affinity": -4.2,
            "rmsd_l_b": 9.558,
            "rmsd_u_b": 10.195
          },
          {
            "mode": 8,
            "affinity": -4.2,
            "rmsd_l_b": 3.566,
            "rmsd_u_b": 8.89
          },
          {
            "mode": 9,
            "affinity": -4.1,
            "rmsd_l_b": 3.683,
            "rmsd_u_b": 9.473
          }
        ]
      },
      {
        "run": 19,
        "seed": 367973,
        "average": {
          "affinity": -4.311,
          "rmsd_l_b": 3.146,
          "rmsd_u_b": 5.975
        },
        "modes": [
          {
            "mode": 1,
            "affinity": -4.7,
            "rmsd_l_b": 0.0,
            "rmsd_u_b": 0.0
          },
          {
            "mode": 2,
            "affinity": -4.7,
            "rmsd_l_b": 1.156,
            "rmsd_u_b": 1.756
          },
          {
            "mode": 3,
            "affinity": -4.3,
            "rmsd_l_b": 3.491,
            "rmsd_u_b": 8.904
          },
          {
            "mode": 4,
            "affinity": -4.3,
            "rmsd_l_b": 1.811,
            "rmsd_u_b": 3.742
          },
          {
            "mode": 5,
            "affinity": -4.2,
            "rmsd_l_b": 3.489,
            "rmsd_u_b": 8.737
          },
          {
            "mode": 6,
            "affinity": -4.2,
            "rmsd_l_b": 3.457,
            "rmsd_u_b": 8.896
          },
          {
            "mode": 7,
            "affinity": -4.2,
            "rmsd_l_b": 1.457,
            "rmsd_u_b": 1.876
          },
          {
            "mode": 8,
            "affinity": -4.1,
            "rmsd_l_b": 3.667,
            "rmsd_u_b": 9.446
          },
          {
            "mode": 9,
            "affinity": -4.1,
            "rmsd_l_b": 9.788,
            "rmsd_u_b": 10.414
          }
        ]
      },
      {
        "run": 20,
        "seed": 986892,
        "average": {
          "affinity": -4.289,
          "rmsd_l_b": 3.1,
          "rmsd_u_b": 6.057
        },
        "modes": [
          {
            "mode": 1,
            "affinity": -4.7,
            "rmsd_l_b": 0.0,
            "rmsd_u_b": 0.0
          },
          {
            "mode": 2,
            "affinity": -4.6,
            "rmsd_l_b": 1.114,
            "rmsd_u_b": 1.917
          },
          {
            "mode": 3,
            "affinity": -4.3,
            "rmsd_l_b": 1.735,
            "rmsd_u_b": 3.641
          },
          {
            "mode": 4,
            "affinity": -4.2,
            "rmsd_l_b": 3.511,
            "rmsd_u_b": 8.751
          },
          {
            "mode": 5,
            "affinity": -4.2,
            "rmsd_l_b": 3.429,
            "rmsd_u_b": 8.933
          },
          {
            "mode": 6,
            "affinity": -4.2,
            "rmsd_l_b": 3.514,
            "rmsd_u_b": 8.911
          },
          {
            "mode": 7,
            "affinity": -4.2,
            "rmsd_l_b": 9.314,
            "rmsd_u_b": 9.947
          },
          {
            "mode": 8,
            "affinity": -4.1,
            "rmsd_l_b": 3.703,
            "rmsd_u_b": 9.476
          },
          {
            "mode": 9,
            "affinity": -4.1,
            "rmsd_l_b": 1.583,
            "rmsd_u_b": 2.938
          }
        ]
      }
    ]
  }
}