{
  "rmsd": 5.042,
  "rmsd_method": "C-alpha coordinates",
  "rmsd_tool": "BioPython",
  "docking": {
    "average_affinity": -3.186,
    "runs": [
      {
        "run": 1,
        "seed": 815316,
        "average": {
          "affinity": -3.178,
          "rmsd_l_b": 4.455,
          "rmsd_u_b": 5.812
        },
        "modes": [
          {
            "mode": 1,
            "affinity": -3.3,
            "rmsd_l_b": 0.0,
            "rmsd_u_b": 0.0
          },
          {
            "mode": 2,
            "affinity": -3.3,
            "rmsd_l_b": 1.995,
            "rmsd_u_b": 3.748
          },
          {
            "mode": 3,
            "affinity": -3.3,
            "rmsd_l_b": 1.311,
            "rmsd_u_b": 3.177
          },
          {
            "mode": 4,
            "affinity": -3.2,
            "rmsd_l_b": 1.566,
            "rmsd_u_b": 3.104
          },
          {
            "mode": 5,
            "affinity": -3.1,
            "rmsd_l_b": 1.055,
            "rmsd_u_b": 2.97
          },
          {
            "mode": 6,
            "affinity": -3.1,
            "rmsd_l_b": 8.294,
            "rmsd_u_b": 9.569
          },
          {
            "mode": 7,
            "affinity": -3.1,
            "rmsd_l_b": 8.698,
            "rmsd_u_b": 10.132
          },
          {
            "mode": 8,
            "affinity": -3.1,
            "rmsd_l_b": 8.585,
            "rmsd_u_b": 9.859
          },
          {
            "mode": 9,
            "affinity": -3.1,
            "rmsd_l_b": 8.591,
            "rmsd_u_b": 9.746
          }
        ]
      },
      {
        "run": 2,
        "seed": 494814,
        "average": {
          "affinity": -3.144,
          "rmsd_l_b": 3.672,
          "rmsd_u_b": 4.99
        },
        "modes": [
          {
            "mode": 1,
            "affinity": -3.3,
            "rmsd_l_b": 0.0,
            "rmsd_u_b": 0.0
          },
          {
            "mode": 2,
            "affinity": -3.3,
            "rmsd_l_b": 2.094,
            "rmsd_u_b": 3.827
          },
          {
            "mode": 3,
            "affinity": -3.3,
            "rmsd_l_b": 1.304,
            "rmsd_u_b": 3.179
          },
          {
            "mode": 4,
            "affinity": -3.3,
            "rmsd_l_b": 1.307,
            "rmsd_u_b": 3.175
          },
          {
            "mode": 5,
            "affinity": -3.1,
            "rmsd_l_b": 1.053,
            "rmsd_u_b": 2.969
          },
          {
            "mode": 6,
            "affinity": -3.1,
            "rmsd_l_b": 8.695,
            "rmsd_u_b": 10.13
          },
          {
            "mode": 7,
            "affinity": -3.0,
            "rmsd_l_b": 8.555,
            "rmsd_u_b": 9.722
          },
          {
            "mode": 8,
            "affinity": -3.0,
            "rmsd_l_b": 1.598,
            "rmsd_u_b": 2.205
          },
          {
            "mode": 9,
            "affinity": -2.9,
            "rmsd_l_b": 8.442,
            "rmsd_u_b": 9.704
          }
        ]
      },
      {
        "run": 3,
        "seed": 453579,
        "average": {
          "affinity": -3.178,
          "rmsd_l_b": 2.119,
          "rmsd_u_b": 3.524
        },
        "modes": [
          {
            "mode": 1,
            "affinity": -3.3,
            "rmsd_l_b": 0.0,
            "rmsd_u_b": 0.0
          },
          {
            "mode": 2,
            "affinity": -3.3,
            "rmsd_l_b": 2.121,
            "rmsd_u_b": 3.844
          },
          {
            "mode": 3,
            "affinity": -3.3,
            "rmsd_l_b": 1.305,
            "rmsd_u_b": 3.183
          },
          {
            "mode": 4,
            "affinity": -3.3,
            "rmsd_l_b": 1.3,
            "rmsd_u_b": 3.176
          },
          {
            "mode": 5,
            "affinity": -3.2,
            "rmsd_l_b": 1.558,
            "rmsd_u_b": 3.047
          },
          {
            "mode": 6,
            "affinity": -3.1,
            "rmsd_l_b": 8.578,
            "rmsd_u_b": 9.857
          },
          {
            "mode": 7,
            "affinity": -3.1,
            "rmsd_l_b": 1.054,
            "rmsd_u_b": 3.036
          },
          {
            "mode": 8,
            "affinity": -3.0,
            "rmsd_l_b": 1.565,
            "rmsd_u_b": 3.38
          },
          {
            "mode": 9,
            "affinity": -3.0,
            "rmsd_l_b": 1.586,
            "rmsd_u_b": 2.19
          }
        ]
      },
      {
        "run": 4,
        "seed": 399775,
        "average": {
          "affinity": -3.167,
          "rmsd_l_b": 3.696,
          "rmsd_u_b": 5.105
        },
        "modes": [
          {
            "mode": 1,
            "affinity": -3.3,
            "rmsd_l_b": 0.0,
            "rmsd_u_b": 0.0
          },
          {
            "mode": 2,
            "affinity": -3.3,
            "rmsd_l_b": 2.104,
            "rmsd_u_b": 3.836
          },
          {
            "mode": 3,
            "affinity": -3.3,
            "rmsd_l_b": 1.302,
            "rmsd_u_b": 3.177
          },
          {
            "mode": 4,
            "affinity": -3.2,
            "rmsd_l_b": 1.559,
            "rmsd_u_b": 3.049
          },
          {
            "mode": 5,
            "affinity": -3.1,
            "rmsd_l_b": 1.048,
            "rmsd_u_b": 2.968
          },
          {
            "mode": 6,
            "affinity": -3.1,
            "rmsd_l_b": 8.289,
            "rmsd_u_b": 9.567
          },
          {
            "mode": 7,
            "affinity": -3.1,
            "rmsd_l_b": 1.663,
            "rmsd_u_b": 3.447
          },
          {
            "mode": 8,
            "affinity": -3.1,
            "rmsd_l_b": 8.709,
            "rmsd_u_b": 10.153
          },
          {
            "mode": 9,
            "affinity": -3.0,
            "rmsd_l_b": 8.593,
            "rmsd_u_b": 9.747
          }
        ]
      },
      {
        "run": 5,
        "seed": 651011,
        "average": {
          "affinity": -3.167,
          "rmsd_l_b": 2.956,
          "rmsd_u_b": 4.369
        },
        "modes": [
          {
            "mode": 1,
            "affinity": -3.3,
            "rmsd_l_b": 0.0,
            "rmsd_u_b": 0.0
          },
          {
            "mode": 2,
            "affinity": -3.3,
            "rmsd_l_b": 2.119,
            "rmsd_u_b": 3.845
          },
          {
            "mode": 3,
            "affinity": -3.3,
            "rmsd_l_b": 1.307,
            "rmsd_u_b": 3.179
          },
          {
            "mode": 4,
            "affinity": -3.2,
            "rmsd_l_b": 1.56,
            "rmsd_u_b": 3.05
          },
          {
            "mode": 5,
            "affinity": -3.1,
            "rmsd_l_b": 1.05,
            "rmsd_u_b": 2.969
          },
          {
            "mode": 6,
            "affinity": -3.1,
            "rmsd_l_b": 8.299,
            "rmsd_u_b": 9.59
          },
          {
            "mode": 7,
            "affinity": -3.1,
            "rmsd_l_b": 1.65,
            "rmsd_u_b": 3.441
          },
          {
            "mode": 8,
            "affinity": -3.1,
            "rmsd_l_b": 8.582,
            "rmsd_u_b": 9.856
          },
          {
            "mode": 9,
            "affinity": -3.0,
            "rmsd_l_b": 2.035,
            "rmsd_u_b": 3.392
          }
        ]
      },
      {
        "run": 6,
        "seed": 19476,
        "average": {
          "affinity": -3.2,
          "rmsd_l_b": 2.833,
          "rmsd_u_b": 4.163
        },
        "modes": [
          {
            "mode": 1,
            "affinity": -3.3,
            "rmsd_l_b": 0.0,
            "rmsd_u_b": 0.0
          },
          {
            "mode": 2,
            "affinity": -3.3,
            "rmsd_l_b": 2.098,
            "rmsd_u_b": 3.832
          },
          {
            "mode": 3,
            "affinity": -3.3,
            "rmsd_l_b": 0.048,
            "rmsd_u_b": 1.047
          },
          {
            "mode": 4,
            "affinity": -3.3,
            "rmsd_l_b": 1.305,
            "rmsd_u_b": 3.183
          },
          {
            "mode": 5,
            "affinity": -3.2,
            "rmsd_l_b": 1.561,
            "rmsd_u_b": 3.051
          },
          {
            "mode": 6,
            "affinity": -3.1,
            "rmsd_l_b": 1.061,
            "rmsd_u_b": 2.972
          },
          {
            "mode": 7,
            "affinity": -3.1,
            "rmsd_l_b": 2.427,
            "rmsd_u_b": 3.684
          },
          {
            "mode": 8,
            "affinity": -3.1,
            "rmsd_l_b": 8.293,
            "rmsd_u_b": 9.551
          },
          {
            "mode": 9,
            "affinity": -3.1,
            "rmsd_l_b": 8.707,
            "rmsd_u_b": 10.147
          }
        ]
      },
      {
        "run": 7,
        "seed": 213254,
        "average": {
          "affinity": -3.156,
          "rmsd_l_b": 3.744,
          "rmsd_u_b": 5.094
        },
        "modes": [
          {
            "mode": 1,
            "affinity": -3.3,
            "rmsd_l_b": 0.0,
            "rmsd_u_b": 0.0
          },
          {
            "mode": 2,
            "affinity": -3.3,
            "rmsd_l_b": 2.124,
            "rmsd_u_b": 3.85
          },
          {
            "mode": 3,
            "affinity": -3.3,
            "rmsd_l_b": 1.312,
            "rmsd_u_b": 3.187
          },
          {
            "mode": 4,
            "affinity": -3.2,
            "rmsd_l_b": 1.56,
            "rmsd_u_b": 3.051
          },
          {
            "mode": 5,
            "affinity": -3.1,
            "rmsd_l_b": 8.291,
            "rmsd_u_b": 9.568
          },
          {
            "mode": 6,
            "affinity": -3.1,
            "rmsd_l_b": 1.05,
            "rmsd_u_b": 2.968
          },
          {
            "mode": 7,
            "affinity": -3.1,
            "rmsd_l_b": 8.563,
            "rmsd_u_b": 9.713
          },
          {
            "mode": 8,
            "affinity": -3.0,
            "rmsd_l_b": 2.096,
            "rmsd_u_b": 3.363
          },
          {
            "mode": 9,
            "affinity": -3.0,
            "rmsd_l_b": 8.698,
            "rmsd_u_b": 10.147
          }
        ]
      },
      {
        "run": 8,
        "seed": 941252,
        "average": {
          "affinity": -3.2,
          "rmsd_l_b": 3.811,
          "rmsd_u_b": 5.159
        },
        "modes": [
          {
            "mode": 1,
            "affinity": -3.3,
            "rmsd_l_b": 0.0,
            "rmsd_u_b": 0.0
          },
          {
            "mode": 2,
            "affinity": -3.3,
            "rmsd_l_b": 2.097,
            "rmsd_u_b": 3.825
          },
          {
            "mode": 3,
            "affinity": -3.3,
            "rmsd_l_b": 1.299,
            "rmsd_u_b": 3.183
          },
          {
            "mode": 4,
            "affinity": -3.3,
            "rmsd_l_b": 1.298,
            "rmsd_u_b": 3.176
          },
          {
            "mode": 5,
            "affinity": -3.2,
            "rmsd_l_b": 1.558,
            "rmsd_u_b": 3.048
          },
          {
            "mode": 6,
            "affinity": -3.1,
            "rmsd_l_b": 8.29,
            "rmsd_u_b": 9.568
          },
          {
            "mode": 7,
            "affinity": -3.1,
            "rmsd_l_b": 8.7,
            "rmsd_u_b": 10.143
          },
          {
            "mode": 8,
            "affinity": -3.1,
            "rmsd_l_b": 8.562,
            "rmsd_u_b": 9.713
          },
          {
            "mode": 9,
            "affinity": -3.1,
            "rmsd_l_b": 2.497,
            "rmsd_u_b": 3.779
          }
        ]
      },
      {
        "run": 9,
        "seed": 80591,
        "average": {
          "affinity": -3.189,
          "rmsd_l_b": 2.976,
          "rmsd_u_b": 4.251
        },
        "modes": [
          {
            "mode": 1,
            "affinity": -3.3,
            "rmsd_l_b": 0.0,
            "rmsd_u_b": 0.0
          },
          {
            "mode": 2,
            "affinity": -3.3,
            "rmsd_l_b": 2.112,
            "rmsd_u_b": 3.837
          },
          {
            "mode": 3,
            "affinity": -3.3,
            "rmsd_l_b": 1.301,
            "rmsd_u_b": 3.184
          },
          {
            "mode": 4,
            "affinity": -3.2,
            "rmsd_l_b": 1.558,
            "rmsd_u_b": 3.049
          },
          {
            "mode": 5,
            "affinity": -3.2,
            "rmsd_l_b": 2.434,
            "rmsd_u_b": 3.75
          },
          {
            "mode": 6,
            "affinity": -3.1,
            "rmsd_l_b": 8.289,
            "rmsd_u_b": 9.571
          },
          {
            "mode": 7,
            "affinity": -3.1,
            "rmsd_l_b": 1.057,
            "rmsd_u_b": 2.973
          },
          {
            "mode": 8,
            "affinity": -3.1,
            "rmsd_l_b": 8.7,
            "rmsd_u_b": 10.133
          },
          {
            "mode": 9,
            "affinity": -3.1,
            "rmsd_l_b": 1.333,
            "rmsd_u_b": 1.761
          }
        ]
      },
      {
        "run": 10,
        "seed": 832539,
        "average": {
          "affinity": -3.222,
          "rmsd_l_b": 2.185,
          "rmsd_u_b": 3.526
        },
        "modes": [
          {
            "mode": 1,
            "affinity": -3.3,
            "rmsd_l_b": 0.0,
            "rmsd_u_b": 0.0
          },
          {
            "mode": 2,
            "affinity": -3.3,
            "rmsd_l_b": 2.1,
            "rmsd_u_b": 3.834
          },
          {
            "mode": 3,
            "affinity": -3.3,
            "rmsd_l_b": 1.306,
            "rmsd_u_b": 3.183
          },
          {
            "mode": 4,
            "affinity": -3.3,
            "rmsd_l_b": 1.306,
            "rmsd_u_b": 3.178
          },
          {
            "mode": 5,
            "affinity": -3.2,
            "rmsd_l_b": 1.565,
            "rmsd_u_b": 3.104
          },
          {
            "mode": 6,
            "affinity": -3.2,
            "rmsd_l_b": 2.491,
            "rmsd_u_b": 3.778
          },
          {
            "mode": 7,
            "affinity": -3.2,
            "rmsd_l_b": 1.145,
            "rmsd_u_b": 1.555
          },
          {
            "mode": 8,
            "affinity": -3.1,
            "rmsd_l_b": 1.056,
            "rmsd_u_b": 2.97
          },
          {
            "mode": 9,
            "affinity": -3.1,
            "rmsd_l_b": 8.699,
            "rmsd_u_b": 10.132
          }
        ]
      },
      {
        "run": 11,
        "seed": 150345,
        "average": {
          "affinity": -3.2,
          "rmsd_l_b": 3.657,
          "rmsd_u_b": 5.073
        },
        "modes": [
          {
            "mode": 1,
            "affinity": -3.3,
            "rmsd_l_b": 0.0,
            "rmsd_u_b": 0.0
          },
          {
            "mode": 2,
            "affinity": -3.3,
            "rmsd_l_b": 2.103,
            "rmsd_u_b": 3.829
          },
          {
            "mode": 3,
            "affinity": -3.3,
            "rmsd_l_b": 1.309,
            "rmsd_u_b": 3.185
          },
          {
            "mode": 4,
            "affinity": -3.3,
            "rmsd_l_b": 1.308,
            "rmsd_u_b": 3.175
          },
          {
            "mode": 5,
            "affinity": -3.2,
            "rmsd_l_b": 1.559,
            "rmsd_u_b": 3.05
          },
          {
            "mode": 6,
            "affinity": -3.1,
            "rmsd_l_b": 1.054,
            "rmsd_u_b": 2.97
          },
          {
            "mode": 7,
            "affinity": -3.1,
            "rmsd_l_b": 8.289,
            "rmsd_u_b": 9.549
          },
          {
            "mode": 8,
            "affinity": -3.1,
            "rmsd_l_b": 8.701,
            "rmsd_u_b": 10.151
          },
          {
            "mode": 9,
            "affinity": -3.1,
            "rmsd_l_b": 8.591,
            "rmsd_u_b": 9.745
          }
        ]
      },
      {
        "run": 12,
        "seed": 486811,
        "average": {
          "affinity": -3.211,
          "rmsd_l_b": 2.984,
          "rmsd_u_b": 4.414
        },
        "modes": [
          {
            "mode": 1,
            "affinity": -3.3,
            "rmsd_l_b": 0.0,
            "rmsd_u_b": 0.0
          },
          {
            "mode": 2,
            "affinity": -3.3,
            "rmsd_l_b": 2.124,
            "rmsd_u_b": 3.85
          },
          {
            "mode": 3,
            "affinity": -3.3,
            "rmsd_l_b": 1.304,
            "rmsd_u_b": 3.183
          },
          {
            "mode": 4,
            "affinity": -3.3,
            "rmsd_l_b": 1.308,
            "rmsd_u_b": 3.181
          },
          {
            "mode": 5,
            "affinity": -3.2,
            "rmsd_l_b": 1.56,
            "rmsd_u_b": 3.051
          },
          {
            "mode": 6,
            "affinity": -3.2,
            "rmsd_l_b": 2.507,
            "rmsd_u_b": 3.797
          },
          {
            "mode": 7,
            "affinity": -3.1,
            "rmsd_l_b": 1.052,
            "rmsd_u_b": 2.969
          },
          {
            "mode": 8,
            "affinity": -3.1,
            "rmsd_l_b": 8.701,
            "rmsd_u_b": 10.135
          },
          {
            "mode": 9,
            "affinity": -3.1,
            "rmsd_l_b": 8.297,
            "rmsd_u_b": 9.562
          }
        ]
      },
      {
        "run": 13,
        "seed": 233778,
        "average": {
          "affinity": -3.189,
          "rmsd_l_b": 3.783,
          "rmsd_u_b": 5.135
        },
        "modes": [
          {
            "mode": 1,
            "affinity": -3.3,
            "rmsd_l_b": 0.0,
            "rmsd_u_b": 0.0
          },
          {
            "mode": 2,
            "affinity": -3.3,
            "rmsd_l_b": 2.093,
            "rmsd_u_b": 3.826
          },
          {
            "mode": 3,
            "affinity": -3.3,
            "rmsd_l_b": 1.301,
            "rmsd_u_b": 3.182
          },
          {
            "mode": 4,
            "affinity": -3.2,
            "rmsd_l_b": 1.561,
            "rmsd_u_b": 3.05
          },
          {
            "mode": 5,
            "affinity": -3.2,
            "rmsd_l_b": 2.478,
            "rmsd_u_b": 3.772
          },
          {
            "mode": 6,
            "affinity": -3.1,
            "rmsd_l_b": 1.061,
            "rmsd_u_b": 2.975
          },
          {
            "mode": 7,
            "affinity": -3.1,
            "rmsd_l_b": 8.291,
            "rmsd_u_b": 9.57
          },
          {
            "mode": 8,
            "affinity": -3.1,
            "rmsd_l_b": 8.701,
            "rmsd_u_b": 10.131
          },
          {
            "mode": 9,
            "affinity": -3.1,
            "rmsd_l_b": 8.562,
            "rmsd_u_b": 9.713
          }
        ]
      },
      {
        "run": 14,
        "seed": 78840,
        "average": {
          "affinity": -3.167,
          "rmsd_l_b": 2.959,
          "rmsd_u_b": 4.268
        },
        "modes": [
          {
            "mode": 1,
            "affinity": -3.3,
            "rmsd_l_b": 0.0,
            "rmsd_u_b": 0.0
          },
          {
            "mode": 2,
            "affinity": -3.3,
            "rmsd_l_b": 2.15,
            "rmsd_u_b": 3.868
          },
          {
            "mode": 3,
            "affinity": -3.3,
            "rmsd_l_b": 1.308,
            "rmsd_u_b": 3.186
          },
          {
            "mode": 4,
            "affinity": -3.3,
            "rmsd_l_b": 1.224,
            "rmsd_u_b": 3.097
          },
          {
            "mode": 5,
            "affinity": -3.1,
            "rmsd_l_b": 8.293,
            "rmsd_u_b": 9.571
          },
          {
            "mode": 6,
            "affinity": -3.1,
            "rmsd_l_b": 1.04,
            "rmsd_u_b": 2.989
          },
          {
            "mode": 7,
            "affinity": -3.1,
            "rmsd_l_b": 2.492,
            "rmsd_u_b": 3.769
          },
          {
            "mode": 8,
            "affinity": -3.0,
            "rmsd_l_b": 8.522,
            "rmsd_u_b": 9.723
          },
          {
            "mode": 9,
            "affinity": -3.0,
            "rmsd_l_b": 1.602,
            "rmsd_u_b": 2.21
          }
        ]
      },
      {
        "run": 15,
        "seed": 150191,
        "average": {
          "affinity": -3.211,
          "rmsd_l_b": 2.816,
          "rmsd_u_b": 4.127
        },
        "modes": [
          {
            "mode": 1,
            "affinity": -3.3,
            "rmsd_l_b": 0.0,
            "rmsd_u_b": 0.0
          },
          {
            "mode": 2,
            "affinity": -3.3,
            "rmsd_l_b": 2.118,
            "rmsd_u_b": 3.845
          },
          {
            "mode": 3,
            "affinity": -3.3,
            "rmsd_l_b": 0.041,
            "rmsd_u_b": 1.043
          },
          {
            "mode": 4,
            "affinity": -3.3,
            "rmsd_l_b": 1.303,
            "rmsd_u_b": 3.183
          },
          {
            "mode": 5,
            "affinity": -3.2,
            "rmsd_l_b": 1.559,
            "rmsd_u_b": 3.051
          },
          {
            "mode": 6,
            "affinity": -3.2,
            "rmsd_l_b": 2.447,
            "rmsd_u_b": 3.761
          },
          {
            "mode": 7,
            "affinity": -3.1,
            "rmsd_l_b": 8.289,
            "rmsd_u_b": 9.556
          },
          {
            "mode": 8,
            "affinity": -3.1,
            "rmsd_l_b": 1.032,
            "rmsd_u_b": 2.984
          },
          {
            "mode": 9,
            "affinity": -3.1,
            "rmsd_l_b": 8.555,
            "rmsd_u_b": 9.721
          }
        ]
      },
      {
        "run": 16,
        "seed": 38633,
        "average": {
          "affinity": -3.211,
          "rmsd_l_b": 2.846,
          "rmsd_u_b": 4.18
        },
        "modes": [
          {
            "mode": 1,
            "affinity": -3.3,
            "rmsd_l_b": 0.0,
            "rmsd_u_b": 0.0
          },
          {
            "mode": 2,
            "affinity": -3.3,
            "rmsd_l_b": 2.116,
            "rmsd_u_b": 3.845
          },
          {
            "mode": 3,
            "affinity": -3.3,
            "rmsd_l_b": 0.064,
            "rmsd_u_b": 1.052
          },
          {
            "mode": 4,
            "affinity": -3.3,
            "rmsd_l_b": 1.305,
            "rmsd_u_b": 3.178
          },
          {
            "mode": 5,
            "affinity": -3.2,
            "rmsd_l_b": 1.56,
            "rmsd_u_b": 3.051
          },
          {
            "mode": 6,
            "affinity": -3.2,
            "rmsd_l_b": 2.51,
            "rmsd_u_b": 3.798
          },
          {
            "mode": 7,
            "affinity": -3.1,
            "rmsd_l_b": 1.053,
            "rmsd_u_b": 2.968
          },
          {
            "mode": 8,
            "affinity": -3.1,
            "rmsd_l_b": 8.296,
            "rmsd_u_b": 9.58
          },
          {
            "mode": 9,
            "affinity": -3.1,
            "rmsd_l_b": 8.706,
            "rmsd_u_b": 10.148
          }
        ]
      },
      {
        "run": 17,
        "seed": 581711,
        "average": {
          "affinity": -3.2,
          "rmsd_l_b": 4.599,
          "rmsd_u_b": 5.92
        },
        "modes": [
          {
            "mode": 1,
            "affinity": -3.3,
            "rmsd_l_b": 0.0,
            "rmsd_u_b": 0.0
          },
          {
            "mode": 2,
            "affinity": -3.3,
            "rmsd_l_b": 2.13,
            "rmsd_u_b": 3.852
          },
          {
            "mode": 3,
            "affinity": -3.3,
            "rmsd_l_b": 1.305,
            "rmsd_u_b": 3.179
          },
          {
            "mode": 4,
            "affinity": -3.3,
            "rmsd_l_b": 1.307,
            "rmsd_u_b": 3.173
          },
          {
            "mode": 5,
            "affinity": -3.2,
            "rmsd_l_b": 2.503,
            "rmsd_u_b": 3.789
          },
          {
            "mode": 6,
            "affinity": -3.1,
            "rmsd_l_b": 8.293,
            "rmsd_u_b": 9.571
          },
          {
            "mode": 7,
            "affinity": -3.1,
            "rmsd_l_b": 8.706,
            "rmsd_u_b": 10.139
          },
          {
            "mode": 8,
            "affinity": -3.1,
            "rmsd_l_b": 8.588,
            "rmsd_u_b": 9.866
          },
          {
            "mode": 9,
            "affinity": -3.1,
            "rmsd_l_b": 8.563,
            "rmsd_u_b": 9.714
          }
        ]
      },
      {
        "run": 18,
        "seed": 887355,
        "average": {
          "affinity": -3.167,
          "rmsd_l_b": 3.689,
          "rmsd_u_b": 4.984
        },
        "modes": [
          {
            "mode": 1,
            "affinity": -3.3,
            "rmsd_l_b": 0.0,
            "rmsd_u_b": 0.0
          },
          {
            "mode": 2,
            "affinity": -3.3,
            "rmsd_l_b": 2.11,
            "rmsd_u_b": 3.839
          },
          {
            "mode": 3,
            "affinity": -3.3,
            "rmsd_l_b": 1.305,
            "rmsd_u_b": 3.184
          },
          {
            "mode": 4,
            "affinity": -3.2,
            "rmsd_l_b": 1.556,
            "rmsd_u_b": 3.051
          },
          {
            "mode": 5,
            "affinity": -3.1,
            "rmsd_l_b": 1.061,
            "rmsd_u_b": 2.973
          },
          {
            "mode": 6,
            "affinity": -3.1,
            "rmsd_l_b": 8.295,
            "rmsd_u_b": 9.572
          },
          {
            "mode": 7,
            "affinity": -3.1,
            "rmsd_l_b": 8.707,
            "rmsd_u_b": 10.139
          },
          {
            "mode": 8,
            "affinity": -3.1,
            "rmsd_l_b": 8.598,
            "rmsd_u_b": 9.756
          },
          {
            "mode": 9,
            "affinity": -3.0,
            "rmsd_l_b": 1.566,
            "rmsd_u_b": 2.342
          }
        ]
      },
      {
        "run": 19,
        "seed": 182792,
        "average": {
          "affinity": -3.211,
          "rmsd_l_b": 2.979,
          "rmsd_u_b": 4.426
        },
        "modes": [
          {
            "mode": 1,
            "affinity": -3.3,
            "rmsd_l_b": 0.0,
            "rmsd_u_b": 0.0
          },
          {
            "mode": 2,
            "affinity": -3.3,
            "rmsd_l_b": 2.13,
            "rmsd_u_b": 3.855
          },
          {
            "mode": 3,
            "affinity": -3.3,
            "rmsd_l_b": 1.305,
            "rmsd_u_b": 3.178
          },
          {
            "mode": 4,
            "affinity": -3.3,
            "rmsd_l_b": 1.309,
            "rmsd_u_b": 3.183
          },
          {
            "mode": 5,
            "affinity": -3.2,
            "rmsd_l_b": 1.566,
            "rmsd_u_b": 3.104
          },
          {
            "mode": 6,
            "affinity": -3.2,
            "rmsd_l_b": 2.451,
            "rmsd_u_b": 3.761
          },
          {
            "mode": 7,
            "affinity": -3.1,
            "rmsd_l_b": 8.291,
            "rmsd_u_b": 9.569
          },
          {
            "mode": 8,
            "affinity": -3.1,
            "rmsd_l_b": 8.705,
            "rmsd_u_b": 10.156
          },
          {
            "mode": 9,
            "affinity": -3.1,
            "rmsd_l_b": 1.051,
            "rmsd_u_b": 3.032
          }
        ]
      },
      {
        "run": 20,
        "seed": 354193,
        "average": {
          "affinity": -3.156,
          "rmsd_l_b": 2.953,
          "rmsd_u_b": 4.408
        },
        "modes": [
          {
            "mode": 1,
            "affinity": -3.3,
            "rmsd_l_b": 0.0,
            "rmsd_u_b": 0.0
          },
          {
            "mode": 2,
            "affinity": -3.3,
            "rmsd_l_b": 2.099,
            "rmsd_u_b": 3.832
          },
          {
            "mode": 3,
            "affinity": -3.3,
            "rmsd_l_b": 1.31,
            "rmsd_u_b": 3.184
          },
          {
            "mode": 4,
            "affinity": -3.2,
            "rmsd_l_b": 1.56,
            "rmsd_u_b": 3.051
          },
          {
            "mode": 5,
            "affinity": -3.1,
            "rmsd_l_b": 1.053,
            "rmsd_u_b": 2.968
          },
          {
            "mode": 6,
            "affinity": -3.1,
            "rmsd_l_b": 8.703,
            "rmsd_u_b": 10.136
          },
          {
            "mode": 7,
            "affinity": -3.1,
            "rmsd_l_b": 8.561,
            "rmsd_u_b": 9.712
          },
          {
            "mode": 8,
            "affinity": -3.0,
            "rmsd_l_b": 2.518,
            "rmsd_u_b": 3.789
          },
          {
            "mode": 9,
            "affinity": -3.0,
            "rmsd_l_b": 0.774,
            "rmsd_u_b": 3.001
          }
        ]
      }
    ]
  }
}