{
  "rmsd": 2.0,
  "rmsd_method": "C-alpha coordinates",
  "rmsd_tool": "BioPython",
  "docking": {
    "average_affinity": -3.459,
    "runs": [
      {
        "run": 1,
        "seed": 219947,
        "average": {
          "affinity": -3.456,
          "rmsd_l_b": 4.822,
          "rmsd_u_b": 7.0
        },
        "modes": [
          {
            "mode": 1,
            "affinity": -3.6,
            "rmsd_l_b": 0.0,
            "rmsd_u_b": 0.0
          },
          {
            "mode": 2,
            "affinity": -3.5,
            "rmsd_l_b": 4.912,
            "rmsd_u_b": 8.267
          },
          {
            "mode": 3,
            "affinity": -3.5,
            "rmsd_l_b": 5.141,
            "rmsd_u_b": 8.224
          },
          {
            "mode": 4,
            "affinity": -3.5,
            "rmsd_l_b": 6.165,
            "rmsd_u_b": 8.05
          },
          {
            "mode": 5,
            "affinity": -3.4,
            "rmsd_l_b": 8.874,
            "rmsd_u_b": 10.368
          },
          {
            "mode": 6,
            "affinity": -3.4,
            "rmsd_l_b": 4.837,
            "rmsd_u_b": 7.896
          },
          {
            "mode": 7,
            "affinity": -3.4,
            "rmsd_l_b": 5.312,
            "rmsd_u_b": 7.618
          },
          {
            "mode": 8,
            "affinity": -3.4,
            "rmsd_l_b": 3.268,
            "rmsd_u_b": 4.392
          },
          {
            "mode": 9,
            "affinity": -3.4,
            "rmsd_l_b": 4.891,
            "rmsd_u_b": 8.183
          }
        ]
      },
      {
        "run": 2,
        "seed": 217332,
        "average": {
          "affinity": -3.389,
          "rmsd_l_b": 6.819,
          "rmsd_u_b": 8.802
        },
        "modes": [
          {
            "mode": 1,
            "affinity": -3.5,
            "rmsd_l_b": 0.0,
            "rmsd_u_b": 0.0
          },
          {
            "mode": 2,
            "affinity": -3.4,
            "rmsd_l_b": 6.137,
            "rmsd_u_b": 8.053
          },
          {
            "mode": 3,
            "affinity": -3.4,
            "rmsd_l_b": 8.314,
            "rmsd_u_b": 10.435
          },
          {
            "mode": 4,
            "affinity": -3.4,
            "rmsd_l_b": 8.2,
            "rmsd_u_b": 10.013
          },
          {
            "mode": 5,
            "affinity": -3.4,
            "rmsd_l_b": 8.596,
            "rmsd_u_b": 10.819
          },
          {
            "mode": 6,
            "affinity": -3.4,
            "rmsd_l_b": 8.548,
            "rmsd_u_b": 11.183
          },
          {
            "mode": 7,
            "affinity": -3.4,
            "rmsd_l_b": 8.331,
            "rmsd_u_b": 10.975
          },
          {
            "mode": 8,
            "affinity": -3.3,
            "rmsd_l_b": 7.223,
            "rmsd_u_b": 9.454
          },
          {
            "mode": 9,
            "affinity": -3.3,
            "rmsd_l_b": 6.026,
            "rmsd_u_b": 8.29
          }
        ]
      },
      {
        "run": 3,
        "seed": 554992,
        "average": {
          "affinity": -3.478,
          "rmsd_l_b": 4.432,
          "rmsd_u_b": 6.426
        },
        "modes": [
          {
            "mode": 1,
            "affinity": -3.6,
            "rmsd_l_b": 0.0,
            "rmsd_u_b": 0.0
          },
          {
            "mode": 2,
            "affinity": -3.6,
            "rmsd_l_b": 6.186,
            "rmsd_u_b": 8.112
          },
          {
            "mode": 3,
            "affinity": -3.5,
            "rmsd_l_b": 5.1,
            "rmsd_u_b": 7.703
          },
          {
            "mode": 4,
            "affinity": -3.5,
            "rmsd_l_b": 4.889,
            "rmsd_u_b": 8.257
          },
          {
            "mode": 5,
            "affinity": -3.5,
            "rmsd_l_b": 4.792,
            "rmsd_u_b": 7.75
          },
          {
            "mode": 6,
            "affinity": -3.4,
            "rmsd_l_b": 2.759,
            "rmsd_u_b": 3.828
          },
          {
            "mode": 7,
            "affinity": -3.4,
            "rmsd_l_b": 2.287,
            "rmsd_u_b": 3.55
          },
          {
            "mode": 8,
            "affinity": -3.4,
            "rmsd_l_b": 4.885,
            "rmsd_u_b": 8.193
          },
          {
            "mode": 9,
            "affinity": -3.4,
            "rmsd_l_b": 8.988,
            "rmsd_u_b": 10.441
          }
        ]
      },
      {
        "run": 4,
        "seed": 861734,
        "average": {
          "affinity": -3.4,
          "rmsd_l_b": 7.013,
          "rmsd_u_b": 9.038
        },
        "modes": [
          {
            "mode": 1,
            "affinity": -3.5,
            "rmsd_l_b": 0.0,
            "rmsd_u_b": 0.0
          },
          {
            "mode": 2,
            "affinity": -3.4,
            "rmsd_l_b": 6.146,
            "rmsd_u_b": 8.087
          },
          {
            "mode": 3,
            "affinity": -3.4,
            "rmsd_l_b": 8.344,
            "rmsd_u_b": 10.487
          },
          {
            "mode": 4,
            "affinity": -3.4,
            "rmsd_l_b": 8.771,
            "rmsd_u_b": 10.661
          },
          {
            "mode": 5,
            "affinity": -3.4,
            "rmsd_l_b": 5.996,
            "rmsd_u_b": 8.313
          },
          {
            "mode": 6,
            "affinity": -3.4,
            "rmsd_l_b": 8.524,
            "rmsd_u_b": 11.166
          },
          {
            "mode": 7,
            "affinity": -3.4,
            "rmsd_l_b": 8.208,
            "rmsd_u_b": 10.085
          },
          {
            "mode": 8,
            "affinity": -3.4,
            "rmsd_l_b": 8.348,
            "rmsd_u_b": 11.003
          },
          {
            "mode": 9,
            "affinity": -3.3,
            "rmsd_l_b": 8.782,
            "rmsd_u_b": 11.543
          }
        ]
      },
      {
        "run": 5,
        "seed": 508719,
        "average": {
          "affinity": -3.467,
          "rmsd_l_b": 4.77,
          "rmsd_u_b": 7.026
        },
        "modes": [
          {
            "mode": 1,
            "affinity": -3.6,
            "rmsd_l_b": 0.0,
            "rmsd_u_b": 0.0
          },
          {
            "mode": 2,
            "affinity": -3.6,
            "rmsd_l_b": 5.001,
            "rmsd_u_b": 7.632
          },
          {
            "mode": 3,
            "affinity": -3.5,
            "rmsd_l_b": 5.086,
            "rmsd_u_b": 8.281
          },
          {
            "mode": 4,
            "affinity": -3.5,
            "rmsd_l_b": 6.208,
            "rmsd_u_b": 8.098
          },
          {
            "mode": 5,
            "affinity": -3.4,
            "rmsd_l_b": 3.206,
            "rmsd_u_b": 4.645
          },
          {
            "mode": 6,
            "affinity": -3.4,
            "rmsd_l_b": 8.9,
            "rmsd_u_b": 10.392
          },
          {
            "mode": 7,
            "affinity": -3.4,
            "rmsd_l_b": 4.879,
            "rmsd_u_b": 8.203
          },
          {
            "mode": 8,
            "affinity": -3.4,
            "rmsd_l_b": 4.922,
            "rmsd_u_b": 8.348
          },
          {
            "mode": 9,
            "affinity": -3.4,
            "rmsd_l_b": 4.727,
            "rmsd_u_b": 7.632
          }
        ]
      },
      {
        "run": 6,
        "seed": 780116,
        "average": {
          "affinity": -3.422,
          "rmsd_l_b": 7.089,
          "rmsd_u_b": 9.03
        },
        "modes": [
          {
            "mode": 1,
            "affinity": -3.5,
            "rmsd_l_b": 0.0,
            "rmsd_u_b": 0.0
          },
          {
            "mode": 2,
            "affinity": -3.5,
            "rmsd_l_b": 6.202,
            "rmsd_u_b": 8.119
          },
          {
            "mode": 3,
            "affinity": -3.5,
            "rmsd_l_b": 8.365,
            "rmsd_u_b": 10.539
          },
          {
            "mode": 4,
            "affinity": -3.4,
            "rmsd_l_b": 8.518,
            "rmsd_u_b": 11.027
          },
          {
            "mode": 5,
            "affinity": -3.4,
            "rmsd_l_b": 8.695,
            "rmsd_u_b": 11.385
          },
          {
            "mode": 6,
            "affinity": -3.4,
            "rmsd_l_b": 6.33,
            "rmsd_u_b": 8.408
          },
          {
            "mode": 7,
            "affinity": -3.4,
            "rmsd_l_b": 8.637,
            "rmsd_u_b": 9.973
          },
          {
            "mode": 8,
            "affinity": -3.4,
            "rmsd_l_b": 8.337,
            "rmsd_u_b": 11.094
          },
          {
            "mode": 9,
            "affinity": -3.3,
            "rmsd_l_b": 8.715,
            "rmsd_u_b": 10.721
          }
        ]
      },
      {
        "run": 7,
        "seed": 182468,
        "average": {
          "affinity": -3.633,
          "rmsd_l_b": 4.448,
          "rmsd_u_b": 6.314
        },
        "modes": [
          {
            "mode": 1,
            "affinity": -3.7,
            "rmsd_l_b": 0.0,
            "rmsd_u_b": 0.0
          },
          {
            "mode": 2,
            "affinity": -3.7,
            "rmsd_l_b": 5.04,
            "rmsd_u_b": 7.675
          },
          {
            "mode": 3,
            "affinity": -3.7,
            "rmsd_l_b": 2.809,
            "rmsd_u_b": 4.574
          },
          {
            "mode": 4,
            "affinity": -3.6,
            "rmsd_l_b": 4.594,
            "rmsd_u_b": 7.258
          },
          {
            "mode": 5,
            "affinity": -3.6,
            "rmsd_l_b": 8.669,
            "rmsd_u_b": 10.761
          },
          {
            "mode": 6,
            "affinity": -3.6,
            "rmsd_l_b": 4.911,
            "rmsd_u_b": 7.652
          },
          {
            "mode": 7,
            "affinity": -3.6,
            "rmsd_l_b": 2.586,
            "rmsd_u_b": 4.223
          },
          {
            "mode": 8,
            "affinity": -3.6,
            "rmsd_l_b": 2.769,
            "rmsd_u_b": 4.698
          },
          {
            "mode": 9,
            "affinity": -3.6,
            "rmsd_l_b": 8.65,
            "rmsd_u_b": 9.981
          }
        ]
      },
      {
        "run": 8,
        "seed": 977231,
        "average": {
          "affinity": -3.422,
          "rmsd_l_b": 4.096,
          "rmsd_u_b": 6.342
        },
        "modes": [
          {
            "mode": 1,
            "affinity": -3.6,
            "rmsd_l_b": 0.0,
            "rmsd_u_b": 0.0
          },
          {
            "mode": 2,
            "affinity": -3.5,
            "rmsd_l_b": 2.56,
            "rmsd_u_b": 3.914
          },
          {
            "mode": 3,
            "affinity": -3.4,
            "rmsd_l_b": 3.352,
            "rmsd_u_b": 4.739
          },
          {
            "mode": 4,
            "affinity": -3.4,
            "rmsd_l_b": 4.939,
            "rmsd_u_b": 8.216
          },
          {
            "mode": 5,
            "affinity": -3.4,
            "rmsd_l_b": 4.918,
            "rmsd_u_b": 8.45
          },
          {
            "mode": 6,
            "affinity": -3.4,
            "rmsd_l_b": 4.662,
            "rmsd_u_b": 7.777
          },
          {
            "mode": 7,
            "affinity": -3.4,
            "rmsd_l_b": 6.223,
            "rmsd_u_b": 8.072
          },
          {
            "mode": 8,
            "affinity": -3.4,
            "rmsd_l_b": 5.123,
            "rmsd_u_b": 8.385
          },
          {
            "mode": 9,
            "affinity": -3.3,
            "rmsd_l_b": 5.086,
            "rmsd_u_b": 7.522
          }
        ]
      },
      {
        "run": 9,
        "seed": 496005,
        "average": {
          "affinity": -3.389,
          "rmsd_l_b": 7.005,
          "rmsd_u_b": 8.992
        },
        "modes": [
          {
            "mode": 1,
            "affinity": -3.5,
            "rmsd_l_b": 0.0,
            "rmsd_u_b": 0.0
          },
          {
            "mode": 2,
            "affinity": -3.5,
            "rmsd_l_b": 6.239,
            "rmsd_u_b": 8.123
          },
          {
            "mode": 3,
            "affinity": -3.4,
            "rmsd_l_b": 8.256,
            "rmsd_u_b": 9.994
          },
          {
            "mode": 4,
            "affinity": -3.4,
            "rmsd_l_b": 8.617,
            "rmsd_u_b": 11.288
          },
          {
            "mode": 5,
            "affinity": -3.4,
            "rmsd_l_b": 8.369,
            "rmsd_u_b": 11.03
          },
          {
            "mode": 6,
            "affinity": -3.4,
            "rmsd_l_b": 8.368,
            "rmsd_u_b": 10.495
          },
          {
            "mode": 7,
            "affinity": -3.3,
            "rmsd_l_b": 8.722,
            "rmsd_u_b": 11.234
          },
          {
            "mode": 8,
            "affinity": -3.3,
            "rmsd_l_b": 8.525,
            "rmsd_u_b": 10.671
          },
          {
            "mode": 9,
            "affinity": -3.3,
            "rmsd_l_b": 5.948,
            "rmsd_u_b": 8.093
          }
        ]
      },
      {
        "run": 10,
        "seed": 67815,
        "average": {
          "affinity": -3.544,
          "rmsd_l_b": 3.721,
          "rmsd_u_b": 5.724
        },
        "modes": [
          {
            "mode": 1,
            "affinity": -3.6,
            "rmsd_l_b": 0.0,
            "rmsd_u_b": 0.0
          },
          {
            "mode": 2,
            "affinity": -3.6,
            "rmsd_l_b": 4.921,
            "rmsd_u_b": 8.27
          },
          {
            "mode": 3,
            "affinity": -3.6,
            "rmsd_l_b": 8.277,
            "rmsd_u_b": 10.427
          },
          {
            "mode": 4,
            "affinity": -3.6,
            "rmsd_l_b": 1.459,
            "rmsd_u_b": 1.965
          },
          {
            "mode": 5,
            "affinity": -3.5,
            "rmsd_l_b": 2.733,
            "rmsd_u_b": 4.538
          },
          {
            "mode": 6,
            "affinity": -3.5,
            "rmsd_l_b": 4.804,
            "rmsd_u_b": 8.185
          },
          {
            "mode": 7,
            "affinity": -3.5,
            "rmsd_l_b": 2.279,
            "rmsd_u_b": 2.754
          },
          {
            "mode": 8,
            "affinity": -3.5,
            "rmsd_l_b": 4.377,
            "rmsd_u_b": 7.499
          },
          {
            "mode": 9,
            "affinity": -3.5,
            "rmsd_l_b": 4.641,
            "rmsd_u_b": 7.877
          }
        ]
      },
      {
        "run": 11,
        "seed": 878164,
        "average": {
          "affinity": -3.433,
          "rmsd_l_b": 3.868,
          "rmsd_u_b": 5.819
        },
        "modes": [
          {
            "mode": 1,
            "affinity": -3.6,
            "rmsd_l_b": 0.0,
            "rmsd_u_b": 0.0
          },
          {
            "mode": 2,
            "affinity": -3.5,
            "rmsd_l_b": 6.214,
            "rmsd_u_b": 8.122
          },
          {
            "mode": 3,
            "affinity": -3.5,
            "rmsd_l_b": 4.897,
            "rmsd_u_b": 8.258
          },
          {
            "mode": 4,
            "affinity": -3.5,
            "rmsd_l_b": 4.611,
            "rmsd_u_b": 7.624
          },
          {
            "mode": 5,
            "affinity": -3.4,
            "rmsd_l_b": 4.871,
            "rmsd_u_b": 8.188
          },
          {
            "mode": 6,
            "affinity": -3.4,
            "rmsd_l_b": 3.066,
            "rmsd_u_b": 4.167
          },
          {
            "mode": 7,
            "affinity": -3.4,
            "rmsd_l_b": 2.707,
            "rmsd_u_b": 3.789
          },
          {
            "mode": 8,
            "affinity": -3.3,
            "rmsd_l_b": 3.287,
            "rmsd_u_b": 4.626
          },
          {
            "mode": 9,
            "affinity": -3.3,
            "rmsd_l_b": 5.159,
            "rmsd_u_b": 7.597
          }
        ]
      },
      {
        "run": 12,
        "seed": 539925,
        "average": {
          "affinity": -3.456,
          "rmsd_l_b": 4.344,
          "rmsd_u_b": 6.293
        },
        "modes": [
          {
            "mode": 1,
            "affinity": -3.6,
            "rmsd_l_b": 0.0,
            "rmsd_u_b": 0.0
          },
          {
            "mode": 2,
            "affinity": -3.5,
            "rmsd_l_b": 4.892,
            "rmsd_u_b": 8.266
          },
          {
            "mode": 3,
            "affinity": -3.5,
            "rmsd_l_b": 6.196,
            "rmsd_u_b": 8.057
          },
          {
            "mode": 4,
            "affinity": -3.5,
            "rmsd_l_b": 3.211,
            "rmsd_u_b": 4.633
          },
          {
            "mode": 5,
            "affinity": -3.4,
            "rmsd_l_b": 4.702,
            "rmsd_u_b": 7.501
          },
          {
            "mode": 6,
            "affinity": -3.4,
            "rmsd_l_b": 5.078,
            "rmsd_u_b": 8.222
          },
          {
            "mode": 7,
            "affinity": -3.4,
            "rmsd_l_b": 4.88,
            "rmsd_u_b": 8.207
          },
          {
            "mode": 8,
            "affinity": -3.4,
            "rmsd_l_b": 8.927,
            "rmsd_u_b": 10.493
          },
          {
            "mode": 9,
            "affinity": -3.4,
            "rmsd_l_b": 1.211,
            "rmsd_u_b": 1.255
          }
        ]
      },
      {
        "run": 13,
        "seed": 839630,
        "average": {
          "affinity": -3.489,
          "rmsd_l_b": 4.359,
          "rmsd_u_b": 6.818
        },
        "modes": [
          {
            "mode": 1,
            "affinity": -3.6,
            "rmsd_l_b": 0.0,
            "rmsd_u_b": 0.0
          },
          {
            "mode": 2,
            "affinity": -3.5,
            "rmsd_l_b": 6.367,
            "rmsd_u_b": 8.22
          },
          {
            "mode": 3,
            "affinity": -3.5,
            "rmsd_l_b": 5.139,
            "rmsd_u_b": 8.223
          },
          {
            "mode": 4,
            "affinity": -3.5,
            "rmsd_l_b": 5.085,
            "rmsd_u_b": 7.674
          },
          {
            "mode": 5,
            "affinity": -3.5,
            "rmsd_l_b": 4.898,
            "rmsd_u_b": 8.275
          },
          {
            "mode": 6,
            "affinity": -3.5,
            "rmsd_l_b": 4.811,
            "rmsd_u_b": 7.836
          },
          {
            "mode": 7,
            "affinity": -3.5,
            "rmsd_l_b": 3.227,
            "rmsd_u_b": 4.643
          },
          {
            "mode": 8,
            "affinity": -3.4,
            "rmsd_l_b": 4.877,
            "rmsd_u_b": 8.191
          },
          {
            "mode": 9,
            "affinity": -3.4,
            "rmsd_l_b": 4.827,
            "rmsd_u_b": 8.3
          }
        ]
      },
      {
        "run": 14,
        "seed": 207106,
        "average": {
          "affinity": -3.467,
          "rmsd_l_b": 3.751,
          "rmsd_u_b": 5.799
        },
        "modes": [
          {
            "mode": 1,
            "affinity": -3.6,
            "rmsd_l_b": 0.0,
            "rmsd_u_b": 0.0
          },
          {
            "mode": 2,
            "affinity": -3.5,
            "rmsd_l_b": 4.906,
            "rmsd_u_b": 8.284
          },
          {
            "mode": 3,
            "affinity": -3.5,
            "rmsd_l_b": 6.134,
            "rmsd_u_b": 8.015
          },
          {
            "mode": 4,
            "affinity": -3.5,
            "rmsd_l_b": 3.224,
            "rmsd_u_b": 4.756
          },
          {
            "mode": 5,
            "affinity": -3.5,
            "rmsd_l_b": 2.389,
            "rmsd_u_b": 3.66
          },
          {
            "mode": 6,
            "affinity": -3.4,
            "rmsd_l_b": 4.756,
            "rmsd_u_b": 7.55
          },
          {
            "mode": 7,
            "affinity": -3.4,
            "rmsd_l_b": 4.868,
            "rmsd_u_b": 8.182
          },
          {
            "mode": 8,
            "affinity": -3.4,
            "rmsd_l_b": 2.761,
            "rmsd_u_b": 3.867
          },
          {
            "mode": 9,
            "affinity": -3.4,
            "rmsd_l_b": 4.721,
            "rmsd_u_b": 7.876
          }
        ]
      },
      {
        "run": 15,
        "seed": 859237,
        "average": {
          "affinity": -3.444,
          "rmsd_l_b": 4.555,
          "rmsd_u_b": 6.564
        },
        "modes": [
          {
            "mode": 1,
            "affinity": -3.6,
            "rmsd_l_b": 0.0,
            "rmsd_u_b": 0.0
          },
          {
            "mode": 2,
            "affinity": -3.6,
            "rmsd_l_b": 5.013,
            "rmsd_u_b": 7.625
          },
          {
            "mode": 3,
            "affinity": -3.5,
            "rmsd_l_b": 6.207,
            "rmsd_u_b": 8.088
          },
          {
            "mode": 4,
            "affinity": -3.5,
            "rmsd_l_b": 4.81,
            "rmsd_u_b": 7.772
          },
          {
            "mode": 5,
            "affinity": -3.4,
            "rmsd_l_b": 3.228,
            "rmsd_u_b": 4.614
          },
          {
            "mode": 6,
            "affinity": -3.4,
            "rmsd_l_b": 4.875,
            "rmsd_u_b": 8.199
          },
          {
            "mode": 7,
            "affinity": -3.4,
            "rmsd_l_b": 2.763,
            "rmsd_u_b": 3.869
          },
          {
            "mode": 8,
            "affinity": -3.3,
            "rmsd_l_b": 9.037,
            "rmsd_u_b": 10.519
          },
          {
            "mode": 9,
            "affinity": -3.3,
            "rmsd_l_b": 5.063,
            "rmsd_u_b": 8.394
          }
        ]
      },
      {
        "run": 16,
        "seed": 388943,
        "average": {
          "affinity": -3.467,
          "rmsd_l_b": 4.718,
          "rmsd_u_b": 6.892
        },
        "modes": [
          {
            "mode": 1,
            "affinity": -3.6,
            "rmsd_l_b": 0.0,
            "rmsd_u_b": 0.0
          },
          {
            "mode": 2,
            "affinity": -3.6,
            "rmsd_l_b": 6.207,
            "rmsd_u_b": 8.112
          },
          {
            "mode": 3,
            "affinity": -3.5,
            "rmsd_l_b": 4.931,
            "rmsd_u_b": 8.298
          },
          {
            "mode": 4,
            "affinity": -3.5,
            "rmsd_l_b": 4.828,
            "rmsd_u_b": 7.866
          },
          {
            "mode": 5,
            "affinity": -3.4,
            "rmsd_l_b": 8.88,
            "rmsd_u_b": 10.377
          },
          {
            "mode": 6,
            "affinity": -3.4,
            "rmsd_l_b": 4.874,
            "rmsd_u_b": 8.19
          },
          {
            "mode": 7,
            "affinity": -3.4,
            "rmsd_l_b": 2.754,
            "rmsd_u_b": 3.837
          },
          {
            "mode": 8,
            "affinity": -3.4,
            "rmsd_l_b": 4.684,
            "rmsd_u_b": 7.598
          },
          {
            "mode": 9,
            "affinity": -3.4,
            "rmsd_l_b": 5.302,
            "rmsd_u_b": 7.747
          }
        ]
      },
      {
        "run": 17,
        "seed": 658521,
        "average": {
          "affinity": -3.411,
          "rmsd_l_b": 6.607,
          "rmsd_u_b": 8.549
        },
        "modes": [
          {
            "mode": 1,
            "affinity": -3.5,
            "rmsd_l_b": 0.0,
            "rmsd_u_b": 0.0
          },
          {
            "mode": 2,
            "affinity": -3.5,
            "rmsd_l_b": 6.269,
            "rmsd_u_b": 8.164
          },
          {
            "mode": 3,
            "affinity": -3.5,
            "rmsd_l_b": 8.382,
            "rmsd_u_b": 10.504
          },
          {
            "mode": 4,
            "affinity": -3.4,
            "rmsd_l_b": 7.689,
            "rmsd_u_b": 9.563
          },
          {
            "mode": 5,
            "affinity": -3.4,
            "rmsd_l_b": 8.185,
            "rmsd_u_b": 10.871
          },
          {
            "mode": 6,
            "affinity": -3.4,
            "rmsd_l_b": 8.649,
            "rmsd_u_b": 11.345
          },
          {
            "mode": 7,
            "affinity": -3.4,
            "rmsd_l_b": 5.945,
            "rmsd_u_b": 7.915
          },
          {
            "mode": 8,
            "affinity": -3.3,
            "rmsd_l_b": 8.13,
            "rmsd_u_b": 10.046
          },
          {
            "mode": 9,
            "affinity": -3.3,
            "rmsd_l_b": 6.211,
            "rmsd_u_b": 8.531
          }
        ]
      },
      {
        "run": 18,
        "seed": 983146,
        "average": {
          "affinity": -3.522,
          "rmsd_l_b": 3.229,
          "rmsd_u_b": 4.784
        },
        "modes": [
          {
            "mode": 1,
            "affinity": -3.6,
            "rmsd_l_b": 0.0,
            "rmsd_u_b": 0.0
          },
          {
            "mode": 2,
            "affinity": -3.6,
            "rmsd_l_b": 4.902,
            "rmsd_u_b": 8.252
          },
          {
            "mode": 3,
            "affinity": -3.5,
            "rmsd_l_b": 2.723,
            "rmsd_u_b": 4.476
          },
          {
            "mode": 4,
            "affinity": -3.5,
            "rmsd_l_b": 8.218,
            "rmsd_u_b": 10.363
          },
          {
            "mode": 5,
            "affinity": -3.5,
            "rmsd_l_b": 1.346,
            "rmsd_u_b": 2.001
          },
          {
            "mode": 6,
            "affinity": -3.5,
            "rmsd_l_b": 2.0,
            "rmsd_u_b": 2.845
          },
          {
            "mode": 7,
            "affinity": -3.5,
            "rmsd_l_b": 4.848,
            "rmsd_u_b": 8.29
          },
          {
            "mode": 8,
            "affinity": -3.5,
            "rmsd_l_b": 2.657,
            "rmsd_u_b": 4.017
          },
          {
            "mode": 9,
            "affinity": -3.5,
            "rmsd_l_b": 2.363,
            "rmsd_u_b": 2.813
          }
        ]
      },
      {
        "run": 19,
        "seed": 466237,
        "average": {
          "affinity": -3.422,
          "rmsd_l_b": 6.867,
          "rmsd_u_b": 8.894
        },
        "modes": [
          {
            "mode": 1,
            "affinity": -3.5,
            "rmsd_l_b": 0.0,
            "rmsd_u_b": 0.0
          },
          {
            "mode": 2,
            "affinity": -3.5,
            "rmsd_l_b": 6.158,
            "rmsd_u_b": 8.098
          },
          {
            "mode": 3,
            "affinity": -3.5,
            "rmsd_l_b": 8.413,
            "rmsd_u_b": 10.542
          },
          {
            "mode": 4,
            "affinity": -3.4,
            "rmsd_l_b": 8.516,
            "rmsd_u_b": 10.979
          },
          {
            "mode": 5,
            "affinity": -3.4,
            "rmsd_l_b": 8.851,
            "rmsd_u_b": 10.74
          },
          {
            "mode": 6,
            "affinity": -3.4,
            "rmsd_l_b": 8.702,
            "rmsd_u_b": 11.368
          },
          {
            "mode": 7,
            "affinity": -3.4,
            "rmsd_l_b": 8.22,
            "rmsd_u_b": 9.988
          },
          {
            "mode": 8,
            "affinity": -3.4,
            "rmsd_l_b": 8.377,
            "rmsd_u_b": 11.052
          },
          {
            "mode": 9,
            "affinity": -3.3,
            "rmsd_l_b": 4.569,
            "rmsd_u_b": 7.281
          }
        ]
      },
      {
        "run": 20,
        "seed": 948399,
        "average": {
          "affinity": -3.467,
          "rmsd_l_b": 4.315,
          "rmsd_u_b": 6.813
        },
        "modes": [
          {
            "mode": 1,
            "affinity": -3.6,
            "rmsd_l_b": 0.0,
            "rmsd_u_b": 0.0
          },
          {
            "mode": 2,
            "affinity": -3.6,
            "rmsd_l_b": 4.992,
            "rmsd_u_b": 7.611
          },
          {
            "mode": 3,
            "affinity": -3.5,
            "rmsd_l_b": 6.189,
            "rmsd_u_b": 8.109
          },
          {
            "mode": 4,
            "affinity": -3.5,
            "rmsd_l_b": 4.893,
            "rmsd_u_b": 8.3
          },
          {
            "mode": 5,
            "affinity": -3.4,
            "rmsd_l_b": 4.791,
            "rmsd_u_b": 7.866
          },
          {
            "mode": 6,
            "affinity": -3.4,
            "rmsd_l_b": 3.358,
            "rmsd_u_b": 4.578
          },
          {
            "mode": 7,
            "affinity": -3.4,
            "rmsd_l_b": 4.915,
            "rmsd_u_b": 8.238
          },
          {
            "mode": 8,
            "affinity": -3.4,
            "rmsd_l_b": 4.75,
            "rmsd_u_b": 8.251
          },
          {
            "mode": 9,
            "affinity": -3.4,
            "rmsd_l_b": 4.949,
            "rmsd_u_b": 8.362
          }
        ]
      }
    ]
  }
}