{
  "rmsd": 2.846,
  "rmsd_method": "C-alpha coordinates",
  "rmsd_tool": "BioPython",
  "docking": {
    "average_affinity": -3.581,
    "runs": [
      {
        "run": 1,
        "seed": 24107,
        "average": {
          "affinity": -3.556,
          "rmsd_l_b": 2.141,
          "rmsd_u_b": 3.514
        },
        "modes": [
          {
            "mode": 1,
            "affinity": -3.8,
            "rmsd_l_b": 0.0,
            "rmsd_u_b": 0.0
          },
          {
            "mode": 2,
            "affinity": -3.8,
            "rmsd_l_b": 1.449,
            "rmsd_u_b": 2.152
          },
          {
            "mode": 3,
            "affinity": -3.7,
            "rmsd_l_b": 2.851,
            "rmsd_u_b": 4.126
          },
          {
            "mode": 4,
            "affinity": -3.6,
            "rmsd_l_b": 2.737,
            "rmsd_u_b": 4.126
          },
          {
            "mode": 5,
            "affinity": -3.5,
            "rmsd_l_b": 2.852,
            "rmsd_u_b": 6.042
          },
          {
            "mode": 6,
            "affinity": -3.4,
            "rmsd_l_b": 2.847,
            "rmsd_u_b": 5.986
          },
          {
            "mode": 7,
            "affinity": -3.4,
            "rmsd_l_b": 2.641,
            "rmsd_u_b": 4.005
          },
          {
            "mode": 8,
            "affinity": -3.4,
            "rmsd_l_b": 1.596,
            "rmsd_u_b": 2.115
          },
          {
            "mode": 9,
            "affinity": -3.4,
            "rmsd_l_b": 2.294,
            "rmsd_u_b": 3.074
          }
        ]
      },
      {
        "run": 2,
        "seed": 385166,
        "average": {
          "affinity": -3.567,
          "rmsd_l_b": 2.751,
          "rmsd_u_b": 3.916
        },
        "modes": [
          {
            "mode": 1,
            "affinity": -3.8,
            "rmsd_l_b": 0.0,
            "rmsd_u_b": 0.0
          },
          {
            "mode": 2,
            "affinity": -3.8,
            "rmsd_l_b": 1.462,
            "rmsd_u_b": 2.149
          },
          {
            "mode": 3,
            "affinity": -3.7,
            "rmsd_l_b": 1.629,
            "rmsd_u_b": 2.365
          },
          {
            "mode": 4,
            "affinity": -3.6,
            "rmsd_l_b": 3.06,
            "rmsd_u_b": 4.436
          },
          {
            "mode": 5,
            "affinity": -3.6,
            "rmsd_l_b": 2.749,
            "rmsd_u_b": 4.074
          },
          {
            "mode": 6,
            "affinity": -3.4,
            "rmsd_l_b": 2.75,
            "rmsd_u_b": 5.949
          },
          {
            "mode": 7,
            "affinity": -3.4,
            "rmsd_l_b": 2.459,
            "rmsd_u_b": 3.606
          },
          {
            "mode": 8,
            "affinity": -3.4,
            "rmsd_l_b": 2.255,
            "rmsd_u_b": 3.231
          },
          {
            "mode": 9,
            "affinity": -3.4,
            "rmsd_l_b": 8.396,
            "rmsd_u_b": 9.431
          }
        ]
      },
      {
        "run": 3,
        "seed": 163549,
        "average": {
          "affinity": -3.6,
          "rmsd_l_b": 1.59,
          "rmsd_u_b": 2.675
        },
        "modes": [
          {
            "mode": 1,
            "affinity": -3.8,
            "rmsd_l_b": 0.0,
            "rmsd_u_b": 0.0
          },
          {
            "mode": 2,
            "affinity": -3.8,
            "rmsd_l_b": 0.271,
            "rmsd_u_b": 1.252
          },
          {
            "mode": 3,
            "affinity": -3.8,
            "rmsd_l_b": 1.47,
            "rmsd_u_b": 2.486
          },
          {
            "mode": 4,
            "affinity": -3.7,
            "rmsd_l_b": 2.844,
            "rmsd_u_b": 4.123
          },
          {
            "mode": 5,
            "affinity": -3.5,
            "rmsd_l_b": 2.845,
            "rmsd_u_b": 5.978
          },
          {
            "mode": 6,
            "affinity": -3.5,
            "rmsd_l_b": 1.436,
            "rmsd_u_b": 2.12
          },
          {
            "mode": 7,
            "affinity": -3.5,
            "rmsd_l_b": 1.152,
            "rmsd_u_b": 1.891
          },
          {
            "mode": 8,
            "affinity": -3.4,
            "rmsd_l_b": 2.136,
            "rmsd_u_b": 2.926
          },
          {
            "mode": 9,
            "affinity": -3.4,
            "rmsd_l_b": 2.159,
            "rmsd_u_b": 3.298
          }
        ]
      },
      {
        "run": 4,
        "seed": 491596,
        "average": {
          "affinity": -3.556,
          "rmsd_l_b": 1.943,
          "rmsd_u_b": 3.199
        },
        "modes": [
          {
            "mode": 1,
            "affinity": -3.8,
            "rmsd_l_b": 0.0,
            "rmsd_u_b": 0.0
          },
          {
            "mode": 2,
            "affinity": -3.8,
            "rmsd_l_b": 0.036,
            "rmsd_u_b": 1.226
          },
          {
            "mode": 3,
            "affinity": -3.7,
            "rmsd_l_b": 1.473,
            "rmsd_u_b": 2.197
          },
          {
            "mode": 4,
            "affinity": -3.6,
            "rmsd_l_b": 2.718,
            "rmsd_u_b": 4.148
          },
          {
            "mode": 5,
            "affinity": -3.5,
            "rmsd_l_b": 3.159,
            "rmsd_u_b": 4.451
          },
          {
            "mode": 6,
            "affinity": -3.4,
            "rmsd_l_b": 2.473,
            "rmsd_u_b": 3.886
          },
          {
            "mode": 7,
            "affinity": -3.4,
            "rmsd_l_b": 2.846,
            "rmsd_u_b": 5.946
          },
          {
            "mode": 8,
            "affinity": -3.4,
            "rmsd_l_b": 2.121,
            "rmsd_u_b": 2.904
          },
          {
            "mode": 9,
            "affinity": -3.4,
            "rmsd_l_b": 2.665,
            "rmsd_u_b": 4.033
          }
        ]
      },
      {
        "run": 5,
        "seed": 574847,
        "average": {
          "affinity": -3.611,
          "rmsd_l_b": 2.524,
          "rmsd_u_b": 3.644
        },
        "modes": [
          {
            "mode": 1,
            "affinity": -3.8,
            "rmsd_l_b": 0.0,
            "rmsd_u_b": 0.0
          },
          {
            "mode": 2,
            "affinity": -3.8,
            "rmsd_l_b": 0.164,
            "rmsd_u_b": 1.235
          },
          {
            "mode": 3,
            "affinity": -3.8,
            "rmsd_l_b": 1.478,
            "rmsd_u_b": 2.051
          },
          {
            "mode": 4,
            "affinity": -3.8,
            "rmsd_l_b": 1.464,
            "rmsd_u_b": 2.382
          },
          {
            "mode": 5,
            "affinity": -3.6,
            "rmsd_l_b": 2.913,
            "rmsd_u_b": 4.182
          },
          {
            "mode": 6,
            "affinity": -3.6,
            "rmsd_l_b": 2.774,
            "rmsd_u_b": 4.184
          },
          {
            "mode": 7,
            "affinity": -3.4,
            "rmsd_l_b": 2.559,
            "rmsd_u_b": 3.736
          },
          {
            "mode": 8,
            "affinity": -3.4,
            "rmsd_l_b": 2.91,
            "rmsd_u_b": 6.013
          },
          {
            "mode": 9,
            "affinity": -3.3,
            "rmsd_l_b": 8.451,
            "rmsd_u_b": 9.012
          }
        ]
      },
      {
        "run": 6,
        "seed": 538141,
        "average": {
          "affinity": -3.611,
          "rmsd_l_b": 1.982,
          "rmsd_u_b": 3.418
        },
        "modes": [
          {
            "mode": 1,
            "affinity": -3.8,
            "rmsd_l_b": 0.0,
            "rmsd_u_b": 0.0
          },
          {
            "mode": 2,
            "affinity": -3.8,
            "rmsd_l_b": 1.459,
            "rmsd_u_b": 2.419
          },
          {
            "mode": 3,
            "affinity": -3.7,
            "rmsd_l_b": 0.846,
            "rmsd_u_b": 1.196
          },
          {
            "mode": 4,
            "affinity": -3.7,
            "rmsd_l_b": 2.938,
            "rmsd_u_b": 4.115
          },
          {
            "mode": 5,
            "affinity": -3.6,
            "rmsd_l_b": 2.843,
            "rmsd_u_b": 4.131
          },
          {
            "mode": 6,
            "affinity": -3.5,
            "rmsd_l_b": 2.872,
            "rmsd_u_b": 5.958
          },
          {
            "mode": 7,
            "affinity": -3.5,
            "rmsd_l_b": 2.854,
            "rmsd_u_b": 5.935
          },
          {
            "mode": 8,
            "affinity": -3.5,
            "rmsd_l_b": 2.209,
            "rmsd_u_b": 3.29
          },
          {
            "mode": 9,
            "affinity": -3.4,
            "rmsd_l_b": 1.817,
            "rmsd_u_b": 3.714
          }
        ]
      },
      {
        "run": 7,
        "seed": 247700,
        "average": {
          "affinity": -3.622,
          "rmsd_l_b": 1.709,
          "rmsd_u_b": 2.608
        },
        "modes": [
          {
            "mode": 1,
            "affinity": -3.8,
            "rmsd_l_b": 0.0,
            "rmsd_u_b": 0.0
          },
          {
            "mode": 2,
            "affinity": -3.8,
            "rmsd_l_b": 0.562,
            "rmsd_u_b": 1.343
          },
          {
            "mode": 3,
            "affinity": -3.8,
            "rmsd_l_b": 1.436,
            "rmsd_u_b": 2.208
          },
          {
            "mode": 4,
            "affinity": -3.7,
            "rmsd_l_b": 1.452,
            "rmsd_u_b": 2.541
          },
          {
            "mode": 5,
            "affinity": -3.6,
            "rmsd_l_b": 2.99,
            "rmsd_u_b": 4.027
          },
          {
            "mode": 6,
            "affinity": -3.6,
            "rmsd_l_b": 2.898,
            "rmsd_u_b": 4.145
          },
          {
            "mode": 7,
            "affinity": -3.5,
            "rmsd_l_b": 2.057,
            "rmsd_u_b": 3.018
          },
          {
            "mode": 8,
            "affinity": -3.4,
            "rmsd_l_b": 2.002,
            "rmsd_u_b": 2.632
          },
          {
            "mode": 9,
            "affinity": -3.4,
            "rmsd_l_b": 1.981,
            "rmsd_u_b": 3.554
          }
        ]
      },
      {
        "run": 8,
        "seed": 348176,
        "average": {
          "affinity": -3.578,
          "rmsd_l_b": 2.778,
          "rmsd_u_b": 4.248
        },
        "modes": [
          {
            "mode": 1,
            "affinity": -3.8,
            "rmsd_l_b": 0.0,
            "rmsd_u_b": 0.0
          },
          {
            "mode": 2,
            "affinity": -3.7,
            "rmsd_l_b": 1.475,
            "rmsd_u_b": 2.182
          },
          {
            "mode": 3,
            "affinity": -3.7,
            "rmsd_l_b": 2.852,
            "rmsd_u_b": 4.14
          },
          {
            "mode": 4,
            "affinity": -3.7,
            "rmsd_l_b": 1.628,
            "rmsd_u_b": 2.367
          },
          {
            "mode": 5,
            "affinity": -3.6,
            "rmsd_l_b": 2.719,
            "rmsd_u_b": 4.133
          },
          {
            "mode": 6,
            "affinity": -3.5,
            "rmsd_l_b": 2.842,
            "rmsd_u_b": 6.056
          },
          {
            "mode": 7,
            "affinity": -3.4,
            "rmsd_l_b": 2.744,
            "rmsd_u_b": 5.921
          },
          {
            "mode": 8,
            "affinity": -3.4,
            "rmsd_l_b": 1.958,
            "rmsd_u_b": 3.775
          },
          {
            "mode": 9,
            "affinity": -3.4,
            "rmsd_l_b": 8.78,
            "rmsd_u_b": 9.661
          }
        ]
      },
      {
        "run": 9,
        "seed": 726231,
        "average": {
          "affinity": -3.544,
          "rmsd_l_b": 1.986,
          "rmsd_u_b": 2.89
        },
        "modes": [
          {
            "mode": 1,
            "affinity": -3.8,
            "rmsd_l_b": 0.0,
            "rmsd_u_b": 0.0
          },
          {
            "mode": 2,
            "affinity": -3.8,
            "rmsd_l_b": 1.45,
            "rmsd_u_b": 2.078
          },
          {
            "mode": 3,
            "affinity": -3.6,
            "rmsd_l_b": 2.871,
            "rmsd_u_b": 4.256
          },
          {
            "mode": 4,
            "affinity": -3.6,
            "rmsd_l_b": 2.996,
            "rmsd_u_b": 4.104
          },
          {
            "mode": 5,
            "affinity": -3.5,
            "rmsd_l_b": 1.81,
            "rmsd_u_b": 3.119
          },
          {
            "mode": 6,
            "affinity": -3.4,
            "rmsd_l_b": 2.562,
            "rmsd_u_b": 3.801
          },
          {
            "mode": 7,
            "affinity": -3.4,
            "rmsd_l_b": 2.514,
            "rmsd_u_b": 3.626
          },
          {
            "mode": 8,
            "affinity": -3.4,
            "rmsd_l_b": 2.128,
            "rmsd_u_b": 3.1
          },
          {
            "mode": 9,
            "affinity": -3.4,
            "rmsd_l_b": 1.542,
            "rmsd_u_b": 1.923
          }
        ]
      },
      {
        "run": 10,
        "seed": 515972,
        "average": {
          "affinity": -3.556,
          "rmsd_l_b": 2.844,
          "rmsd_u_b": 4.031
        },
        "modes": [
          {
            "mode": 1,
            "affinity": -3.8,
            "rmsd_l_b": 0.0,
            "rmsd_u_b": 0.0
          },
          {
            "mode": 2,
            "affinity": -3.8,
            "rmsd_l_b": 1.458,
            "rmsd_u_b": 2.119
          },
          {
            "mode": 3,
            "affinity": -3.7,
            "rmsd_l_b": 2.833,
            "rmsd_u_b": 4.114
          },
          {
            "mode": 4,
            "affinity": -3.6,
            "rmsd_l_b": 2.791,
            "rmsd_u_b": 4.157
          },
          {
            "mode": 5,
            "affinity": -3.5,
            "rmsd_l_b": 2.843,
            "rmsd_u_b": 5.945
          },
          {
            "mode": 6,
            "affinity": -3.4,
            "rmsd_l_b": 2.287,
            "rmsd_u_b": 3.417
          },
          {
            "mode": 7,
            "affinity": -3.4,
            "rmsd_l_b": 2.401,
            "rmsd_u_b": 3.237
          },
          {
            "mode": 8,
            "affinity": -3.4,
            "rmsd_l_b": 2.604,
            "rmsd_u_b": 3.859
          },
          {
            "mode": 9,
            "affinity": -3.4,
            "rmsd_l_b": 8.382,
            "rmsd_u_b": 9.432
          }
        ]
      },
      {
        "run": 11,
        "seed": 700948,
        "average": {
          "affinity": -3.578,
          "rmsd_l_b": 2.626,
          "rmsd_u_b": 3.872
        },
        "modes": [
          {
            "mode": 1,
            "affinity": -3.8,
            "rmsd_l_b": 0.0,
            "rmsd_u_b": 0.0
          },
          {
            "mode": 2,
            "affinity": -3.8,
            "rmsd_l_b": 0.046,
            "rmsd_u_b": 1.226
          },
          {
            "mode": 3,
            "affinity": -3.8,
            "rmsd_l_b": 1.458,
            "rmsd_u_b": 2.159
          },
          {
            "mode": 4,
            "affinity": -3.6,
            "rmsd_l_b": 2.877,
            "rmsd_u_b": 4.116
          },
          {
            "mode": 5,
            "affinity": -3.6,
            "rmsd_l_b": 2.785,
            "rmsd_u_b": 4.127
          },
          {
            "mode": 6,
            "affinity": -3.5,
            "rmsd_l_b": 2.846,
            "rmsd_u_b": 5.952
          },
          {
            "mode": 7,
            "affinity": -3.4,
            "rmsd_l_b": 2.471,
            "rmsd_u_b": 3.587
          },
          {
            "mode": 8,
            "affinity": -3.4,
            "rmsd_l_b": 2.76,
            "rmsd_u_b": 4.246
          },
          {
            "mode": 9,
            "affinity": -3.3,
            "rmsd_l_b": 8.389,
            "rmsd_u_b": 9.436
          }
        ]
      },
      {
        "run": 12,
        "seed": 460352,
        "average": {
          "affinity": -3.578,
          "rmsd_l_b": 2.693,
          "rmsd_u_b": 3.96
        },
        "modes": [
          {
            "mode": 1,
            "affinity": -3.8,
            "rmsd_l_b": 0.0,
            "rmsd_u_b": 0.0
          },
          {
            "mode": 2,
            "affinity": -3.8,
            "rmsd_l_b": 1.454,
            "rmsd_u_b": 2.138
          },
          {
            "mode": 3,
            "affinity": -3.8,
            "rmsd_l_b": 1.456,
            "rmsd_u_b": 2.451
          },
          {
            "mode": 4,
            "affinity": -3.6,
            "rmsd_l_b": 2.804,
            "rmsd_u_b": 4.158
          },
          {
            "mode": 5,
            "affinity": -3.5,
            "rmsd_l_b": 3.006,
            "rmsd_u_b": 4.244
          },
          {
            "mode": 6,
            "affinity": -3.5,
            "rmsd_l_b": 2.756,
            "rmsd_u_b": 5.937
          },
          {
            "mode": 7,
            "affinity": -3.4,
            "rmsd_l_b": 1.846,
            "rmsd_u_b": 3.69
          },
          {
            "mode": 8,
            "affinity": -3.4,
            "rmsd_l_b": 2.474,
            "rmsd_u_b": 3.543
          },
          {
            "mode": 9,
            "affinity": -3.4,
            "rmsd_l_b": 8.437,
            "rmsd_u_b": 9.479
          }
        ]
      },
      {
        "run": 13,
        "seed": 431729,
        "average": {
          "affinity": -3.622,
          "rmsd_l_b": 2.041,
          "rmsd_u_b": 3.446
        },
        "modes": [
          {
            "mode": 1,
            "affinity": -3.9,
            "rmsd_l_b": 0.0,
            "rmsd_u_b": 0.0
          },
          {
            "mode": 2,
            "affinity": -3.8,
            "rmsd_l_b": 1.454,
            "rmsd_u_b": 2.39
          },
          {
            "mode": 3,
            "affinity": -3.7,
            "rmsd_l_b": 0.677,
            "rmsd_u_b": 1.045
          },
          {
            "mode": 4,
            "affinity": -3.7,
            "rmsd_l_b": 2.916,
            "rmsd_u_b": 4.156
          },
          {
            "mode": 5,
            "affinity": -3.7,
            "rmsd_l_b": 2.833,
            "rmsd_u_b": 4.257
          },
          {
            "mode": 6,
            "affinity": -3.5,
            "rmsd_l_b": 2.205,
            "rmsd_u_b": 3.318
          },
          {
            "mode": 7,
            "affinity": -3.5,
            "rmsd_l_b": 2.84,
            "rmsd_u_b": 6.029
          },
          {
            "mode": 8,
            "affinity": -3.4,
            "rmsd_l_b": 2.514,
            "rmsd_u_b": 3.816
          },
          {
            "mode": 9,
            "affinity": -3.4,
            "rmsd_l_b": 2.932,
            "rmsd_u_b": 6.003
          }
        ]
      },
      {
        "run": 14,
        "seed": 945232,
        "average": {
          "affinity": -3.556,
          "rmsd_l_b": 3.399,
          "rmsd_u_b": 4.408
        },
        "modes": [
          {
            "mode": 1,
            "affinity": -3.8,
            "rmsd_l_b": 0.0,
            "rmsd_u_b": 0.0
          },
          {
            "mode": 2,
            "affinity": -3.8,
            "rmsd_l_b": 1.449,
            "rmsd_u_b": 2.142
          },
          {
            "mode": 3,
            "affinity": -3.7,
            "rmsd_l_b": 2.917,
            "rmsd_u_b": 4.142
          },
          {
            "mode": 4,
            "affinity": -3.6,
            "rmsd_l_b": 2.835,
            "rmsd_u_b": 4.19
          },
          {
            "mode": 5,
            "affinity": -3.5,
            "rmsd_l_b": 2.204,
            "rmsd_u_b": 3.299
          },
          {
            "mode": 6,
            "affinity": -3.4,
            "rmsd_l_b": 2.087,
            "rmsd_u_b": 3.07
          },
          {
            "mode": 7,
            "affinity": -3.4,
            "rmsd_l_b": 1.867,
            "rmsd_u_b": 3.678
          },
          {
            "mode": 8,
            "affinity": -3.4,
            "rmsd_l_b": 8.83,
            "rmsd_u_b": 9.708
          },
          {
            "mode": 9,
            "affinity": -3.4,
            "rmsd_l_b": 8.404,
            "rmsd_u_b": 9.441
          }
        ]
      },
      {
        "run": 15,
        "seed": 340185,
        "average": {
          "affinity": -3.533,
          "rmsd_l_b": 1.88,
          "rmsd_u_b": 2.957
        },
        "modes": [
          {
            "mode": 1,
            "affinity": -3.8,
            "rmsd_l_b": 0.0,
            "rmsd_u_b": 0.0
          },
          {
            "mode": 2,
            "affinity": -3.8,
            "rmsd_l_b": 1.445,
            "rmsd_u_b": 2.437
          },
          {
            "mode": 3,
            "affinity": -3.6,
            "rmsd_l_b": 2.824,
            "rmsd_u_b": 4.09
          },
          {
            "mode": 4,
            "affinity": -3.5,
            "rmsd_l_b": 0.943,
            "rmsd_u_b": 1.678
          },
          {
            "mode": 5,
            "affinity": -3.5,
            "rmsd_l_b": 2.988,
            "rmsd_u_b": 4.083
          },
          {
            "mode": 6,
            "affinity": -3.4,
            "rmsd_l_b": 2.167,
            "rmsd_u_b": 3.148
          },
          {
            "mode": 7,
            "affinity": -3.4,
            "rmsd_l_b": 2.116,
            "rmsd_u_b": 3.225
          },
          {
            "mode": 8,
            "affinity": -3.4,
            "rmsd_l_b": 2.908,
            "rmsd_u_b": 6.04
          },
          {
            "mode": 9,
            "affinity": -3.4,
            "rmsd_l_b": 1.533,
            "rmsd_u_b": 1.91
          }
        ]
      },
      {
        "run": 16,
        "seed": 348727,
        "average": {
          "affinity": -3.556,
          "rmsd_l_b": 2.771,
          "rmsd_u_b": 3.798
        },
        "modes": [
          {
            "mode": 1,
            "affinity": -3.8,
            "rmsd_l_b": 0.0,
            "rmsd_u_b": 0.0
          },
          {
            "mode": 2,
            "affinity": -3.8,
            "rmsd_l_b": 1.459,
            "rmsd_u_b": 2.147
          },
          {
            "mode": 3,
            "affinity": -3.7,
            "rmsd_l_b": 2.867,
            "rmsd_u_b": 4.157
          },
          {
            "mode": 4,
            "affinity": -3.6,
            "rmsd_l_b": 1.599,
            "rmsd_u_b": 2.72
          },
          {
            "mode": 5,
            "affinity": -3.6,
            "rmsd_l_b": 2.792,
            "rmsd_u_b": 4.137
          },
          {
            "mode": 6,
            "affinity": -3.4,
            "rmsd_l_b": 2.296,
            "rmsd_u_b": 3.416
          },
          {
            "mode": 7,
            "affinity": -3.4,
            "rmsd_l_b": 2.859,
            "rmsd_u_b": 4.194
          },
          {
            "mode": 8,
            "affinity": -3.4,
            "rmsd_l_b": 2.663,
            "rmsd_u_b": 3.948
          },
          {
            "mode": 9,
            "affinity": -3.3,
            "rmsd_l_b": 8.4,
            "rmsd_u_b": 9.46
          }
        ]
      },
      {
        "run": 17,
        "seed": 95882,
        "average": {
          "affinity": -3.6,
          "rmsd_l_b": 2.624,
          "rmsd_u_b": 3.549
        },
        "modes": [
          {
            "mode": 1,
            "affinity": -3.8,
            "rmsd_l_b": 0.0,
            "rmsd_u_b": 0.0
          },
          {
            "mode": 2,
            "affinity": -3.8,
            "rmsd_l_b": 1.444,
            "rmsd_u_b": 2.08
          },
          {
            "mode": 3,
            "affinity": -3.8,
            "rmsd_l_b": 1.437,
            "rmsd_u_b": 2.404
          },
          {
            "mode": 4,
            "affinity": -3.7,
            "rmsd_l_b": 2.908,
            "rmsd_u_b": 4.148
          },
          {
            "mode": 5,
            "affinity": -3.7,
            "rmsd_l_b": 2.78,
            "rmsd_u_b": 4.167
          },
          {
            "mode": 6,
            "affinity": -3.4,
            "rmsd_l_b": 2.56,
            "rmsd_u_b": 3.807
          },
          {
            "mode": 7,
            "affinity": -3.4,
            "rmsd_l_b": 1.49,
            "rmsd_u_b": 2.196
          },
          {
            "mode": 8,
            "affinity": -3.4,
            "rmsd_l_b": 8.743,
            "rmsd_u_b": 9.666
          },
          {
            "mode": 9,
            "affinity": -3.4,
            "rmsd_l_b": 2.258,
            "rmsd_u_b": 3.477
          }
        ]
      },
      {
        "run": 18,
        "seed": 337759,
        "average": {
          "affinity": -3.6,
          "rmsd_l_b": 2.058,
          "rmsd_u_b": 3.468
        },
        "modes": [
          {
            "mode": 1,
            "affinity": -3.8,
            "rmsd_l_b": 0.0,
            "rmsd_u_b": 0.0
          },
          {
            "mode": 2,
            "affinity": -3.8,
            "rmsd_l_b": 1.455,
            "rmsd_u_b": 2.1
          },
          {
            "mode": 3,
            "affinity": -3.7,
            "rmsd_l_b": 2.876,
            "rmsd_u_b": 4.571
          },
          {
            "mode": 4,
            "affinity": -3.7,
            "rmsd_l_b": 2.755,
            "rmsd_u_b": 4.198
          },
          {
            "mode": 5,
            "affinity": -3.6,
            "rmsd_l_b": 3.273,
            "rmsd_u_b": 5.738
          },
          {
            "mode": 6,
            "affinity": -3.5,
            "rmsd_l_b": 2.154,
            "rmsd_u_b": 3.873
          },
          {
            "mode": 7,
            "affinity": -3.5,
            "rmsd_l_b": 1.93,
            "rmsd_u_b": 3.369
          },
          {
            "mode": 8,
            "affinity": -3.4,
            "rmsd_l_b": 1.998,
            "rmsd_u_b": 3.479
          },
          {
            "mode": 9,
            "affinity": -3.4,
            "rmsd_l_b": 2.081,
            "rmsd_u_b": 3.88
          }
        ]
      },
      {
        "run": 19,
        "seed": 770385,
        "average": {
          "affinity": -3.589,
          "rmsd_l_b": 1.915,
          "rmsd_u_b": 3.046
        },
        "modes": [
          {
            "mode": 1,
            "affinity": -3.8,
            "rmsd_l_b": 0.0,
            "rmsd_u_b": 0.0
          },
          {
            "mode": 2,
            "affinity": -3.8,
            "rmsd_l_b": 1.441,
            "rmsd_u_b": 2.074
          },
          {
            "mode": 3,
            "affinity": -3.7,
            "rmsd_l_b": 2.925,
            "rmsd_u_b": 4.139
          },
          {
            "mode": 4,
            "affinity": -3.7,
            "rmsd_l_b": 2.901,
            "rmsd_u_b": 4.413
          },
          {
            "mode": 5,
            "affinity": -3.5,
            "rmsd_l_b": 2.21,
            "rmsd_u_b": 3.328
          },
          {
            "mode": 6,
            "affinity": -3.5,
            "rmsd_l_b": 2.866,
            "rmsd_u_b": 6.036
          },
          {
            "mode": 7,
            "affinity": -3.5,
            "rmsd_l_b": 1.868,
            "rmsd_u_b": 3.724
          },
          {
            "mode": 8,
            "affinity": -3.4,
            "rmsd_l_b": 1.536,
            "rmsd_u_b": 1.833
          },
          {
            "mode": 9,
            "affinity": -3.4,
            "rmsd_l_b": 1.485,
            "rmsd_u_b": 1.866
          }
        ]
      },
      {
        "run": 20,
        "seed": 579087,
        "average": {
          "affinity": -3.6,
          "rmsd_l_b": 1.901,
          "rmsd_u_b": 3.069
        },
        "modes": [
          {
            "mode": 1,
            "affinity": -3.9,
            "rmsd_l_b": 0.0,
            "rmsd_u_b": 0.0
          },
          {
            "mode": 2,
            "affinity": -3.8,
            "rmsd_l_b": 0.401,
            "rmsd_u_b": 1.287
          },
          {
            "mode": 3,
            "affinity": -3.8,
            "rmsd_l_b": 1.449,
            "rmsd_u_b": 2.205
          },
          {
            "mode": 4,
            "affinity": -3.7,
            "rmsd_l_b": 2.933,
            "rmsd_u_b": 4.012
          },
          {
            "mode": 5,
            "affinity": -3.6,
            "rmsd_l_b": 2.869,
            "rmsd_u_b": 4.105
          },
          {
            "mode": 6,
            "affinity": -3.4,
            "rmsd_l_b": 2.842,
            "rmsd_u_b": 5.903
          },
          {
            "mode": 7,
            "affinity": -3.4,
            "rmsd_l_b": 1.904,
            "rmsd_u_b": 3.501
          },
          {
            "mode": 8,
            "affinity": -3.4,
            "rmsd_l_b": 2.436,
            "rmsd_u_b": 3.649
          },
          {
            "mode": 9,
            "affinity": -3.4,
            "rmsd_l_b": 2.277,
            "rmsd_u_b": 2.958
          }
        ]
      }
    ]
  }
}