{
  "rmsd": 2.911,
  "rmsd_method": "C-alpha coordinates",
  "rmsd_tool": "BioPython",
  "docking": {
    "average_affinity": -3.832,
    "runs": [
      {
        "run": 1,
        "seed": 649852,
        "average": {
          "affinity": -3.8,
          "rmsd_l_b": 2.203,
          "rmsd_u_b": 4.745
        },
        "modes": [
          {
            "mode": 1,
            "affinity": -4.2,
            "rmsd_l_b": 0.0,
            "rmsd_u_b": 0.0
          },
          {
            "mode": 2,
            "affinity": -4.2,
            "rmsd_l_b": 0.887,
            "rmsd_u_b": 2.023
          },
          {
            "mode": 3,
            "affinity": -3.9,
            "rmsd_l_b": 1.042,
            "rmsd_u_b": 2.198
          },
          {
            "mode": 4,
            "affinity": -3.8,
            "rmsd_l_b": 1.381,
            "rmsd_u_b": 2.642
          },
          {
            "mode": 5,
            "affinity": -3.8,
            "rmsd_l_b": 3.882,
            "rmsd_u_b": 8.598
          },
          {
            "mode": 6,
            "affinity": -3.6,
            "rmsd_l_b": 1.515,
            "rmsd_u_b": 2.494
          },
          {
            "mode": 7,
            "affinity": -3.6,
            "rmsd_l_b": 4.233,
            "rmsd_u_b": 8.451
          },
          {
            "mode": 8,
            "affinity": -3.6,
            "rmsd_l_b": 3.028,
            "rmsd_u_b": 7.597
          },
          {
            "mode": 9,
            "affinity": -3.5,
            "rmsd_l_b": 3.859,
            "rmsd_u_b": 8.698
          }
        ]
      },
      {
        "run": 2,
        "seed": 620728,
        "average": {
          "affinity": -3.856,
          "rmsd_l_b": 2.359,
          "rmsd_u_b": 4.898
        },
        "modes": [
          {
            "mode": 1,
            "affinity": -4.3,
            "rmsd_l_b": 0.0,
            "rmsd_u_b": 0.0
          },
          {
            "mode": 2,
            "affinity": -4.2,
            "rmsd_l_b": 0.864,
            "rmsd_u_b": 2.073
          },
          {
            "mode": 3,
            "affinity": -4.0,
            "rmsd_l_b": 1.066,
            "rmsd_u_b": 1.993
          },
          {
            "mode": 4,
            "affinity": -3.8,
            "rmsd_l_b": 3.079,
            "rmsd_u_b": 7.406
          },
          {
            "mode": 5,
            "affinity": -3.8,
            "rmsd_l_b": 4.143,
            "rmsd_u_b": 8.48
          },
          {
            "mode": 6,
            "affinity": -3.8,
            "rmsd_l_b": 1.361,
            "rmsd_u_b": 2.776
          },
          {
            "mode": 7,
            "affinity": -3.7,
            "rmsd_l_b": 3.494,
            "rmsd_u_b": 7.767
          },
          {
            "mode": 8,
            "affinity": -3.6,
            "rmsd_l_b": 3.001,
            "rmsd_u_b": 4.81
          },
          {
            "mode": 9,
            "affinity": -3.5,
            "rmsd_l_b": 4.222,
            "rmsd_u_b": 8.78
          }
        ]
      },
      {
        "run": 3,
        "seed": 171084,
        "average": {
          "affinity": -3.856,
          "rmsd_l_b": 2.347,
          "rmsd_u_b": 4.99
        },
        "modes": [
          {
            "mode": 1,
            "affinity": -4.3,
            "rmsd_l_b": 0.0,
            "rmsd_u_b": 0.0
          },
          {
            "mode": 2,
            "affinity": -4.2,
            "rmsd_l_b": 0.884,
            "rmsd_u_b": 1.898
          },
          {
            "mode": 3,
            "affinity": -4.0,
            "rmsd_l_b": 1.059,
            "rmsd_u_b": 2.034
          },
          {
            "mode": 4,
            "affinity": -3.9,
            "rmsd_l_b": 3.058,
            "rmsd_u_b": 7.476
          },
          {
            "mode": 5,
            "affinity": -3.7,
            "rmsd_l_b": 3.974,
            "rmsd_u_b": 8.689
          },
          {
            "mode": 6,
            "affinity": -3.7,
            "rmsd_l_b": 1.25,
            "rmsd_u_b": 2.374
          },
          {
            "mode": 7,
            "affinity": -3.7,
            "rmsd_l_b": 3.626,
            "rmsd_u_b": 7.737
          },
          {
            "mode": 8,
            "affinity": -3.6,
            "rmsd_l_b": 4.033,
            "rmsd_u_b": 9.187
          },
          {
            "mode": 9,
            "affinity": -3.6,
            "rmsd_l_b": 3.243,
            "rmsd_u_b": 5.514
          }
        ]
      },
      {
        "run": 4,
        "seed": 982147,
        "average": {
          "affinity": -3.844,
          "rmsd_l_b": 2.954,
          "rmsd_u_b": 5.629
        },
        "modes": [
          {
            "mode": 1,
            "affinity": -4.3,
            "rmsd_l_b": 0.0,
            "rmsd_u_b": 0.0
          },
          {
            "mode": 2,
            "affinity": -4.1,
            "rmsd_l_b": 0.937,
            "rmsd_u_b": 1.922
          },
          {
            "mode": 3,
            "affinity": -3.9,
            "rmsd_l_b": 3.06,
            "rmsd_u_b": 7.462
          },
          {
            "mode": 4,
            "affinity": -3.9,
            "rmsd_l_b": 0.959,
            "rmsd_u_b": 1.856
          },
          {
            "mode": 5,
            "affinity": -3.8,
            "rmsd_l_b": 1.318,
            "rmsd_u_b": 2.546
          },
          {
            "mode": 6,
            "affinity": -3.7,
            "rmsd_l_b": 4.15,
            "rmsd_u_b": 9.02
          },
          {
            "mode": 7,
            "affinity": -3.7,
            "rmsd_l_b": 4.243,
            "rmsd_u_b": 8.333
          },
          {
            "mode": 8,
            "affinity": -3.6,
            "rmsd_l_b": 3.603,
            "rmsd_u_b": 7.761
          },
          {
            "mode": 9,
            "affinity": -3.6,
            "rmsd_l_b": 8.317,
            "rmsd_u_b": 11.763
          }
        ]
      },
      {
        "run": 5,
        "seed": 250517,
        "average": {
          "affinity": -3.856,
          "rmsd_l_b": 2.363,
          "rmsd_u_b": 4.952
        },
        "modes": [
          {
            "mode": 1,
            "affinity": -4.3,
            "rmsd_l_b": 0.0,
            "rmsd_u_b": 0.0
          },
          {
            "mode": 2,
            "affinity": -4.2,
            "rmsd_l_b": 0.879,
            "rmsd_u_b": 2.027
          },
          {
            "mode": 3,
            "affinity": -3.9,
            "rmsd_l_b": 3.034,
            "rmsd_u_b": 7.389
          },
          {
            "mode": 4,
            "affinity": -3.9,
            "rmsd_l_b": 0.92,
            "rmsd_u_b": 1.815
          },
          {
            "mode": 5,
            "affinity": -3.8,
            "rmsd_l_b": 1.197,
            "rmsd_u_b": 2.576
          },
          {
            "mode": 6,
            "affinity": -3.8,
            "rmsd_l_b": 4.1,
            "rmsd_u_b": 8.498
          },
          {
            "mode": 7,
            "affinity": -3.8,
            "rmsd_l_b": 4.058,
            "rmsd_u_b": 8.593
          },
          {
            "mode": 8,
            "affinity": -3.5,
            "rmsd_l_b": 3.559,
            "rmsd_u_b": 5.976
          },
          {
            "mode": 9,
            "affinity": -3.5,
            "rmsd_l_b": 3.518,
            "rmsd_u_b": 7.694
          }
        ]
      },
      {
        "run": 6,
        "seed": 285094,
        "average": {
          "affinity": -3.767,
          "rmsd_l_b": 3.324,
          "rmsd_u_b": 5.147
        },
        "modes": [
          {
            "mode": 1,
            "affinity": -4.2,
            "rmsd_l_b": 0.0,
            "rmsd_u_b": 0.0
          },
          {
            "mode": 2,
            "affinity": -4.1,
            "rmsd_l_b": 0.938,
            "rmsd_u_b": 1.886
          },
          {
            "mode": 3,
            "affinity": -3.9,
            "rmsd_l_b": 0.972,
            "rmsd_u_b": 2.024
          },
          {
            "mode": 4,
            "affinity": -3.8,
            "rmsd_l_b": 4.101,
            "rmsd_u_b": 8.472
          },
          {
            "mode": 5,
            "affinity": -3.7,
            "rmsd_l_b": 1.294,
            "rmsd_u_b": 2.299
          },
          {
            "mode": 6,
            "affinity": -3.6,
            "rmsd_l_b": 3.154,
            "rmsd_u_b": 7.449
          },
          {
            "mode": 7,
            "affinity": -3.6,
            "rmsd_l_b": 1.872,
            "rmsd_u_b": 3.03
          },
          {
            "mode": 8,
            "affinity": -3.5,
            "rmsd_l_b": 8.914,
            "rmsd_u_b": 10.827
          },
          {
            "mode": 9,
            "affinity": -3.5,
            "rmsd_l_b": 8.67,
            "rmsd_u_b": 10.334
          }
        ]
      },
      {
        "run": 7,
        "seed": 653439,
        "average": {
          "affinity": -3.811,
          "rmsd_l_b": 2.971,
          "rmsd_u_b": 5.539
        },
        "modes": [
          {
            "mode": 1,
            "affinity": -4.2,
            "rmsd_l_b": 0.0,
            "rmsd_u_b": 0.0
          },
          {
            "mode": 2,
            "affinity": -4.1,
            "rmsd_l_b": 0.917,
            "rmsd_u_b": 1.803
          },
          {
            "mode": 3,
            "affinity": -4.0,
            "rmsd_l_b": 1.057,
            "rmsd_u_b": 2.047
          },
          {
            "mode": 4,
            "affinity": -3.9,
            "rmsd_l_b": 3.014,
            "rmsd_u_b": 7.424
          },
          {
            "mode": 5,
            "affinity": -3.7,
            "rmsd_l_b": 4.027,
            "rmsd_u_b": 8.662
          },
          {
            "mode": 6,
            "affinity": -3.7,
            "rmsd_l_b": 1.421,
            "rmsd_u_b": 2.598
          },
          {
            "mode": 7,
            "affinity": -3.6,
            "rmsd_l_b": 4.168,
            "rmsd_u_b": 8.552
          },
          {
            "mode": 8,
            "affinity": -3.6,
            "rmsd_l_b": 8.377,
            "rmsd_u_b": 11.799
          },
          {
            "mode": 9,
            "affinity": -3.5,
            "rmsd_l_b": 3.76,
            "rmsd_u_b": 6.967
          }
        ]
      },
      {
        "run": 8,
        "seed": 92164,
        "average": {
          "affinity": -3.811,
          "rmsd_l_b": 2.782,
          "rmsd_u_b": 4.884
        },
        "modes": [
          {
            "mode": 1,
            "affinity": -4.3,
            "rmsd_l_b": 0.0,
            "rmsd_u_b": 0.0
          },
          {
            "mode": 2,
            "affinity": -4.2,
            "rmsd_l_b": 0.903,
            "rmsd_u_b": 2.022
          },
          {
            "mode": 3,
            "affinity": -3.8,
            "rmsd_l_b": 1.394,
            "rmsd_u_b": 2.952
          },
          {
            "mode": 4,
            "affinity": -3.8,
            "rmsd_l_b": 4.154,
            "rmsd_u_b": 8.416
          },
          {
            "mode": 5,
            "affinity": -3.8,
            "rmsd_l_b": 1.109,
            "rmsd_u_b": 2.309
          },
          {
            "mode": 6,
            "affinity": -3.7,
            "rmsd_l_b": 3.07,
            "rmsd_u_b": 7.317
          },
          {
            "mode": 7,
            "affinity": -3.6,
            "rmsd_l_b": 3.944,
            "rmsd_u_b": 7.339
          },
          {
            "mode": 8,
            "affinity": -3.6,
            "rmsd_l_b": 1.574,
            "rmsd_u_b": 2.758
          },
          {
            "mode": 9,
            "affinity": -3.5,
            "rmsd_l_b": 8.891,
            "rmsd_u_b": 10.839
          }
        ]
      },
      {
        "run": 9,
        "seed": 229429,
        "average": {
          "affinity": -3.756,
          "rmsd_l_b": 3.342,
          "rmsd_u_b": 6.464
        },
        "modes": [
          {
            "mode": 1,
            "affinity": -4.2,
            "rmsd_l_b": 0.0,
            "rmsd_u_b": 0.0
          },
          {
            "mode": 2,
            "affinity": -4.1,
            "rmsd_l_b": 0.945,
            "rmsd_u_b": 2.145
          },
          {
            "mode": 3,
            "affinity": -3.9,
            "rmsd_l_b": 3.983,
            "rmsd_u_b": 8.524
          },
          {
            "mode": 4,
            "affinity": -3.8,
            "rmsd_l_b": 1.37,
            "rmsd_u_b": 2.668
          },
          {
            "mode": 5,
            "affinity": -3.7,
            "rmsd_l_b": 9.258,
            "rmsd_u_b": 11.511
          },
          {
            "mode": 6,
            "affinity": -3.6,
            "rmsd_l_b": 4.172,
            "rmsd_u_b": 8.411
          },
          {
            "mode": 7,
            "affinity": -3.5,
            "rmsd_l_b": 3.964,
            "rmsd_u_b": 8.854
          },
          {
            "mode": 8,
            "affinity": -3.5,
            "rmsd_l_b": 3.096,
            "rmsd_u_b": 8.066
          },
          {
            "mode": 9,
            "affinity": -3.5,
            "rmsd_l_b": 3.288,
            "rmsd_u_b": 7.997
          }
        ]
      },
      {
        "run": 10,
        "seed": 532337,
        "average": {
          "affinity": -3.8,
          "rmsd_l_b": 2.404,
          "rmsd_u_b": 4.899
        },
        "modes": [
          {
            "mode": 1,
            "affinity": -4.3,
            "rmsd_l_b": 0.0,
            "rmsd_u_b": 0.0
          },
          {
            "mode": 2,
            "affinity": -4.2,
            "rmsd_l_b": 0.868,
            "rmsd_u_b": 2.019
          },
          {
            "mode": 3,
            "affinity": -3.8,
            "rmsd_l_b": 3.028,
            "rmsd_u_b": 7.404
          },
          {
            "mode": 4,
            "affinity": -3.8,
            "rmsd_l_b": 0.873,
            "rmsd_u_b": 1.808
          },
          {
            "mode": 5,
            "affinity": -3.7,
            "rmsd_l_b": 4.168,
            "rmsd_u_b": 8.632
          },
          {
            "mode": 6,
            "affinity": -3.7,
            "rmsd_l_b": 1.276,
            "rmsd_u_b": 2.006
          },
          {
            "mode": 7,
            "affinity": -3.6,
            "rmsd_l_b": 3.393,
            "rmsd_u_b": 5.016
          },
          {
            "mode": 8,
            "affinity": -3.6,
            "rmsd_l_b": 4.002,
            "rmsd_u_b": 8.572
          },
          {
            "mode": 9,
            "affinity": -3.5,
            "rmsd_l_b": 4.032,
            "rmsd_u_b": 8.637
          }
        ]
      },
      {
        "run": 11,
        "seed": 967359,
        "average": {
          "affinity": -3.867,
          "rmsd_l_b": 2.825,
          "rmsd_u_b": 5.249
        },
        "modes": [
          {
            "mode": 1,
            "affinity": -4.2,
            "rmsd_l_b": 0.0,
            "rmsd_u_b": 0.0
          },
          {
            "mode": 2,
            "affinity": -4.2,
            "rmsd_l_b": 0.876,
            "rmsd_u_b": 2.075
          },
          {
            "mode": 3,
            "affinity": -4.0,
            "rmsd_l_b": 3.005,
            "rmsd_u_b": 7.455
          },
          {
            "mode": 4,
            "affinity": -3.9,
            "rmsd_l_b": 1.022,
            "rmsd_u_b": 2.291
          },
          {
            "mode": 5,
            "affinity": -3.9,
            "rmsd_l_b": 4.075,
            "rmsd_u_b": 8.506
          },
          {
            "mode": 6,
            "affinity": -3.8,
            "rmsd_l_b": 4.043,
            "rmsd_u_b": 8.692
          },
          {
            "mode": 7,
            "affinity": -3.7,
            "rmsd_l_b": 1.164,
            "rmsd_u_b": 2.028
          },
          {
            "mode": 8,
            "affinity": -3.6,
            "rmsd_l_b": 8.315,
            "rmsd_u_b": 11.753
          },
          {
            "mode": 9,
            "affinity": -3.5,
            "rmsd_l_b": 2.927,
            "rmsd_u_b": 4.439
          }
        ]
      },
      {
        "run": 12,
        "seed": 490377,
        "average": {
          "affinity": -3.833,
          "rmsd_l_b": 2.592,
          "rmsd_u_b": 5.03
        },
        "modes": [
          {
            "mode": 1,
            "affinity": -4.2,
            "rmsd_l_b": 0.0,
            "rmsd_u_b": 0.0
          },
          {
            "mode": 2,
            "affinity": -4.1,
            "rmsd_l_b": 0.94,
            "rmsd_u_b": 2.006
          },
          {
            "mode": 3,
            "affinity": -4.0,
            "rmsd_l_b": 1.089,
            "rmsd_u_b": 2.345
          },
          {
            "mode": 4,
            "affinity": -3.9,
            "rmsd_l_b": 1.395,
            "rmsd_u_b": 2.363
          },
          {
            "mode": 5,
            "affinity": -3.9,
            "rmsd_l_b": 3.961,
            "rmsd_u_b": 8.539
          },
          {
            "mode": 6,
            "affinity": -3.8,
            "rmsd_l_b": 4.062,
            "rmsd_u_b": 8.556
          },
          {
            "mode": 7,
            "affinity": -3.6,
            "rmsd_l_b": 3.646,
            "rmsd_u_b": 7.765
          },
          {
            "mode": 8,
            "affinity": -3.5,
            "rmsd_l_b": 4.941,
            "rmsd_u_b": 8.117
          },
          {
            "mode": 9,
            "affinity": -3.5,
            "rmsd_l_b": 3.295,
            "rmsd_u_b": 5.582
          }
        ]
      },
      {
        "run": 13,
        "seed": 137228,
        "average": {
          "affinity": -3.778,
          "rmsd_l_b": 2.442,
          "rmsd_u_b": 4.718
        },
        "modes": [
          {
            "mode": 1,
            "affinity": -4.2,
            "rmsd_l_b": 0.0,
            "rmsd_u_b": 0.0
          },
          {
            "mode": 2,
            "affinity": -4.2,
            "rmsd_l_b": 0.882,
            "rmsd_u_b": 1.899
          },
          {
            "mode": 3,
            "affinity": -3.9,
            "rmsd_l_b": 1.056,
            "rmsd_u_b": 2.328
          },
          {
            "mode": 4,
            "affinity": -3.7,
            "rmsd_l_b": 4.222,
            "rmsd_u_b": 8.385
          },
          {
            "mode": 5,
            "affinity": -3.7,
            "rmsd_l_b": 3.063,
            "rmsd_u_b": 7.656
          },
          {
            "mode": 6,
            "affinity": -3.6,
            "rmsd_l_b": 1.407,
            "rmsd_u_b": 2.586
          },
          {
            "mode": 7,
            "affinity": -3.6,
            "rmsd_l_b": 4.092,
            "rmsd_u_b": 6.14
          },
          {
            "mode": 8,
            "affinity": -3.6,
            "rmsd_l_b": 3.268,
            "rmsd_u_b": 4.78
          },
          {
            "mode": 9,
            "affinity": -3.5,
            "rmsd_l_b": 3.991,
            "rmsd_u_b": 8.691
          }
        ]
      },
      {
        "run": 14,
        "seed": 967631,
        "average": {
          "affinity": -3.844,
          "rmsd_l_b": 2.851,
          "rmsd_u_b": 5.658
        },
        "modes": [
          {
            "mode": 1,
            "affinity": -4.2,
            "rmsd_l_b": 0.0,
            "rmsd_u_b": 0.0
          },
          {
            "mode": 2,
            "affinity": -4.1,
            "rmsd_l_b": 0.921,
            "rmsd_u_b": 2.003
          },
          {
            "mode": 3,
            "affinity": -4.0,
            "rmsd_l_b": 1.086,
            "rmsd_u_b": 2.07
          },
          {
            "mode": 4,
            "affinity": -3.9,
            "rmsd_l_b": 3.042,
            "rmsd_u_b": 7.477
          },
          {
            "mode": 5,
            "affinity": -3.9,
            "rmsd_l_b": 3.986,
            "rmsd_u_b": 8.462
          },
          {
            "mode": 6,
            "affinity": -3.8,
            "rmsd_l_b": 4.067,
            "rmsd_u_b": 8.575
          },
          {
            "mode": 7,
            "affinity": -3.7,
            "rmsd_l_b": 1.215,
            "rmsd_u_b": 2.618
          },
          {
            "mode": 8,
            "affinity": -3.5,
            "rmsd_l_b": 8.285,
            "rmsd_u_b": 11.734
          },
          {
            "mode": 9,
            "affinity": -3.5,
            "rmsd_l_b": 3.061,
            "rmsd_u_b": 7.984
          }
        ]
      },
      {
        "run": 15,
        "seed": 903785,
        "average": {
          "affinity": -3.922,
          "rmsd_l_b": 2.353,
          "rmsd_u_b": 5.143
        },
        "modes": [
          {
            "mode": 1,
            "affinity": -4.3,
            "rmsd_l_b": 0.0,
            "rmsd_u_b": 0.0
          },
          {
            "mode": 2,
            "affinity": -4.2,
            "rmsd_l_b": 0.887,
            "rmsd_u_b": 1.885
          },
          {
            "mode": 3,
            "affinity": -3.9,
            "rmsd_l_b": 4.061,
            "rmsd_u_b": 8.483
          },
          {
            "mode": 4,
            "affinity": -3.9,
            "rmsd_l_b": 1.16,
            "rmsd_u_b": 2.235
          },
          {
            "mode": 5,
            "affinity": -3.9,
            "rmsd_l_b": 3.082,
            "rmsd_u_b": 7.479
          },
          {
            "mode": 6,
            "affinity": -3.9,
            "rmsd_l_b": 3.489,
            "rmsd_u_b": 7.884
          },
          {
            "mode": 7,
            "affinity": -3.8,
            "rmsd_l_b": 1.342,
            "rmsd_u_b": 2.337
          },
          {
            "mode": 8,
            "affinity": -3.8,
            "rmsd_l_b": 4.165,
            "rmsd_u_b": 8.334
          },
          {
            "mode": 9,
            "affinity": -3.6,
            "rmsd_l_b": 2.991,
            "rmsd_u_b": 7.647
          }
        ]
      },
      {
        "run": 16,
        "seed": 964814,
        "average": {
          "affinity": -3.856,
          "rmsd_l_b": 2.191,
          "rmsd_u_b": 4.62
        },
        "modes": [
          {
            "mode": 1,
            "affinity": -4.2,
            "rmsd_l_b": 0.0,
            "rmsd_u_b": 0.0
          },
          {
            "mode": 2,
            "affinity": -4.2,
            "rmsd_l_b": 0.884,
            "rmsd_u_b": 2.012
          },
          {
            "mode": 3,
            "affinity": -3.9,
            "rmsd_l_b": 3.069,
            "rmsd_u_b": 7.451
          },
          {
            "mode": 4,
            "affinity": -3.9,
            "rmsd_l_b": 1.075,
            "rmsd_u_b": 2.251
          },
          {
            "mode": 5,
            "affinity": -3.8,
            "rmsd_l_b": 1.414,
            "rmsd_u_b": 3.002
          },
          {
            "mode": 6,
            "affinity": -3.8,
            "rmsd_l_b": 3.541,
            "rmsd_u_b": 7.769
          },
          {
            "mode": 7,
            "affinity": -3.8,
            "rmsd_l_b": 4.083,
            "rmsd_u_b": 8.399
          },
          {
            "mode": 8,
            "affinity": -3.6,
            "rmsd_l_b": 4.093,
            "rmsd_u_b": 8.728
          },
          {
            "mode": 9,
            "affinity": -3.5,
            "rmsd_l_b": 1.562,
            "rmsd_u_b": 1.966
          }
        ]
      },
      {
        "run": 17,
        "seed": 686076,
        "average": {
          "affinity": -3.844,
          "rmsd_l_b": 2.47,
          "rmsd_u_b": 5.163
        },
        "modes": [
          {
            "mode": 1,
            "affinity": -4.2,
            "rmsd_l_b": 0.0,
            "rmsd_u_b": 0.0
          },
          {
            "mode": 2,
            "affinity": -4.2,
            "rmsd_l_b": 0.905,
            "rmsd_u_b": 2.032
          },
          {
            "mode": 3,
            "affinity": -4.0,
            "rmsd_l_b": 1.063,
            "rmsd_u_b": 1.982
          },
          {
            "mode": 4,
            "affinity": -4.0,
            "rmsd_l_b": 3.017,
            "rmsd_u_b": 7.459
          },
          {
            "mode": 5,
            "affinity": -3.8,
            "rmsd_l_b": 4.201,
            "rmsd_u_b": 8.405
          },
          {
            "mode": 6,
            "affinity": -3.7,
            "rmsd_l_b": 1.261,
            "rmsd_u_b": 2.575
          },
          {
            "mode": 7,
            "affinity": -3.7,
            "rmsd_l_b": 3.529,
            "rmsd_u_b": 7.758
          },
          {
            "mode": 8,
            "affinity": -3.5,
            "rmsd_l_b": 4.953,
            "rmsd_u_b": 8.059
          },
          {
            "mode": 9,
            "affinity": -3.5,
            "rmsd_l_b": 3.302,
            "rmsd_u_b": 8.201
          }
        ]
      },
      {
        "run": 18,
        "seed": 137129,
        "average": {
          "affinity": -3.833,
          "rmsd_l_b": 2.397,
          "rmsd_u_b": 5.035
        },
        "modes": [
          {
            "mode": 1,
            "affinity": -4.2,
            "rmsd_l_b": 0.0,
            "rmsd_u_b": 0.0
          },
          {
            "mode": 2,
            "affinity": -4.1,
            "rmsd_l_b": 0.931,
            "rmsd_u_b": 1.981
          },
          {
            "mode": 3,
            "affinity": -3.9,
            "rmsd_l_b": 3.021,
            "rmsd_u_b": 7.461
          },
          {
            "mode": 4,
            "affinity": -3.9,
            "rmsd_l_b": 1.126,
            "rmsd_u_b": 2.319
          },
          {
            "mode": 5,
            "affinity": -3.8,
            "rmsd_l_b": 4.028,
            "rmsd_u_b": 8.666
          },
          {
            "mode": 6,
            "affinity": -3.7,
            "rmsd_l_b": 3.514,
            "rmsd_u_b": 7.856
          },
          {
            "mode": 7,
            "affinity": -3.7,
            "rmsd_l_b": 1.196,
            "rmsd_u_b": 2.538
          },
          {
            "mode": 8,
            "affinity": -3.6,
            "rmsd_l_b": 4.172,
            "rmsd_u_b": 8.458
          },
          {
            "mode": 9,
            "affinity": -3.6,
            "rmsd_l_b": 3.587,
            "rmsd_u_b": 6.035
          }
        ]
      },
      {
        "run": 19,
        "seed": 40929,
        "average": {
          "affinity": -3.867,
          "rmsd_l_b": 1.959,
          "rmsd_u_b": 3.959
        },
        "modes": [
          {
            "mode": 1,
            "affinity": -4.2,
            "rmsd_l_b": 0.0,
            "rmsd_u_b": 0.0
          },
          {
            "mode": 2,
            "affinity": -4.1,
            "rmsd_l_b": 0.942,
            "rmsd_u_b": 1.98
          },
          {
            "mode": 3,
            "affinity": -3.9,
            "rmsd_l_b": 1.16,
            "rmsd_u_b": 2.336
          },
          {
            "mode": 4,
            "affinity": -3.9,
            "rmsd_l_b": 1.001,
            "rmsd_u_b": 1.55
          },
          {
            "mode": 5,
            "affinity": -3.8,
            "rmsd_l_b": 3.087,
            "rmsd_u_b": 7.454
          },
          {
            "mode": 6,
            "affinity": -3.8,
            "rmsd_l_b": 4.167,
            "rmsd_u_b": 8.391
          },
          {
            "mode": 7,
            "affinity": -3.8,
            "rmsd_l_b": 1.254,
            "rmsd_u_b": 2.545
          },
          {
            "mode": 8,
            "affinity": -3.7,
            "rmsd_l_b": 1.766,
            "rmsd_u_b": 2.92
          },
          {
            "mode": 9,
            "affinity": -3.6,
            "rmsd_l_b": 4.257,
            "rmsd_u_b": 8.459
          }
        ]
      },
      {
        "run": 20,
        "seed": 265274,
        "average": {
          "affinity": -3.833,
          "rmsd_l_b": 2.678,
          "rmsd_u_b": 5.687
        },
        "modes": [
          {
            "mode": 1,
            "affinity": -4.2,
            "rmsd_l_b": 0.0,
            "rmsd_u_b": 0.0
          },
          {
            "mode": 2,
            "affinity": -4.2,
            "rmsd_l_b": 0.875,
            "rmsd_u_b": 2.037
          },
          {
            "mode": 3,
            "affinity": -4.0,
            "rmsd_l_b": 1.074,
            "rmsd_u_b": 2.029
          },
          {
            "mode": 4,
            "affinity": -3.8,
            "rmsd_l_b": 3.111,
            "rmsd_u_b": 7.328
          },
          {
            "mode": 5,
            "affinity": -3.7,
            "rmsd_l_b": 4.02,
            "rmsd_u_b": 8.648
          },
          {
            "mode": 6,
            "affinity": -3.7,
            "rmsd_l_b": 3.963,
            "rmsd_u_b": 8.588
          },
          {
            "mode": 7,
            "affinity": -3.7,
            "rmsd_l_b": 3.547,
            "rmsd_u_b": 7.863
          },
          {
            "mode": 8,
            "affinity": -3.6,
            "rmsd_l_b": 3.859,
            "rmsd_u_b": 8.698
          },
          {
            "mode": 9,
            "affinity": -3.6,
            "rmsd_l_b": 3.65,
            "rmsd_u_b": 5.992
          }
        ]
      }
    ]
  }
}