{
  "rmsd": 2.966,
  "rmsd_method": "C-alpha coordinates",
  "rmsd_tool": "BioPython",
  "docking": {
    "average_affinity": -4.447,
    "runs": [
      {
        "run": 1,
        "seed": 676094,
        "average": {
          "affinity": -4.711,
          "rmsd_l_b": 1.927,
          "rmsd_u_b": 3.93
        },
        "modes": [
          {
            "mode": 1,
            "affinity": -4.9,
            "rmsd_l_b": 0.0,
            "rmsd_u_b": 0.0
          },
          {
            "mode": 2,
            "affinity": -4.9,
            "rmsd_l_b": 1.034,
            "rmsd_u_b": 2.159
          },
          {
            "mode": 3,
            "affinity": -4.8,
            "rmsd_l_b": 1.933,
            "rmsd_u_b": 3.001
          },
          {
            "mode": 4,
            "affinity": -4.7,
            "rmsd_l_b": 2.614,
            "rmsd_u_b": 3.607
          },
          {
            "mode": 5,
            "affinity": -4.7,
            "rmsd_l_b": 2.541,
            "rmsd_u_b": 4.015
          },
          {
            "mode": 6,
            "affinity": -4.7,
            "rmsd_l_b": 2.107,
            "rmsd_u_b": 7.242
          },
          {
            "mode": 7,
            "affinity": -4.6,
            "rmsd_l_b": 1.892,
            "rmsd_u_b": 2.542
          },
          {
            "mode": 8,
            "affinity": -4.6,
            "rmsd_l_b": 2.673,
            "rmsd_u_b": 5.854
          },
          {
            "mode": 9,
            "affinity": -4.5,
            "rmsd_l_b": 2.545,
            "rmsd_u_b": 6.949
          }
        ]
      },
      {
        "run": 2,
        "seed": 705061,
        "average": {
          "affinity": -4.111,
          "rmsd_l_b": 2.731,
          "rmsd_u_b": 4.35
        },
        "modes": [
          {
            "mode": 1,
            "affinity": -4.4,
            "rmsd_l_b": 0.0,
            "rmsd_u_b": 0.0
          },
          {
            "mode": 2,
            "affinity": -4.4,
            "rmsd_l_b": 1.943,
            "rmsd_u_b": 3.226
          },
          {
            "mode": 3,
            "affinity": -4.2,
            "rmsd_l_b": 1.968,
            "rmsd_u_b": 2.843
          },
          {
            "mode": 4,
            "affinity": -4.1,
            "rmsd_l_b": 1.921,
            "rmsd_u_b": 3.025
          },
          {
            "mode": 5,
            "affinity": -4.1,
            "rmsd_l_b": 2.446,
            "rmsd_u_b": 6.686
          },
          {
            "mode": 6,
            "affinity": -4.1,
            "rmsd_l_b": 1.675,
            "rmsd_u_b": 2.402
          },
          {
            "mode": 7,
            "affinity": -4.0,
            "rmsd_l_b": 1.717,
            "rmsd_u_b": 2.222
          },
          {
            "mode": 8,
            "affinity": -3.9,
            "rmsd_l_b": 2.351,
            "rmsd_u_b": 5.964
          },
          {
            "mode": 9,
            "affinity": -3.8,
            "rmsd_l_b": 10.554,
            "rmsd_u_b": 12.784
          }
        ]
      },
      {
        "run": 3,
        "seed": 275042,
        "average": {
          "affinity": -4.678,
          "rmsd_l_b": 1.941,
          "rmsd_u_b": 4.287
        },
        "modes": [
          {
            "mode": 1,
            "affinity": -4.9,
            "rmsd_l_b": 0.0,
            "rmsd_u_b": 0.0
          },
          {
            "mode": 2,
            "affinity": -4.8,
            "rmsd_l_b": 1.764,
            "rmsd_u_b": 2.837
          },
          {
            "mode": 3,
            "affinity": -4.8,
            "rmsd_l_b": 1.809,
            "rmsd_u_b": 2.77
          },
          {
            "mode": 4,
            "affinity": -4.8,
            "rmsd_l_b": 0.943,
            "rmsd_u_b": 1.935
          },
          {
            "mode": 5,
            "affinity": -4.7,
            "rmsd_l_b": 2.006,
            "rmsd_u_b": 7.544
          },
          {
            "mode": 6,
            "affinity": -4.6,
            "rmsd_l_b": 1.838,
            "rmsd_u_b": 7.841
          },
          {
            "mode": 7,
            "affinity": -4.5,
            "rmsd_l_b": 2.351,
            "rmsd_u_b": 3.45
          },
          {
            "mode": 8,
            "affinity": -4.5,
            "rmsd_l_b": 3.397,
            "rmsd_u_b": 5.986
          },
          {
            "mode": 9,
            "affinity": -4.5,
            "rmsd_l_b": 3.363,
            "rmsd_u_b": 6.219
          }
        ]
      },
      {
        "run": 4,
        "seed": 248785,
        "average": {
          "affinity": -4.644,
          "rmsd_l_b": 2.768,
          "rmsd_u_b": 4.524
        },
        "modes": [
          {
            "mode": 1,
            "affinity": -5.0,
            "rmsd_l_b": 0.0,
            "rmsd_u_b": 0.0
          },
          {
            "mode": 2,
            "affinity": -4.9,
            "rmsd_l_b": 1.545,
            "rmsd_u_b": 2.634
          },
          {
            "mode": 3,
            "affinity": -4.8,
            "rmsd_l_b": 2.2,
            "rmsd_u_b": 3.178
          },
          {
            "mode": 4,
            "affinity": -4.7,
            "rmsd_l_b": 2.521,
            "rmsd_u_b": 3.43
          },
          {
            "mode": 5,
            "affinity": -4.7,
            "rmsd_l_b": 1.891,
            "rmsd_u_b": 2.36
          },
          {
            "mode": 6,
            "affinity": -4.5,
            "rmsd_l_b": 1.91,
            "rmsd_u_b": 8.059
          },
          {
            "mode": 7,
            "affinity": -4.4,
            "rmsd_l_b": 1.9,
            "rmsd_u_b": 3.007
          },
          {
            "mode": 8,
            "affinity": -4.4,
            "rmsd_l_b": 5.125,
            "rmsd_u_b": 7.612
          },
          {
            "mode": 9,
            "affinity": -4.4,
            "rmsd_l_b": 7.824,
            "rmsd_u_b": 10.434
          }
        ]
      },
      {
        "run": 5,
        "seed": 458264,
        "average": {
          "affinity": -4.3,
          "rmsd_l_b": 3.483,
          "rmsd_u_b": 5.171
        },
        "modes": [
          {
            "mode": 1,
            "affinity": -4.6,
            "rmsd_l_b": 0.0,
            "rmsd_u_b": 0.0
          },
          {
            "mode": 2,
            "affinity": -4.6,
            "rmsd_l_b": 2.049,
            "rmsd_u_b": 3.064
          },
          {
            "mode": 3,
            "affinity": -4.4,
            "rmsd_l_b": 2.269,
            "rmsd_u_b": 3.575
          },
          {
            "mode": 4,
            "affinity": -4.3,
            "rmsd_l_b": 2.28,
            "rmsd_u_b": 3.497
          },
          {
            "mode": 5,
            "affinity": -4.3,
            "rmsd_l_b": 1.963,
            "rmsd_u_b": 3.001
          },
          {
            "mode": 6,
            "affinity": -4.2,
            "rmsd_l_b": 9.3,
            "rmsd_u_b": 12.424
          },
          {
            "mode": 7,
            "affinity": -4.1,
            "rmsd_l_b": 2.832,
            "rmsd_u_b": 6.226
          },
          {
            "mode": 8,
            "affinity": -4.1,
            "rmsd_l_b": 2.498,
            "rmsd_u_b": 3.763
          },
          {
            "mode": 9,
            "affinity": -4.1,
            "rmsd_l_b": 8.155,
            "rmsd_u_b": 10.987
          }
        ]
      },
      {
        "run": 6,
        "seed": 92671,
        "average": {
          "affinity": -4.211,
          "rmsd_l_b": 2.654,
          "rmsd_u_b": 5.321
        },
        "modes": [
          {
            "mode": 1,
            "affinity": -4.6,
            "rmsd_l_b": 0.0,
            "rmsd_u_b": 0.0
          },
          {
            "mode": 2,
            "affinity": -4.4,
            "rmsd_l_b": 2.384,
            "rmsd_u_b": 4.013
          },
          {
            "mode": 3,
            "affinity": -4.4,
            "rmsd_l_b": 1.968,
            "rmsd_u_b": 7.412
          },
          {
            "mode": 4,
            "affinity": -4.2,
            "rmsd_l_b": 3.09,
            "rmsd_u_b": 6.248
          },
          {
            "mode": 5,
            "affinity": -4.1,
            "rmsd_l_b": 4.261,
            "rmsd_u_b": 6.744
          },
          {
            "mode": 6,
            "affinity": -4.1,
            "rmsd_l_b": 1.536,
            "rmsd_u_b": 1.906
          },
          {
            "mode": 7,
            "affinity": -4.1,
            "rmsd_l_b": 3.39,
            "rmsd_u_b": 6.03
          },
          {
            "mode": 8,
            "affinity": -4.0,
            "rmsd_l_b": 2.276,
            "rmsd_u_b": 7.561
          },
          {
            "mode": 9,
            "affinity": -4.0,
            "rmsd_l_b": 4.979,
            "rmsd_u_b": 7.971
          }
        ]
      },
      {
        "run": 7,
        "seed": 592804,
        "average": {
          "affinity": -4.433,
          "rmsd_l_b": 2.173,
          "rmsd_u_b": 3.832
        },
        "modes": [
          {
            "mode": 1,
            "affinity": -4.6,
            "rmsd_l_b": 0.0,
            "rmsd_u_b": 0.0
          },
          {
            "mode": 2,
            "affinity": -4.6,
            "rmsd_l_b": 1.772,
            "rmsd_u_b": 2.322
          },
          {
            "mode": 3,
            "affinity": -4.5,
            "rmsd_l_b": 3.309,
            "rmsd_u_b": 6.112
          },
          {
            "mode": 4,
            "affinity": -4.5,
            "rmsd_l_b": 2.594,
            "rmsd_u_b": 3.922
          },
          {
            "mode": 5,
            "affinity": -4.4,
            "rmsd_l_b": 1.891,
            "rmsd_u_b": 7.609
          },
          {
            "mode": 6,
            "affinity": -4.4,
            "rmsd_l_b": 2.33,
            "rmsd_u_b": 3.221
          },
          {
            "mode": 7,
            "affinity": -4.3,
            "rmsd_l_b": 3.291,
            "rmsd_u_b": 5.757
          },
          {
            "mode": 8,
            "affinity": -4.3,
            "rmsd_l_b": 1.617,
            "rmsd_u_b": 2.027
          },
          {
            "mode": 9,
            "affinity": -4.3,
            "rmsd_l_b": 2.75,
            "rmsd_u_b": 3.514
          }
        ]
      },
      {
        "run": 8,
        "seed": 761129,
        "average": {
          "affinity": -4.4,
          "rmsd_l_b": 1.825,
          "rmsd_u_b": 3.675
        },
        "modes": [
          {
            "mode": 1,
            "affinity": -4.7,
            "rmsd_l_b": 0.0,
            "rmsd_u_b": 0.0
          },
          {
            "mode": 2,
            "affinity": -4.6,
            "rmsd_l_b": 1.604,
            "rmsd_u_b": 1.991
          },
          {
            "mode": 3,
            "affinity": -4.5,
            "rmsd_l_b": 2.336,
            "rmsd_u_b": 3.335
          },
          {
            "mode": 4,
            "affinity": -4.4,
            "rmsd_l_b": 1.887,
            "rmsd_u_b": 2.973
          },
          {
            "mode": 5,
            "affinity": -4.4,
            "rmsd_l_b": 1.886,
            "rmsd_u_b": 2.379
          },
          {
            "mode": 6,
            "affinity": -4.4,
            "rmsd_l_b": 1.211,
            "rmsd_u_b": 2.301
          },
          {
            "mode": 7,
            "affinity": -4.2,
            "rmsd_l_b": 2.629,
            "rmsd_u_b": 6.711
          },
          {
            "mode": 8,
            "affinity": -4.2,
            "rmsd_l_b": 2.069,
            "rmsd_u_b": 6.731
          },
          {
            "mode": 9,
            "affinity": -4.2,
            "rmsd_l_b": 2.803,
            "rmsd_u_b": 6.654
          }
        ]
      },
      {
        "run": 9,
        "seed": 999553,
        "average": {
          "affinity": -4.756,
          "rmsd_l_b": 2.072,
          "rmsd_u_b": 4.103
        },
        "modes": [
          {
            "mode": 1,
            "affinity": -5.0,
            "rmsd_l_b": 0.0,
            "rmsd_u_b": 0.0
          },
          {
            "mode": 2,
            "affinity": -5.0,
            "rmsd_l_b": 2.299,
            "rmsd_u_b": 3.416
          },
          {
            "mode": 3,
            "affinity": -4.9,
            "rmsd_l_b": 2.116,
            "rmsd_u_b": 3.634
          },
          {
            "mode": 4,
            "affinity": -4.7,
            "rmsd_l_b": 3.366,
            "rmsd_u_b": 6.171
          },
          {
            "mode": 5,
            "affinity": -4.7,
            "rmsd_l_b": 1.825,
            "rmsd_u_b": 7.759
          },
          {
            "mode": 6,
            "affinity": -4.7,
            "rmsd_l_b": 2.56,
            "rmsd_u_b": 4.138
          },
          {
            "mode": 7,
            "affinity": -4.6,
            "rmsd_l_b": 1.658,
            "rmsd_u_b": 2.717
          },
          {
            "mode": 8,
            "affinity": -4.6,
            "rmsd_l_b": 2.3,
            "rmsd_u_b": 3.507
          },
          {
            "mode": 9,
            "affinity": -4.6,
            "rmsd_l_b": 2.527,
            "rmsd_u_b": 5.584
          }
        ]
      },
      {
        "run": 10,
        "seed": 817838,
        "average": {
          "affinity": -4.289,
          "rmsd_l_b": 2.315,
          "rmsd_u_b": 4.683
        },
        "modes": [
          {
            "mode": 1,
            "affinity": -4.6,
            "rmsd_l_b": 0.0,
            "rmsd_u_b": 0.0
          },
          {
            "mode": 2,
            "affinity": -4.5,
            "rmsd_l_b": 2.272,
            "rmsd_u_b": 3.351
          },
          {
            "mode": 3,
            "affinity": -4.3,
            "rmsd_l_b": 2.333,
            "rmsd_u_b": 7.447
          },
          {
            "mode": 4,
            "affinity": -4.3,
            "rmsd_l_b": 1.983,
            "rmsd_u_b": 3.044
          },
          {
            "mode": 5,
            "affinity": -4.3,
            "rmsd_l_b": 1.953,
            "rmsd_u_b": 2.91
          },
          {
            "mode": 6,
            "affinity": -4.3,
            "rmsd_l_b": 2.694,
            "rmsd_u_b": 6.237
          },
          {
            "mode": 7,
            "affinity": -4.1,
            "rmsd_l_b": 3.101,
            "rmsd_u_b": 6.416
          },
          {
            "mode": 8,
            "affinity": -4.1,
            "rmsd_l_b": 3.229,
            "rmsd_u_b": 6.418
          },
          {
            "mode": 9,
            "affinity": -4.1,
            "rmsd_l_b": 3.273,
            "rmsd_u_b": 6.322
          }
        ]
      },
      {
        "run": 11,
        "seed": 567877,
        "average": {
          "affinity": -4.467,
          "rmsd_l_b": 2.177,
          "rmsd_u_b": 4.619
        },
        "modes": [
          {
            "mode": 1,
            "affinity": -4.7,
            "rmsd_l_b": 0.0,
            "rmsd_u_b": 0.0
          },
          {
            "mode": 2,
            "affinity": -4.7,
            "rmsd_l_b": 2.126,
            "rmsd_u_b": 3.059
          },
          {
            "mode": 3,
            "affinity": -4.6,
            "rmsd_l_b": 1.889,
            "rmsd_u_b": 2.698
          },
          {
            "mode": 4,
            "affinity": -4.5,
            "rmsd_l_b": 1.841,
            "rmsd_u_b": 7.423
          },
          {
            "mode": 5,
            "affinity": -4.5,
            "rmsd_l_b": 3.002,
            "rmsd_u_b": 6.382
          },
          {
            "mode": 6,
            "affinity": -4.3,
            "rmsd_l_b": 3.532,
            "rmsd_u_b": 7.728
          },
          {
            "mode": 7,
            "affinity": -4.3,
            "rmsd_l_b": 3.362,
            "rmsd_u_b": 6.059
          },
          {
            "mode": 8,
            "affinity": -4.3,
            "rmsd_l_b": 1.338,
            "rmsd_u_b": 2.572
          },
          {
            "mode": 9,
            "affinity": -4.3,
            "rmsd_l_b": 2.506,
            "rmsd_u_b": 5.653
          }
        ]
      },
      {
        "run": 12,
        "seed": 982464,
        "average": {
          "affinity": -3.844,
          "rmsd_l_b": 3.088,
          "rmsd_u_b": 4.932
        },
        "modes": [
          {
            "mode": 1,
            "affinity": -4.1,
            "rmsd_l_b": 0.0,
            "rmsd_u_b": 0.0
          },
          {
            "mode": 2,
            "affinity": -4.0,
            "rmsd_l_b": 2.242,
            "rmsd_u_b": 3.199
          },
          {
            "mode": 3,
            "affinity": -3.9,
            "rmsd_l_b": 2.404,
            "rmsd_u_b": 3.531
          },
          {
            "mode": 4,
            "affinity": -3.9,
            "rmsd_l_b": 2.383,
            "rmsd_u_b": 3.605
          },
          {
            "mode": 5,
            "affinity": -3.9,
            "rmsd_l_b": 2.673,
            "rmsd_u_b": 6.665
          },
          {
            "mode": 6,
            "affinity": -3.8,
            "rmsd_l_b": 2.798,
            "rmsd_u_b": 4.278
          },
          {
            "mode": 7,
            "affinity": -3.7,
            "rmsd_l_b": 2.354,
            "rmsd_u_b": 6.47
          },
          {
            "mode": 8,
            "affinity": -3.7,
            "rmsd_l_b": 10.467,
            "rmsd_u_b": 13.097
          },
          {
            "mode": 9,
            "affinity": -3.6,
            "rmsd_l_b": 2.47,
            "rmsd_u_b": 3.542
          }
        ]
      },
      {
        "run": 13,
        "seed": 792098,
        "average": {
          "affinity": -4.589,
          "rmsd_l_b": 2.064,
          "rmsd_u_b": 4.373
        },
        "modes": [
          {
            "mode": 1,
            "affinity": -4.9,
            "rmsd_l_b": 0.0,
            "rmsd_u_b": 0.0
          },
          {
            "mode": 2,
            "affinity": -4.8,
            "rmsd_l_b": 0.99,
            "rmsd_u_b": 2.018
          },
          {
            "mode": 3,
            "affinity": -4.6,
            "rmsd_l_b": 1.828,
            "rmsd_u_b": 2.819
          },
          {
            "mode": 4,
            "affinity": -4.6,
            "rmsd_l_b": 3.259,
            "rmsd_u_b": 6.258
          },
          {
            "mode": 5,
            "affinity": -4.5,
            "rmsd_l_b": 2.075,
            "rmsd_u_b": 7.594
          },
          {
            "mode": 6,
            "affinity": -4.5,
            "rmsd_l_b": 2.525,
            "rmsd_u_b": 3.873
          },
          {
            "mode": 7,
            "affinity": -4.5,
            "rmsd_l_b": 2.695,
            "rmsd_u_b": 3.532
          },
          {
            "mode": 8,
            "affinity": -4.5,
            "rmsd_l_b": 1.975,
            "rmsd_u_b": 7.267
          },
          {
            "mode": 9,
            "affinity": -4.4,
            "rmsd_l_b": 3.228,
            "rmsd_u_b": 5.998
          }
        ]
      },
      {
        "run": 14,
        "seed": 892077,
        "average": {
          "affinity": -4.622,
          "rmsd_l_b": 3.604,
          "rmsd_u_b": 6.308
        },
        "modes": [
          {
            "mode": 1,
            "affinity": -4.9,
            "rmsd_l_b": 0.0,
            "rmsd_u_b": 0.0
          },
          {
            "mode": 2,
            "affinity": -4.9,
            "rmsd_l_b": 2.143,
            "rmsd_u_b": 3.519
          },
          {
            "mode": 3,
            "affinity": -4.7,
            "rmsd_l_b": 1.501,
            "rmsd_u_b": 2.677
          },
          {
            "mode": 4,
            "affinity": -4.7,
            "rmsd_l_b": 3.455,
            "rmsd_u_b": 7.806
          },
          {
            "mode": 5,
            "affinity": -4.6,
            "rmsd_l_b": 1.743,
            "rmsd_u_b": 7.903
          },
          {
            "mode": 6,
            "affinity": -4.5,
            "rmsd_l_b": 2.802,
            "rmsd_u_b": 5.891
          },
          {
            "mode": 7,
            "affinity": -4.5,
            "rmsd_l_b": 2.555,
            "rmsd_u_b": 5.609
          },
          {
            "mode": 8,
            "affinity": -4.4,
            "rmsd_l_b": 10.046,
            "rmsd_u_b": 12.058
          },
          {
            "mode": 9,
            "affinity": -4.4,
            "rmsd_l_b": 8.188,
            "rmsd_u_b": 11.31
          }
        ]
      },
      {
        "run": 15,
        "seed": 594171,
        "average": {
          "affinity": -4.133,
          "rmsd_l_b": 2.174,
          "rmsd_u_b": 4.149
        },
        "modes": [
          {
            "mode": 1,
            "affinity": -4.4,
            "rmsd_l_b": 0.0,
            "rmsd_u_b": 0.0
          },
          {
            "mode": 2,
            "affinity": -4.4,
            "rmsd_l_b": 1.739,
            "rmsd_u_b": 2.358
          },
          {
            "mode": 3,
            "affinity": -4.3,
            "rmsd_l_b": 1.903,
            "rmsd_u_b": 3.275
          },
          {
            "mode": 4,
            "affinity": -4.2,
            "rmsd_l_b": 2.319,
            "rmsd_u_b": 6.407
          },
          {
            "mode": 5,
            "affinity": -4.1,
            "rmsd_l_b": 1.975,
            "rmsd_u_b": 3.09
          },
          {
            "mode": 6,
            "affinity": -4.1,
            "rmsd_l_b": 2.863,
            "rmsd_u_b": 6.207
          },
          {
            "mode": 7,
            "affinity": -3.9,
            "rmsd_l_b": 1.877,
            "rmsd_u_b": 2.334
          },
          {
            "mode": 8,
            "affinity": -3.9,
            "rmsd_l_b": 4.328,
            "rmsd_u_b": 7.802
          },
          {
            "mode": 9,
            "affinity": -3.9,
            "rmsd_l_b": 2.564,
            "rmsd_u_b": 5.872
          }
        ]
      },
      {
        "run": 16,
        "seed": 393746,
        "average": {
          "affinity": -4.411,
          "rmsd_l_b": 2.662,
          "rmsd_u_b": 5.126
        },
        "modes": [
          {
            "mode": 1,
            "affinity": -4.7,
            "rmsd_l_b": 0.0,
            "rmsd_u_b": 0.0
          },
          {
            "mode": 2,
            "affinity": -4.6,
            "rmsd_l_b": 1.907,
            "rmsd_u_b": 2.979
          },
          {
            "mode": 3,
            "affinity": -4.5,
            "rmsd_l_b": 1.996,
            "rmsd_u_b": 2.927
          },
          {
            "mode": 4,
            "affinity": -4.4,
            "rmsd_l_b": 3.166,
            "rmsd_u_b": 6.055
          },
          {
            "mode": 5,
            "affinity": -4.4,
            "rmsd_l_b": 1.557,
            "rmsd_u_b": 2.091
          },
          {
            "mode": 6,
            "affinity": -4.4,
            "rmsd_l_b": 2.204,
            "rmsd_u_b": 7.222
          },
          {
            "mode": 7,
            "affinity": -4.3,
            "rmsd_l_b": 1.92,
            "rmsd_u_b": 7.395
          },
          {
            "mode": 8,
            "affinity": -4.2,
            "rmsd_l_b": 2.487,
            "rmsd_u_b": 5.657
          },
          {
            "mode": 9,
            "affinity": -4.2,
            "rmsd_l_b": 8.721,
            "rmsd_u_b": 11.806
          }
        ]
      },
      {
        "run": 17,
        "seed": 768757,
        "average": {
          "affinity": -4.678,
          "rmsd_l_b": 2.151,
          "rmsd_u_b": 4.577
        },
        "modes": [
          {
            "mode": 1,
            "affinity": -5.0,
            "rmsd_l_b": 0.0,
            "rmsd_u_b": 0.0
          },
          {
            "mode": 2,
            "affinity": -4.8,
            "rmsd_l_b": 3.202,
            "rmsd_u_b": 4.572
          },
          {
            "mode": 3,
            "affinity": -4.7,
            "rmsd_l_b": 3.329,
            "rmsd_u_b": 6.047
          },
          {
            "mode": 4,
            "affinity": -4.7,
            "rmsd_l_b": 2.299,
            "rmsd_u_b": 3.574
          },
          {
            "mode": 5,
            "affinity": -4.6,
            "rmsd_l_b": 2.132,
            "rmsd_u_b": 3.458
          },
          {
            "mode": 6,
            "affinity": -4.6,
            "rmsd_l_b": 1.877,
            "rmsd_u_b": 7.753
          },
          {
            "mode": 7,
            "affinity": -4.6,
            "rmsd_l_b": 1.972,
            "rmsd_u_b": 7.439
          },
          {
            "mode": 8,
            "affinity": -4.6,
            "rmsd_l_b": 2.07,
            "rmsd_u_b": 2.789
          },
          {
            "mode": 9,
            "affinity": -4.5,
            "rmsd_l_b": 2.481,
            "rmsd_u_b": 5.56
          }
        ]
      },
      {
        "run": 18,
        "seed": 359503,
        "average": {
          "affinity": -4.322,
          "rmsd_l_b": 2.218,
          "rmsd_u_b": 4.824
        },
        "modes": [
          {
            "mode": 1,
            "affinity": -4.6,
            "rmsd_l_b": 0.0,
            "rmsd_u_b": 0.0
          },
          {
            "mode": 2,
            "affinity": -4.6,
            "rmsd_l_b": 2.144,
            "rmsd_u_b": 3.567
          },
          {
            "mode": 3,
            "affinity": -4.5,
            "rmsd_l_b": 2.067,
            "rmsd_u_b": 3.166
          },
          {
            "mode": 4,
            "affinity": -4.4,
            "rmsd_l_b": 2.01,
            "rmsd_u_b": 3.069
          },
          {
            "mode": 5,
            "affinity": -4.2,
            "rmsd_l_b": 2.616,
            "rmsd_u_b": 6.224
          },
          {
            "mode": 6,
            "affinity": -4.2,
            "rmsd_l_b": 3.238,
            "rmsd_u_b": 6.452
          },
          {
            "mode": 7,
            "affinity": -4.2,
            "rmsd_l_b": 2.972,
            "rmsd_u_b": 6.26
          },
          {
            "mode": 8,
            "affinity": -4.1,
            "rmsd_l_b": 2.31,
            "rmsd_u_b": 7.433
          },
          {
            "mode": 9,
            "affinity": -4.1,
            "rmsd_l_b": 2.608,
            "rmsd_u_b": 7.243
          }
        ]
      },
      {
        "run": 19,
        "seed": 611800,
        "average": {
          "affinity": -4.711,
          "rmsd_l_b": 2.835,
          "rmsd_u_b": 5.329
        },
        "modes": [
          {
            "mode": 1,
            "affinity": -4.9,
            "rmsd_l_b": 0.0,
            "rmsd_u_b": 0.0
          },
          {
            "mode": 2,
            "affinity": -4.9,
            "rmsd_l_b": 3.111,
            "rmsd_u_b": 6.24
          },
          {
            "mode": 3,
            "affinity": -4.8,
            "rmsd_l_b": 2.066,
            "rmsd_u_b": 2.957
          },
          {
            "mode": 4,
            "affinity": -4.8,
            "rmsd_l_b": 2.894,
            "rmsd_u_b": 5.85
          },
          {
            "mode": 5,
            "affinity": -4.7,
            "rmsd_l_b": 1.564,
            "rmsd_u_b": 2.753
          },
          {
            "mode": 6,
            "affinity": -4.7,
            "rmsd_l_b": 1.908,
            "rmsd_u_b": 7.911
          },
          {
            "mode": 7,
            "affinity": -4.6,
            "rmsd_l_b": 1.817,
            "rmsd_u_b": 2.389
          },
          {
            "mode": 8,
            "affinity": -4.5,
            "rmsd_l_b": 9.917,
            "rmsd_u_b": 12.291
          },
          {
            "mode": 9,
            "affinity": -4.5,
            "rmsd_l_b": 2.234,
            "rmsd_u_b": 7.571
          }
        ]
      },
      {
        "run": 20,
        "seed": 988594,
        "average": {
          "affinity": -4.622,
          "rmsd_l_b": 2.724,
          "rmsd_u_b": 5.35
        },
        "modes": [
          {
            "mode": 1,
            "affinity": -5.0,
            "rmsd_l_b": 0.0,
            "rmsd_u_b": 0.0
          },
          {
            "mode": 2,
            "affinity": -5.0,
            "rmsd_l_b": 2.152,
            "rmsd_u_b": 3.626
          },
          {
            "mode": 3,
            "affinity": -4.8,
            "rmsd_l_b": 1.364,
            "rmsd_u_b": 2.597
          },
          {
            "mode": 4,
            "affinity": -4.7,
            "rmsd_l_b": 3.063,
            "rmsd_u_b": 4.492
          },
          {
            "mode": 5,
            "affinity": -4.6,
            "rmsd_l_b": 1.882,
            "rmsd_u_b": 7.816
          },
          {
            "mode": 6,
            "affinity": -4.5,
            "rmsd_l_b": 3.398,
            "rmsd_u_b": 7.4
          },
          {
            "mode": 7,
            "affinity": -4.4,
            "rmsd_l_b": 8.727,
            "rmsd_u_b": 11.673
          },
          {
            "mode": 8,
            "affinity": -4.4,
            "rmsd_l_b": 2.024,
            "rmsd_u_b": 3.356
          },
          {
            "mode": 9,
            "affinity": -4.2,
            "rmsd_l_b": 1.908,
            "rmsd_u_b": 7.191
          }
        ]
      }
    ]
  }
}