{
  "rmsd": 3.195,
  "rmsd_method": "C-alpha coordinates",
  "rmsd_tool": "BioPython",
  "docking": {
    "average_affinity": -3.561,
    "runs": [
      {
        "run": 1,
        "seed": 624243,
        "average": {
          "affinity": -3.478,
          "rmsd_l_b": 4.67,
          "rmsd_u_b": 6.628
        },
        "modes": [
          {
            "mode": 1,
            "affinity": -3.7,
            "rmsd_l_b": 0.0,
            "rmsd_u_b": 0.0
          },
          {
            "mode": 2,
            "affinity": -3.5,
            "rmsd_l_b": 7.719,
            "rmsd_u_b": 9.492
          },
          {
            "mode": 3,
            "affinity": -3.5,
            "rmsd_l_b": 3.491,
            "rmsd_u_b": 4.994
          },
          {
            "mode": 4,
            "affinity": -3.5,
            "rmsd_l_b": 2.819,
            "rmsd_u_b": 5.19
          },
          {
            "mode": 5,
            "affinity": -3.5,
            "rmsd_l_b": 3.873,
            "rmsd_u_b": 6.505
          },
          {
            "mode": 6,
            "affinity": -3.4,
            "rmsd_l_b": 9.071,
            "rmsd_u_b": 10.241
          },
          {
            "mode": 7,
            "affinity": -3.4,
            "rmsd_l_b": 3.484,
            "rmsd_u_b": 6.552
          },
          {
            "mode": 8,
            "affinity": -3.4,
            "rmsd_l_b": 3.054,
            "rmsd_u_b": 6.561
          },
          {
            "mode": 9,
            "affinity": -3.4,
            "rmsd_l_b": 8.523,
            "rmsd_u_b": 10.113
          }
        ]
      },
      {
        "run": 2,
        "seed": 694263,
        "average": {
          "affinity": -3.589,
          "rmsd_l_b": 6.848,
          "rmsd_u_b": 8.528
        },
        "modes": [
          {
            "mode": 1,
            "affinity": -3.8,
            "rmsd_l_b": 0.0,
            "rmsd_u_b": 0.0
          },
          {
            "mode": 2,
            "affinity": -3.7,
            "rmsd_l_b": 7.731,
            "rmsd_u_b": 9.481
          },
          {
            "mode": 3,
            "affinity": -3.7,
            "rmsd_l_b": 8.598,
            "rmsd_u_b": 10.988
          },
          {
            "mode": 4,
            "affinity": -3.6,
            "rmsd_l_b": 7.935,
            "rmsd_u_b": 10.259
          },
          {
            "mode": 5,
            "affinity": -3.5,
            "rmsd_l_b": 8.402,
            "rmsd_u_b": 10.476
          },
          {
            "mode": 6,
            "affinity": -3.5,
            "rmsd_l_b": 7.55,
            "rmsd_u_b": 9.5
          },
          {
            "mode": 7,
            "affinity": -3.5,
            "rmsd_l_b": 7.63,
            "rmsd_u_b": 8.649
          },
          {
            "mode": 8,
            "affinity": -3.5,
            "rmsd_l_b": 7.387,
            "rmsd_u_b": 8.737
          },
          {
            "mode": 9,
            "affinity": -3.5,
            "rmsd_l_b": 6.399,
            "rmsd_u_b": 8.659
          }
        ]
      },
      {
        "run": 3,
        "seed": 847830,
        "average": {
          "affinity": -3.578,
          "rmsd_l_b": 3.87,
          "rmsd_u_b": 6.052
        },
        "modes": [
          {
            "mode": 1,
            "affinity": -3.7,
            "rmsd_l_b": 0.0,
            "rmsd_u_b": 0.0
          },
          {
            "mode": 2,
            "affinity": -3.7,
            "rmsd_l_b": 7.703,
            "rmsd_u_b": 9.544
          },
          {
            "mode": 3,
            "affinity": -3.6,
            "rmsd_l_b": 5.239,
            "rmsd_u_b": 7.733
          },
          {
            "mode": 4,
            "affinity": -3.6,
            "rmsd_l_b": 3.296,
            "rmsd_u_b": 4.572
          },
          {
            "mode": 5,
            "affinity": -3.6,
            "rmsd_l_b": 3.093,
            "rmsd_u_b": 5.752
          },
          {
            "mode": 6,
            "affinity": -3.5,
            "rmsd_l_b": 3.914,
            "rmsd_u_b": 7.033
          },
          {
            "mode": 7,
            "affinity": -3.5,
            "rmsd_l_b": 4.638,
            "rmsd_u_b": 7.853
          },
          {
            "mode": 8,
            "affinity": -3.5,
            "rmsd_l_b": 3.27,
            "rmsd_u_b": 5.701
          },
          {
            "mode": 9,
            "affinity": -3.5,
            "rmsd_l_b": 3.674,
            "rmsd_u_b": 6.283
          }
        ]
      },
      {
        "run": 4,
        "seed": 130359,
        "average": {
          "affinity": -3.544,
          "rmsd_l_b": 3.602,
          "rmsd_u_b": 5.378
        },
        "modes": [
          {
            "mode": 1,
            "affinity": -3.8,
            "rmsd_l_b": 0.0,
            "rmsd_u_b": 0.0
          },
          {
            "mode": 2,
            "affinity": -3.6,
            "rmsd_l_b": 3.093,
            "rmsd_u_b": 5.63
          },
          {
            "mode": 3,
            "affinity": -3.6,
            "rmsd_l_b": 8.033,
            "rmsd_u_b": 9.428
          },
          {
            "mode": 4,
            "affinity": -3.5,
            "rmsd_l_b": 3.521,
            "rmsd_u_b": 4.882
          },
          {
            "mode": 5,
            "affinity": -3.5,
            "rmsd_l_b": 3.295,
            "rmsd_u_b": 5.673
          },
          {
            "mode": 6,
            "affinity": -3.5,
            "rmsd_l_b": 3.217,
            "rmsd_u_b": 4.389
          },
          {
            "mode": 7,
            "affinity": -3.5,
            "rmsd_l_b": 3.824,
            "rmsd_u_b": 6.0
          },
          {
            "mode": 8,
            "affinity": -3.5,
            "rmsd_l_b": 3.854,
            "rmsd_u_b": 6.307
          },
          {
            "mode": 9,
            "affinity": -3.4,
            "rmsd_l_b": 3.584,
            "rmsd_u_b": 6.097
          }
        ]
      },
      {
        "run": 5,
        "seed": 863125,
        "average": {
          "affinity": -3.556,
          "rmsd_l_b": 4.091,
          "rmsd_u_b": 5.891
        },
        "modes": [
          {
            "mode": 1,
            "affinity": -3.7,
            "rmsd_l_b": 0.0,
            "rmsd_u_b": 0.0
          },
          {
            "mode": 2,
            "affinity": -3.6,
            "rmsd_l_b": 9.184,
            "rmsd_u_b": 11.072
          },
          {
            "mode": 3,
            "affinity": -3.6,
            "rmsd_l_b": 3.157,
            "rmsd_u_b": 5.175
          },
          {
            "mode": 4,
            "affinity": -3.6,
            "rmsd_l_b": 7.615,
            "rmsd_u_b": 9.461
          },
          {
            "mode": 5,
            "affinity": -3.5,
            "rmsd_l_b": 3.596,
            "rmsd_u_b": 4.965
          },
          {
            "mode": 6,
            "affinity": -3.5,
            "rmsd_l_b": 3.362,
            "rmsd_u_b": 6.108
          },
          {
            "mode": 7,
            "affinity": -3.5,
            "rmsd_l_b": 3.183,
            "rmsd_u_b": 5.01
          },
          {
            "mode": 8,
            "affinity": -3.5,
            "rmsd_l_b": 3.554,
            "rmsd_u_b": 5.463
          },
          {
            "mode": 9,
            "affinity": -3.5,
            "rmsd_l_b": 3.167,
            "rmsd_u_b": 5.764
          }
        ]
      },
      {
        "run": 6,
        "seed": 701406,
        "average": {
          "affinity": -3.578,
          "rmsd_l_b": 4.546,
          "rmsd_u_b": 6.41
        },
        "modes": [
          {
            "mode": 1,
            "affinity": -3.8,
            "rmsd_l_b": 0.0,
            "rmsd_u_b": 0.0
          },
          {
            "mode": 2,
            "affinity": -3.7,
            "rmsd_l_b": 7.708,
            "rmsd_u_b": 9.452
          },
          {
            "mode": 3,
            "affinity": -3.7,
            "rmsd_l_b": 7.961,
            "rmsd_u_b": 9.441
          },
          {
            "mode": 4,
            "affinity": -3.6,
            "rmsd_l_b": 3.094,
            "rmsd_u_b": 5.589
          },
          {
            "mode": 5,
            "affinity": -3.6,
            "rmsd_l_b": 2.691,
            "rmsd_u_b": 6.07
          },
          {
            "mode": 6,
            "affinity": -3.5,
            "rmsd_l_b": 3.825,
            "rmsd_u_b": 5.956
          },
          {
            "mode": 7,
            "affinity": -3.5,
            "rmsd_l_b": 3.287,
            "rmsd_u_b": 4.743
          },
          {
            "mode": 8,
            "affinity": -3.4,
            "rmsd_l_b": 8.871,
            "rmsd_u_b": 10.189
          },
          {
            "mode": 9,
            "affinity": -3.4,
            "rmsd_l_b": 3.479,
            "rmsd_u_b": 6.251
          }
        ]
      },
      {
        "run": 7,
        "seed": 932316,
        "average": {
          "affinity": -3.522,
          "rmsd_l_b": 4.733,
          "rmsd_u_b": 6.812
        },
        "modes": [
          {
            "mode": 1,
            "affinity": -3.8,
            "rmsd_l_b": 0.0,
            "rmsd_u_b": 0.0
          },
          {
            "mode": 2,
            "affinity": -3.6,
            "rmsd_l_b": 3.563,
            "rmsd_u_b": 5.488
          },
          {
            "mode": 3,
            "affinity": -3.6,
            "rmsd_l_b": 3.376,
            "rmsd_u_b": 6.531
          },
          {
            "mode": 4,
            "affinity": -3.5,
            "rmsd_l_b": 3.415,
            "rmsd_u_b": 6.4
          },
          {
            "mode": 5,
            "affinity": -3.5,
            "rmsd_l_b": 7.65,
            "rmsd_u_b": 9.456
          },
          {
            "mode": 6,
            "affinity": -3.5,
            "rmsd_l_b": 9.119,
            "rmsd_u_b": 10.317
          },
          {
            "mode": 7,
            "affinity": -3.4,
            "rmsd_l_b": 3.695,
            "rmsd_u_b": 7.366
          },
          {
            "mode": 8,
            "affinity": -3.4,
            "rmsd_l_b": 2.758,
            "rmsd_u_b": 5.268
          },
          {
            "mode": 9,
            "affinity": -3.4,
            "rmsd_l_b": 9.018,
            "rmsd_u_b": 10.478
          }
        ]
      },
      {
        "run": 8,
        "seed": 432150,
        "average": {
          "affinity": -3.578,
          "rmsd_l_b": 4.044,
          "rmsd_u_b": 6.232
        },
        "modes": [
          {
            "mode": 1,
            "affinity": -3.7,
            "rmsd_l_b": 0.0,
            "rmsd_u_b": 0.0
          },
          {
            "mode": 2,
            "affinity": -3.7,
            "rmsd_l_b": 7.703,
            "rmsd_u_b": 9.481
          },
          {
            "mode": 3,
            "affinity": -3.6,
            "rmsd_l_b": 4.218,
            "rmsd_u_b": 6.676
          },
          {
            "mode": 4,
            "affinity": -3.6,
            "rmsd_l_b": 3.648,
            "rmsd_u_b": 5.205
          },
          {
            "mode": 5,
            "affinity": -3.6,
            "rmsd_l_b": 3.814,
            "rmsd_u_b": 7.025
          },
          {
            "mode": 6,
            "affinity": -3.5,
            "rmsd_l_b": 2.744,
            "rmsd_u_b": 5.586
          },
          {
            "mode": 7,
            "affinity": -3.5,
            "rmsd_l_b": 2.844,
            "rmsd_u_b": 5.294
          },
          {
            "mode": 8,
            "affinity": -3.5,
            "rmsd_l_b": 8.482,
            "rmsd_u_b": 10.309
          },
          {
            "mode": 9,
            "affinity": -3.5,
            "rmsd_l_b": 2.941,
            "rmsd_u_b": 6.514
          }
        ]
      },
      {
        "run": 9,
        "seed": 283043,
        "average": {
          "affinity": -3.489,
          "rmsd_l_b": 4.003,
          "rmsd_u_b": 6.024
        },
        "modes": [
          {
            "mode": 1,
            "affinity": -3.6,
            "rmsd_l_b": 0.0,
            "rmsd_u_b": 0.0
          },
          {
            "mode": 2,
            "affinity": -3.6,
            "rmsd_l_b": 3.038,
            "rmsd_u_b": 5.6
          },
          {
            "mode": 3,
            "affinity": -3.5,
            "rmsd_l_b": 7.919,
            "rmsd_u_b": 9.505
          },
          {
            "mode": 4,
            "affinity": -3.5,
            "rmsd_l_b": 3.241,
            "rmsd_u_b": 7.0
          },
          {
            "mode": 5,
            "affinity": -3.5,
            "rmsd_l_b": 3.76,
            "rmsd_u_b": 7.247
          },
          {
            "mode": 6,
            "affinity": -3.5,
            "rmsd_l_b": 3.337,
            "rmsd_u_b": 4.587
          },
          {
            "mode": 7,
            "affinity": -3.4,
            "rmsd_l_b": 3.711,
            "rmsd_u_b": 5.324
          },
          {
            "mode": 8,
            "affinity": -3.4,
            "rmsd_l_b": 2.739,
            "rmsd_u_b": 5.075
          },
          {
            "mode": 9,
            "affinity": -3.4,
            "rmsd_l_b": 8.281,
            "rmsd_u_b": 9.876
          }
        ]
      },
      {
        "run": 10,
        "seed": 281925,
        "average": {
          "affinity": -3.622,
          "rmsd_l_b": 6.435,
          "rmsd_u_b": 7.982
        },
        "modes": [
          {
            "mode": 1,
            "affinity": -3.7,
            "rmsd_l_b": 0.0,
            "rmsd_u_b": 0.0
          },
          {
            "mode": 2,
            "affinity": -3.7,
            "rmsd_l_b": 7.673,
            "rmsd_u_b": 9.383
          },
          {
            "mode": 3,
            "affinity": -3.7,
            "rmsd_l_b": 8.277,
            "rmsd_u_b": 11.017
          },
          {
            "mode": 4,
            "affinity": -3.7,
            "rmsd_l_b": 7.262,
            "rmsd_u_b": 8.579
          },
          {
            "mode": 5,
            "affinity": -3.6,
            "rmsd_l_b": 8.084,
            "rmsd_u_b": 10.462
          },
          {
            "mode": 6,
            "affinity": -3.6,
            "rmsd_l_b": 7.535,
            "rmsd_u_b": 9.716
          },
          {
            "mode": 7,
            "affinity": -3.6,
            "rmsd_l_b": 2.155,
            "rmsd_u_b": 2.57
          },
          {
            "mode": 8,
            "affinity": -3.5,
            "rmsd_l_b": 8.468,
            "rmsd_u_b": 10.544
          },
          {
            "mode": 9,
            "affinity": -3.5,
            "rmsd_l_b": 8.464,
            "rmsd_u_b": 9.565
          }
        ]
      },
      {
        "run": 11,
        "seed": 728113,
        "average": {
          "affinity": -3.589,
          "rmsd_l_b": 4.953,
          "rmsd_u_b": 6.756
        },
        "modes": [
          {
            "mode": 1,
            "affinity": -3.8,
            "rmsd_l_b": 0.0,
            "rmsd_u_b": 0.0
          },
          {
            "mode": 2,
            "affinity": -3.8,
            "rmsd_l_b": 7.71,
            "rmsd_u_b": 9.423
          },
          {
            "mode": 3,
            "affinity": -3.7,
            "rmsd_l_b": 3.939,
            "rmsd_u_b": 6.724
          },
          {
            "mode": 4,
            "affinity": -3.6,
            "rmsd_l_b": 3.252,
            "rmsd_u_b": 4.803
          },
          {
            "mode": 5,
            "affinity": -3.6,
            "rmsd_l_b": 8.488,
            "rmsd_u_b": 9.945
          },
          {
            "mode": 6,
            "affinity": -3.5,
            "rmsd_l_b": 3.521,
            "rmsd_u_b": 4.988
          },
          {
            "mode": 7,
            "affinity": -3.5,
            "rmsd_l_b": 3.67,
            "rmsd_u_b": 7.155
          },
          {
            "mode": 8,
            "affinity": -3.4,
            "rmsd_l_b": 8.152,
            "rmsd_u_b": 9.35
          },
          {
            "mode": 9,
            "affinity": -3.4,
            "rmsd_l_b": 5.847,
            "rmsd_u_b": 8.416
          }
        ]
      },
      {
        "run": 12,
        "seed": 298848,
        "average": {
          "affinity": -3.589,
          "rmsd_l_b": 3.653,
          "rmsd_u_b": 5.921
        },
        "modes": [
          {
            "mode": 1,
            "affinity": -3.8,
            "rmsd_l_b": 0.0,
            "rmsd_u_b": 0.0
          },
          {
            "mode": 2,
            "affinity": -3.7,
            "rmsd_l_b": 4.072,
            "rmsd_u_b": 6.74
          },
          {
            "mode": 3,
            "affinity": -3.6,
            "rmsd_l_b": 3.365,
            "rmsd_u_b": 4.746
          },
          {
            "mode": 4,
            "affinity": -3.6,
            "rmsd_l_b": 3.296,
            "rmsd_u_b": 6.78
          },
          {
            "mode": 5,
            "affinity": -3.6,
            "rmsd_l_b": 2.89,
            "rmsd_u_b": 5.202
          },
          {
            "mode": 6,
            "affinity": -3.5,
            "rmsd_l_b": 3.994,
            "rmsd_u_b": 7.366
          },
          {
            "mode": 7,
            "affinity": -3.5,
            "rmsd_l_b": 7.61,
            "rmsd_u_b": 9.34
          },
          {
            "mode": 8,
            "affinity": -3.5,
            "rmsd_l_b": 2.726,
            "rmsd_u_b": 5.189
          },
          {
            "mode": 9,
            "affinity": -3.5,
            "rmsd_l_b": 4.925,
            "rmsd_u_b": 7.927
          }
        ]
      },
      {
        "run": 13,
        "seed": 223672,
        "average": {
          "affinity": -3.567,
          "rmsd_l_b": 3.365,
          "rmsd_u_b": 5.466
        },
        "modes": [
          {
            "mode": 1,
            "affinity": -3.7,
            "rmsd_l_b": 0.0,
            "rmsd_u_b": 0.0
          },
          {
            "mode": 2,
            "affinity": -3.6,
            "rmsd_l_b": 7.944,
            "rmsd_u_b": 9.49
          },
          {
            "mode": 3,
            "affinity": -3.6,
            "rmsd_l_b": 3.925,
            "rmsd_u_b": 6.697
          },
          {
            "mode": 4,
            "affinity": -3.6,
            "rmsd_l_b": 3.059,
            "rmsd_u_b": 5.642
          },
          {
            "mode": 5,
            "affinity": -3.6,
            "rmsd_l_b": 3.104,
            "rmsd_u_b": 5.507
          },
          {
            "mode": 6,
            "affinity": -3.5,
            "rmsd_l_b": 2.798,
            "rmsd_u_b": 6.092
          },
          {
            "mode": 7,
            "affinity": -3.5,
            "rmsd_l_b": 3.638,
            "rmsd_u_b": 5.804
          },
          {
            "mode": 8,
            "affinity": -3.5,
            "rmsd_l_b": 3.138,
            "rmsd_u_b": 4.811
          },
          {
            "mode": 9,
            "affinity": -3.5,
            "rmsd_l_b": 2.681,
            "rmsd_u_b": 5.151
          }
        ]
      },
      {
        "run": 14,
        "seed": 723610,
        "average": {
          "affinity": -3.567,
          "rmsd_l_b": 6.015,
          "rmsd_u_b": 7.79
        },
        "modes": [
          {
            "mode": 1,
            "affinity": -3.7,
            "rmsd_l_b": 0.0,
            "rmsd_u_b": 0.0
          },
          {
            "mode": 2,
            "affinity": -3.7,
            "rmsd_l_b": 7.838,
            "rmsd_u_b": 9.502
          },
          {
            "mode": 3,
            "affinity": -3.6,
            "rmsd_l_b": 8.65,
            "rmsd_u_b": 11.245
          },
          {
            "mode": 4,
            "affinity": -3.6,
            "rmsd_l_b": 8.495,
            "rmsd_u_b": 11.517
          },
          {
            "mode": 5,
            "affinity": -3.5,
            "rmsd_l_b": 1.953,
            "rmsd_u_b": 2.619
          },
          {
            "mode": 6,
            "affinity": -3.5,
            "rmsd_l_b": 8.233,
            "rmsd_u_b": 10.741
          },
          {
            "mode": 7,
            "affinity": -3.5,
            "rmsd_l_b": 2.398,
            "rmsd_u_b": 3.894
          },
          {
            "mode": 8,
            "affinity": -3.5,
            "rmsd_l_b": 8.144,
            "rmsd_u_b": 9.965
          },
          {
            "mode": 9,
            "affinity": -3.5,
            "rmsd_l_b": 8.424,
            "rmsd_u_b": 10.631
          }
        ]
      },
      {
        "run": 15,
        "seed": 815305,
        "average": {
          "affinity": -3.556,
          "rmsd_l_b": 4.07,
          "rmsd_u_b": 6.035
        },
        "modes": [
          {
            "mode": 1,
            "affinity": -3.7,
            "rmsd_l_b": 0.0,
            "rmsd_u_b": 0.0
          },
          {
            "mode": 2,
            "affinity": -3.6,
            "rmsd_l_b": 3.242,
            "rmsd_u_b": 4.928
          },
          {
            "mode": 3,
            "affinity": -3.6,
            "rmsd_l_b": 3.701,
            "rmsd_u_b": 6.84
          },
          {
            "mode": 4,
            "affinity": -3.6,
            "rmsd_l_b": 3.805,
            "rmsd_u_b": 6.395
          },
          {
            "mode": 5,
            "affinity": -3.5,
            "rmsd_l_b": 3.446,
            "rmsd_u_b": 5.621
          },
          {
            "mode": 6,
            "affinity": -3.5,
            "rmsd_l_b": 3.579,
            "rmsd_u_b": 6.31
          },
          {
            "mode": 7,
            "affinity": -3.5,
            "rmsd_l_b": 8.195,
            "rmsd_u_b": 9.441
          },
          {
            "mode": 8,
            "affinity": -3.5,
            "rmsd_l_b": 7.975,
            "rmsd_u_b": 9.525
          },
          {
            "mode": 9,
            "affinity": -3.5,
            "rmsd_l_b": 2.686,
            "rmsd_u_b": 5.256
          }
        ]
      },
      {
        "run": 16,
        "seed": 168878,
        "average": {
          "affinity": -3.589,
          "rmsd_l_b": 4.601,
          "rmsd_u_b": 6.552
        },
        "modes": [
          {
            "mode": 1,
            "affinity": -3.7,
            "rmsd_l_b": 0.0,
            "rmsd_u_b": 0.0
          },
          {
            "mode": 2,
            "affinity": -3.7,
            "rmsd_l_b": 3.848,
            "rmsd_u_b": 6.372
          },
          {
            "mode": 3,
            "affinity": -3.7,
            "rmsd_l_b": 7.657,
            "rmsd_u_b": 9.55
          },
          {
            "mode": 4,
            "affinity": -3.6,
            "rmsd_l_b": 3.714,
            "rmsd_u_b": 6.753
          },
          {
            "mode": 5,
            "affinity": -3.6,
            "rmsd_l_b": 8.438,
            "rmsd_u_b": 10.033
          },
          {
            "mode": 6,
            "affinity": -3.5,
            "rmsd_l_b": 2.591,
            "rmsd_u_b": 6.163
          },
          {
            "mode": 7,
            "affinity": -3.5,
            "rmsd_l_b": 3.629,
            "rmsd_u_b": 5.024
          },
          {
            "mode": 8,
            "affinity": -3.5,
            "rmsd_l_b": 8.978,
            "rmsd_u_b": 10.173
          },
          {
            "mode": 9,
            "affinity": -3.5,
            "rmsd_l_b": 2.553,
            "rmsd_u_b": 4.904
          }
        ]
      },
      {
        "run": 17,
        "seed": 656303,
        "average": {
          "affinity": -3.567,
          "rmsd_l_b": 4.731,
          "rmsd_u_b": 6.488
        },
        "modes": [
          {
            "mode": 1,
            "affinity": -3.7,
            "rmsd_l_b": 0.0,
            "rmsd_u_b": 0.0
          },
          {
            "mode": 2,
            "affinity": -3.6,
            "rmsd_l_b": 7.739,
            "rmsd_u_b": 9.452
          },
          {
            "mode": 3,
            "affinity": -3.6,
            "rmsd_l_b": 3.174,
            "rmsd_u_b": 4.232
          },
          {
            "mode": 4,
            "affinity": -3.6,
            "rmsd_l_b": 3.702,
            "rmsd_u_b": 5.065
          },
          {
            "mode": 5,
            "affinity": -3.6,
            "rmsd_l_b": 4.092,
            "rmsd_u_b": 6.708
          },
          {
            "mode": 6,
            "affinity": -3.5,
            "rmsd_l_b": 2.594,
            "rmsd_u_b": 6.302
          },
          {
            "mode": 7,
            "affinity": -3.5,
            "rmsd_l_b": 3.186,
            "rmsd_u_b": 5.542
          },
          {
            "mode": 8,
            "affinity": -3.5,
            "rmsd_l_b": 8.982,
            "rmsd_u_b": 10.179
          },
          {
            "mode": 9,
            "affinity": -3.5,
            "rmsd_l_b": 9.109,
            "rmsd_u_b": 10.916
          }
        ]
      },
      {
        "run": 18,
        "seed": 208055,
        "average": {
          "affinity": -3.589,
          "rmsd_l_b": 4.224,
          "rmsd_u_b": 6.447
        },
        "modes": [
          {
            "mode": 1,
            "affinity": -3.8,
            "rmsd_l_b": 0.0,
            "rmsd_u_b": 0.0
          },
          {
            "mode": 2,
            "affinity": -3.7,
            "rmsd_l_b": 7.79,
            "rmsd_u_b": 9.569
          },
          {
            "mode": 3,
            "affinity": -3.6,
            "rmsd_l_b": 2.705,
            "rmsd_u_b": 6.285
          },
          {
            "mode": 4,
            "affinity": -3.6,
            "rmsd_l_b": 4.076,
            "rmsd_u_b": 6.649
          },
          {
            "mode": 5,
            "affinity": -3.6,
            "rmsd_l_b": 3.338,
            "rmsd_u_b": 6.71
          },
          {
            "mode": 6,
            "affinity": -3.5,
            "rmsd_l_b": 3.667,
            "rmsd_u_b": 5.863
          },
          {
            "mode": 7,
            "affinity": -3.5,
            "rmsd_l_b": 3.213,
            "rmsd_u_b": 4.748
          },
          {
            "mode": 8,
            "affinity": -3.5,
            "rmsd_l_b": 4.627,
            "rmsd_u_b": 7.895
          },
          {
            "mode": 9,
            "affinity": -3.5,
            "rmsd_l_b": 8.596,
            "rmsd_u_b": 10.307
          }
        ]
      },
      {
        "run": 19,
        "seed": 400904,
        "average": {
          "affinity": -3.544,
          "rmsd_l_b": 4.38,
          "rmsd_u_b": 6.463
        },
        "modes": [
          {
            "mode": 1,
            "affinity": -3.8,
            "rmsd_l_b": 0.0,
            "rmsd_u_b": 0.0
          },
          {
            "mode": 2,
            "affinity": -3.6,
            "rmsd_l_b": 4.204,
            "rmsd_u_b": 6.907
          },
          {
            "mode": 3,
            "affinity": -3.6,
            "rmsd_l_b": 3.34,
            "rmsd_u_b": 6.988
          },
          {
            "mode": 4,
            "affinity": -3.5,
            "rmsd_l_b": 7.75,
            "rmsd_u_b": 9.464
          },
          {
            "mode": 5,
            "affinity": -3.5,
            "rmsd_l_b": 3.803,
            "rmsd_u_b": 5.303
          },
          {
            "mode": 6,
            "affinity": -3.5,
            "rmsd_l_b": 3.703,
            "rmsd_u_b": 5.895
          },
          {
            "mode": 7,
            "affinity": -3.5,
            "rmsd_l_b": 4.564,
            "rmsd_u_b": 7.937
          },
          {
            "mode": 8,
            "affinity": -3.5,
            "rmsd_l_b": 2.96,
            "rmsd_u_b": 5.358
          },
          {
            "mode": 9,
            "affinity": -3.4,
            "rmsd_l_b": 9.097,
            "rmsd_u_b": 10.311
          }
        ]
      },
      {
        "run": 20,
        "seed": 213432,
        "average": {
          "affinity": -3.522,
          "rmsd_l_b": 4.662,
          "rmsd_u_b": 6.468
        },
        "modes": [
          {
            "mode": 1,
            "affinity": -3.7,
            "rmsd_l_b": 0.0,
            "rmsd_u_b": 0.0
          },
          {
            "mode": 2,
            "affinity": -3.6,
            "rmsd_l_b": 3.928,
            "rmsd_u_b": 6.607
          },
          {
            "mode": 3,
            "affinity": -3.6,
            "rmsd_l_b": 3.093,
            "rmsd_u_b": 5.692
          },
          {
            "mode": 4,
            "affinity": -3.5,
            "rmsd_l_b": 3.32,
            "rmsd_u_b": 7.048
          },
          {
            "mode": 5,
            "affinity": -3.5,
            "rmsd_l_b": 7.869,
            "rmsd_u_b": 9.419
          },
          {
            "mode": 6,
            "affinity": -3.5,
            "rmsd_l_b": 3.296,
            "rmsd_u_b": 4.485
          },
          {
            "mode": 7,
            "affinity": -3.5,
            "rmsd_l_b": 9.13,
            "rmsd_u_b": 10.291
          },
          {
            "mode": 8,
            "affinity": -3.4,
            "rmsd_l_b": 2.988,
            "rmsd_u_b": 5.143
          },
          {
            "mode": 9,
            "affinity": -3.4,
            "rmsd_l_b": 8.338,
            "rmsd_u_b": 9.523
          }
        ]
      }
    ]
  }
}