{
  "rmsd": 4.278,
  "rmsd_method": "C-alpha coordinates",
  "rmsd_tool": "BioPython",
  "docking": {
    "average_affinity": -5.312,
    "runs": [
      {
        "run": 1,
        "seed": 104330,
        "average": {
          "affinity": -5.356,
          "rmsd_l_b": 6.98,
          "rmsd_u_b": 10.012
        },
        "modes": [
          {
            "mode": 1,
            "affinity": -5.5,
            "rmsd_l_b": 0.0,
            "rmsd_u_b": 0.0
          },
          {
            "mode": 2,
            "affinity": -5.5,
            "rmsd_l_b": 9.917,
            "rmsd_u_b": 12.314
          },
          {
            "mode": 3,
            "affinity": -5.4,
            "rmsd_l_b": 10.911,
            "rmsd_u_b": 14.078
          },
          {
            "mode": 4,
            "affinity": -5.3,
            "rmsd_l_b": 3.141,
            "rmsd_u_b": 8.219
          },
          {
            "mode": 5,
            "affinity": -5.3,
            "rmsd_l_b": 5.598,
            "rmsd_u_b": 9.488
          },
          {
            "mode": 6,
            "affinity": -5.3,
            "rmsd_l_b": 6.246,
            "rmsd_u_b": 9.723
          },
          {
            "mode": 7,
            "affinity": -5.3,
            "rmsd_l_b": 10.535,
            "rmsd_u_b": 12.908
          },
          {
            "mode": 8,
            "affinity": -5.3,
            "rmsd_l_b": 10.005,
            "rmsd_u_b": 13.895
          },
          {
            "mode": 9,
            "affinity": -5.3,
            "rmsd_l_b": 6.468,
            "rmsd_u_b": 9.486
          }
        ]
      },
      {
        "run": 2,
        "seed": 561821,
        "average": {
          "affinity": -5.289,
          "rmsd_l_b": 6.399,
          "rmsd_u_b": 8.107
        },
        "modes": [
          {
            "mode": 1,
            "affinity": -5.4,
            "rmsd_l_b": 0.0,
            "rmsd_u_b": 0.0
          },
          {
            "mode": 2,
            "affinity": -5.4,
            "rmsd_l_b": 1.535,
            "rmsd_u_b": 1.868
          },
          {
            "mode": 3,
            "affinity": -5.4,
            "rmsd_l_b": 8.189,
            "rmsd_u_b": 9.956
          },
          {
            "mode": 4,
            "affinity": -5.3,
            "rmsd_l_b": 9.819,
            "rmsd_u_b": 12.029
          },
          {
            "mode": 5,
            "affinity": -5.3,
            "rmsd_l_b": 3.914,
            "rmsd_u_b": 6.077
          },
          {
            "mode": 6,
            "affinity": -5.3,
            "rmsd_l_b": 7.289,
            "rmsd_u_b": 9.472
          },
          {
            "mode": 7,
            "affinity": -5.2,
            "rmsd_l_b": 9.329,
            "rmsd_u_b": 10.591
          },
          {
            "mode": 8,
            "affinity": -5.2,
            "rmsd_l_b": 8.61,
            "rmsd_u_b": 10.116
          },
          {
            "mode": 9,
            "affinity": -5.1,
            "rmsd_l_b": 8.908,
            "rmsd_u_b": 12.852
          }
        ]
      },
      {
        "run": 3,
        "seed": 738912,
        "average": {
          "affinity": -5.322,
          "rmsd_l_b": 5.04,
          "rmsd_u_b": 7.396
        },
        "modes": [
          {
            "mode": 1,
            "affinity": -5.5,
            "rmsd_l_b": 0.0,
            "rmsd_u_b": 0.0
          },
          {
            "mode": 2,
            "affinity": -5.5,
            "rmsd_l_b": 7.226,
            "rmsd_u_b": 9.496
          },
          {
            "mode": 3,
            "affinity": -5.4,
            "rmsd_l_b": 7.484,
            "rmsd_u_b": 9.828
          },
          {
            "mode": 4,
            "affinity": -5.3,
            "rmsd_l_b": 6.152,
            "rmsd_u_b": 9.114
          },
          {
            "mode": 5,
            "affinity": -5.3,
            "rmsd_l_b": 6.31,
            "rmsd_u_b": 8.6
          },
          {
            "mode": 6,
            "affinity": -5.3,
            "rmsd_l_b": 2.944,
            "rmsd_u_b": 4.34
          },
          {
            "mode": 7,
            "affinity": -5.2,
            "rmsd_l_b": 5.761,
            "rmsd_u_b": 9.249
          },
          {
            "mode": 8,
            "affinity": -5.2,
            "rmsd_l_b": 5.893,
            "rmsd_u_b": 9.57
          },
          {
            "mode": 9,
            "affinity": -5.2,
            "rmsd_l_b": 3.588,
            "rmsd_u_b": 6.367
          }
        ]
      },
      {
        "run": 4,
        "seed": 554875,
        "average": {
          "affinity": -5.244,
          "rmsd_l_b": 5.259,
          "rmsd_u_b": 6.853
        },
        "modes": [
          {
            "mode": 1,
            "affinity": -5.4,
            "rmsd_l_b": 0.0,
            "rmsd_u_b": 0.0
          },
          {
            "mode": 2,
            "affinity": -5.4,
            "rmsd_l_b": 0.987,
            "rmsd_u_b": 1.631
          },
          {
            "mode": 3,
            "affinity": -5.4,
            "rmsd_l_b": 8.215,
            "rmsd_u_b": 9.886
          },
          {
            "mode": 4,
            "affinity": -5.3,
            "rmsd_l_b": 3.823,
            "rmsd_u_b": 5.945
          },
          {
            "mode": 5,
            "affinity": -5.2,
            "rmsd_l_b": 9.421,
            "rmsd_u_b": 10.686
          },
          {
            "mode": 6,
            "affinity": -5.2,
            "rmsd_l_b": 3.807,
            "rmsd_u_b": 5.86
          },
          {
            "mode": 7,
            "affinity": -5.1,
            "rmsd_l_b": 8.632,
            "rmsd_u_b": 10.199
          },
          {
            "mode": 8,
            "affinity": -5.1,
            "rmsd_l_b": 9.107,
            "rmsd_u_b": 9.9
          },
          {
            "mode": 9,
            "affinity": -5.1,
            "rmsd_l_b": 3.335,
            "rmsd_u_b": 7.567
          }
        ]
      },
      {
        "run": 5,
        "seed": 236768,
        "average": {
          "affinity": -5.344,
          "rmsd_l_b": 5.728,
          "rmsd_u_b": 8.417
        },
        "modes": [
          {
            "mode": 1,
            "affinity": -5.5,
            "rmsd_l_b": 0.0,
            "rmsd_u_b": 0.0
          },
          {
            "mode": 2,
            "affinity": -5.5,
            "rmsd_l_b": 6.451,
            "rmsd_u_b": 10.79
          },
          {
            "mode": 3,
            "affinity": -5.4,
            "rmsd_l_b": 7.248,
            "rmsd_u_b": 9.543
          },
          {
            "mode": 4,
            "affinity": -5.4,
            "rmsd_l_b": 7.471,
            "rmsd_u_b": 9.829
          },
          {
            "mode": 5,
            "affinity": -5.3,
            "rmsd_l_b": 6.344,
            "rmsd_u_b": 8.623
          },
          {
            "mode": 6,
            "affinity": -5.3,
            "rmsd_l_b": 6.016,
            "rmsd_u_b": 9.052
          },
          {
            "mode": 7,
            "affinity": -5.3,
            "rmsd_l_b": 6.253,
            "rmsd_u_b": 9.004
          },
          {
            "mode": 8,
            "affinity": -5.2,
            "rmsd_l_b": 6.015,
            "rmsd_u_b": 9.699
          },
          {
            "mode": 9,
            "affinity": -5.2,
            "rmsd_l_b": 5.752,
            "rmsd_u_b": 9.213
          }
        ]
      },
      {
        "run": 6,
        "seed": 415778,
        "average": {
          "affinity": -5.322,
          "rmsd_l_b": 5.748,
          "rmsd_u_b": 7.337
        },
        "modes": [
          {
            "mode": 1,
            "affinity": -5.4,
            "rmsd_l_b": 0.0,
            "rmsd_u_b": 0.0
          },
          {
            "mode": 2,
            "affinity": -5.4,
            "rmsd_l_b": 0.985,
            "rmsd_u_b": 1.539
          },
          {
            "mode": 3,
            "affinity": -5.4,
            "rmsd_l_b": 7.631,
            "rmsd_u_b": 9.851
          },
          {
            "mode": 4,
            "affinity": -5.3,
            "rmsd_l_b": 7.321,
            "rmsd_u_b": 9.457
          },
          {
            "mode": 5,
            "affinity": -5.3,
            "rmsd_l_b": 3.919,
            "rmsd_u_b": 6.051
          },
          {
            "mode": 6,
            "affinity": -5.3,
            "rmsd_l_b": 9.817,
            "rmsd_u_b": 12.039
          },
          {
            "mode": 7,
            "affinity": -5.3,
            "rmsd_l_b": 8.905,
            "rmsd_u_b": 10.526
          },
          {
            "mode": 8,
            "affinity": -5.3,
            "rmsd_l_b": 9.346,
            "rmsd_u_b": 10.59
          },
          {
            "mode": 9,
            "affinity": -5.2,
            "rmsd_l_b": 3.812,
            "rmsd_u_b": 5.981
          }
        ]
      },
      {
        "run": 7,
        "seed": 599989,
        "average": {
          "affinity": -5.367,
          "rmsd_l_b": 6.91,
          "rmsd_u_b": 9.898
        },
        "modes": [
          {
            "mode": 1,
            "affinity": -5.6,
            "rmsd_l_b": 0.0,
            "rmsd_u_b": 0.0
          },
          {
            "mode": 2,
            "affinity": -5.5,
            "rmsd_l_b": 9.94,
            "rmsd_u_b": 12.39
          },
          {
            "mode": 3,
            "affinity": -5.5,
            "rmsd_l_b": 9.949,
            "rmsd_u_b": 12.485
          },
          {
            "mode": 4,
            "affinity": -5.4,
            "rmsd_l_b": 10.937,
            "rmsd_u_b": 14.119
          },
          {
            "mode": 5,
            "affinity": -5.3,
            "rmsd_l_b": 6.341,
            "rmsd_u_b": 9.833
          },
          {
            "mode": 6,
            "affinity": -5.3,
            "rmsd_l_b": 5.802,
            "rmsd_u_b": 9.661
          },
          {
            "mode": 7,
            "affinity": -5.3,
            "rmsd_l_b": 10.024,
            "rmsd_u_b": 13.961
          },
          {
            "mode": 8,
            "affinity": -5.2,
            "rmsd_l_b": 3.175,
            "rmsd_u_b": 8.281
          },
          {
            "mode": 9,
            "affinity": -5.2,
            "rmsd_l_b": 6.021,
            "rmsd_u_b": 8.35
          }
        ]
      },
      {
        "run": 8,
        "seed": 739617,
        "average": {
          "affinity": -5.322,
          "rmsd_l_b": 4.619,
          "rmsd_u_b": 7.388
        },
        "modes": [
          {
            "mode": 1,
            "affinity": -5.5,
            "rmsd_l_b": 0.0,
            "rmsd_u_b": 0.0
          },
          {
            "mode": 2,
            "affinity": -5.5,
            "rmsd_l_b": 7.226,
            "rmsd_u_b": 9.509
          },
          {
            "mode": 3,
            "affinity": -5.4,
            "rmsd_l_b": 7.18,
            "rmsd_u_b": 9.472
          },
          {
            "mode": 4,
            "affinity": -5.3,
            "rmsd_l_b": 6.176,
            "rmsd_u_b": 9.129
          },
          {
            "mode": 5,
            "affinity": -5.3,
            "rmsd_l_b": 5.989,
            "rmsd_u_b": 9.661
          },
          {
            "mode": 6,
            "affinity": -5.3,
            "rmsd_l_b": 5.722,
            "rmsd_u_b": 9.209
          },
          {
            "mode": 7,
            "affinity": -5.2,
            "rmsd_l_b": 2.084,
            "rmsd_u_b": 3.624
          },
          {
            "mode": 8,
            "affinity": -5.2,
            "rmsd_l_b": 3.577,
            "rmsd_u_b": 6.374
          },
          {
            "mode": 9,
            "affinity": -5.2,
            "rmsd_l_b": 3.62,
            "rmsd_u_b": 9.513
          }
        ]
      },
      {
        "run": 9,
        "seed": 606865,
        "average": {
          "affinity": -5.189,
          "rmsd_l_b": 5.577,
          "rmsd_u_b": 6.982
        },
        "modes": [
          {
            "mode": 1,
            "affinity": -5.3,
            "rmsd_l_b": 0.0,
            "rmsd_u_b": 0.0
          },
          {
            "mode": 2,
            "affinity": -5.3,
            "rmsd_l_b": 0.996,
            "rmsd_u_b": 1.643
          },
          {
            "mode": 3,
            "affinity": -5.2,
            "rmsd_l_b": 3.869,
            "rmsd_u_b": 5.948
          },
          {
            "mode": 4,
            "affinity": -5.2,
            "rmsd_l_b": 1.438,
            "rmsd_u_b": 2.076
          },
          {
            "mode": 5,
            "affinity": -5.2,
            "rmsd_l_b": 9.975,
            "rmsd_u_b": 12.138
          },
          {
            "mode": 6,
            "affinity": -5.2,
            "rmsd_l_b": 7.328,
            "rmsd_u_b": 9.64
          },
          {
            "mode": 7,
            "affinity": -5.1,
            "rmsd_l_b": 9.49,
            "rmsd_u_b": 10.762
          },
          {
            "mode": 8,
            "affinity": -5.1,
            "rmsd_l_b": 8.749,
            "rmsd_u_b": 10.228
          },
          {
            "mode": 9,
            "affinity": -5.1,
            "rmsd_l_b": 8.351,
            "rmsd_u_b": 10.406
          }
        ]
      },
      {
        "run": 10,
        "seed": 184286,
        "average": {
          "affinity": -5.222,
          "rmsd_l_b": 6.168,
          "rmsd_u_b": 8.046
        },
        "modes": [
          {
            "mode": 1,
            "affinity": -5.4,
            "rmsd_l_b": 0.0,
            "rmsd_u_b": 0.0
          },
          {
            "mode": 2,
            "affinity": -5.3,
            "rmsd_l_b": 3.791,
            "rmsd_u_b": 5.908
          },
          {
            "mode": 3,
            "affinity": -5.3,
            "rmsd_l_b": 8.907,
            "rmsd_u_b": 10.53
          },
          {
            "mode": 4,
            "affinity": -5.2,
            "rmsd_l_b": 9.35,
            "rmsd_u_b": 10.607
          },
          {
            "mode": 5,
            "affinity": -5.2,
            "rmsd_l_b": 8.609,
            "rmsd_u_b": 10.12
          },
          {
            "mode": 6,
            "affinity": -5.2,
            "rmsd_l_b": 3.772,
            "rmsd_u_b": 5.913
          },
          {
            "mode": 7,
            "affinity": -5.2,
            "rmsd_l_b": 9.173,
            "rmsd_u_b": 10.613
          },
          {
            "mode": 8,
            "affinity": -5.1,
            "rmsd_l_b": 8.931,
            "rmsd_u_b": 12.864
          },
          {
            "mode": 9,
            "affinity": -5.1,
            "rmsd_l_b": 2.976,
            "rmsd_u_b": 5.855
          }
        ]
      },
      {
        "run": 11,
        "seed": 724362,
        "average": {
          "affinity": -5.367,
          "rmsd_l_b": 4.653,
          "rmsd_u_b": 6.451
        },
        "modes": [
          {
            "mode": 1,
            "affinity": -5.5,
            "rmsd_l_b": 0.0,
            "rmsd_u_b": 0.0
          },
          {
            "mode": 2,
            "affinity": -5.5,
            "rmsd_l_b": 7.288,
            "rmsd_u_b": 9.607
          },
          {
            "mode": 3,
            "affinity": -5.4,
            "rmsd_l_b": 2.463,
            "rmsd_u_b": 3.515
          },
          {
            "mode": 4,
            "affinity": -5.4,
            "rmsd_l_b": 7.295,
            "rmsd_u_b": 9.553
          },
          {
            "mode": 5,
            "affinity": -5.3,
            "rmsd_l_b": 6.282,
            "rmsd_u_b": 8.556
          },
          {
            "mode": 6,
            "affinity": -5.3,
            "rmsd_l_b": 7.493,
            "rmsd_u_b": 9.811
          },
          {
            "mode": 7,
            "affinity": -5.3,
            "rmsd_l_b": 6.061,
            "rmsd_u_b": 9.107
          },
          {
            "mode": 8,
            "affinity": -5.3,
            "rmsd_l_b": 2.922,
            "rmsd_u_b": 4.323
          },
          {
            "mode": 9,
            "affinity": -5.3,
            "rmsd_l_b": 2.072,
            "rmsd_u_b": 3.59
          }
        ]
      },
      {
        "run": 12,
        "seed": 182509,
        "average": {
          "affinity": -5.356,
          "rmsd_l_b": 4.86,
          "rmsd_u_b": 6.839
        },
        "modes": [
          {
            "mode": 1,
            "affinity": -5.5,
            "rmsd_l_b": 0.0,
            "rmsd_u_b": 0.0
          },
          {
            "mode": 2,
            "affinity": -5.5,
            "rmsd_l_b": 7.278,
            "rmsd_u_b": 9.457
          },
          {
            "mode": 3,
            "affinity": -5.4,
            "rmsd_l_b": 6.115,
            "rmsd_u_b": 8.392
          },
          {
            "mode": 4,
            "affinity": -5.4,
            "rmsd_l_b": 6.2,
            "rmsd_u_b": 9.026
          },
          {
            "mode": 5,
            "affinity": -5.4,
            "rmsd_l_b": 2.175,
            "rmsd_u_b": 3.012
          },
          {
            "mode": 6,
            "affinity": -5.3,
            "rmsd_l_b": 2.83,
            "rmsd_u_b": 4.139
          },
          {
            "mode": 7,
            "affinity": -5.3,
            "rmsd_l_b": 6.187,
            "rmsd_u_b": 9.049
          },
          {
            "mode": 8,
            "affinity": -5.3,
            "rmsd_l_b": 5.745,
            "rmsd_u_b": 9.205
          },
          {
            "mode": 9,
            "affinity": -5.1,
            "rmsd_l_b": 7.208,
            "rmsd_u_b": 9.268
          }
        ]
      },
      {
        "run": 13,
        "seed": 108499,
        "average": {
          "affinity": -5.322,
          "rmsd_l_b": 5.25,
          "rmsd_u_b": 7.534
        },
        "modes": [
          {
            "mode": 1,
            "affinity": -5.5,
            "rmsd_l_b": 0.0,
            "rmsd_u_b": 0.0
          },
          {
            "mode": 2,
            "affinity": -5.4,
            "rmsd_l_b": 2.319,
            "rmsd_u_b": 3.304
          },
          {
            "mode": 3,
            "affinity": -5.4,
            "rmsd_l_b": 7.267,
            "rmsd_u_b": 9.446
          },
          {
            "mode": 4,
            "affinity": -5.3,
            "rmsd_l_b": 6.117,
            "rmsd_u_b": 8.907
          },
          {
            "mode": 5,
            "affinity": -5.3,
            "rmsd_l_b": 7.554,
            "rmsd_u_b": 9.821
          },
          {
            "mode": 6,
            "affinity": -5.3,
            "rmsd_l_b": 6.29,
            "rmsd_u_b": 8.683
          },
          {
            "mode": 7,
            "affinity": -5.3,
            "rmsd_l_b": 5.817,
            "rmsd_u_b": 9.393
          },
          {
            "mode": 8,
            "affinity": -5.2,
            "rmsd_l_b": 5.758,
            "rmsd_u_b": 9.196
          },
          {
            "mode": 9,
            "affinity": -5.2,
            "rmsd_l_b": 6.125,
            "rmsd_u_b": 9.055
          }
        ]
      },
      {
        "run": 14,
        "seed": 558973,
        "average": {
          "affinity": -5.3,
          "rmsd_l_b": 4.564,
          "rmsd_u_b": 6.851
        },
        "modes": [
          {
            "mode": 1,
            "affinity": -5.5,
            "rmsd_l_b": 0.0,
            "rmsd_u_b": 0.0
          },
          {
            "mode": 2,
            "affinity": -5.4,
            "rmsd_l_b": 7.217,
            "rmsd_u_b": 9.501
          },
          {
            "mode": 3,
            "affinity": -5.4,
            "rmsd_l_b": 7.445,
            "rmsd_u_b": 9.777
          },
          {
            "mode": 4,
            "affinity": -5.3,
            "rmsd_l_b": 6.077,
            "rmsd_u_b": 9.087
          },
          {
            "mode": 5,
            "affinity": -5.3,
            "rmsd_l_b": 2.946,
            "rmsd_u_b": 4.347
          },
          {
            "mode": 6,
            "affinity": -5.3,
            "rmsd_l_b": 5.966,
            "rmsd_u_b": 9.635
          },
          {
            "mode": 7,
            "affinity": -5.2,
            "rmsd_l_b": 3.581,
            "rmsd_u_b": 6.366
          },
          {
            "mode": 8,
            "affinity": -5.2,
            "rmsd_l_b": 5.727,
            "rmsd_u_b": 9.233
          },
          {
            "mode": 9,
            "affinity": -5.1,
            "rmsd_l_b": 2.12,
            "rmsd_u_b": 3.712
          }
        ]
      },
      {
        "run": 15,
        "seed": 790024,
        "average": {
          "affinity": -5.311,
          "rmsd_l_b": 5.802,
          "rmsd_u_b": 7.401
        },
        "modes": [
          {
            "mode": 1,
            "affinity": -5.4,
            "rmsd_l_b": 0.0,
            "rmsd_u_b": 0.0
          },
          {
            "mode": 2,
            "affinity": -5.4,
            "rmsd_l_b": 0.986,
            "rmsd_u_b": 1.636
          },
          {
            "mode": 3,
            "affinity": -5.4,
            "rmsd_l_b": 7.238,
            "rmsd_u_b": 9.486
          },
          {
            "mode": 4,
            "affinity": -5.3,
            "rmsd_l_b": 9.818,
            "rmsd_u_b": 12.037
          },
          {
            "mode": 5,
            "affinity": -5.3,
            "rmsd_l_b": 8.892,
            "rmsd_u_b": 10.509
          },
          {
            "mode": 6,
            "affinity": -5.3,
            "rmsd_l_b": 3.982,
            "rmsd_u_b": 6.122
          },
          {
            "mode": 7,
            "affinity": -5.3,
            "rmsd_l_b": 9.323,
            "rmsd_u_b": 10.58
          },
          {
            "mode": 8,
            "affinity": -5.2,
            "rmsd_l_b": 8.167,
            "rmsd_u_b": 10.27
          },
          {
            "mode": 9,
            "affinity": -5.2,
            "rmsd_l_b": 3.815,
            "rmsd_u_b": 5.97
          }
        ]
      },
      {
        "run": 16,
        "seed": 246981,
        "average": {
          "affinity": -5.422,
          "rmsd_l_b": 7.448,
          "rmsd_u_b": 10.255
        },
        "modes": [
          {
            "mode": 1,
            "affinity": -5.6,
            "rmsd_l_b": 0.0,
            "rmsd_u_b": 0.0
          },
          {
            "mode": 2,
            "affinity": -5.5,
            "rmsd_l_b": 6.241,
            "rmsd_u_b": 10.558
          },
          {
            "mode": 3,
            "affinity": -5.5,
            "rmsd_l_b": 9.904,
            "rmsd_u_b": 12.458
          },
          {
            "mode": 4,
            "affinity": -5.4,
            "rmsd_l_b": 9.989,
            "rmsd_u_b": 12.391
          },
          {
            "mode": 5,
            "affinity": -5.4,
            "rmsd_l_b": 10.084,
            "rmsd_u_b": 12.595
          },
          {
            "mode": 6,
            "affinity": -5.4,
            "rmsd_l_b": 6.234,
            "rmsd_u_b": 9.943
          },
          {
            "mode": 7,
            "affinity": -5.4,
            "rmsd_l_b": 10.933,
            "rmsd_u_b": 14.123
          },
          {
            "mode": 8,
            "affinity": -5.3,
            "rmsd_l_b": 5.651,
            "rmsd_u_b": 9.577
          },
          {
            "mode": 9,
            "affinity": -5.3,
            "rmsd_l_b": 7.993,
            "rmsd_u_b": 10.65
          }
        ]
      },
      {
        "run": 17,
        "seed": 888890,
        "average": {
          "affinity": -5.289,
          "rmsd_l_b": 5.054,
          "rmsd_u_b": 7.425
        },
        "modes": [
          {
            "mode": 1,
            "affinity": -5.5,
            "rmsd_l_b": 0.0,
            "rmsd_u_b": 0.0
          },
          {
            "mode": 2,
            "affinity": -5.4,
            "rmsd_l_b": 7.208,
            "rmsd_u_b": 9.486
          },
          {
            "mode": 3,
            "affinity": -5.3,
            "rmsd_l_b": 6.095,
            "rmsd_u_b": 9.095
          },
          {
            "mode": 4,
            "affinity": -5.3,
            "rmsd_l_b": 7.495,
            "rmsd_u_b": 9.843
          },
          {
            "mode": 5,
            "affinity": -5.3,
            "rmsd_l_b": 2.954,
            "rmsd_u_b": 4.354
          },
          {
            "mode": 6,
            "affinity": -5.2,
            "rmsd_l_b": 5.899,
            "rmsd_u_b": 9.563
          },
          {
            "mode": 7,
            "affinity": -5.2,
            "rmsd_l_b": 5.768,
            "rmsd_u_b": 9.25
          },
          {
            "mode": 8,
            "affinity": -5.2,
            "rmsd_l_b": 3.608,
            "rmsd_u_b": 6.415
          },
          {
            "mode": 9,
            "affinity": -5.2,
            "rmsd_l_b": 6.462,
            "rmsd_u_b": 8.815
          }
        ]
      },
      {
        "run": 18,
        "seed": 869952,
        "average": {
          "affinity": -5.322,
          "rmsd_l_b": 4.571,
          "rmsd_u_b": 6.467
        },
        "modes": [
          {
            "mode": 1,
            "affinity": -5.5,
            "rmsd_l_b": 0.0,
            "rmsd_u_b": 0.0
          },
          {
            "mode": 2,
            "affinity": -5.4,
            "rmsd_l_b": 7.382,
            "rmsd_u_b": 9.679
          },
          {
            "mode": 3,
            "affinity": -5.4,
            "rmsd_l_b": 7.316,
            "rmsd_u_b": 9.561
          },
          {
            "mode": 4,
            "affinity": -5.3,
            "rmsd_l_b": 7.524,
            "rmsd_u_b": 9.815
          },
          {
            "mode": 5,
            "affinity": -5.3,
            "rmsd_l_b": 6.113,
            "rmsd_u_b": 9.092
          },
          {
            "mode": 6,
            "affinity": -5.3,
            "rmsd_l_b": 2.801,
            "rmsd_u_b": 4.154
          },
          {
            "mode": 7,
            "affinity": -5.3,
            "rmsd_l_b": 2.207,
            "rmsd_u_b": 3.051
          },
          {
            "mode": 8,
            "affinity": -5.2,
            "rmsd_l_b": 5.767,
            "rmsd_u_b": 9.416
          },
          {
            "mode": 9,
            "affinity": -5.2,
            "rmsd_l_b": 2.025,
            "rmsd_u_b": 3.432
          }
        ]
      },
      {
        "run": 19,
        "seed": 620394,
        "average": {
          "affinity": -5.244,
          "rmsd_l_b": 4.86,
          "rmsd_u_b": 6.622
        },
        "modes": [
          {
            "mode": 1,
            "affinity": -5.4,
            "rmsd_l_b": 0.0,
            "rmsd_u_b": 0.0
          },
          {
            "mode": 2,
            "affinity": -5.4,
            "rmsd_l_b": 9.988,
            "rmsd_u_b": 12.421
          },
          {
            "mode": 3,
            "affinity": -5.3,
            "rmsd_l_b": 1.549,
            "rmsd_u_b": 1.885
          },
          {
            "mode": 4,
            "affinity": -5.3,
            "rmsd_l_b": 3.911,
            "rmsd_u_b": 6.057
          },
          {
            "mode": 5,
            "affinity": -5.2,
            "rmsd_l_b": 9.327,
            "rmsd_u_b": 10.575
          },
          {
            "mode": 6,
            "affinity": -5.2,
            "rmsd_l_b": 8.618,
            "rmsd_u_b": 10.146
          },
          {
            "mode": 7,
            "affinity": -5.2,
            "rmsd_l_b": 3.737,
            "rmsd_u_b": 5.884
          },
          {
            "mode": 8,
            "affinity": -5.1,
            "rmsd_l_b": 3.651,
            "rmsd_u_b": 6.777
          },
          {
            "mode": 9,
            "affinity": -5.1,
            "rmsd_l_b": 2.958,
            "rmsd_u_b": 5.853
          }
        ]
      },
      {
        "run": 20,
        "seed": 518322,
        "average": {
          "affinity": -5.333,
          "rmsd_l_b": 5.006,
          "rmsd_u_b": 7.358
        },
        "modes": [
          {
            "mode": 1,
            "affinity": -5.5,
            "rmsd_l_b": 0.0,
            "rmsd_u_b": 0.0
          },
          {
            "mode": 2,
            "affinity": -5.5,
            "rmsd_l_b": 7.277,
            "rmsd_u_b": 9.554
          },
          {
            "mode": 3,
            "affinity": -5.4,
            "rmsd_l_b": 7.182,
            "rmsd_u_b": 9.475
          },
          {
            "mode": 4,
            "affinity": -5.4,
            "rmsd_l_b": 6.321,
            "rmsd_u_b": 8.606
          },
          {
            "mode": 5,
            "affinity": -5.3,
            "rmsd_l_b": 6.055,
            "rmsd_u_b": 9.087
          },
          {
            "mode": 6,
            "affinity": -5.3,
            "rmsd_l_b": 2.928,
            "rmsd_u_b": 4.316
          },
          {
            "mode": 7,
            "affinity": -5.2,
            "rmsd_l_b": 5.718,
            "rmsd_u_b": 9.217
          },
          {
            "mode": 8,
            "affinity": -5.2,
            "rmsd_l_b": 5.921,
            "rmsd_u_b": 9.548
          },
          {
            "mode": 9,
            "affinity": -5.2,
            "rmsd_l_b": 3.654,
            "rmsd_u_b": 6.415
          }
        ]
      }
    ]
  }
}