{
  "rmsd": 3.688,
  "rmsd_method": "C-alpha coordinates",
  "rmsd_tool": "BioPython",
  "docking": {
    "average_affinity": -5.163,
    "runs": [
      {
        "run": 1,
        "seed": 374581,
        "average": {
          "affinity": -5.122,
          "rmsd_l_b": 5.253,
          "rmsd_u_b": 8.107
        },
        "modes": [
          {
            "mode": 1,
            "affinity": -5.5,
            "rmsd_l_b": 0.0,
            "rmsd_u_b": 0.0
          },
          {
            "mode": 2,
            "affinity": -5.2,
            "rmsd_l_b": 2.939,
            "rmsd_u_b": 5.719
          },
          {
            "mode": 3,
            "affinity": -5.2,
            "rmsd_l_b": 3.094,
            "rmsd_u_b": 7.884
          },
          {
            "mode": 4,
            "affinity": -5.1,
            "rmsd_l_b": 10.501,
            "rmsd_u_b": 13.623
          },
          {
            "mode": 5,
            "affinity": -5.1,
            "rmsd_l_b": 3.702,
            "rmsd_u_b": 6.73
          },
          {
            "mode": 6,
            "affinity": -5.0,
            "rmsd_l_b": 9.983,
            "rmsd_u_b": 12.294
          },
          {
            "mode": 7,
            "affinity": -5.0,
            "rmsd_l_b": 9.783,
            "rmsd_u_b": 12.059
          },
          {
            "mode": 8,
            "affinity": -5.0,
            "rmsd_l_b": 3.665,
            "rmsd_u_b": 7.401
          },
          {
            "mode": 9,
            "affinity": -5.0,
            "rmsd_l_b": 3.613,
            "rmsd_u_b": 7.253
          }
        ]
      },
      {
        "run": 2,
        "seed": 161735,
        "average": {
          "affinity": -5.156,
          "rmsd_l_b": 3.44,
          "rmsd_u_b": 6.25
        },
        "modes": [
          {
            "mode": 1,
            "affinity": -5.4,
            "rmsd_l_b": 0.0,
            "rmsd_u_b": 0.0
          },
          {
            "mode": 2,
            "affinity": -5.2,
            "rmsd_l_b": 3.111,
            "rmsd_u_b": 7.937
          },
          {
            "mode": 3,
            "affinity": -5.2,
            "rmsd_l_b": 3.035,
            "rmsd_u_b": 6.102
          },
          {
            "mode": 4,
            "affinity": -5.1,
            "rmsd_l_b": 3.691,
            "rmsd_u_b": 7.402
          },
          {
            "mode": 5,
            "affinity": -5.1,
            "rmsd_l_b": 10.528,
            "rmsd_u_b": 13.649
          },
          {
            "mode": 6,
            "affinity": -5.1,
            "rmsd_l_b": 2.624,
            "rmsd_u_b": 4.366
          },
          {
            "mode": 7,
            "affinity": -5.1,
            "rmsd_l_b": 3.603,
            "rmsd_u_b": 6.706
          },
          {
            "mode": 8,
            "affinity": -5.1,
            "rmsd_l_b": 2.871,
            "rmsd_u_b": 7.472
          },
          {
            "mode": 9,
            "affinity": -5.1,
            "rmsd_l_b": 1.493,
            "rmsd_u_b": 2.612
          }
        ]
      },
      {
        "run": 3,
        "seed": 708447,
        "average": {
          "affinity": -5.233,
          "rmsd_l_b": 4.5,
          "rmsd_u_b": 7.06
        },
        "modes": [
          {
            "mode": 1,
            "affinity": -5.4,
            "rmsd_l_b": 0.0,
            "rmsd_u_b": 0.0
          },
          {
            "mode": 2,
            "affinity": -5.3,
            "rmsd_l_b": 3.667,
            "rmsd_u_b": 6.732
          },
          {
            "mode": 3,
            "affinity": -5.3,
            "rmsd_l_b": 3.303,
            "rmsd_u_b": 7.8
          },
          {
            "mode": 4,
            "affinity": -5.2,
            "rmsd_l_b": 3.407,
            "rmsd_u_b": 5.45
          },
          {
            "mode": 5,
            "affinity": -5.2,
            "rmsd_l_b": 10.172,
            "rmsd_u_b": 11.803
          },
          {
            "mode": 6,
            "affinity": -5.2,
            "rmsd_l_b": 3.123,
            "rmsd_u_b": 5.571
          },
          {
            "mode": 7,
            "affinity": -5.2,
            "rmsd_l_b": 10.275,
            "rmsd_u_b": 12.503
          },
          {
            "mode": 8,
            "affinity": -5.2,
            "rmsd_l_b": 3.187,
            "rmsd_u_b": 7.998
          },
          {
            "mode": 9,
            "affinity": -5.1,
            "rmsd_l_b": 3.362,
            "rmsd_u_b": 5.681
          }
        ]
      },
      {
        "run": 4,
        "seed": 827328,
        "average": {
          "affinity": -5.167,
          "rmsd_l_b": 4.385,
          "rmsd_u_b": 7.13
        },
        "modes": [
          {
            "mode": 1,
            "affinity": -5.5,
            "rmsd_l_b": 0.0,
            "rmsd_u_b": 0.0
          },
          {
            "mode": 2,
            "affinity": -5.2,
            "rmsd_l_b": 3.099,
            "rmsd_u_b": 7.895
          },
          {
            "mode": 3,
            "affinity": -5.2,
            "rmsd_l_b": 2.976,
            "rmsd_u_b": 5.727
          },
          {
            "mode": 4,
            "affinity": -5.1,
            "rmsd_l_b": 10.502,
            "rmsd_u_b": 13.633
          },
          {
            "mode": 5,
            "affinity": -5.1,
            "rmsd_l_b": 2.003,
            "rmsd_u_b": 3.285
          },
          {
            "mode": 6,
            "affinity": -5.1,
            "rmsd_l_b": 3.705,
            "rmsd_u_b": 7.399
          },
          {
            "mode": 7,
            "affinity": -5.1,
            "rmsd_l_b": 3.649,
            "rmsd_u_b": 6.668
          },
          {
            "mode": 8,
            "affinity": -5.1,
            "rmsd_l_b": 10.443,
            "rmsd_u_b": 13.363
          },
          {
            "mode": 9,
            "affinity": -5.1,
            "rmsd_l_b": 3.088,
            "rmsd_u_b": 6.197
          }
        ]
      },
      {
        "run": 5,
        "seed": 212565,
        "average": {
          "affinity": -5.167,
          "rmsd_l_b": 4.543,
          "rmsd_u_b": 7.438
        },
        "modes": [
          {
            "mode": 1,
            "affinity": -5.4,
            "rmsd_l_b": 0.0,
            "rmsd_u_b": 0.0
          },
          {
            "mode": 2,
            "affinity": -5.2,
            "rmsd_l_b": 3.13,
            "rmsd_u_b": 8.002
          },
          {
            "mode": 3,
            "affinity": -5.2,
            "rmsd_l_b": 3.046,
            "rmsd_u_b": 6.193
          },
          {
            "mode": 4,
            "affinity": -5.2,
            "rmsd_l_b": 10.535,
            "rmsd_u_b": 13.657
          },
          {
            "mode": 5,
            "affinity": -5.2,
            "rmsd_l_b": 3.712,
            "rmsd_u_b": 6.789
          },
          {
            "mode": 6,
            "affinity": -5.1,
            "rmsd_l_b": 10.355,
            "rmsd_u_b": 13.359
          },
          {
            "mode": 7,
            "affinity": -5.1,
            "rmsd_l_b": 3.76,
            "rmsd_u_b": 7.518
          },
          {
            "mode": 8,
            "affinity": -5.1,
            "rmsd_l_b": 3.382,
            "rmsd_u_b": 5.328
          },
          {
            "mode": 9,
            "affinity": -5.0,
            "rmsd_l_b": 2.97,
            "rmsd_u_b": 6.093
          }
        ]
      },
      {
        "run": 6,
        "seed": 891020,
        "average": {
          "affinity": -5.189,
          "rmsd_l_b": 5.157,
          "rmsd_u_b": 7.865
        },
        "modes": [
          {
            "mode": 1,
            "affinity": -5.5,
            "rmsd_l_b": 0.0,
            "rmsd_u_b": 0.0
          },
          {
            "mode": 2,
            "affinity": -5.2,
            "rmsd_l_b": 3.079,
            "rmsd_u_b": 7.895
          },
          {
            "mode": 3,
            "affinity": -5.2,
            "rmsd_l_b": 3.015,
            "rmsd_u_b": 6.052
          },
          {
            "mode": 4,
            "affinity": -5.2,
            "rmsd_l_b": 3.711,
            "rmsd_u_b": 7.44
          },
          {
            "mode": 5,
            "affinity": -5.2,
            "rmsd_l_b": 2.174,
            "rmsd_u_b": 3.448
          },
          {
            "mode": 6,
            "affinity": -5.1,
            "rmsd_l_b": 3.507,
            "rmsd_u_b": 6.618
          },
          {
            "mode": 7,
            "affinity": -5.1,
            "rmsd_l_b": 10.5,
            "rmsd_u_b": 13.648
          },
          {
            "mode": 8,
            "affinity": -5.1,
            "rmsd_l_b": 9.996,
            "rmsd_u_b": 12.316
          },
          {
            "mode": 9,
            "affinity": -5.1,
            "rmsd_l_b": 10.431,
            "rmsd_u_b": 13.37
          }
        ]
      },
      {
        "run": 7,
        "seed": 339519,
        "average": {
          "affinity": -5.078,
          "rmsd_l_b": 5.124,
          "rmsd_u_b": 7.683
        },
        "modes": [
          {
            "mode": 1,
            "affinity": -5.4,
            "rmsd_l_b": 0.0,
            "rmsd_u_b": 0.0
          },
          {
            "mode": 2,
            "affinity": -5.1,
            "rmsd_l_b": 3.127,
            "rmsd_u_b": 7.892
          },
          {
            "mode": 3,
            "affinity": -5.1,
            "rmsd_l_b": 10.563,
            "rmsd_u_b": 13.653
          },
          {
            "mode": 4,
            "affinity": -5.1,
            "rmsd_l_b": 1.367,
            "rmsd_u_b": 2.638
          },
          {
            "mode": 5,
            "affinity": -5.1,
            "rmsd_l_b": 3.664,
            "rmsd_u_b": 6.667
          },
          {
            "mode": 6,
            "affinity": -5.0,
            "rmsd_l_b": 10.015,
            "rmsd_u_b": 12.29
          },
          {
            "mode": 7,
            "affinity": -5.0,
            "rmsd_l_b": 3.629,
            "rmsd_u_b": 7.336
          },
          {
            "mode": 8,
            "affinity": -5.0,
            "rmsd_l_b": 3.283,
            "rmsd_u_b": 5.264
          },
          {
            "mode": 9,
            "affinity": -4.9,
            "rmsd_l_b": 10.464,
            "rmsd_u_b": 13.408
          }
        ]
      },
      {
        "run": 8,
        "seed": 160507,
        "average": {
          "affinity": -5.144,
          "rmsd_l_b": 4.118,
          "rmsd_u_b": 6.503
        },
        "modes": [
          {
            "mode": 1,
            "affinity": -5.5,
            "rmsd_l_b": 0.0,
            "rmsd_u_b": 0.0
          },
          {
            "mode": 2,
            "affinity": -5.2,
            "rmsd_l_b": 3.094,
            "rmsd_u_b": 7.922
          },
          {
            "mode": 3,
            "affinity": -5.2,
            "rmsd_l_b": 3.653,
            "rmsd_u_b": 7.354
          },
          {
            "mode": 4,
            "affinity": -5.1,
            "rmsd_l_b": 3.044,
            "rmsd_u_b": 6.156
          },
          {
            "mode": 5,
            "affinity": -5.1,
            "rmsd_l_b": 10.486,
            "rmsd_u_b": 13.646
          },
          {
            "mode": 6,
            "affinity": -5.1,
            "rmsd_l_b": 1.537,
            "rmsd_u_b": 2.719
          },
          {
            "mode": 7,
            "affinity": -5.1,
            "rmsd_l_b": 2.174,
            "rmsd_u_b": 3.491
          },
          {
            "mode": 8,
            "affinity": -5.0,
            "rmsd_l_b": 3.287,
            "rmsd_u_b": 5.167
          },
          {
            "mode": 9,
            "affinity": -5.0,
            "rmsd_l_b": 9.787,
            "rmsd_u_b": 12.073
          }
        ]
      },
      {
        "run": 9,
        "seed": 574524,
        "average": {
          "affinity": -5.167,
          "rmsd_l_b": 4.448,
          "rmsd_u_b": 7.178
        },
        "modes": [
          {
            "mode": 1,
            "affinity": -5.5,
            "rmsd_l_b": 0.0,
            "rmsd_u_b": 0.0
          },
          {
            "mode": 2,
            "affinity": -5.2,
            "rmsd_l_b": 3.117,
            "rmsd_u_b": 7.919
          },
          {
            "mode": 3,
            "affinity": -5.2,
            "rmsd_l_b": 2.958,
            "rmsd_u_b": 5.7
          },
          {
            "mode": 4,
            "affinity": -5.1,
            "rmsd_l_b": 3.708,
            "rmsd_u_b": 7.392
          },
          {
            "mode": 5,
            "affinity": -5.1,
            "rmsd_l_b": 3.743,
            "rmsd_u_b": 6.761
          },
          {
            "mode": 6,
            "affinity": -5.1,
            "rmsd_l_b": 2.013,
            "rmsd_u_b": 3.253
          },
          {
            "mode": 7,
            "affinity": -5.1,
            "rmsd_l_b": 10.471,
            "rmsd_u_b": 13.636
          },
          {
            "mode": 8,
            "affinity": -5.1,
            "rmsd_l_b": 3.644,
            "rmsd_u_b": 6.658
          },
          {
            "mode": 9,
            "affinity": -5.1,
            "rmsd_l_b": 10.38,
            "rmsd_u_b": 13.285
          }
        ]
      },
      {
        "run": 10,
        "seed": 607133,
        "average": {
          "affinity": -5.189,
          "rmsd_l_b": 4.53,
          "rmsd_u_b": 7.095
        },
        "modes": [
          {
            "mode": 1,
            "affinity": -5.3,
            "rmsd_l_b": 0.0,
            "rmsd_u_b": 0.0
          },
          {
            "mode": 2,
            "affinity": -5.2,
            "rmsd_l_b": 3.627,
            "rmsd_u_b": 6.363
          },
          {
            "mode": 3,
            "affinity": -5.2,
            "rmsd_l_b": 3.088,
            "rmsd_u_b": 7.913
          },
          {
            "mode": 4,
            "affinity": -5.2,
            "rmsd_l_b": 3.221,
            "rmsd_u_b": 5.96
          },
          {
            "mode": 5,
            "affinity": -5.2,
            "rmsd_l_b": 3.656,
            "rmsd_u_b": 6.712
          },
          {
            "mode": 6,
            "affinity": -5.2,
            "rmsd_l_b": 3.413,
            "rmsd_u_b": 5.495
          },
          {
            "mode": 7,
            "affinity": -5.2,
            "rmsd_l_b": 10.239,
            "rmsd_u_b": 11.825
          },
          {
            "mode": 8,
            "affinity": -5.1,
            "rmsd_l_b": 10.38,
            "rmsd_u_b": 11.77
          },
          {
            "mode": 9,
            "affinity": -5.1,
            "rmsd_l_b": 3.143,
            "rmsd_u_b": 7.814
          }
        ]
      },
      {
        "run": 11,
        "seed": 150896,
        "average": {
          "affinity": -5.156,
          "rmsd_l_b": 4.224,
          "rmsd_u_b": 6.803
        },
        "modes": [
          {
            "mode": 1,
            "affinity": -5.4,
            "rmsd_l_b": 0.0,
            "rmsd_u_b": 0.0
          },
          {
            "mode": 2,
            "affinity": -5.2,
            "rmsd_l_b": 3.119,
            "rmsd_u_b": 7.949
          },
          {
            "mode": 3,
            "affinity": -5.2,
            "rmsd_l_b": 3.012,
            "rmsd_u_b": 6.142
          },
          {
            "mode": 4,
            "affinity": -5.2,
            "rmsd_l_b": 3.69,
            "rmsd_u_b": 6.751
          },
          {
            "mode": 5,
            "affinity": -5.1,
            "rmsd_l_b": 2.502,
            "rmsd_u_b": 4.189
          },
          {
            "mode": 6,
            "affinity": -5.1,
            "rmsd_l_b": 1.377,
            "rmsd_u_b": 2.611
          },
          {
            "mode": 7,
            "affinity": -5.1,
            "rmsd_l_b": 10.532,
            "rmsd_u_b": 13.666
          },
          {
            "mode": 8,
            "affinity": -5.1,
            "rmsd_l_b": 3.738,
            "rmsd_u_b": 7.564
          },
          {
            "mode": 9,
            "affinity": -5.0,
            "rmsd_l_b": 10.047,
            "rmsd_u_b": 12.352
          }
        ]
      },
      {
        "run": 12,
        "seed": 567893,
        "average": {
          "affinity": -5.211,
          "rmsd_l_b": 5.287,
          "rmsd_u_b": 7.606
        },
        "modes": [
          {
            "mode": 1,
            "affinity": -5.3,
            "rmsd_l_b": 0.0,
            "rmsd_u_b": 0.0
          },
          {
            "mode": 2,
            "affinity": -5.3,
            "rmsd_l_b": 3.228,
            "rmsd_u_b": 7.974
          },
          {
            "mode": 3,
            "affinity": -5.2,
            "rmsd_l_b": 10.192,
            "rmsd_u_b": 11.83
          },
          {
            "mode": 4,
            "affinity": -5.2,
            "rmsd_l_b": 10.382,
            "rmsd_u_b": 11.749
          },
          {
            "mode": 5,
            "affinity": -5.2,
            "rmsd_l_b": 3.221,
            "rmsd_u_b": 5.908
          },
          {
            "mode": 6,
            "affinity": -5.2,
            "rmsd_l_b": 3.413,
            "rmsd_u_b": 6.135
          },
          {
            "mode": 7,
            "affinity": -5.2,
            "rmsd_l_b": 3.375,
            "rmsd_u_b": 5.378
          },
          {
            "mode": 8,
            "affinity": -5.2,
            "rmsd_l_b": 10.287,
            "rmsd_u_b": 12.54
          },
          {
            "mode": 9,
            "affinity": -5.1,
            "rmsd_l_b": 3.489,
            "rmsd_u_b": 6.937
          }
        ]
      },
      {
        "run": 13,
        "seed": 821150,
        "average": {
          "affinity": -5.156,
          "rmsd_l_b": 4.297,
          "rmsd_u_b": 6.96
        },
        "modes": [
          {
            "mode": 1,
            "affinity": -5.5,
            "rmsd_l_b": 0.0,
            "rmsd_u_b": 0.0
          },
          {
            "mode": 2,
            "affinity": -5.2,
            "rmsd_l_b": 3.097,
            "rmsd_u_b": 7.899
          },
          {
            "mode": 3,
            "affinity": -5.1,
            "rmsd_l_b": 2.981,
            "rmsd_u_b": 5.76
          },
          {
            "mode": 4,
            "affinity": -5.1,
            "rmsd_l_b": 3.024,
            "rmsd_u_b": 6.097
          },
          {
            "mode": 5,
            "affinity": -5.1,
            "rmsd_l_b": 3.647,
            "rmsd_u_b": 7.308
          },
          {
            "mode": 6,
            "affinity": -5.1,
            "rmsd_l_b": 4.011,
            "rmsd_u_b": 6.973
          },
          {
            "mode": 7,
            "affinity": -5.1,
            "rmsd_l_b": 10.514,
            "rmsd_u_b": 13.66
          },
          {
            "mode": 8,
            "affinity": -5.1,
            "rmsd_l_b": 1.424,
            "rmsd_u_b": 2.648
          },
          {
            "mode": 9,
            "affinity": -5.1,
            "rmsd_l_b": 9.978,
            "rmsd_u_b": 12.292
          }
        ]
      },
      {
        "run": 14,
        "seed": 881098,
        "average": {
          "affinity": -5.156,
          "rmsd_l_b": 4.213,
          "rmsd_u_b": 6.796
        },
        "modes": [
          {
            "mode": 1,
            "affinity": -5.5,
            "rmsd_l_b": 0.0,
            "rmsd_u_b": 0.0
          },
          {
            "mode": 2,
            "affinity": -5.2,
            "rmsd_l_b": 3.133,
            "rmsd_u_b": 8.003
          },
          {
            "mode": 3,
            "affinity": -5.1,
            "rmsd_l_b": 10.503,
            "rmsd_u_b": 13.627
          },
          {
            "mode": 4,
            "affinity": -5.1,
            "rmsd_l_b": 2.15,
            "rmsd_u_b": 3.439
          },
          {
            "mode": 5,
            "affinity": -5.1,
            "rmsd_l_b": 3.679,
            "rmsd_u_b": 7.435
          },
          {
            "mode": 6,
            "affinity": -5.1,
            "rmsd_l_b": 10.366,
            "rmsd_u_b": 13.29
          },
          {
            "mode": 7,
            "affinity": -5.1,
            "rmsd_l_b": 3.519,
            "rmsd_u_b": 6.624
          },
          {
            "mode": 8,
            "affinity": -5.1,
            "rmsd_l_b": 3.038,
            "rmsd_u_b": 6.036
          },
          {
            "mode": 9,
            "affinity": -5.1,
            "rmsd_l_b": 1.528,
            "rmsd_u_b": 2.706
          }
        ]
      },
      {
        "run": 15,
        "seed": 724804,
        "average": {
          "affinity": -5.133,
          "rmsd_l_b": 3.681,
          "rmsd_u_b": 6.443
        },
        "modes": [
          {
            "mode": 1,
            "affinity": -5.5,
            "rmsd_l_b": 0.0,
            "rmsd_u_b": 0.0
          },
          {
            "mode": 2,
            "affinity": -5.2,
            "rmsd_l_b": 3.105,
            "rmsd_u_b": 7.929
          },
          {
            "mode": 3,
            "affinity": -5.2,
            "rmsd_l_b": 3.026,
            "rmsd_u_b": 6.102
          },
          {
            "mode": 4,
            "affinity": -5.1,
            "rmsd_l_b": 3.666,
            "rmsd_u_b": 6.685
          },
          {
            "mode": 5,
            "affinity": -5.1,
            "rmsd_l_b": 1.388,
            "rmsd_u_b": 2.572
          },
          {
            "mode": 6,
            "affinity": -5.1,
            "rmsd_l_b": 10.515,
            "rmsd_u_b": 13.652
          },
          {
            "mode": 7,
            "affinity": -5.0,
            "rmsd_l_b": 4.432,
            "rmsd_u_b": 8.326
          },
          {
            "mode": 8,
            "affinity": -5.0,
            "rmsd_l_b": 3.677,
            "rmsd_u_b": 7.432
          },
          {
            "mode": 9,
            "affinity": -5.0,
            "rmsd_l_b": 3.322,
            "rmsd_u_b": 5.292
          }
        ]
      },
      {
        "run": 16,
        "seed": 299191,
        "average": {
          "affinity": -5.2,
          "rmsd_l_b": 5.103,
          "rmsd_u_b": 7.676
        },
        "modes": [
          {
            "mode": 1,
            "affinity": -5.5,
            "rmsd_l_b": 0.0,
            "rmsd_u_b": 0.0
          },
          {
            "mode": 2,
            "affinity": -5.2,
            "rmsd_l_b": 3.097,
            "rmsd_u_b": 7.928
          },
          {
            "mode": 3,
            "affinity": -5.2,
            "rmsd_l_b": 3.689,
            "rmsd_u_b": 7.399
          },
          {
            "mode": 4,
            "affinity": -5.2,
            "rmsd_l_b": 10.495,
            "rmsd_u_b": 13.663
          },
          {
            "mode": 5,
            "affinity": -5.2,
            "rmsd_l_b": 10.394,
            "rmsd_u_b": 13.347
          },
          {
            "mode": 6,
            "affinity": -5.2,
            "rmsd_l_b": 9.965,
            "rmsd_u_b": 12.265
          },
          {
            "mode": 7,
            "affinity": -5.1,
            "rmsd_l_b": 3.554,
            "rmsd_u_b": 6.657
          },
          {
            "mode": 8,
            "affinity": -5.1,
            "rmsd_l_b": 3.295,
            "rmsd_u_b": 5.178
          },
          {
            "mode": 9,
            "affinity": -5.1,
            "rmsd_l_b": 1.438,
            "rmsd_u_b": 2.647
          }
        ]
      },
      {
        "run": 17,
        "seed": 628519,
        "average": {
          "affinity": -5.2,
          "rmsd_l_b": 4.553,
          "rmsd_u_b": 7.089
        },
        "modes": [
          {
            "mode": 1,
            "affinity": -5.3,
            "rmsd_l_b": 0.0,
            "rmsd_u_b": 0.0
          },
          {
            "mode": 2,
            "affinity": -5.2,
            "rmsd_l_b": 3.27,
            "rmsd_u_b": 8.067
          },
          {
            "mode": 3,
            "affinity": -5.2,
            "rmsd_l_b": 3.631,
            "rmsd_u_b": 6.707
          },
          {
            "mode": 4,
            "affinity": -5.2,
            "rmsd_l_b": 10.218,
            "rmsd_u_b": 11.84
          },
          {
            "mode": 5,
            "affinity": -5.2,
            "rmsd_l_b": 3.307,
            "rmsd_u_b": 7.785
          },
          {
            "mode": 6,
            "affinity": -5.2,
            "rmsd_l_b": 3.218,
            "rmsd_u_b": 5.956
          },
          {
            "mode": 7,
            "affinity": -5.2,
            "rmsd_l_b": 10.375,
            "rmsd_u_b": 11.77
          },
          {
            "mode": 8,
            "affinity": -5.2,
            "rmsd_l_b": 3.381,
            "rmsd_u_b": 5.335
          },
          {
            "mode": 9,
            "affinity": -5.1,
            "rmsd_l_b": 3.578,
            "rmsd_u_b": 6.341
          }
        ]
      },
      {
        "run": 18,
        "seed": 800460,
        "average": {
          "affinity": -5.122,
          "rmsd_l_b": 4.157,
          "rmsd_u_b": 6.921
        },
        "modes": [
          {
            "mode": 1,
            "affinity": -5.5,
            "rmsd_l_b": 0.0,
            "rmsd_u_b": 0.0
          },
          {
            "mode": 2,
            "affinity": -5.2,
            "rmsd_l_b": 3.094,
            "rmsd_u_b": 7.901
          },
          {
            "mode": 3,
            "affinity": -5.1,
            "rmsd_l_b": 10.506,
            "rmsd_u_b": 13.62
          },
          {
            "mode": 4,
            "affinity": -5.1,
            "rmsd_l_b": 2.972,
            "rmsd_u_b": 5.743
          },
          {
            "mode": 5,
            "affinity": -5.1,
            "rmsd_l_b": 3.01,
            "rmsd_u_b": 6.072
          },
          {
            "mode": 6,
            "affinity": -5.1,
            "rmsd_l_b": 3.52,
            "rmsd_u_b": 6.62
          },
          {
            "mode": 7,
            "affinity": -5.0,
            "rmsd_l_b": 10.003,
            "rmsd_u_b": 12.298
          },
          {
            "mode": 8,
            "affinity": -5.0,
            "rmsd_l_b": 1.415,
            "rmsd_u_b": 2.59
          },
          {
            "mode": 9,
            "affinity": -5.0,
            "rmsd_l_b": 2.897,
            "rmsd_u_b": 7.441
          }
        ]
      },
      {
        "run": 19,
        "seed": 850564,
        "average": {
          "affinity": -5.167,
          "rmsd_l_b": 4.151,
          "rmsd_u_b": 6.762
        },
        "modes": [
          {
            "mode": 1,
            "affinity": -5.4,
            "rmsd_l_b": 0.0,
            "rmsd_u_b": 0.0
          },
          {
            "mode": 2,
            "affinity": -5.3,
            "rmsd_l_b": 3.113,
            "rmsd_u_b": 8.002
          },
          {
            "mode": 3,
            "affinity": -5.2,
            "rmsd_l_b": 3.064,
            "rmsd_u_b": 6.241
          },
          {
            "mode": 4,
            "affinity": -5.1,
            "rmsd_l_b": 2.08,
            "rmsd_u_b": 3.36
          },
          {
            "mode": 5,
            "affinity": -5.1,
            "rmsd_l_b": 3.55,
            "rmsd_u_b": 6.711
          },
          {
            "mode": 6,
            "affinity": -5.1,
            "rmsd_l_b": 1.423,
            "rmsd_u_b": 2.645
          },
          {
            "mode": 7,
            "affinity": -5.1,
            "rmsd_l_b": 10.531,
            "rmsd_u_b": 13.664
          },
          {
            "mode": 8,
            "affinity": -5.1,
            "rmsd_l_b": 3.62,
            "rmsd_u_b": 7.952
          },
          {
            "mode": 9,
            "affinity": -5.1,
            "rmsd_l_b": 9.982,
            "rmsd_u_b": 12.28
          }
        ]
      },
      {
        "run": 20,
        "seed": 442916,
        "average": {
          "affinity": -5.144,
          "rmsd_l_b": 4.418,
          "rmsd_u_b": 7.195
        },
        "modes": [
          {
            "mode": 1,
            "affinity": -5.5,
            "rmsd_l_b": 0.0,
            "rmsd_u_b": 0.0
          },
          {
            "mode": 2,
            "affinity": -5.2,
            "rmsd_l_b": 3.127,
            "rmsd_u_b": 7.925
          },
          {
            "mode": 3,
            "affinity": -5.1,
            "rmsd_l_b": 10.404,
            "rmsd_u_b": 13.313
          },
          {
            "mode": 4,
            "affinity": -5.1,
            "rmsd_l_b": 2.992,
            "rmsd_u_b": 6.005
          },
          {
            "mode": 5,
            "affinity": -5.1,
            "rmsd_l_b": 10.531,
            "rmsd_u_b": 13.647
          },
          {
            "mode": 6,
            "affinity": -5.1,
            "rmsd_l_b": 3.671,
            "rmsd_u_b": 7.408
          },
          {
            "mode": 7,
            "affinity": -5.1,
            "rmsd_l_b": 3.521,
            "rmsd_u_b": 6.626
          },
          {
            "mode": 8,
            "affinity": -5.1,
            "rmsd_l_b": 1.416,
            "rmsd_u_b": 2.61
          },
          {
            "mode": 9,
            "affinity": -5.0,
            "rmsd_l_b": 4.097,
            "rmsd_u_b": 7.225
          }
        ]
      }
    ]
  }
}