{
  "rmsd": 4.46,
  "rmsd_method": "C-alpha coordinates",
  "rmsd_tool": "BioPython",
  "docking": {
    "average_affinity": -4.698,
    "runs": [
      {
        "run": 1,
        "seed": 188766,
        "average": {
          "affinity": -4.822,
          "rmsd_l_b": 3.928,
          "rmsd_u_b": 6.056
        },
        "modes": [
          {
            "mode": 1,
            "affinity": -5.0,
            "rmsd_l_b": 0.0,
            "rmsd_u_b": 0.0
          },
          {
            "mode": 2,
            "affinity": -4.9,
            "rmsd_l_b": 1.392,
            "rmsd_u_b": 1.918
          },
          {
            "mode": 3,
            "affinity": -4.9,
            "rmsd_l_b": 2.036,
            "rmsd_u_b": 2.708
          },
          {
            "mode": 4,
            "affinity": -4.8,
            "rmsd_l_b": 8.777,
            "rmsd_u_b": 11.707
          },
          {
            "mode": 5,
            "affinity": -4.8,
            "rmsd_l_b": 1.601,
            "rmsd_u_b": 2.676
          },
          {
            "mode": 6,
            "affinity": -4.8,
            "rmsd_l_b": 3.679,
            "rmsd_u_b": 7.227
          },
          {
            "mode": 7,
            "affinity": -4.8,
            "rmsd_l_b": 9.612,
            "rmsd_u_b": 12.545
          },
          {
            "mode": 8,
            "affinity": -4.7,
            "rmsd_l_b": 4.026,
            "rmsd_u_b": 8.058
          },
          {
            "mode": 9,
            "affinity": -4.7,
            "rmsd_l_b": 4.232,
            "rmsd_u_b": 7.665
          }
        ]
      },
      {
        "run": 2,
        "seed": 583613,
        "average": {
          "affinity": -4.756,
          "rmsd_l_b": 6.164,
          "rmsd_u_b": 8.635
        },
        "modes": [
          {
            "mode": 1,
            "affinity": -5.1,
            "rmsd_l_b": 0.0,
            "rmsd_u_b": 0.0
          },
          {
            "mode": 2,
            "affinity": -5.0,
            "rmsd_l_b": 1.682,
            "rmsd_u_b": 2.153
          },
          {
            "mode": 3,
            "affinity": -4.8,
            "rmsd_l_b": 9.443,
            "rmsd_u_b": 12.893
          },
          {
            "mode": 4,
            "affinity": -4.8,
            "rmsd_l_b": 9.04,
            "rmsd_u_b": 12.082
          },
          {
            "mode": 5,
            "affinity": -4.7,
            "rmsd_l_b": 4.062,
            "rmsd_u_b": 8.161
          },
          {
            "mode": 6,
            "affinity": -4.6,
            "rmsd_l_b": 9.306,
            "rmsd_u_b": 10.656
          },
          {
            "mode": 7,
            "affinity": -4.6,
            "rmsd_l_b": 8.746,
            "rmsd_u_b": 11.956
          },
          {
            "mode": 8,
            "affinity": -4.6,
            "rmsd_l_b": 3.917,
            "rmsd_u_b": 7.948
          },
          {
            "mode": 9,
            "affinity": -4.6,
            "rmsd_l_b": 9.284,
            "rmsd_u_b": 11.862
          }
        ]
      },
      {
        "run": 3,
        "seed": 282549,
        "average": {
          "affinity": -4.644,
          "rmsd_l_b": 5.194,
          "rmsd_u_b": 7.615
        },
        "modes": [
          {
            "mode": 1,
            "affinity": -5.0,
            "rmsd_l_b": 0.0,
            "rmsd_u_b": 0.0
          },
          {
            "mode": 2,
            "affinity": -4.8,
            "rmsd_l_b": 1.409,
            "rmsd_u_b": 2.127
          },
          {
            "mode": 3,
            "affinity": -4.7,
            "rmsd_l_b": 9.706,
            "rmsd_u_b": 12.658
          },
          {
            "mode": 4,
            "affinity": -4.6,
            "rmsd_l_b": 8.645,
            "rmsd_u_b": 11.653
          },
          {
            "mode": 5,
            "affinity": -4.6,
            "rmsd_l_b": 2.17,
            "rmsd_u_b": 3.113
          },
          {
            "mode": 6,
            "affinity": -4.6,
            "rmsd_l_b": 10.032,
            "rmsd_u_b": 12.371
          },
          {
            "mode": 7,
            "affinity": -4.5,
            "rmsd_l_b": 4.076,
            "rmsd_u_b": 8.567
          },
          {
            "mode": 8,
            "affinity": -4.5,
            "rmsd_l_b": 4.053,
            "rmsd_u_b": 7.779
          },
          {
            "mode": 9,
            "affinity": -4.5,
            "rmsd_l_b": 6.655,
            "rmsd_u_b": 10.266
          }
        ]
      },
      {
        "run": 4,
        "seed": 2896,
        "average": {
          "affinity": -4.7,
          "rmsd_l_b": 4.67,
          "rmsd_u_b": 6.656
        },
        "modes": [
          {
            "mode": 1,
            "affinity": -5.0,
            "rmsd_l_b": 0.0,
            "rmsd_u_b": 0.0
          },
          {
            "mode": 2,
            "affinity": -4.8,
            "rmsd_l_b": 1.142,
            "rmsd_u_b": 1.745
          },
          {
            "mode": 3,
            "affinity": -4.7,
            "rmsd_l_b": 9.705,
            "rmsd_u_b": 12.667
          },
          {
            "mode": 4,
            "affinity": -4.7,
            "rmsd_l_b": 2.147,
            "rmsd_u_b": 2.692
          },
          {
            "mode": 5,
            "affinity": -4.7,
            "rmsd_l_b": 3.974,
            "rmsd_u_b": 7.822
          },
          {
            "mode": 6,
            "affinity": -4.6,
            "rmsd_l_b": 10.035,
            "rmsd_u_b": 12.3
          },
          {
            "mode": 7,
            "affinity": -4.6,
            "rmsd_l_b": 3.734,
            "rmsd_u_b": 7.56
          },
          {
            "mode": 8,
            "affinity": -4.6,
            "rmsd_l_b": 2.34,
            "rmsd_u_b": 3.287
          },
          {
            "mode": 9,
            "affinity": -4.6,
            "rmsd_l_b": 8.954,
            "rmsd_u_b": 11.831
          }
        ]
      },
      {
        "run": 5,
        "seed": 851784,
        "average": {
          "affinity": -4.722,
          "rmsd_l_b": 5.616,
          "rmsd_u_b": 8.258
        },
        "modes": [
          {
            "mode": 1,
            "affinity": -5.0,
            "rmsd_l_b": 0.0,
            "rmsd_u_b": 0.0
          },
          {
            "mode": 2,
            "affinity": -4.8,
            "rmsd_l_b": 3.95,
            "rmsd_u_b": 7.787
          },
          {
            "mode": 3,
            "affinity": -4.7,
            "rmsd_l_b": 3.963,
            "rmsd_u_b": 7.918
          },
          {
            "mode": 4,
            "affinity": -4.7,
            "rmsd_l_b": 9.146,
            "rmsd_u_b": 12.006
          },
          {
            "mode": 5,
            "affinity": -4.7,
            "rmsd_l_b": 9.362,
            "rmsd_u_b": 12.078
          },
          {
            "mode": 6,
            "affinity": -4.7,
            "rmsd_l_b": 1.762,
            "rmsd_u_b": 2.225
          },
          {
            "mode": 7,
            "affinity": -4.7,
            "rmsd_l_b": 4.047,
            "rmsd_u_b": 8.519
          },
          {
            "mode": 8,
            "affinity": -4.6,
            "rmsd_l_b": 9.386,
            "rmsd_u_b": 11.795
          },
          {
            "mode": 9,
            "affinity": -4.6,
            "rmsd_l_b": 8.924,
            "rmsd_u_b": 11.996
          }
        ]
      },
      {
        "run": 6,
        "seed": 278708,
        "average": {
          "affinity": -4.789,
          "rmsd_l_b": 4.188,
          "rmsd_u_b": 6.676
        },
        "modes": [
          {
            "mode": 1,
            "affinity": -5.0,
            "rmsd_l_b": 0.0,
            "rmsd_u_b": 0.0
          },
          {
            "mode": 2,
            "affinity": -5.0,
            "rmsd_l_b": 1.791,
            "rmsd_u_b": 2.48
          },
          {
            "mode": 3,
            "affinity": -5.0,
            "rmsd_l_b": 4.263,
            "rmsd_u_b": 7.946
          },
          {
            "mode": 4,
            "affinity": -4.8,
            "rmsd_l_b": 9.439,
            "rmsd_u_b": 12.907
          },
          {
            "mode": 5,
            "affinity": -4.7,
            "rmsd_l_b": 4.236,
            "rmsd_u_b": 8.021
          },
          {
            "mode": 6,
            "affinity": -4.7,
            "rmsd_l_b": 1.923,
            "rmsd_u_b": 3.541
          },
          {
            "mode": 7,
            "affinity": -4.7,
            "rmsd_l_b": 9.584,
            "rmsd_u_b": 12.399
          },
          {
            "mode": 8,
            "affinity": -4.6,
            "rmsd_l_b": 2.54,
            "rmsd_u_b": 4.882
          },
          {
            "mode": 9,
            "affinity": -4.6,
            "rmsd_l_b": 3.914,
            "rmsd_u_b": 7.909
          }
        ]
      },
      {
        "run": 7,
        "seed": 189399,
        "average": {
          "affinity": -4.722,
          "rmsd_l_b": 5.458,
          "rmsd_u_b": 7.616
        },
        "modes": [
          {
            "mode": 1,
            "affinity": -5.0,
            "rmsd_l_b": 0.0,
            "rmsd_u_b": 0.0
          },
          {
            "mode": 2,
            "affinity": -4.9,
            "rmsd_l_b": 9.566,
            "rmsd_u_b": 11.809
          },
          {
            "mode": 3,
            "affinity": -4.9,
            "rmsd_l_b": 9.286,
            "rmsd_u_b": 11.987
          },
          {
            "mode": 4,
            "affinity": -4.8,
            "rmsd_l_b": 1.675,
            "rmsd_u_b": 2.108
          },
          {
            "mode": 5,
            "affinity": -4.7,
            "rmsd_l_b": 9.698,
            "rmsd_u_b": 12.699
          },
          {
            "mode": 6,
            "affinity": -4.6,
            "rmsd_l_b": 9.628,
            "rmsd_u_b": 12.358
          },
          {
            "mode": 7,
            "affinity": -4.6,
            "rmsd_l_b": 3.98,
            "rmsd_u_b": 7.879
          },
          {
            "mode": 8,
            "affinity": -4.5,
            "rmsd_l_b": 3.884,
            "rmsd_u_b": 7.495
          },
          {
            "mode": 9,
            "affinity": -4.5,
            "rmsd_l_b": 1.407,
            "rmsd_u_b": 2.209
          }
        ]
      },
      {
        "run": 8,
        "seed": 109068,
        "average": {
          "affinity": -4.678,
          "rmsd_l_b": 4.866,
          "rmsd_u_b": 7.304
        },
        "modes": [
          {
            "mode": 1,
            "affinity": -5.0,
            "rmsd_l_b": 0.0,
            "rmsd_u_b": 0.0
          },
          {
            "mode": 2,
            "affinity": -4.7,
            "rmsd_l_b": 1.668,
            "rmsd_u_b": 2.126
          },
          {
            "mode": 3,
            "affinity": -4.7,
            "rmsd_l_b": 4.002,
            "rmsd_u_b": 8.117
          },
          {
            "mode": 4,
            "affinity": -4.7,
            "rmsd_l_b": 8.541,
            "rmsd_u_b": 11.571
          },
          {
            "mode": 5,
            "affinity": -4.6,
            "rmsd_l_b": 3.732,
            "rmsd_u_b": 7.718
          },
          {
            "mode": 6,
            "affinity": -4.6,
            "rmsd_l_b": 2.583,
            "rmsd_u_b": 4.181
          },
          {
            "mode": 7,
            "affinity": -4.6,
            "rmsd_l_b": 9.546,
            "rmsd_u_b": 11.796
          },
          {
            "mode": 8,
            "affinity": -4.6,
            "rmsd_l_b": 9.746,
            "rmsd_u_b": 12.681
          },
          {
            "mode": 9,
            "affinity": -4.6,
            "rmsd_l_b": 3.979,
            "rmsd_u_b": 7.542
          }
        ]
      },
      {
        "run": 9,
        "seed": 119083,
        "average": {
          "affinity": -4.778,
          "rmsd_l_b": 3.512,
          "rmsd_u_b": 5.082
        },
        "modes": [
          {
            "mode": 1,
            "affinity": -5.1,
            "rmsd_l_b": 0.0,
            "rmsd_u_b": 0.0
          },
          {
            "mode": 2,
            "affinity": -5.1,
            "rmsd_l_b": 1.672,
            "rmsd_u_b": 2.119
          },
          {
            "mode": 3,
            "affinity": -4.8,
            "rmsd_l_b": 1.357,
            "rmsd_u_b": 1.869
          },
          {
            "mode": 4,
            "affinity": -4.7,
            "rmsd_l_b": 2.137,
            "rmsd_u_b": 3.548
          },
          {
            "mode": 5,
            "affinity": -4.7,
            "rmsd_l_b": 2.068,
            "rmsd_u_b": 3.259
          },
          {
            "mode": 6,
            "affinity": -4.7,
            "rmsd_l_b": 8.609,
            "rmsd_u_b": 11.598
          },
          {
            "mode": 7,
            "affinity": -4.7,
            "rmsd_l_b": 3.773,
            "rmsd_u_b": 7.571
          },
          {
            "mode": 8,
            "affinity": -4.6,
            "rmsd_l_b": 10.108,
            "rmsd_u_b": 12.747
          },
          {
            "mode": 9,
            "affinity": -4.6,
            "rmsd_l_b": 1.886,
            "rmsd_u_b": 3.024
          }
        ]
      },
      {
        "run": 10,
        "seed": 728197,
        "average": {
          "affinity": -4.756,
          "rmsd_l_b": 4.008,
          "rmsd_u_b": 6.079
        },
        "modes": [
          {
            "mode": 1,
            "affinity": -5.0,
            "rmsd_l_b": 0.0,
            "rmsd_u_b": 0.0
          },
          {
            "mode": 2,
            "affinity": -5.0,
            "rmsd_l_b": 1.635,
            "rmsd_u_b": 2.105
          },
          {
            "mode": 3,
            "affinity": -4.8,
            "rmsd_l_b": 9.691,
            "rmsd_u_b": 12.63
          },
          {
            "mode": 4,
            "affinity": -4.8,
            "rmsd_l_b": 1.158,
            "rmsd_u_b": 1.498
          },
          {
            "mode": 5,
            "affinity": -4.7,
            "rmsd_l_b": 3.798,
            "rmsd_u_b": 7.85
          },
          {
            "mode": 6,
            "affinity": -4.7,
            "rmsd_l_b": 3.775,
            "rmsd_u_b": 7.478
          },
          {
            "mode": 7,
            "affinity": -4.6,
            "rmsd_l_b": 2.012,
            "rmsd_u_b": 3.173
          },
          {
            "mode": 8,
            "affinity": -4.6,
            "rmsd_l_b": 10.134,
            "rmsd_u_b": 12.192
          },
          {
            "mode": 9,
            "affinity": -4.6,
            "rmsd_l_b": 3.866,
            "rmsd_u_b": 7.786
          }
        ]
      },
      {
        "run": 11,
        "seed": 540818,
        "average": {
          "affinity": -4.644,
          "rmsd_l_b": 4.53,
          "rmsd_u_b": 6.349
        },
        "modes": [
          {
            "mode": 1,
            "affinity": -5.0,
            "rmsd_l_b": 0.0,
            "rmsd_u_b": 0.0
          },
          {
            "mode": 2,
            "affinity": -4.7,
            "rmsd_l_b": 9.973,
            "rmsd_u_b": 12.274
          },
          {
            "mode": 3,
            "affinity": -4.6,
            "rmsd_l_b": 1.335,
            "rmsd_u_b": 2.025
          },
          {
            "mode": 4,
            "affinity": -4.6,
            "rmsd_l_b": 8.654,
            "rmsd_u_b": 11.675
          },
          {
            "mode": 5,
            "affinity": -4.6,
            "rmsd_l_b": 3.708,
            "rmsd_u_b": 7.368
          },
          {
            "mode": 6,
            "affinity": -4.6,
            "rmsd_l_b": 1.186,
            "rmsd_u_b": 1.393
          },
          {
            "mode": 7,
            "affinity": -4.6,
            "rmsd_l_b": 10.151,
            "rmsd_u_b": 12.267
          },
          {
            "mode": 8,
            "affinity": -4.6,
            "rmsd_l_b": 1.723,
            "rmsd_u_b": 2.712
          },
          {
            "mode": 9,
            "affinity": -4.5,
            "rmsd_l_b": 4.043,
            "rmsd_u_b": 7.425
          }
        ]
      },
      {
        "run": 12,
        "seed": 601357,
        "average": {
          "affinity": -4.756,
          "rmsd_l_b": 4.316,
          "rmsd_u_b": 6.037
        },
        "modes": [
          {
            "mode": 1,
            "affinity": -5.0,
            "rmsd_l_b": 0.0,
            "rmsd_u_b": 0.0
          },
          {
            "mode": 2,
            "affinity": -5.0,
            "rmsd_l_b": 1.759,
            "rmsd_u_b": 2.202
          },
          {
            "mode": 3,
            "affinity": -4.8,
            "rmsd_l_b": 1.369,
            "rmsd_u_b": 2.031
          },
          {
            "mode": 4,
            "affinity": -4.7,
            "rmsd_l_b": 9.586,
            "rmsd_u_b": 12.155
          },
          {
            "mode": 5,
            "affinity": -4.7,
            "rmsd_l_b": 1.866,
            "rmsd_u_b": 3.133
          },
          {
            "mode": 6,
            "affinity": -4.7,
            "rmsd_l_b": 3.786,
            "rmsd_u_b": 7.463
          },
          {
            "mode": 7,
            "affinity": -4.7,
            "rmsd_l_b": 2.439,
            "rmsd_u_b": 4.105
          },
          {
            "mode": 8,
            "affinity": -4.6,
            "rmsd_l_b": 8.57,
            "rmsd_u_b": 11.568
          },
          {
            "mode": 9,
            "affinity": -4.6,
            "rmsd_l_b": 9.465,
            "rmsd_u_b": 11.676
          }
        ]
      },
      {
        "run": 13,
        "seed": 34775,
        "average": {
          "affinity": -4.778,
          "rmsd_l_b": 5.985,
          "rmsd_u_b": 7.615
        },
        "modes": [
          {
            "mode": 1,
            "affinity": -5.0,
            "rmsd_l_b": 0.0,
            "rmsd_u_b": 0.0
          },
          {
            "mode": 2,
            "affinity": -4.9,
            "rmsd_l_b": 1.97,
            "rmsd_u_b": 2.984
          },
          {
            "mode": 3,
            "affinity": -4.8,
            "rmsd_l_b": 1.394,
            "rmsd_u_b": 1.951
          },
          {
            "mode": 4,
            "affinity": -4.8,
            "rmsd_l_b": 9.767,
            "rmsd_u_b": 12.252
          },
          {
            "mode": 5,
            "affinity": -4.8,
            "rmsd_l_b": 2.171,
            "rmsd_u_b": 2.526
          },
          {
            "mode": 6,
            "affinity": -4.7,
            "rmsd_l_b": 9.411,
            "rmsd_u_b": 12.063
          },
          {
            "mode": 7,
            "affinity": -4.7,
            "rmsd_l_b": 9.511,
            "rmsd_u_b": 11.771
          },
          {
            "mode": 8,
            "affinity": -4.7,
            "rmsd_l_b": 9.818,
            "rmsd_u_b": 12.617
          },
          {
            "mode": 9,
            "affinity": -4.6,
            "rmsd_l_b": 9.823,
            "rmsd_u_b": 12.373
          }
        ]
      },
      {
        "run": 14,
        "seed": 398784,
        "average": {
          "affinity": -4.7,
          "rmsd_l_b": 3.918,
          "rmsd_u_b": 5.67
        },
        "modes": [
          {
            "mode": 1,
            "affinity": -4.9,
            "rmsd_l_b": 0.0,
            "rmsd_u_b": 0.0
          },
          {
            "mode": 2,
            "affinity": -4.8,
            "rmsd_l_b": 1.133,
            "rmsd_u_b": 1.824
          },
          {
            "mode": 3,
            "affinity": -4.8,
            "rmsd_l_b": 2.1,
            "rmsd_u_b": 2.565
          },
          {
            "mode": 4,
            "affinity": -4.7,
            "rmsd_l_b": 1.449,
            "rmsd_u_b": 1.958
          },
          {
            "mode": 5,
            "affinity": -4.7,
            "rmsd_l_b": 2.091,
            "rmsd_u_b": 3.642
          },
          {
            "mode": 6,
            "affinity": -4.6,
            "rmsd_l_b": 4.076,
            "rmsd_u_b": 7.66
          },
          {
            "mode": 7,
            "affinity": -4.6,
            "rmsd_l_b": 9.762,
            "rmsd_u_b": 12.793
          },
          {
            "mode": 8,
            "affinity": -4.6,
            "rmsd_l_b": 5.006,
            "rmsd_u_b": 8.58
          },
          {
            "mode": 9,
            "affinity": -4.6,
            "rmsd_l_b": 9.649,
            "rmsd_u_b": 12.004
          }
        ]
      },
      {
        "run": 15,
        "seed": 37810,
        "average": {
          "affinity": -4.689,
          "rmsd_l_b": 5.134,
          "rmsd_u_b": 6.702
        },
        "modes": [
          {
            "mode": 1,
            "affinity": -5.0,
            "rmsd_l_b": 0.0,
            "rmsd_u_b": 0.0
          },
          {
            "mode": 2,
            "affinity": -4.9,
            "rmsd_l_b": 1.652,
            "rmsd_u_b": 2.116
          },
          {
            "mode": 3,
            "affinity": -4.8,
            "rmsd_l_b": 1.431,
            "rmsd_u_b": 1.93
          },
          {
            "mode": 4,
            "affinity": -4.6,
            "rmsd_l_b": 9.746,
            "rmsd_u_b": 12.711
          },
          {
            "mode": 5,
            "affinity": -4.6,
            "rmsd_l_b": 9.502,
            "rmsd_u_b": 11.838
          },
          {
            "mode": 6,
            "affinity": -4.6,
            "rmsd_l_b": 1.998,
            "rmsd_u_b": 3.156
          },
          {
            "mode": 7,
            "affinity": -4.6,
            "rmsd_l_b": 9.636,
            "rmsd_u_b": 11.151
          },
          {
            "mode": 8,
            "affinity": -4.6,
            "rmsd_l_b": 8.736,
            "rmsd_u_b": 11.611
          },
          {
            "mode": 9,
            "affinity": -4.5,
            "rmsd_l_b": 3.503,
            "rmsd_u_b": 5.807
          }
        ]
      },
      {
        "run": 16,
        "seed": 842855,
        "average": {
          "affinity": -4.889,
          "rmsd_l_b": 6.803,
          "rmsd_u_b": 9.223
        },
        "modes": [
          {
            "mode": 1,
            "affinity": -5.1,
            "rmsd_l_b": 0.0,
            "rmsd_u_b": 0.0
          },
          {
            "mode": 2,
            "affinity": -5.1,
            "rmsd_l_b": 2.563,
            "rmsd_u_b": 3.066
          },
          {
            "mode": 3,
            "affinity": -4.9,
            "rmsd_l_b": 4.565,
            "rmsd_u_b": 8.916
          },
          {
            "mode": 4,
            "affinity": -4.9,
            "rmsd_l_b": 9.434,
            "rmsd_u_b": 11.36
          },
          {
            "mode": 5,
            "affinity": -4.8,
            "rmsd_l_b": 8.716,
            "rmsd_u_b": 11.934
          },
          {
            "mode": 6,
            "affinity": -4.8,
            "rmsd_l_b": 8.787,
            "rmsd_u_b": 12.011
          },
          {
            "mode": 7,
            "affinity": -4.8,
            "rmsd_l_b": 8.862,
            "rmsd_u_b": 11.921
          },
          {
            "mode": 8,
            "affinity": -4.8,
            "rmsd_l_b": 8.67,
            "rmsd_u_b": 11.803
          },
          {
            "mode": 9,
            "affinity": -4.8,
            "rmsd_l_b": 9.634,
            "rmsd_u_b": 12.0
          }
        ]
      },
      {
        "run": 17,
        "seed": 8695,
        "average": {
          "affinity": -4.744,
          "rmsd_l_b": 2.516,
          "rmsd_u_b": 4.253
        },
        "modes": [
          {
            "mode": 1,
            "affinity": -5.1,
            "rmsd_l_b": 0.0,
            "rmsd_u_b": 0.0
          },
          {
            "mode": 2,
            "affinity": -5.1,
            "rmsd_l_b": 1.675,
            "rmsd_u_b": 2.118
          },
          {
            "mode": 3,
            "affinity": -4.9,
            "rmsd_l_b": 4.236,
            "rmsd_u_b": 7.937
          },
          {
            "mode": 4,
            "affinity": -4.7,
            "rmsd_l_b": 4.039,
            "rmsd_u_b": 8.066
          },
          {
            "mode": 5,
            "affinity": -4.7,
            "rmsd_l_b": 4.857,
            "rmsd_u_b": 8.469
          },
          {
            "mode": 6,
            "affinity": -4.7,
            "rmsd_l_b": 2.299,
            "rmsd_u_b": 3.556
          },
          {
            "mode": 7,
            "affinity": -4.5,
            "rmsd_l_b": 1.998,
            "rmsd_u_b": 2.731
          },
          {
            "mode": 8,
            "affinity": -4.5,
            "rmsd_l_b": 2.019,
            "rmsd_u_b": 3.037
          },
          {
            "mode": 9,
            "affinity": -4.5,
            "rmsd_l_b": 1.519,
            "rmsd_u_b": 2.367
          }
        ]
      },
      {
        "run": 18,
        "seed": 936920,
        "average": {
          "affinity": -4.722,
          "rmsd_l_b": 4.622,
          "rmsd_u_b": 6.612
        },
        "modes": [
          {
            "mode": 1,
            "affinity": -5.0,
            "rmsd_l_b": 0.0,
            "rmsd_u_b": 0.0
          },
          {
            "mode": 2,
            "affinity": -4.8,
            "rmsd_l_b": 2.15,
            "rmsd_u_b": 2.521
          },
          {
            "mode": 3,
            "affinity": -4.8,
            "rmsd_l_b": 9.347,
            "rmsd_u_b": 11.985
          },
          {
            "mode": 4,
            "affinity": -4.7,
            "rmsd_l_b": 8.272,
            "rmsd_u_b": 11.428
          },
          {
            "mode": 5,
            "affinity": -4.7,
            "rmsd_l_b": 3.9,
            "rmsd_u_b": 7.974
          },
          {
            "mode": 6,
            "affinity": -4.7,
            "rmsd_l_b": 2.123,
            "rmsd_u_b": 3.289
          },
          {
            "mode": 7,
            "affinity": -4.6,
            "rmsd_l_b": 3.907,
            "rmsd_u_b": 7.693
          },
          {
            "mode": 8,
            "affinity": -4.6,
            "rmsd_l_b": 10.038,
            "rmsd_u_b": 12.114
          },
          {
            "mode": 9,
            "affinity": -4.6,
            "rmsd_l_b": 1.862,
            "rmsd_u_b": 2.502
          }
        ]
      },
      {
        "run": 19,
        "seed": 969902,
        "average": {
          "affinity": -4.111,
          "rmsd_l_b": 6.22,
          "rmsd_u_b": 8.22
        },
        "modes": [
          {
            "mode": 1,
            "affinity": -4.3,
            "rmsd_l_b": 0.0,
            "rmsd_u_b": 0.0
          },
          {
            "mode": 2,
            "affinity": -4.3,
            "rmsd_l_b": 9.293,
            "rmsd_u_b": 12.021
          },
          {
            "mode": 3,
            "affinity": -4.2,
            "rmsd_l_b": 9.288,
            "rmsd_u_b": 11.918
          },
          {
            "mode": 4,
            "affinity": -4.2,
            "rmsd_l_b": 8.996,
            "rmsd_u_b": 11.983
          },
          {
            "mode": 5,
            "affinity": -4.0,
            "rmsd_l_b": 9.123,
            "rmsd_u_b": 11.972
          },
          {
            "mode": 6,
            "affinity": -4.0,
            "rmsd_l_b": 10.359,
            "rmsd_u_b": 12.128
          },
          {
            "mode": 7,
            "affinity": -4.0,
            "rmsd_l_b": 4.608,
            "rmsd_u_b": 6.891
          },
          {
            "mode": 8,
            "affinity": -4.0,
            "rmsd_l_b": 2.652,
            "rmsd_u_b": 4.572
          },
          {
            "mode": 9,
            "affinity": -4.0,
            "rmsd_l_b": 1.662,
            "rmsd_u_b": 2.492
          }
        ]
      },
      {
        "run": 20,
        "seed": 128657,
        "average": {
          "affinity": -4.556,
          "rmsd_l_b": 6.014,
          "rmsd_u_b": 8.654
        },
        "modes": [
          {
            "mode": 1,
            "affinity": -4.9,
            "rmsd_l_b": 0.0,
            "rmsd_u_b": 0.0
          },
          {
            "mode": 2,
            "affinity": -4.7,
            "rmsd_l_b": 1.932,
            "rmsd_u_b": 2.741
          },
          {
            "mode": 3,
            "affinity": -4.7,
            "rmsd_l_b": 9.687,
            "rmsd_u_b": 12.701
          },
          {
            "mode": 4,
            "affinity": -4.5,
            "rmsd_l_b": 8.795,
            "rmsd_u_b": 11.713
          },
          {
            "mode": 5,
            "affinity": -4.5,
            "rmsd_l_b": 9.587,
            "rmsd_u_b": 12.259
          },
          {
            "mode": 6,
            "affinity": -4.5,
            "rmsd_l_b": 4.027,
            "rmsd_u_b": 8.27
          },
          {
            "mode": 7,
            "affinity": -4.5,
            "rmsd_l_b": 6.422,
            "rmsd_u_b": 9.9
          },
          {
            "mode": 8,
            "affinity": -4.4,
            "rmsd_l_b": 9.62,
            "rmsd_u_b": 11.924
          },
          {
            "mode": 9,
            "affinity": -4.3,
            "rmsd_l_b": 4.057,
            "rmsd_u_b": 8.378
          }
        ]
      }
    ]
  }
}