{
  "rmsd": 2.89,
  "rmsd_method": "C-alpha coordinates",
  "rmsd_tool": "BioPython",
  "docking": {
    "average_affinity": -3.532,
    "runs": [
      {
        "run": 1,
        "seed": 522686,
        "average": {
          "affinity": -3.522,
          "rmsd_l_b": 4.213,
          "rmsd_u_b": 6.222
        },
        "modes": [
          {
            "mode": 1,
            "affinity": -3.8,
            "rmsd_l_b": 0.0,
            "rmsd_u_b": 0.0
          },
          {
            "mode": 2,
            "affinity": -3.7,
            "rmsd_l_b": 1.103,
            "rmsd_u_b": 6.381
          },
          {
            "mode": 3,
            "affinity": -3.6,
            "rmsd_l_b": 4.537,
            "rmsd_u_b": 7.243
          },
          {
            "mode": 4,
            "affinity": -3.5,
            "rmsd_l_b": 7.874,
            "rmsd_u_b": 9.033
          },
          {
            "mode": 5,
            "affinity": -3.5,
            "rmsd_l_b": 1.969,
            "rmsd_u_b": 3.004
          },
          {
            "mode": 6,
            "affinity": -3.4,
            "rmsd_l_b": 2.089,
            "rmsd_u_b": 5.535
          },
          {
            "mode": 7,
            "affinity": -3.4,
            "rmsd_l_b": 9.727,
            "rmsd_u_b": 11.593
          },
          {
            "mode": 8,
            "affinity": -3.4,
            "rmsd_l_b": 1.368,
            "rmsd_u_b": 3.013
          },
          {
            "mode": 9,
            "affinity": -3.4,
            "rmsd_l_b": 9.253,
            "rmsd_u_b": 10.192
          }
        ]
      },
      {
        "run": 2,
        "seed": 953025,
        "average": {
          "affinity": -3.533,
          "rmsd_l_b": 4.467,
          "rmsd_u_b": 6.56
        },
        "modes": [
          {
            "mode": 1,
            "affinity": -3.8,
            "rmsd_l_b": 0.0,
            "rmsd_u_b": 0.0
          },
          {
            "mode": 2,
            "affinity": -3.7,
            "rmsd_l_b": 1.088,
            "rmsd_u_b": 6.386
          },
          {
            "mode": 3,
            "affinity": -3.6,
            "rmsd_l_b": 4.498,
            "rmsd_u_b": 7.219
          },
          {
            "mode": 4,
            "affinity": -3.5,
            "rmsd_l_b": 5.601,
            "rmsd_u_b": 7.36
          },
          {
            "mode": 5,
            "affinity": -3.5,
            "rmsd_l_b": 7.893,
            "rmsd_u_b": 8.983
          },
          {
            "mode": 6,
            "affinity": -3.5,
            "rmsd_l_b": 7.942,
            "rmsd_u_b": 8.987
          },
          {
            "mode": 7,
            "affinity": -3.4,
            "rmsd_l_b": 2.082,
            "rmsd_u_b": 5.541
          },
          {
            "mode": 8,
            "affinity": -3.4,
            "rmsd_l_b": 9.729,
            "rmsd_u_b": 11.576
          },
          {
            "mode": 9,
            "affinity": -3.4,
            "rmsd_l_b": 1.371,
            "rmsd_u_b": 2.987
          }
        ]
      },
      {
        "run": 3,
        "seed": 99355,
        "average": {
          "affinity": -3.533,
          "rmsd_l_b": 4.163,
          "rmsd_u_b": 5.971
        },
        "modes": [
          {
            "mode": 1,
            "affinity": -3.8,
            "rmsd_l_b": 0.0,
            "rmsd_u_b": 0.0
          },
          {
            "mode": 2,
            "affinity": -3.7,
            "rmsd_l_b": 1.108,
            "rmsd_u_b": 6.375
          },
          {
            "mode": 3,
            "affinity": -3.6,
            "rmsd_l_b": 4.481,
            "rmsd_u_b": 7.215
          },
          {
            "mode": 4,
            "affinity": -3.5,
            "rmsd_l_b": 7.921,
            "rmsd_u_b": 9.048
          },
          {
            "mode": 5,
            "affinity": -3.5,
            "rmsd_l_b": 5.71,
            "rmsd_u_b": 7.481
          },
          {
            "mode": 6,
            "affinity": -3.5,
            "rmsd_l_b": 1.95,
            "rmsd_u_b": 2.872
          },
          {
            "mode": 7,
            "affinity": -3.4,
            "rmsd_l_b": 6.898,
            "rmsd_u_b": 8.795
          },
          {
            "mode": 8,
            "affinity": -3.4,
            "rmsd_l_b": 1.426,
            "rmsd_u_b": 2.848
          },
          {
            "mode": 9,
            "affinity": -3.4,
            "rmsd_l_b": 7.976,
            "rmsd_u_b": 9.107
          }
        ]
      },
      {
        "run": 4,
        "seed": 974802,
        "average": {
          "affinity": -3.533,
          "rmsd_l_b": 3.646,
          "rmsd_u_b": 5.52
        },
        "modes": [
          {
            "mode": 1,
            "affinity": -3.8,
            "rmsd_l_b": 0.0,
            "rmsd_u_b": 0.0
          },
          {
            "mode": 2,
            "affinity": -3.7,
            "rmsd_l_b": 1.128,
            "rmsd_u_b": 6.446
          },
          {
            "mode": 3,
            "affinity": -3.6,
            "rmsd_l_b": 4.448,
            "rmsd_u_b": 7.187
          },
          {
            "mode": 4,
            "affinity": -3.5,
            "rmsd_l_b": 1.959,
            "rmsd_u_b": 2.877
          },
          {
            "mode": 5,
            "affinity": -3.5,
            "rmsd_l_b": 6.678,
            "rmsd_u_b": 8.633
          },
          {
            "mode": 6,
            "affinity": -3.5,
            "rmsd_l_b": 7.943,
            "rmsd_u_b": 8.991
          },
          {
            "mode": 7,
            "affinity": -3.4,
            "rmsd_l_b": 7.351,
            "rmsd_u_b": 8.297
          },
          {
            "mode": 8,
            "affinity": -3.4,
            "rmsd_l_b": 1.182,
            "rmsd_u_b": 1.684
          },
          {
            "mode": 9,
            "affinity": -3.4,
            "rmsd_l_b": 2.129,
            "rmsd_u_b": 5.564
          }
        ]
      },
      {
        "run": 5,
        "seed": 379680,
        "average": {
          "affinity": -3.533,
          "rmsd_l_b": 5.094,
          "rmsd_u_b": 7.108
        },
        "modes": [
          {
            "mode": 1,
            "affinity": -3.8,
            "rmsd_l_b": 0.0,
            "rmsd_u_b": 0.0
          },
          {
            "mode": 2,
            "affinity": -3.7,
            "rmsd_l_b": 1.114,
            "rmsd_u_b": 6.443
          },
          {
            "mode": 3,
            "affinity": -3.6,
            "rmsd_l_b": 4.597,
            "rmsd_u_b": 7.277
          },
          {
            "mode": 4,
            "affinity": -3.5,
            "rmsd_l_b": 7.923,
            "rmsd_u_b": 9.051
          },
          {
            "mode": 5,
            "affinity": -3.5,
            "rmsd_l_b": 6.76,
            "rmsd_u_b": 8.694
          },
          {
            "mode": 6,
            "affinity": -3.5,
            "rmsd_l_b": 7.94,
            "rmsd_u_b": 8.988
          },
          {
            "mode": 7,
            "affinity": -3.4,
            "rmsd_l_b": 6.417,
            "rmsd_u_b": 8.944
          },
          {
            "mode": 8,
            "affinity": -3.4,
            "rmsd_l_b": 9.724,
            "rmsd_u_b": 11.572
          },
          {
            "mode": 9,
            "affinity": -3.4,
            "rmsd_l_b": 1.369,
            "rmsd_u_b": 3.004
          }
        ]
      },
      {
        "run": 6,
        "seed": 537985,
        "average": {
          "affinity": -3.511,
          "rmsd_l_b": 4.341,
          "rmsd_u_b": 6.219
        },
        "modes": [
          {
            "mode": 1,
            "affinity": -3.8,
            "rmsd_l_b": 0.0,
            "rmsd_u_b": 0.0
          },
          {
            "mode": 2,
            "affinity": -3.7,
            "rmsd_l_b": 1.131,
            "rmsd_u_b": 6.445
          },
          {
            "mode": 3,
            "affinity": -3.5,
            "rmsd_l_b": 5.633,
            "rmsd_u_b": 7.391
          },
          {
            "mode": 4,
            "affinity": -3.5,
            "rmsd_l_b": 7.884,
            "rmsd_u_b": 8.971
          },
          {
            "mode": 5,
            "affinity": -3.5,
            "rmsd_l_b": 1.938,
            "rmsd_u_b": 2.818
          },
          {
            "mode": 6,
            "affinity": -3.4,
            "rmsd_l_b": 2.12,
            "rmsd_u_b": 5.556
          },
          {
            "mode": 7,
            "affinity": -3.4,
            "rmsd_l_b": 1.352,
            "rmsd_u_b": 3.022
          },
          {
            "mode": 8,
            "affinity": -3.4,
            "rmsd_l_b": 9.26,
            "rmsd_u_b": 10.193
          },
          {
            "mode": 9,
            "affinity": -3.4,
            "rmsd_l_b": 9.747,
            "rmsd_u_b": 11.576
          }
        ]
      },
      {
        "run": 7,
        "seed": 34177,
        "average": {
          "affinity": -3.522,
          "rmsd_l_b": 4.236,
          "rmsd_u_b": 6.398
        },
        "modes": [
          {
            "mode": 1,
            "affinity": -3.8,
            "rmsd_l_b": 0.0,
            "rmsd_u_b": 0.0
          },
          {
            "mode": 2,
            "affinity": -3.7,
            "rmsd_l_b": 1.115,
            "rmsd_u_b": 6.449
          },
          {
            "mode": 3,
            "affinity": -3.5,
            "rmsd_l_b": 6.4,
            "rmsd_u_b": 8.826
          },
          {
            "mode": 4,
            "affinity": -3.5,
            "rmsd_l_b": 7.919,
            "rmsd_u_b": 9.046
          },
          {
            "mode": 5,
            "affinity": -3.5,
            "rmsd_l_b": 4.466,
            "rmsd_u_b": 7.199
          },
          {
            "mode": 6,
            "affinity": -3.5,
            "rmsd_l_b": 6.79,
            "rmsd_u_b": 8.719
          },
          {
            "mode": 7,
            "affinity": -3.4,
            "rmsd_l_b": 7.926,
            "rmsd_u_b": 8.975
          },
          {
            "mode": 8,
            "affinity": -3.4,
            "rmsd_l_b": 1.421,
            "rmsd_u_b": 2.828
          },
          {
            "mode": 9,
            "affinity": -3.4,
            "rmsd_l_b": 2.083,
            "rmsd_u_b": 5.543
          }
        ]
      },
      {
        "run": 8,
        "seed": 681011,
        "average": {
          "affinity": -3.533,
          "rmsd_l_b": 4.152,
          "rmsd_u_b": 5.972
        },
        "modes": [
          {
            "mode": 1,
            "affinity": -3.8,
            "rmsd_l_b": 0.0,
            "rmsd_u_b": 0.0
          },
          {
            "mode": 2,
            "affinity": -3.7,
            "rmsd_l_b": 1.1,
            "rmsd_u_b": 6.379
          },
          {
            "mode": 3,
            "affinity": -3.6,
            "rmsd_l_b": 4.498,
            "rmsd_u_b": 7.223
          },
          {
            "mode": 4,
            "affinity": -3.5,
            "rmsd_l_b": 7.895,
            "rmsd_u_b": 9.032
          },
          {
            "mode": 5,
            "affinity": -3.5,
            "rmsd_l_b": 5.567,
            "rmsd_u_b": 7.343
          },
          {
            "mode": 6,
            "affinity": -3.5,
            "rmsd_l_b": 1.969,
            "rmsd_u_b": 2.986
          },
          {
            "mode": 7,
            "affinity": -3.4,
            "rmsd_l_b": 1.446,
            "rmsd_u_b": 2.858
          },
          {
            "mode": 8,
            "affinity": -3.4,
            "rmsd_l_b": 7.942,
            "rmsd_u_b": 9.087
          },
          {
            "mode": 9,
            "affinity": -3.4,
            "rmsd_l_b": 6.952,
            "rmsd_u_b": 8.839
          }
        ]
      },
      {
        "run": 9,
        "seed": 562791,
        "average": {
          "affinity": -3.544,
          "rmsd_l_b": 4.632,
          "rmsd_u_b": 6.713
        },
        "modes": [
          {
            "mode": 1,
            "affinity": -3.8,
            "rmsd_l_b": 0.0,
            "rmsd_u_b": 0.0
          },
          {
            "mode": 2,
            "affinity": -3.7,
            "rmsd_l_b": 1.135,
            "rmsd_u_b": 6.441
          },
          {
            "mode": 3,
            "affinity": -3.6,
            "rmsd_l_b": 4.607,
            "rmsd_u_b": 7.292
          },
          {
            "mode": 4,
            "affinity": -3.5,
            "rmsd_l_b": 6.378,
            "rmsd_u_b": 8.806
          },
          {
            "mode": 5,
            "affinity": -3.5,
            "rmsd_l_b": 7.868,
            "rmsd_u_b": 9.028
          },
          {
            "mode": 6,
            "affinity": -3.5,
            "rmsd_l_b": 1.956,
            "rmsd_u_b": 2.871
          },
          {
            "mode": 7,
            "affinity": -3.5,
            "rmsd_l_b": 7.936,
            "rmsd_u_b": 8.983
          },
          {
            "mode": 8,
            "affinity": -3.4,
            "rmsd_l_b": 2.087,
            "rmsd_u_b": 5.44
          },
          {
            "mode": 9,
            "affinity": -3.4,
            "rmsd_l_b": 9.717,
            "rmsd_u_b": 11.556
          }
        ]
      },
      {
        "run": 10,
        "seed": 124025,
        "average": {
          "affinity": -3.556,
          "rmsd_l_b": 4.893,
          "rmsd_u_b": 6.907
        },
        "modes": [
          {
            "mode": 1,
            "affinity": -3.8,
            "rmsd_l_b": 0.0,
            "rmsd_u_b": 0.0
          },
          {
            "mode": 2,
            "affinity": -3.7,
            "rmsd_l_b": 1.09,
            "rmsd_u_b": 6.391
          },
          {
            "mode": 3,
            "affinity": -3.6,
            "rmsd_l_b": 4.466,
            "rmsd_u_b": 7.192
          },
          {
            "mode": 4,
            "affinity": -3.5,
            "rmsd_l_b": 6.43,
            "rmsd_u_b": 8.854
          },
          {
            "mode": 5,
            "affinity": -3.5,
            "rmsd_l_b": 5.661,
            "rmsd_u_b": 7.419
          },
          {
            "mode": 6,
            "affinity": -3.5,
            "rmsd_l_b": 7.907,
            "rmsd_u_b": 8.982
          },
          {
            "mode": 7,
            "affinity": -3.5,
            "rmsd_l_b": 1.972,
            "rmsd_u_b": 2.99
          },
          {
            "mode": 8,
            "affinity": -3.5,
            "rmsd_l_b": 6.778,
            "rmsd_u_b": 8.712
          },
          {
            "mode": 9,
            "affinity": -3.4,
            "rmsd_l_b": 9.736,
            "rmsd_u_b": 11.627
          }
        ]
      },
      {
        "run": 11,
        "seed": 114983,
        "average": {
          "affinity": -3.533,
          "rmsd_l_b": 4.141,
          "rmsd_u_b": 6.246
        },
        "modes": [
          {
            "mode": 1,
            "affinity": -3.8,
            "rmsd_l_b": 0.0,
            "rmsd_u_b": 0.0
          },
          {
            "mode": 2,
            "affinity": -3.7,
            "rmsd_l_b": 1.128,
            "rmsd_u_b": 6.443
          },
          {
            "mode": 3,
            "affinity": -3.6,
            "rmsd_l_b": 4.438,
            "rmsd_u_b": 7.187
          },
          {
            "mode": 4,
            "affinity": -3.5,
            "rmsd_l_b": 7.887,
            "rmsd_u_b": 9.031
          },
          {
            "mode": 5,
            "affinity": -3.5,
            "rmsd_l_b": 5.466,
            "rmsd_u_b": 7.154
          },
          {
            "mode": 6,
            "affinity": -3.5,
            "rmsd_l_b": 1.96,
            "rmsd_u_b": 2.877
          },
          {
            "mode": 7,
            "affinity": -3.4,
            "rmsd_l_b": 6.388,
            "rmsd_u_b": 8.897
          },
          {
            "mode": 8,
            "affinity": -3.4,
            "rmsd_l_b": 7.924,
            "rmsd_u_b": 9.082
          },
          {
            "mode": 9,
            "affinity": -3.4,
            "rmsd_l_b": 2.079,
            "rmsd_u_b": 5.544
          }
        ]
      },
      {
        "run": 12,
        "seed": 62283,
        "average": {
          "affinity": -3.522,
          "rmsd_l_b": 4.271,
          "rmsd_u_b": 6.24
        },
        "modes": [
          {
            "mode": 1,
            "affinity": -3.8,
            "rmsd_l_b": 0.0,
            "rmsd_u_b": 0.0
          },
          {
            "mode": 2,
            "affinity": -3.7,
            "rmsd_l_b": 1.107,
            "rmsd_u_b": 6.378
          },
          {
            "mode": 3,
            "affinity": -3.5,
            "rmsd_l_b": 6.375,
            "rmsd_u_b": 8.805
          },
          {
            "mode": 4,
            "affinity": -3.5,
            "rmsd_l_b": 7.887,
            "rmsd_u_b": 9.037
          },
          {
            "mode": 5,
            "affinity": -3.5,
            "rmsd_l_b": 1.952,
            "rmsd_u_b": 2.959
          },
          {
            "mode": 6,
            "affinity": -3.5,
            "rmsd_l_b": 7.947,
            "rmsd_u_b": 8.987
          },
          {
            "mode": 7,
            "affinity": -3.4,
            "rmsd_l_b": 2.114,
            "rmsd_u_b": 5.555
          },
          {
            "mode": 8,
            "affinity": -3.4,
            "rmsd_l_b": 9.735,
            "rmsd_u_b": 11.583
          },
          {
            "mode": 9,
            "affinity": -3.4,
            "rmsd_l_b": 1.321,
            "rmsd_u_b": 2.859
          }
        ]
      },
      {
        "run": 13,
        "seed": 981172,
        "average": {
          "affinity": -3.533,
          "rmsd_l_b": 5.042,
          "rmsd_u_b": 6.884
        },
        "modes": [
          {
            "mode": 1,
            "affinity": -3.8,
            "rmsd_l_b": 0.0,
            "rmsd_u_b": 0.0
          },
          {
            "mode": 2,
            "affinity": -3.7,
            "rmsd_l_b": 1.091,
            "rmsd_u_b": 6.379
          },
          {
            "mode": 3,
            "affinity": -3.6,
            "rmsd_l_b": 4.478,
            "rmsd_u_b": 7.209
          },
          {
            "mode": 4,
            "affinity": -3.5,
            "rmsd_l_b": 5.586,
            "rmsd_u_b": 7.27
          },
          {
            "mode": 5,
            "affinity": -3.5,
            "rmsd_l_b": 7.881,
            "rmsd_u_b": 8.972
          },
          {
            "mode": 6,
            "affinity": -3.5,
            "rmsd_l_b": 1.953,
            "rmsd_u_b": 2.857
          },
          {
            "mode": 7,
            "affinity": -3.4,
            "rmsd_l_b": 7.926,
            "rmsd_u_b": 9.055
          },
          {
            "mode": 8,
            "affinity": -3.4,
            "rmsd_l_b": 6.737,
            "rmsd_u_b": 8.644
          },
          {
            "mode": 9,
            "affinity": -3.4,
            "rmsd_l_b": 9.722,
            "rmsd_u_b": 11.572
          }
        ]
      },
      {
        "run": 14,
        "seed": 927560,
        "average": {
          "affinity": -3.533,
          "rmsd_l_b": 3.88,
          "rmsd_u_b": 6.033
        },
        "modes": [
          {
            "mode": 1,
            "affinity": -3.8,
            "rmsd_l_b": 0.0,
            "rmsd_u_b": 0.0
          },
          {
            "mode": 2,
            "affinity": -3.7,
            "rmsd_l_b": 1.107,
            "rmsd_u_b": 6.383
          },
          {
            "mode": 3,
            "affinity": -3.6,
            "rmsd_l_b": 4.436,
            "rmsd_u_b": 7.178
          },
          {
            "mode": 4,
            "affinity": -3.5,
            "rmsd_l_b": 1.961,
            "rmsd_u_b": 2.885
          },
          {
            "mode": 5,
            "affinity": -3.5,
            "rmsd_l_b": 7.944,
            "rmsd_u_b": 8.988
          },
          {
            "mode": 6,
            "affinity": -3.5,
            "rmsd_l_b": 6.392,
            "rmsd_u_b": 8.904
          },
          {
            "mode": 7,
            "affinity": -3.4,
            "rmsd_l_b": 2.043,
            "rmsd_u_b": 5.395
          },
          {
            "mode": 8,
            "affinity": -3.4,
            "rmsd_l_b": 1.361,
            "rmsd_u_b": 3.021
          },
          {
            "mode": 9,
            "affinity": -3.4,
            "rmsd_l_b": 9.673,
            "rmsd_u_b": 11.547
          }
        ]
      },
      {
        "run": 15,
        "seed": 868858,
        "average": {
          "affinity": -3.5,
          "rmsd_l_b": 4.621,
          "rmsd_u_b": 6.844
        },
        "modes": [
          {
            "mode": 1,
            "affinity": -3.8,
            "rmsd_l_b": 0.0,
            "rmsd_u_b": 0.0
          },
          {
            "mode": 2,
            "affinity": -3.7,
            "rmsd_l_b": 1.099,
            "rmsd_u_b": 6.38
          },
          {
            "mode": 3,
            "affinity": -3.6,
            "rmsd_l_b": 4.52,
            "rmsd_u_b": 7.235
          },
          {
            "mode": 4,
            "affinity": -3.4,
            "rmsd_l_b": 6.439,
            "rmsd_u_b": 8.938
          },
          {
            "mode": 5,
            "affinity": -3.4,
            "rmsd_l_b": 2.099,
            "rmsd_u_b": 5.555
          },
          {
            "mode": 6,
            "affinity": -3.4,
            "rmsd_l_b": 9.683,
            "rmsd_u_b": 11.658
          },
          {
            "mode": 7,
            "affinity": -3.4,
            "rmsd_l_b": 1.448,
            "rmsd_u_b": 2.968
          },
          {
            "mode": 8,
            "affinity": -3.4,
            "rmsd_l_b": 9.245,
            "rmsd_u_b": 10.172
          },
          {
            "mode": 9,
            "affinity": -3.4,
            "rmsd_l_b": 7.052,
            "rmsd_u_b": 8.692
          }
        ]
      },
      {
        "run": 16,
        "seed": 519600,
        "average": {
          "affinity": -3.544,
          "rmsd_l_b": 4.503,
          "rmsd_u_b": 6.52
        },
        "modes": [
          {
            "mode": 1,
            "affinity": -3.8,
            "rmsd_l_b": 0.0,
            "rmsd_u_b": 0.0
          },
          {
            "mode": 2,
            "affinity": -3.7,
            "rmsd_l_b": 1.078,
            "rmsd_u_b": 6.386
          },
          {
            "mode": 3,
            "affinity": -3.6,
            "rmsd_l_b": 4.542,
            "rmsd_u_b": 7.238
          },
          {
            "mode": 4,
            "affinity": -3.5,
            "rmsd_l_b": 5.477,
            "rmsd_u_b": 7.228
          },
          {
            "mode": 5,
            "affinity": -3.5,
            "rmsd_l_b": 7.855,
            "rmsd_u_b": 9.03
          },
          {
            "mode": 6,
            "affinity": -3.5,
            "rmsd_l_b": 1.914,
            "rmsd_u_b": 2.816
          },
          {
            "mode": 7,
            "affinity": -3.5,
            "rmsd_l_b": 7.906,
            "rmsd_u_b": 8.956
          },
          {
            "mode": 8,
            "affinity": -3.4,
            "rmsd_l_b": 9.718,
            "rmsd_u_b": 11.605
          },
          {
            "mode": 9,
            "affinity": -3.4,
            "rmsd_l_b": 2.04,
            "rmsd_u_b": 5.42
          }
        ]
      },
      {
        "run": 17,
        "seed": 146596,
        "average": {
          "affinity": -3.533,
          "rmsd_l_b": 4.889,
          "rmsd_u_b": 6.919
        },
        "modes": [
          {
            "mode": 1,
            "affinity": -3.8,
            "rmsd_l_b": 0.0,
            "rmsd_u_b": 0.0
          },
          {
            "mode": 2,
            "affinity": -3.7,
            "rmsd_l_b": 1.132,
            "rmsd_u_b": 6.438
          },
          {
            "mode": 3,
            "affinity": -3.6,
            "rmsd_l_b": 4.547,
            "rmsd_u_b": 7.267
          },
          {
            "mode": 4,
            "affinity": -3.5,
            "rmsd_l_b": 7.911,
            "rmsd_u_b": 8.98
          },
          {
            "mode": 5,
            "affinity": -3.5,
            "rmsd_l_b": 1.972,
            "rmsd_u_b": 2.897
          },
          {
            "mode": 6,
            "affinity": -3.5,
            "rmsd_l_b": 5.477,
            "rmsd_u_b": 7.407
          },
          {
            "mode": 7,
            "affinity": -3.4,
            "rmsd_l_b": 6.347,
            "rmsd_u_b": 8.862
          },
          {
            "mode": 8,
            "affinity": -3.4,
            "rmsd_l_b": 6.89,
            "rmsd_u_b": 8.799
          },
          {
            "mode": 9,
            "affinity": -3.4,
            "rmsd_l_b": 9.725,
            "rmsd_u_b": 11.619
          }
        ]
      },
      {
        "run": 18,
        "seed": 516665,
        "average": {
          "affinity": -3.544,
          "rmsd_l_b": 4.278,
          "rmsd_u_b": 6.378
        },
        "modes": [
          {
            "mode": 1,
            "affinity": -3.8,
            "rmsd_l_b": 0.0,
            "rmsd_u_b": 0.0
          },
          {
            "mode": 2,
            "affinity": -3.7,
            "rmsd_l_b": 1.111,
            "rmsd_u_b": 6.379
          },
          {
            "mode": 3,
            "affinity": -3.6,
            "rmsd_l_b": 4.47,
            "rmsd_u_b": 7.197
          },
          {
            "mode": 4,
            "affinity": -3.5,
            "rmsd_l_b": 6.356,
            "rmsd_u_b": 8.78
          },
          {
            "mode": 5,
            "affinity": -3.5,
            "rmsd_l_b": 7.9,
            "rmsd_u_b": 8.982
          },
          {
            "mode": 6,
            "affinity": -3.5,
            "rmsd_l_b": 1.92,
            "rmsd_u_b": 2.771
          },
          {
            "mode": 7,
            "affinity": -3.5,
            "rmsd_l_b": 6.691,
            "rmsd_u_b": 8.64
          },
          {
            "mode": 8,
            "affinity": -3.4,
            "rmsd_l_b": 7.97,
            "rmsd_u_b": 9.119
          },
          {
            "mode": 9,
            "affinity": -3.4,
            "rmsd_l_b": 2.085,
            "rmsd_u_b": 5.531
          }
        ]
      },
      {
        "run": 19,
        "seed": 483338,
        "average": {
          "affinity": -3.522,
          "rmsd_l_b": 5.082,
          "rmsd_u_b": 7.008
        },
        "modes": [
          {
            "mode": 1,
            "affinity": -3.8,
            "rmsd_l_b": 0.0,
            "rmsd_u_b": 0.0
          },
          {
            "mode": 2,
            "affinity": -3.7,
            "rmsd_l_b": 1.07,
            "rmsd_u_b": 6.464
          },
          {
            "mode": 3,
            "affinity": -3.5,
            "rmsd_l_b": 4.502,
            "rmsd_u_b": 7.296
          },
          {
            "mode": 4,
            "affinity": -3.5,
            "rmsd_l_b": 6.41,
            "rmsd_u_b": 8.837
          },
          {
            "mode": 5,
            "affinity": -3.5,
            "rmsd_l_b": 7.875,
            "rmsd_u_b": 8.974
          },
          {
            "mode": 6,
            "affinity": -3.5,
            "rmsd_l_b": 1.93,
            "rmsd_u_b": 2.927
          },
          {
            "mode": 7,
            "affinity": -3.4,
            "rmsd_l_b": 6.844,
            "rmsd_u_b": 8.715
          },
          {
            "mode": 8,
            "affinity": -3.4,
            "rmsd_l_b": 7.378,
            "rmsd_u_b": 8.297
          },
          {
            "mode": 9,
            "affinity": -3.4,
            "rmsd_l_b": 9.725,
            "rmsd_u_b": 11.56
          }
        ]
      },
      {
        "run": 20,
        "seed": 714777,
        "average": {
          "affinity": -3.544,
          "rmsd_l_b": 4.417,
          "rmsd_u_b": 6.392
        },
        "modes": [
          {
            "mode": 1,
            "affinity": -3.8,
            "rmsd_l_b": 0.0,
            "rmsd_u_b": 0.0
          },
          {
            "mode": 2,
            "affinity": -3.7,
            "rmsd_l_b": 1.129,
            "rmsd_u_b": 6.447
          },
          {
            "mode": 3,
            "affinity": -3.6,
            "rmsd_l_b": 4.498,
            "rmsd_u_b": 7.217
          },
          {
            "mode": 4,
            "affinity": -3.5,
            "rmsd_l_b": 6.377,
            "rmsd_u_b": 8.807
          },
          {
            "mode": 5,
            "affinity": -3.5,
            "rmsd_l_b": 7.891,
            "rmsd_u_b": 8.972
          },
          {
            "mode": 6,
            "affinity": -3.5,
            "rmsd_l_b": 1.941,
            "rmsd_u_b": 2.83
          },
          {
            "mode": 7,
            "affinity": -3.5,
            "rmsd_l_b": 6.736,
            "rmsd_u_b": 8.673
          },
          {
            "mode": 8,
            "affinity": -3.4,
            "rmsd_l_b": 9.723,
            "rmsd_u_b": 11.627
          },
          {
            "mode": 9,
            "affinity": -3.4,
            "rmsd_l_b": 1.461,
            "rmsd_u_b": 2.955
          }
        ]
      }
    ]
  }
}