{
  "rmsd": 4.952,
  "rmsd_method": "C-alpha coordinates",
  "rmsd_tool": "BioPython",
  "docking": {
    "average_affinity": -5.011,
    "runs": [
      {
        "run": 1,
        "seed": 425556,
        "average": {
          "affinity": -5.167,
          "rmsd_l_b": 4.771,
          "rmsd_u_b": 8.332
        },
        "modes": [
          {
            "mode": 1,
            "affinity": -5.6,
            "rmsd_l_b": 0.0,
            "rmsd_u_b": 0.0
          },
          {
            "mode": 2,
            "affinity": -5.3,
            "rmsd_l_b": 1.124,
            "rmsd_u_b": 3.789
          },
          {
            "mode": 3,
            "affinity": -5.2,
            "rmsd_l_b": 4.582,
            "rmsd_u_b": 7.352
          },
          {
            "mode": 4,
            "affinity": -5.2,
            "rmsd_l_b": 4.586,
            "rmsd_u_b": 8.097
          },
          {
            "mode": 5,
            "affinity": -5.1,
            "rmsd_l_b": 4.613,
            "rmsd_u_b": 10.213
          },
          {
            "mode": 6,
            "affinity": -5.1,
            "rmsd_l_b": 4.941,
            "rmsd_u_b": 9.763
          },
          {
            "mode": 7,
            "affinity": -5.0,
            "rmsd_l_b": 8.09,
            "rmsd_u_b": 13.574
          },
          {
            "mode": 8,
            "affinity": -5.0,
            "rmsd_l_b": 8.791,
            "rmsd_u_b": 11.822
          },
          {
            "mode": 9,
            "affinity": -5.0,
            "rmsd_l_b": 6.216,
            "rmsd_u_b": 10.375
          }
        ]
      },
      {
        "run": 2,
        "seed": 171841,
        "average": {
          "affinity": -5.189,
          "rmsd_l_b": 3.948,
          "rmsd_u_b": 7.763
        },
        "modes": [
          {
            "mode": 1,
            "affinity": -5.6,
            "rmsd_l_b": 0.0,
            "rmsd_u_b": 0.0
          },
          {
            "mode": 2,
            "affinity": -5.4,
            "rmsd_l_b": 1.964,
            "rmsd_u_b": 2.855
          },
          {
            "mode": 3,
            "affinity": -5.3,
            "rmsd_l_b": 1.144,
            "rmsd_u_b": 3.799
          },
          {
            "mode": 4,
            "affinity": -5.2,
            "rmsd_l_b": 2.976,
            "rmsd_u_b": 8.531
          },
          {
            "mode": 5,
            "affinity": -5.1,
            "rmsd_l_b": 6.117,
            "rmsd_u_b": 10.382
          },
          {
            "mode": 6,
            "affinity": -5.1,
            "rmsd_l_b": 4.462,
            "rmsd_u_b": 10.169
          },
          {
            "mode": 7,
            "affinity": -5.0,
            "rmsd_l_b": 8.149,
            "rmsd_u_b": 13.625
          },
          {
            "mode": 8,
            "affinity": -5.0,
            "rmsd_l_b": 5.655,
            "rmsd_u_b": 10.493
          },
          {
            "mode": 9,
            "affinity": -5.0,
            "rmsd_l_b": 5.064,
            "rmsd_u_b": 10.01
          }
        ]
      },
      {
        "run": 3,
        "seed": 379380,
        "average": {
          "affinity": -5.133,
          "rmsd_l_b": 4.013,
          "rmsd_u_b": 7.496
        },
        "modes": [
          {
            "mode": 1,
            "affinity": -5.6,
            "rmsd_l_b": 0.0,
            "rmsd_u_b": 0.0
          },
          {
            "mode": 2,
            "affinity": -5.5,
            "rmsd_l_b": 0.715,
            "rmsd_u_b": 1.467
          },
          {
            "mode": 3,
            "affinity": -5.1,
            "rmsd_l_b": 6.517,
            "rmsd_u_b": 10.439
          },
          {
            "mode": 4,
            "affinity": -5.1,
            "rmsd_l_b": 4.502,
            "rmsd_u_b": 8.044
          },
          {
            "mode": 5,
            "affinity": -5.1,
            "rmsd_l_b": 4.544,
            "rmsd_u_b": 10.184
          },
          {
            "mode": 6,
            "affinity": -5.0,
            "rmsd_l_b": 5.888,
            "rmsd_u_b": 10.32
          },
          {
            "mode": 7,
            "affinity": -5.0,
            "rmsd_l_b": 4.988,
            "rmsd_u_b": 9.947
          },
          {
            "mode": 8,
            "affinity": -4.9,
            "rmsd_l_b": 4.966,
            "rmsd_u_b": 9.49
          },
          {
            "mode": 9,
            "affinity": -4.9,
            "rmsd_l_b": 3.998,
            "rmsd_u_b": 7.577
          }
        ]
      },
      {
        "run": 4,
        "seed": 482669,
        "average": {
          "affinity": -5.1,
          "rmsd_l_b": 4.329,
          "rmsd_u_b": 8.618
        },
        "modes": [
          {
            "mode": 1,
            "affinity": -5.6,
            "rmsd_l_b": 0.0,
            "rmsd_u_b": 0.0
          },
          {
            "mode": 2,
            "affinity": -5.2,
            "rmsd_l_b": 2.979,
            "rmsd_u_b": 8.523
          },
          {
            "mode": 3,
            "affinity": -5.2,
            "rmsd_l_b": 4.492,
            "rmsd_u_b": 10.158
          },
          {
            "mode": 4,
            "affinity": -5.1,
            "rmsd_l_b": 5.046,
            "rmsd_u_b": 8.457
          },
          {
            "mode": 5,
            "affinity": -5.0,
            "rmsd_l_b": 5.54,
            "rmsd_u_b": 10.411
          },
          {
            "mode": 6,
            "affinity": -5.0,
            "rmsd_l_b": 5.48,
            "rmsd_u_b": 10.402
          },
          {
            "mode": 7,
            "affinity": -5.0,
            "rmsd_l_b": 4.989,
            "rmsd_u_b": 9.496
          },
          {
            "mode": 8,
            "affinity": -4.9,
            "rmsd_l_b": 5.45,
            "rmsd_u_b": 10.27
          },
          {
            "mode": 9,
            "affinity": -4.9,
            "rmsd_l_b": 4.984,
            "rmsd_u_b": 9.848
          }
        ]
      },
      {
        "run": 5,
        "seed": 542012,
        "average": {
          "affinity": -5.144,
          "rmsd_l_b": 4.399,
          "rmsd_u_b": 8.217
        },
        "modes": [
          {
            "mode": 1,
            "affinity": -5.6,
            "rmsd_l_b": 0.0,
            "rmsd_u_b": 0.0
          },
          {
            "mode": 2,
            "affinity": -5.2,
            "rmsd_l_b": 1.064,
            "rmsd_u_b": 3.764
          },
          {
            "mode": 3,
            "affinity": -5.2,
            "rmsd_l_b": 3.013,
            "rmsd_u_b": 8.505
          },
          {
            "mode": 4,
            "affinity": -5.1,
            "rmsd_l_b": 4.555,
            "rmsd_u_b": 10.167
          },
          {
            "mode": 5,
            "affinity": -5.1,
            "rmsd_l_b": 8.186,
            "rmsd_u_b": 13.686
          },
          {
            "mode": 6,
            "affinity": -5.1,
            "rmsd_l_b": 4.754,
            "rmsd_u_b": 8.217
          },
          {
            "mode": 7,
            "affinity": -5.0,
            "rmsd_l_b": 8.909,
            "rmsd_u_b": 11.939
          },
          {
            "mode": 8,
            "affinity": -5.0,
            "rmsd_l_b": 5.041,
            "rmsd_u_b": 10.001
          },
          {
            "mode": 9,
            "affinity": -5.0,
            "rmsd_l_b": 4.065,
            "rmsd_u_b": 7.678
          }
        ]
      },
      {
        "run": 6,
        "seed": 831758,
        "average": {
          "affinity": -5.133,
          "rmsd_l_b": 4.153,
          "rmsd_u_b": 8.671
        },
        "modes": [
          {
            "mode": 1,
            "affinity": -5.6,
            "rmsd_l_b": 0.0,
            "rmsd_u_b": 0.0
          },
          {
            "mode": 2,
            "affinity": -5.3,
            "rmsd_l_b": 1.075,
            "rmsd_u_b": 3.77
          },
          {
            "mode": 3,
            "affinity": -5.2,
            "rmsd_l_b": 4.57,
            "rmsd_u_b": 10.174
          },
          {
            "mode": 4,
            "affinity": -5.1,
            "rmsd_l_b": 3.024,
            "rmsd_u_b": 8.539
          },
          {
            "mode": 5,
            "affinity": -5.1,
            "rmsd_l_b": 8.126,
            "rmsd_u_b": 13.609
          },
          {
            "mode": 6,
            "affinity": -5.0,
            "rmsd_l_b": 4.903,
            "rmsd_u_b": 9.894
          },
          {
            "mode": 7,
            "affinity": -5.0,
            "rmsd_l_b": 5.14,
            "rmsd_u_b": 10.016
          },
          {
            "mode": 8,
            "affinity": -5.0,
            "rmsd_l_b": 4.967,
            "rmsd_u_b": 10.385
          },
          {
            "mode": 9,
            "affinity": -4.9,
            "rmsd_l_b": 5.571,
            "rmsd_u_b": 11.649
          }
        ]
      },
      {
        "run": 7,
        "seed": 98691,
        "average": {
          "affinity": -5.078,
          "rmsd_l_b": 4.321,
          "rmsd_u_b": 7.947
        },
        "modes": [
          {
            "mode": 1,
            "affinity": -5.4,
            "rmsd_l_b": 0.0,
            "rmsd_u_b": 0.0
          },
          {
            "mode": 2,
            "affinity": -5.1,
            "rmsd_l_b": 2.51,
            "rmsd_u_b": 3.764
          },
          {
            "mode": 3,
            "affinity": -5.1,
            "rmsd_l_b": 4.168,
            "rmsd_u_b": 6.051
          },
          {
            "mode": 4,
            "affinity": -5.1,
            "rmsd_l_b": 4.735,
            "rmsd_u_b": 6.76
          },
          {
            "mode": 5,
            "affinity": -5.1,
            "rmsd_l_b": 3.97,
            "rmsd_u_b": 9.241
          },
          {
            "mode": 6,
            "affinity": -5.1,
            "rmsd_l_b": 6.673,
            "rmsd_u_b": 10.953
          },
          {
            "mode": 7,
            "affinity": -5.0,
            "rmsd_l_b": 5.124,
            "rmsd_u_b": 10.378
          },
          {
            "mode": 8,
            "affinity": -4.9,
            "rmsd_l_b": 8.988,
            "rmsd_u_b": 14.502
          },
          {
            "mode": 9,
            "affinity": -4.9,
            "rmsd_l_b": 2.723,
            "rmsd_u_b": 9.874
          }
        ]
      },
      {
        "run": 8,
        "seed": 682493,
        "average": {
          "affinity": -5.133,
          "rmsd_l_b": 3.753,
          "rmsd_u_b": 7.289
        },
        "modes": [
          {
            "mode": 1,
            "affinity": -5.6,
            "rmsd_l_b": 0.0,
            "rmsd_u_b": 0.0
          },
          {
            "mode": 2,
            "affinity": -5.3,
            "rmsd_l_b": 1.051,
            "rmsd_u_b": 3.788
          },
          {
            "mode": 3,
            "affinity": -5.2,
            "rmsd_l_b": 4.613,
            "rmsd_u_b": 7.368
          },
          {
            "mode": 4,
            "affinity": -5.2,
            "rmsd_l_b": 2.998,
            "rmsd_u_b": 8.496
          },
          {
            "mode": 5,
            "affinity": -5.1,
            "rmsd_l_b": 4.558,
            "rmsd_u_b": 10.162
          },
          {
            "mode": 6,
            "affinity": -5.0,
            "rmsd_l_b": 8.107,
            "rmsd_u_b": 13.607
          },
          {
            "mode": 7,
            "affinity": -5.0,
            "rmsd_l_b": 5.106,
            "rmsd_u_b": 10.0
          },
          {
            "mode": 8,
            "affinity": -4.9,
            "rmsd_l_b": 2.997,
            "rmsd_u_b": 4.916
          },
          {
            "mode": 9,
            "affinity": -4.9,
            "rmsd_l_b": 4.348,
            "rmsd_u_b": 7.265
          }
        ]
      },
      {
        "run": 9,
        "seed": 277755,
        "average": {
          "affinity": -5.011,
          "rmsd_l_b": 2.864,
          "rmsd_u_b": 6.806
        },
        "modes": [
          {
            "mode": 1,
            "affinity": -5.1,
            "rmsd_l_b": 0.0,
            "rmsd_u_b": 0.0
          },
          {
            "mode": 2,
            "affinity": -5.1,
            "rmsd_l_b": 2.826,
            "rmsd_u_b": 6.488
          },
          {
            "mode": 3,
            "affinity": -5.1,
            "rmsd_l_b": 4.901,
            "rmsd_u_b": 10.757
          },
          {
            "mode": 4,
            "affinity": -5.1,
            "rmsd_l_b": 0.756,
            "rmsd_u_b": 1.38
          },
          {
            "mode": 5,
            "affinity": -5.0,
            "rmsd_l_b": 3.777,
            "rmsd_u_b": 10.158
          },
          {
            "mode": 6,
            "affinity": -5.0,
            "rmsd_l_b": 2.61,
            "rmsd_u_b": 6.101
          },
          {
            "mode": 7,
            "affinity": -4.9,
            "rmsd_l_b": 3.562,
            "rmsd_u_b": 9.91
          },
          {
            "mode": 8,
            "affinity": -4.9,
            "rmsd_l_b": 4.43,
            "rmsd_u_b": 10.654
          },
          {
            "mode": 9,
            "affinity": -4.9,
            "rmsd_l_b": 2.913,
            "rmsd_u_b": 5.81
          }
        ]
      },
      {
        "run": 10,
        "seed": 124033,
        "average": {
          "affinity": -5.044,
          "rmsd_l_b": 4.478,
          "rmsd_u_b": 7.845
        },
        "modes": [
          {
            "mode": 1,
            "affinity": -5.6,
            "rmsd_l_b": 0.0,
            "rmsd_u_b": 0.0
          },
          {
            "mode": 2,
            "affinity": -5.1,
            "rmsd_l_b": 4.512,
            "rmsd_u_b": 10.168
          },
          {
            "mode": 3,
            "affinity": -5.1,
            "rmsd_l_b": 6.539,
            "rmsd_u_b": 10.47
          },
          {
            "mode": 4,
            "affinity": -5.0,
            "rmsd_l_b": 2.305,
            "rmsd_u_b": 3.383
          },
          {
            "mode": 5,
            "affinity": -5.0,
            "rmsd_l_b": 8.118,
            "rmsd_u_b": 13.614
          },
          {
            "mode": 6,
            "affinity": -4.9,
            "rmsd_l_b": 5.513,
            "rmsd_u_b": 10.303
          },
          {
            "mode": 7,
            "affinity": -4.9,
            "rmsd_l_b": 1.628,
            "rmsd_u_b": 2.173
          },
          {
            "mode": 8,
            "affinity": -4.9,
            "rmsd_l_b": 4.983,
            "rmsd_u_b": 9.979
          },
          {
            "mode": 9,
            "affinity": -4.9,
            "rmsd_l_b": 6.705,
            "rmsd_u_b": 10.514
          }
        ]
      },
      {
        "run": 11,
        "seed": 732702,
        "average": {
          "affinity": -5.044,
          "rmsd_l_b": 5.04,
          "rmsd_u_b": 8.904
        },
        "modes": [
          {
            "mode": 1,
            "affinity": -5.4,
            "rmsd_l_b": 0.0,
            "rmsd_u_b": 0.0
          },
          {
            "mode": 2,
            "affinity": -5.2,
            "rmsd_l_b": 4.154,
            "rmsd_u_b": 6.038
          },
          {
            "mode": 3,
            "affinity": -5.1,
            "rmsd_l_b": 4.014,
            "rmsd_u_b": 9.309
          },
          {
            "mode": 4,
            "affinity": -5.0,
            "rmsd_l_b": 6.728,
            "rmsd_u_b": 10.956
          },
          {
            "mode": 5,
            "affinity": -5.0,
            "rmsd_l_b": 5.191,
            "rmsd_u_b": 10.414
          },
          {
            "mode": 6,
            "affinity": -5.0,
            "rmsd_l_b": 5.046,
            "rmsd_u_b": 8.465
          },
          {
            "mode": 7,
            "affinity": -4.9,
            "rmsd_l_b": 5.495,
            "rmsd_u_b": 10.265
          },
          {
            "mode": 8,
            "affinity": -4.9,
            "rmsd_l_b": 9.015,
            "rmsd_u_b": 14.497
          },
          {
            "mode": 9,
            "affinity": -4.9,
            "rmsd_l_b": 5.721,
            "rmsd_u_b": 10.191
          }
        ]
      },
      {
        "run": 12,
        "seed": 570500,
        "average": {
          "affinity": -5.156,
          "rmsd_l_b": 3.275,
          "rmsd_u_b": 6.784
        },
        "modes": [
          {
            "mode": 1,
            "affinity": -5.6,
            "rmsd_l_b": 0.0,
            "rmsd_u_b": 0.0
          },
          {
            "mode": 2,
            "affinity": -5.3,
            "rmsd_l_b": 1.106,
            "rmsd_u_b": 3.74
          },
          {
            "mode": 3,
            "affinity": -5.1,
            "rmsd_l_b": 2.335,
            "rmsd_u_b": 3.199
          },
          {
            "mode": 4,
            "affinity": -5.1,
            "rmsd_l_b": 4.47,
            "rmsd_u_b": 10.174
          },
          {
            "mode": 5,
            "affinity": -5.1,
            "rmsd_l_b": 4.762,
            "rmsd_u_b": 10.136
          },
          {
            "mode": 6,
            "affinity": -5.1,
            "rmsd_l_b": 2.933,
            "rmsd_u_b": 8.489
          },
          {
            "mode": 7,
            "affinity": -5.1,
            "rmsd_l_b": 6.376,
            "rmsd_u_b": 10.433
          },
          {
            "mode": 8,
            "affinity": -5.0,
            "rmsd_l_b": 5.103,
            "rmsd_u_b": 9.981
          },
          {
            "mode": 9,
            "affinity": -5.0,
            "rmsd_l_b": 2.388,
            "rmsd_u_b": 4.904
          }
        ]
      },
      {
        "run": 13,
        "seed": 406324,
        "average": {
          "affinity": -5.122,
          "rmsd_l_b": 3.18,
          "rmsd_u_b": 5.803
        },
        "modes": [
          {
            "mode": 1,
            "affinity": -5.6,
            "rmsd_l_b": 0.0,
            "rmsd_u_b": 0.0
          },
          {
            "mode": 2,
            "affinity": -5.3,
            "rmsd_l_b": 1.153,
            "rmsd_u_b": 3.74
          },
          {
            "mode": 3,
            "affinity": -5.2,
            "rmsd_l_b": 2.131,
            "rmsd_u_b": 2.873
          },
          {
            "mode": 4,
            "affinity": -5.2,
            "rmsd_l_b": 5.015,
            "rmsd_u_b": 7.57
          },
          {
            "mode": 5,
            "affinity": -5.1,
            "rmsd_l_b": 4.508,
            "rmsd_u_b": 10.16
          },
          {
            "mode": 6,
            "affinity": -5.1,
            "rmsd_l_b": 5.143,
            "rmsd_u_b": 7.542
          },
          {
            "mode": 7,
            "affinity": -5.0,
            "rmsd_l_b": 4.927,
            "rmsd_u_b": 9.959
          },
          {
            "mode": 8,
            "affinity": -4.8,
            "rmsd_l_b": 3.894,
            "rmsd_u_b": 7.503
          },
          {
            "mode": 9,
            "affinity": -4.8,
            "rmsd_l_b": 1.848,
            "rmsd_u_b": 2.883
          }
        ]
      },
      {
        "run": 14,
        "seed": 27938,
        "average": {
          "affinity": -5.156,
          "rmsd_l_b": 4.852,
          "rmsd_u_b": 8.623
        },
        "modes": [
          {
            "mode": 1,
            "affinity": -5.6,
            "rmsd_l_b": 0.0,
            "rmsd_u_b": 0.0
          },
          {
            "mode": 2,
            "affinity": -5.5,
            "rmsd_l_b": 2.241,
            "rmsd_u_b": 3.195
          },
          {
            "mode": 3,
            "affinity": -5.2,
            "rmsd_l_b": 4.635,
            "rmsd_u_b": 8.132
          },
          {
            "mode": 4,
            "affinity": -5.1,
            "rmsd_l_b": 4.548,
            "rmsd_u_b": 10.168
          },
          {
            "mode": 5,
            "affinity": -5.1,
            "rmsd_l_b": 6.405,
            "rmsd_u_b": 10.419
          },
          {
            "mode": 6,
            "affinity": -5.0,
            "rmsd_l_b": 7.61,
            "rmsd_u_b": 12.671
          },
          {
            "mode": 7,
            "affinity": -5.0,
            "rmsd_l_b": 8.142,
            "rmsd_u_b": 13.605
          },
          {
            "mode": 8,
            "affinity": -5.0,
            "rmsd_l_b": 5.146,
            "rmsd_u_b": 9.985
          },
          {
            "mode": 9,
            "affinity": -4.9,
            "rmsd_l_b": 4.945,
            "rmsd_u_b": 9.432
          }
        ]
      },
      {
        "run": 15,
        "seed": 618817,
        "average": {
          "affinity": -4.611,
          "rmsd_l_b": 2.887,
          "rmsd_u_b": 7.591
        },
        "modes": [
          {
            "mode": 1,
            "affinity": -4.8,
            "rmsd_l_b": 0.0,
            "rmsd_u_b": 0.0
          },
          {
            "mode": 2,
            "affinity": -4.8,
            "rmsd_l_b": 3.76,
            "rmsd_u_b": 10.861
          },
          {
            "mode": 3,
            "affinity": -4.7,
            "rmsd_l_b": 4.049,
            "rmsd_u_b": 10.741
          },
          {
            "mode": 4,
            "affinity": -4.6,
            "rmsd_l_b": 1.832,
            "rmsd_u_b": 3.393
          },
          {
            "mode": 5,
            "affinity": -4.6,
            "rmsd_l_b": 6.155,
            "rmsd_u_b": 11.749
          },
          {
            "mode": 6,
            "affinity": -4.5,
            "rmsd_l_b": 2.889,
            "rmsd_u_b": 10.973
          },
          {
            "mode": 7,
            "affinity": -4.5,
            "rmsd_l_b": 1.703,
            "rmsd_u_b": 4.081
          },
          {
            "mode": 8,
            "affinity": -4.5,
            "rmsd_l_b": 2.712,
            "rmsd_u_b": 9.904
          },
          {
            "mode": 9,
            "affinity": -4.5,
            "rmsd_l_b": 2.883,
            "rmsd_u_b": 6.618
          }
        ]
      },
      {
        "run": 16,
        "seed": 21755,
        "average": {
          "affinity": -5.122,
          "rmsd_l_b": 4.547,
          "rmsd_u_b": 8.254
        },
        "modes": [
          {
            "mode": 1,
            "affinity": -5.6,
            "rmsd_l_b": 0.0,
            "rmsd_u_b": 0.0
          },
          {
            "mode": 2,
            "affinity": -5.5,
            "rmsd_l_b": 2.294,
            "rmsd_u_b": 3.272
          },
          {
            "mode": 3,
            "affinity": -5.2,
            "rmsd_l_b": 4.557,
            "rmsd_u_b": 10.173
          },
          {
            "mode": 4,
            "affinity": -5.1,
            "rmsd_l_b": 8.098,
            "rmsd_u_b": 13.58
          },
          {
            "mode": 5,
            "affinity": -5.0,
            "rmsd_l_b": 4.957,
            "rmsd_u_b": 9.925
          },
          {
            "mode": 6,
            "affinity": -5.0,
            "rmsd_l_b": 4.936,
            "rmsd_u_b": 7.236
          },
          {
            "mode": 7,
            "affinity": -4.9,
            "rmsd_l_b": 5.497,
            "rmsd_u_b": 10.279
          },
          {
            "mode": 8,
            "affinity": -4.9,
            "rmsd_l_b": 5.676,
            "rmsd_u_b": 10.39
          },
          {
            "mode": 9,
            "affinity": -4.9,
            "rmsd_l_b": 4.908,
            "rmsd_u_b": 9.433
          }
        ]
      },
      {
        "run": 17,
        "seed": 13323,
        "average": {
          "affinity": -4.256,
          "rmsd_l_b": 6.789,
          "rmsd_u_b": 9.895
        },
        "modes": [
          {
            "mode": 1,
            "affinity": -4.5,
            "rmsd_l_b": 0.0,
            "rmsd_u_b": 0.0
          },
          {
            "mode": 2,
            "affinity": -4.4,
            "rmsd_l_b": 1.954,
            "rmsd_u_b": 4.571
          },
          {
            "mode": 3,
            "affinity": -4.3,
            "rmsd_l_b": 8.567,
            "rmsd_u_b": 13.255
          },
          {
            "mode": 4,
            "affinity": -4.3,
            "rmsd_l_b": 10.063,
            "rmsd_u_b": 12.911
          },
          {
            "mode": 5,
            "affinity": -4.2,
            "rmsd_l_b": 7.961,
            "rmsd_u_b": 12.627
          },
          {
            "mode": 6,
            "affinity": -4.2,
            "rmsd_l_b": 6.166,
            "rmsd_u_b": 9.923
          },
          {
            "mode": 7,
            "affinity": -4.2,
            "rmsd_l_b": 10.094,
            "rmsd_u_b": 12.771
          },
          {
            "mode": 8,
            "affinity": -4.1,
            "rmsd_l_b": 10.759,
            "rmsd_u_b": 13.49
          },
          {
            "mode": 9,
            "affinity": -4.1,
            "rmsd_l_b": 5.535,
            "rmsd_u_b": 9.503
          }
        ]
      },
      {
        "run": 18,
        "seed": 730472,
        "average": {
          "affinity": -4.367,
          "rmsd_l_b": 4.751,
          "rmsd_u_b": 8.102
        },
        "modes": [
          {
            "mode": 1,
            "affinity": -4.5,
            "rmsd_l_b": 0.0,
            "rmsd_u_b": 0.0
          },
          {
            "mode": 2,
            "affinity": -4.5,
            "rmsd_l_b": 4.644,
            "rmsd_u_b": 9.679
          },
          {
            "mode": 3,
            "affinity": -4.5,
            "rmsd_l_b": 2.096,
            "rmsd_u_b": 4.619
          },
          {
            "mode": 4,
            "affinity": -4.4,
            "rmsd_l_b": 8.491,
            "rmsd_u_b": 13.407
          },
          {
            "mode": 5,
            "affinity": -4.3,
            "rmsd_l_b": 4.557,
            "rmsd_u_b": 9.372
          },
          {
            "mode": 6,
            "affinity": -4.3,
            "rmsd_l_b": 6.081,
            "rmsd_u_b": 9.954
          },
          {
            "mode": 7,
            "affinity": -4.3,
            "rmsd_l_b": 2.067,
            "rmsd_u_b": 4.433
          },
          {
            "mode": 8,
            "affinity": -4.3,
            "rmsd_l_b": 10.703,
            "rmsd_u_b": 13.478
          },
          {
            "mode": 9,
            "affinity": -4.2,
            "rmsd_l_b": 4.12,
            "rmsd_u_b": 7.977
          }
        ]
      },
      {
        "run": 19,
        "seed": 630428,
        "average": {
          "affinity": -5.144,
          "rmsd_l_b": 4.418,
          "rmsd_u_b": 8.093
        },
        "modes": [
          {
            "mode": 1,
            "affinity": -5.6,
            "rmsd_l_b": 0.0,
            "rmsd_u_b": 0.0
          },
          {
            "mode": 2,
            "affinity": -5.3,
            "rmsd_l_b": 1.196,
            "rmsd_u_b": 3.791
          },
          {
            "mode": 3,
            "affinity": -5.2,
            "rmsd_l_b": 4.465,
            "rmsd_u_b": 7.172
          },
          {
            "mode": 4,
            "affinity": -5.2,
            "rmsd_l_b": 2.976,
            "rmsd_u_b": 8.507
          },
          {
            "mode": 5,
            "affinity": -5.1,
            "rmsd_l_b": 4.589,
            "rmsd_u_b": 10.191
          },
          {
            "mode": 6,
            "affinity": -5.0,
            "rmsd_l_b": 8.115,
            "rmsd_u_b": 13.597
          },
          {
            "mode": 7,
            "affinity": -5.0,
            "rmsd_l_b": 6.847,
            "rmsd_u_b": 9.014
          },
          {
            "mode": 8,
            "affinity": -5.0,
            "rmsd_l_b": 6.493,
            "rmsd_u_b": 10.514
          },
          {
            "mode": 9,
            "affinity": -4.9,
            "rmsd_l_b": 5.077,
            "rmsd_u_b": 10.049
          }
        ]
      },
      {
        "run": 20,
        "seed": 7913,
        "average": {
          "affinity": -5.1,
          "rmsd_l_b": 4.892,
          "rmsd_u_b": 8.635
        },
        "modes": [
          {
            "mode": 1,
            "affinity": -5.6,
            "rmsd_l_b": 0.0,
            "rmsd_u_b": 0.0
          },
          {
            "mode": 2,
            "affinity": -5.3,
            "rmsd_l_b": 4.651,
            "rmsd_u_b": 7.209
          },
          {
            "mode": 3,
            "affinity": -5.1,
            "rmsd_l_b": 4.562,
            "rmsd_u_b": 10.176
          },
          {
            "mode": 4,
            "affinity": -5.1,
            "rmsd_l_b": 4.649,
            "rmsd_u_b": 8.117
          },
          {
            "mode": 5,
            "affinity": -5.1,
            "rmsd_l_b": 8.863,
            "rmsd_u_b": 11.891
          },
          {
            "mode": 6,
            "affinity": -5.0,
            "rmsd_l_b": 5.098,
            "rmsd_u_b": 10.004
          },
          {
            "mode": 7,
            "affinity": -4.9,
            "rmsd_l_b": 4.899,
            "rmsd_u_b": 9.717
          },
          {
            "mode": 8,
            "affinity": -4.9,
            "rmsd_l_b": 5.48,
            "rmsd_u_b": 10.205
          },
          {
            "mode": 9,
            "affinity": -4.9,
            "rmsd_l_b": 5.822,
            "rmsd_u_b": 10.395
          }
        ]
      }
    ]
  }
}