{
  "rmsd": 3.629,
  "rmsd_method": "C-alpha coordinates",
  "rmsd_tool": "BioPython",
  "docking": {
    "average_affinity": -4.915,
    "runs": [
      {
        "run": 1,
        "seed": 698781,
        "average": {
          "affinity": -4.933,
          "rmsd_l_b": 2.806,
          "rmsd_u_b": 4.824
        },
        "modes": [
          {
            "mode": 1,
            "affinity": -5.3,
            "rmsd_l_b": 0.0,
            "rmsd_u_b": 0.0
          },
          {
            "mode": 2,
            "affinity": -5.0,
            "rmsd_l_b": 2.709,
            "rmsd_u_b": 4.002
          },
          {
            "mode": 3,
            "affinity": -5.0,
            "rmsd_l_b": 3.523,
            "rmsd_u_b": 6.588
          },
          {
            "mode": 4,
            "affinity": -5.0,
            "rmsd_l_b": 1.012,
            "rmsd_u_b": 1.845
          },
          {
            "mode": 5,
            "affinity": -5.0,
            "rmsd_l_b": 3.614,
            "rmsd_u_b": 6.577
          },
          {
            "mode": 6,
            "affinity": -4.9,
            "rmsd_l_b": 3.49,
            "rmsd_u_b": 6.558
          },
          {
            "mode": 7,
            "affinity": -4.8,
            "rmsd_l_b": 3.673,
            "rmsd_u_b": 6.685
          },
          {
            "mode": 8,
            "affinity": -4.7,
            "rmsd_l_b": 2.012,
            "rmsd_u_b": 2.371
          },
          {
            "mode": 9,
            "affinity": -4.7,
            "rmsd_l_b": 5.224,
            "rmsd_u_b": 8.793
          }
        ]
      },
      {
        "run": 2,
        "seed": 703903,
        "average": {
          "affinity": -4.9,
          "rmsd_l_b": 2.925,
          "rmsd_u_b": 4.876
        },
        "modes": [
          {
            "mode": 1,
            "affinity": -5.3,
            "rmsd_l_b": 0.0,
            "rmsd_u_b": 0.0
          },
          {
            "mode": 2,
            "affinity": -5.0,
            "rmsd_l_b": 1.136,
            "rmsd_u_b": 1.915
          },
          {
            "mode": 3,
            "affinity": -5.0,
            "rmsd_l_b": 3.667,
            "rmsd_u_b": 6.592
          },
          {
            "mode": 4,
            "affinity": -5.0,
            "rmsd_l_b": 3.497,
            "rmsd_u_b": 6.544
          },
          {
            "mode": 5,
            "affinity": -5.0,
            "rmsd_l_b": 3.505,
            "rmsd_u_b": 6.537
          },
          {
            "mode": 6,
            "affinity": -4.9,
            "rmsd_l_b": 3.558,
            "rmsd_u_b": 6.622
          },
          {
            "mode": 7,
            "affinity": -4.7,
            "rmsd_l_b": 5.86,
            "rmsd_u_b": 8.618
          },
          {
            "mode": 8,
            "affinity": -4.6,
            "rmsd_l_b": 2.791,
            "rmsd_u_b": 4.056
          },
          {
            "mode": 9,
            "affinity": -4.6,
            "rmsd_l_b": 2.307,
            "rmsd_u_b": 3.004
          }
        ]
      },
      {
        "run": 3,
        "seed": 265890,
        "average": {
          "affinity": -4.844,
          "rmsd_l_b": 2.838,
          "rmsd_u_b": 4.588
        },
        "modes": [
          {
            "mode": 1,
            "affinity": -5.3,
            "rmsd_l_b": 0.0,
            "rmsd_u_b": 0.0
          },
          {
            "mode": 2,
            "affinity": -5.0,
            "rmsd_l_b": 3.672,
            "rmsd_u_b": 6.605
          },
          {
            "mode": 3,
            "affinity": -5.0,
            "rmsd_l_b": 1.033,
            "rmsd_u_b": 1.859
          },
          {
            "mode": 4,
            "affinity": -4.9,
            "rmsd_l_b": 3.487,
            "rmsd_u_b": 6.564
          },
          {
            "mode": 5,
            "affinity": -4.8,
            "rmsd_l_b": 3.71,
            "rmsd_u_b": 6.696
          },
          {
            "mode": 6,
            "affinity": -4.7,
            "rmsd_l_b": 2.477,
            "rmsd_u_b": 3.234
          },
          {
            "mode": 7,
            "affinity": -4.7,
            "rmsd_l_b": 2.058,
            "rmsd_u_b": 2.46
          },
          {
            "mode": 8,
            "affinity": -4.6,
            "rmsd_l_b": 6.305,
            "rmsd_u_b": 9.944
          },
          {
            "mode": 9,
            "affinity": -4.6,
            "rmsd_l_b": 2.799,
            "rmsd_u_b": 3.929
          }
        ]
      },
      {
        "run": 4,
        "seed": 550384,
        "average": {
          "affinity": -4.878,
          "rmsd_l_b": 3.198,
          "rmsd_u_b": 5.49
        },
        "modes": [
          {
            "mode": 1,
            "affinity": -5.3,
            "rmsd_l_b": 0.0,
            "rmsd_u_b": 0.0
          },
          {
            "mode": 2,
            "affinity": -5.1,
            "rmsd_l_b": 2.77,
            "rmsd_u_b": 4.091
          },
          {
            "mode": 3,
            "affinity": -5.0,
            "rmsd_l_b": 3.657,
            "rmsd_u_b": 6.598
          },
          {
            "mode": 4,
            "affinity": -5.0,
            "rmsd_l_b": 3.492,
            "rmsd_u_b": 6.566
          },
          {
            "mode": 5,
            "affinity": -4.9,
            "rmsd_l_b": 3.561,
            "rmsd_u_b": 6.638
          },
          {
            "mode": 6,
            "affinity": -4.8,
            "rmsd_l_b": 3.594,
            "rmsd_u_b": 6.636
          },
          {
            "mode": 7,
            "affinity": -4.7,
            "rmsd_l_b": 2.48,
            "rmsd_u_b": 3.237
          },
          {
            "mode": 8,
            "affinity": -4.6,
            "rmsd_l_b": 5.489,
            "rmsd_u_b": 8.537
          },
          {
            "mode": 9,
            "affinity": -4.5,
            "rmsd_l_b": 3.736,
            "rmsd_u_b": 7.108
          }
        ]
      },
      {
        "run": 5,
        "seed": 993871,
        "average": {
          "affinity": -4.933,
          "rmsd_l_b": 3.128,
          "rmsd_u_b": 5.371
        },
        "modes": [
          {
            "mode": 1,
            "affinity": -5.2,
            "rmsd_l_b": 0.0,
            "rmsd_u_b": 0.0
          },
          {
            "mode": 2,
            "affinity": -5.0,
            "rmsd_l_b": 1.116,
            "rmsd_u_b": 1.906
          },
          {
            "mode": 3,
            "affinity": -5.0,
            "rmsd_l_b": 2.784,
            "rmsd_u_b": 4.133
          },
          {
            "mode": 4,
            "affinity": -5.0,
            "rmsd_l_b": 3.637,
            "rmsd_u_b": 6.588
          },
          {
            "mode": 5,
            "affinity": -5.0,
            "rmsd_l_b": 3.486,
            "rmsd_u_b": 6.556
          },
          {
            "mode": 6,
            "affinity": -4.9,
            "rmsd_l_b": 3.49,
            "rmsd_u_b": 6.54
          },
          {
            "mode": 7,
            "affinity": -4.8,
            "rmsd_l_b": 3.548,
            "rmsd_u_b": 6.624
          },
          {
            "mode": 8,
            "affinity": -4.8,
            "rmsd_l_b": 6.483,
            "rmsd_u_b": 9.267
          },
          {
            "mode": 9,
            "affinity": -4.7,
            "rmsd_l_b": 3.605,
            "rmsd_u_b": 6.721
          }
        ]
      },
      {
        "run": 6,
        "seed": 978568,
        "average": {
          "affinity": -4.944,
          "rmsd_l_b": 3.071,
          "rmsd_u_b": 5.127
        },
        "modes": [
          {
            "mode": 1,
            "affinity": -5.3,
            "rmsd_l_b": 0.0,
            "rmsd_u_b": 0.0
          },
          {
            "mode": 2,
            "affinity": -5.1,
            "rmsd_l_b": 2.928,
            "rmsd_u_b": 4.344
          },
          {
            "mode": 3,
            "affinity": -5.0,
            "rmsd_l_b": 3.643,
            "rmsd_u_b": 6.603
          },
          {
            "mode": 4,
            "affinity": -5.0,
            "rmsd_l_b": 3.478,
            "rmsd_u_b": 6.507
          },
          {
            "mode": 5,
            "affinity": -5.0,
            "rmsd_l_b": 3.5,
            "rmsd_u_b": 6.541
          },
          {
            "mode": 6,
            "affinity": -4.9,
            "rmsd_l_b": 1.114,
            "rmsd_u_b": 1.901
          },
          {
            "mode": 7,
            "affinity": -4.8,
            "rmsd_l_b": 1.492,
            "rmsd_u_b": 2.294
          },
          {
            "mode": 8,
            "affinity": -4.7,
            "rmsd_l_b": 6.241,
            "rmsd_u_b": 9.146
          },
          {
            "mode": 9,
            "affinity": -4.7,
            "rmsd_l_b": 5.244,
            "rmsd_u_b": 8.81
          }
        ]
      },
      {
        "run": 7,
        "seed": 870018,
        "average": {
          "affinity": -5.011,
          "rmsd_l_b": 3.184,
          "rmsd_u_b": 5.158
        },
        "modes": [
          {
            "mode": 1,
            "affinity": -5.3,
            "rmsd_l_b": 0.0,
            "rmsd_u_b": 0.0
          },
          {
            "mode": 2,
            "affinity": -5.1,
            "rmsd_l_b": 3.06,
            "rmsd_u_b": 4.574
          },
          {
            "mode": 3,
            "affinity": -5.1,
            "rmsd_l_b": 1.118,
            "rmsd_u_b": 1.901
          },
          {
            "mode": 4,
            "affinity": -5.0,
            "rmsd_l_b": 3.131,
            "rmsd_u_b": 4.587
          },
          {
            "mode": 5,
            "affinity": -5.0,
            "rmsd_l_b": 3.509,
            "rmsd_u_b": 6.522
          },
          {
            "mode": 6,
            "affinity": -5.0,
            "rmsd_l_b": 3.63,
            "rmsd_u_b": 6.603
          },
          {
            "mode": 7,
            "affinity": -5.0,
            "rmsd_l_b": 3.488,
            "rmsd_u_b": 6.557
          },
          {
            "mode": 8,
            "affinity": -4.8,
            "rmsd_l_b": 3.574,
            "rmsd_u_b": 6.625
          },
          {
            "mode": 9,
            "affinity": -4.8,
            "rmsd_l_b": 7.145,
            "rmsd_u_b": 9.053
          }
        ]
      },
      {
        "run": 8,
        "seed": 161730,
        "average": {
          "affinity": -4.956,
          "rmsd_l_b": 3.304,
          "rmsd_u_b": 5.34
        },
        "modes": [
          {
            "mode": 1,
            "affinity": -5.3,
            "rmsd_l_b": 0.0,
            "rmsd_u_b": 0.0
          },
          {
            "mode": 2,
            "affinity": -5.1,
            "rmsd_l_b": 2.778,
            "rmsd_u_b": 4.105
          },
          {
            "mode": 3,
            "affinity": -5.0,
            "rmsd_l_b": 3.65,
            "rmsd_u_b": 6.605
          },
          {
            "mode": 4,
            "affinity": -5.0,
            "rmsd_l_b": 3.496,
            "rmsd_u_b": 6.528
          },
          {
            "mode": 5,
            "affinity": -5.0,
            "rmsd_l_b": 1.161,
            "rmsd_u_b": 1.929
          },
          {
            "mode": 6,
            "affinity": -5.0,
            "rmsd_l_b": 3.483,
            "rmsd_u_b": 6.556
          },
          {
            "mode": 7,
            "affinity": -4.8,
            "rmsd_l_b": 6.331,
            "rmsd_u_b": 9.184
          },
          {
            "mode": 8,
            "affinity": -4.7,
            "rmsd_l_b": 2.949,
            "rmsd_u_b": 4.53
          },
          {
            "mode": 9,
            "affinity": -4.7,
            "rmsd_l_b": 5.891,
            "rmsd_u_b": 8.62
          }
        ]
      },
      {
        "run": 9,
        "seed": 83996,
        "average": {
          "affinity": -4.822,
          "rmsd_l_b": 3.903,
          "rmsd_u_b": 6.482
        },
        "modes": [
          {
            "mode": 1,
            "affinity": -5.3,
            "rmsd_l_b": 0.0,
            "rmsd_u_b": 0.0
          },
          {
            "mode": 2,
            "affinity": -5.0,
            "rmsd_l_b": 3.659,
            "rmsd_u_b": 6.599
          },
          {
            "mode": 3,
            "affinity": -5.0,
            "rmsd_l_b": 3.496,
            "rmsd_u_b": 6.534
          },
          {
            "mode": 4,
            "affinity": -4.8,
            "rmsd_l_b": 3.707,
            "rmsd_u_b": 6.739
          },
          {
            "mode": 5,
            "affinity": -4.7,
            "rmsd_l_b": 6.337,
            "rmsd_u_b": 9.193
          },
          {
            "mode": 6,
            "affinity": -4.7,
            "rmsd_l_b": 5.267,
            "rmsd_u_b": 8.837
          },
          {
            "mode": 7,
            "affinity": -4.7,
            "rmsd_l_b": 2.57,
            "rmsd_u_b": 3.367
          },
          {
            "mode": 8,
            "affinity": -4.6,
            "rmsd_l_b": 6.278,
            "rmsd_u_b": 9.919
          },
          {
            "mode": 9,
            "affinity": -4.6,
            "rmsd_l_b": 3.809,
            "rmsd_u_b": 7.15
          }
        ]
      },
      {
        "run": 10,
        "seed": 162882,
        "average": {
          "affinity": -4.911,
          "rmsd_l_b": 3.139,
          "rmsd_u_b": 5.329
        },
        "modes": [
          {
            "mode": 1,
            "affinity": -5.3,
            "rmsd_l_b": 0.0,
            "rmsd_u_b": 0.0
          },
          {
            "mode": 2,
            "affinity": -5.1,
            "rmsd_l_b": 2.807,
            "rmsd_u_b": 4.151
          },
          {
            "mode": 3,
            "affinity": -5.0,
            "rmsd_l_b": 3.497,
            "rmsd_u_b": 6.54
          },
          {
            "mode": 4,
            "affinity": -5.0,
            "rmsd_l_b": 3.485,
            "rmsd_u_b": 6.553
          },
          {
            "mode": 5,
            "affinity": -4.9,
            "rmsd_l_b": 3.631,
            "rmsd_u_b": 6.584
          },
          {
            "mode": 6,
            "affinity": -4.8,
            "rmsd_l_b": 3.606,
            "rmsd_u_b": 6.613
          },
          {
            "mode": 7,
            "affinity": -4.7,
            "rmsd_l_b": 5.259,
            "rmsd_u_b": 8.833
          },
          {
            "mode": 8,
            "affinity": -4.7,
            "rmsd_l_b": 3.507,
            "rmsd_u_b": 5.466
          },
          {
            "mode": 9,
            "affinity": -4.7,
            "rmsd_l_b": 2.46,
            "rmsd_u_b": 3.217
          }
        ]
      },
      {
        "run": 11,
        "seed": 370340,
        "average": {
          "affinity": -4.911,
          "rmsd_l_b": 3.291,
          "rmsd_u_b": 5.639
        },
        "modes": [
          {
            "mode": 1,
            "affinity": -5.3,
            "rmsd_l_b": 0.0,
            "rmsd_u_b": 0.0
          },
          {
            "mode": 2,
            "affinity": -5.1,
            "rmsd_l_b": 2.945,
            "rmsd_u_b": 4.397
          },
          {
            "mode": 3,
            "affinity": -5.0,
            "rmsd_l_b": 3.667,
            "rmsd_u_b": 6.605
          },
          {
            "mode": 4,
            "affinity": -5.0,
            "rmsd_l_b": 3.503,
            "rmsd_u_b": 6.518
          },
          {
            "mode": 5,
            "affinity": -5.0,
            "rmsd_l_b": 3.488,
            "rmsd_u_b": 6.555
          },
          {
            "mode": 6,
            "affinity": -4.8,
            "rmsd_l_b": 3.617,
            "rmsd_u_b": 6.661
          },
          {
            "mode": 7,
            "affinity": -4.7,
            "rmsd_l_b": 2.468,
            "rmsd_u_b": 3.225
          },
          {
            "mode": 8,
            "affinity": -4.7,
            "rmsd_l_b": 3.711,
            "rmsd_u_b": 6.891
          },
          {
            "mode": 9,
            "affinity": -4.6,
            "rmsd_l_b": 6.224,
            "rmsd_u_b": 9.897
          }
        ]
      },
      {
        "run": 12,
        "seed": 810469,
        "average": {
          "affinity": -4.944,
          "rmsd_l_b": 3.444,
          "rmsd_u_b": 5.799
        },
        "modes": [
          {
            "mode": 1,
            "affinity": -5.3,
            "rmsd_l_b": 0.0,
            "rmsd_u_b": 0.0
          },
          {
            "mode": 2,
            "affinity": -5.1,
            "rmsd_l_b": 2.788,
            "rmsd_u_b": 4.131
          },
          {
            "mode": 3,
            "affinity": -5.0,
            "rmsd_l_b": 3.498,
            "rmsd_u_b": 6.531
          },
          {
            "mode": 4,
            "affinity": -5.0,
            "rmsd_l_b": 3.462,
            "rmsd_u_b": 5.132
          },
          {
            "mode": 5,
            "affinity": -5.0,
            "rmsd_l_b": 3.495,
            "rmsd_u_b": 6.539
          },
          {
            "mode": 6,
            "affinity": -4.9,
            "rmsd_l_b": 3.598,
            "rmsd_u_b": 6.57
          },
          {
            "mode": 7,
            "affinity": -4.8,
            "rmsd_l_b": 3.672,
            "rmsd_u_b": 6.694
          },
          {
            "mode": 8,
            "affinity": -4.7,
            "rmsd_l_b": 6.616,
            "rmsd_u_b": 9.521
          },
          {
            "mode": 9,
            "affinity": -4.7,
            "rmsd_l_b": 3.866,
            "rmsd_u_b": 7.075
          }
        ]
      },
      {
        "run": 13,
        "seed": 474303,
        "average": {
          "affinity": -4.911,
          "rmsd_l_b": 3.067,
          "rmsd_u_b": 5.233
        },
        "modes": [
          {
            "mode": 1,
            "affinity": -5.3,
            "rmsd_l_b": 0.0,
            "rmsd_u_b": 0.0
          },
          {
            "mode": 2,
            "affinity": -5.1,
            "rmsd_l_b": 2.891,
            "rmsd_u_b": 4.299
          },
          {
            "mode": 3,
            "affinity": -5.0,
            "rmsd_l_b": 3.506,
            "rmsd_u_b": 6.55
          },
          {
            "mode": 4,
            "affinity": -5.0,
            "rmsd_l_b": 3.631,
            "rmsd_u_b": 6.6
          },
          {
            "mode": 5,
            "affinity": -4.9,
            "rmsd_l_b": 3.495,
            "rmsd_u_b": 6.56
          },
          {
            "mode": 6,
            "affinity": -4.8,
            "rmsd_l_b": 3.6,
            "rmsd_u_b": 6.647
          },
          {
            "mode": 7,
            "affinity": -4.7,
            "rmsd_l_b": 5.032,
            "rmsd_u_b": 8.59
          },
          {
            "mode": 8,
            "affinity": -4.7,
            "rmsd_l_b": 2.944,
            "rmsd_u_b": 4.58
          },
          {
            "mode": 9,
            "affinity": -4.7,
            "rmsd_l_b": 2.505,
            "rmsd_u_b": 3.269
          }
        ]
      },
      {
        "run": 14,
        "seed": 829753,
        "average": {
          "affinity": -4.9,
          "rmsd_l_b": 2.756,
          "rmsd_u_b": 4.644
        },
        "modes": [
          {
            "mode": 1,
            "affinity": -5.3,
            "rmsd_l_b": 0.0,
            "rmsd_u_b": 0.0
          },
          {
            "mode": 2,
            "affinity": -5.1,
            "rmsd_l_b": 2.806,
            "rmsd_u_b": 4.151
          },
          {
            "mode": 3,
            "affinity": -5.0,
            "rmsd_l_b": 3.641,
            "rmsd_u_b": 6.596
          },
          {
            "mode": 4,
            "affinity": -5.0,
            "rmsd_l_b": 3.494,
            "rmsd_u_b": 6.563
          },
          {
            "mode": 5,
            "affinity": -4.9,
            "rmsd_l_b": 3.568,
            "rmsd_u_b": 6.627
          },
          {
            "mode": 6,
            "affinity": -4.7,
            "rmsd_l_b": 2.513,
            "rmsd_u_b": 3.289
          },
          {
            "mode": 7,
            "affinity": -4.7,
            "rmsd_l_b": 2.397,
            "rmsd_u_b": 2.955
          },
          {
            "mode": 8,
            "affinity": -4.7,
            "rmsd_l_b": 3.001,
            "rmsd_u_b": 4.646
          },
          {
            "mode": 9,
            "affinity": -4.7,
            "rmsd_l_b": 3.382,
            "rmsd_u_b": 6.97
          }
        ]
      },
      {
        "run": 15,
        "seed": 308966,
        "average": {
          "affinity": -4.889,
          "rmsd_l_b": 3.549,
          "rmsd_u_b": 5.736
        },
        "modes": [
          {
            "mode": 1,
            "affinity": -5.3,
            "rmsd_l_b": 0.0,
            "rmsd_u_b": 0.0
          },
          {
            "mode": 2,
            "affinity": -5.1,
            "rmsd_l_b": 2.825,
            "rmsd_u_b": 4.178
          },
          {
            "mode": 3,
            "affinity": -5.0,
            "rmsd_l_b": 3.659,
            "rmsd_u_b": 6.614
          },
          {
            "mode": 4,
            "affinity": -5.0,
            "rmsd_l_b": 3.51,
            "rmsd_u_b": 6.543
          },
          {
            "mode": 5,
            "affinity": -4.9,
            "rmsd_l_b": 3.483,
            "rmsd_u_b": 6.558
          },
          {
            "mode": 6,
            "affinity": -4.8,
            "rmsd_l_b": 3.676,
            "rmsd_u_b": 6.687
          },
          {
            "mode": 7,
            "affinity": -4.7,
            "rmsd_l_b": 6.301,
            "rmsd_u_b": 9.942
          },
          {
            "mode": 8,
            "affinity": -4.6,
            "rmsd_l_b": 1.326,
            "rmsd_u_b": 2.044
          },
          {
            "mode": 9,
            "affinity": -4.6,
            "rmsd_l_b": 7.157,
            "rmsd_u_b": 9.055
          }
        ]
      },
      {
        "run": 16,
        "seed": 29489,
        "average": {
          "affinity": -4.922,
          "rmsd_l_b": 3.453,
          "rmsd_u_b": 5.752
        },
        "modes": [
          {
            "mode": 1,
            "affinity": -5.3,
            "rmsd_l_b": 0.0,
            "rmsd_u_b": 0.0
          },
          {
            "mode": 2,
            "affinity": -5.1,
            "rmsd_l_b": 3.374,
            "rmsd_u_b": 4.941
          },
          {
            "mode": 3,
            "affinity": -5.0,
            "rmsd_l_b": 3.647,
            "rmsd_u_b": 6.591
          },
          {
            "mode": 4,
            "affinity": -5.0,
            "rmsd_l_b": 3.49,
            "rmsd_u_b": 6.542
          },
          {
            "mode": 5,
            "affinity": -5.0,
            "rmsd_l_b": 3.489,
            "rmsd_u_b": 6.563
          },
          {
            "mode": 6,
            "affinity": -4.8,
            "rmsd_l_b": 3.664,
            "rmsd_u_b": 6.665
          },
          {
            "mode": 7,
            "affinity": -4.7,
            "rmsd_l_b": 2.44,
            "rmsd_u_b": 3.182
          },
          {
            "mode": 8,
            "affinity": -4.7,
            "rmsd_l_b": 5.017,
            "rmsd_u_b": 8.567
          },
          {
            "mode": 9,
            "affinity": -4.7,
            "rmsd_l_b": 5.952,
            "rmsd_u_b": 8.717
          }
        ]
      },
      {
        "run": 17,
        "seed": 217272,
        "average": {
          "affinity": -4.944,
          "rmsd_l_b": 3.054,
          "rmsd_u_b": 5.073
        },
        "modes": [
          {
            "mode": 1,
            "affinity": -5.3,
            "rmsd_l_b": 0.0,
            "rmsd_u_b": 0.0
          },
          {
            "mode": 2,
            "affinity": -5.1,
            "rmsd_l_b": 1.103,
            "rmsd_u_b": 1.899
          },
          {
            "mode": 3,
            "affinity": -5.0,
            "rmsd_l_b": 3.492,
            "rmsd_u_b": 6.543
          },
          {
            "mode": 4,
            "affinity": -5.0,
            "rmsd_l_b": 2.638,
            "rmsd_u_b": 3.89
          },
          {
            "mode": 5,
            "affinity": -5.0,
            "rmsd_l_b": 3.471,
            "rmsd_u_b": 6.55
          },
          {
            "mode": 6,
            "affinity": -4.9,
            "rmsd_l_b": 3.839,
            "rmsd_u_b": 6.579
          },
          {
            "mode": 7,
            "affinity": -4.8,
            "rmsd_l_b": 3.695,
            "rmsd_u_b": 6.726
          },
          {
            "mode": 8,
            "affinity": -4.7,
            "rmsd_l_b": 6.314,
            "rmsd_u_b": 9.218
          },
          {
            "mode": 9,
            "affinity": -4.7,
            "rmsd_l_b": 2.93,
            "rmsd_u_b": 4.252
          }
        ]
      },
      {
        "run": 18,
        "seed": 434792,
        "average": {
          "affinity": -4.956,
          "rmsd_l_b": 2.963,
          "rmsd_u_b": 4.958
        },
        "modes": [
          {
            "mode": 1,
            "affinity": -5.3,
            "rmsd_l_b": 0.0,
            "rmsd_u_b": 0.0
          },
          {
            "mode": 2,
            "affinity": -5.1,
            "rmsd_l_b": 1.144,
            "rmsd_u_b": 1.913
          },
          {
            "mode": 3,
            "affinity": -5.1,
            "rmsd_l_b": 2.822,
            "rmsd_u_b": 4.166
          },
          {
            "mode": 4,
            "affinity": -5.0,
            "rmsd_l_b": 3.663,
            "rmsd_u_b": 6.591
          },
          {
            "mode": 5,
            "affinity": -5.0,
            "rmsd_l_b": 3.493,
            "rmsd_u_b": 6.552
          },
          {
            "mode": 6,
            "affinity": -5.0,
            "rmsd_l_b": 3.495,
            "rmsd_u_b": 6.565
          },
          {
            "mode": 7,
            "affinity": -4.9,
            "rmsd_l_b": 3.549,
            "rmsd_u_b": 6.625
          },
          {
            "mode": 8,
            "affinity": -4.6,
            "rmsd_l_b": 5.839,
            "rmsd_u_b": 8.47
          },
          {
            "mode": 9,
            "affinity": -4.6,
            "rmsd_l_b": 2.663,
            "rmsd_u_b": 3.737
          }
        ]
      },
      {
        "run": 19,
        "seed": 991862,
        "average": {
          "affinity": -4.922,
          "rmsd_l_b": 3.122,
          "rmsd_u_b": 5.235
        },
        "modes": [
          {
            "mode": 1,
            "affinity": -5.3,
            "rmsd_l_b": 0.0,
            "rmsd_u_b": 0.0
          },
          {
            "mode": 2,
            "affinity": -5.1,
            "rmsd_l_b": 3.047,
            "rmsd_u_b": 4.554
          },
          {
            "mode": 3,
            "affinity": -5.0,
            "rmsd_l_b": 1.101,
            "rmsd_u_b": 1.898
          },
          {
            "mode": 4,
            "affinity": -5.0,
            "rmsd_l_b": 3.656,
            "rmsd_u_b": 6.585
          },
          {
            "mode": 5,
            "affinity": -4.9,
            "rmsd_l_b": 3.495,
            "rmsd_u_b": 6.569
          },
          {
            "mode": 6,
            "affinity": -4.8,
            "rmsd_l_b": 3.672,
            "rmsd_u_b": 6.682
          },
          {
            "mode": 7,
            "affinity": -4.8,
            "rmsd_l_b": 6.384,
            "rmsd_u_b": 9.167
          },
          {
            "mode": 8,
            "affinity": -4.7,
            "rmsd_l_b": 3.722,
            "rmsd_u_b": 6.955
          },
          {
            "mode": 9,
            "affinity": -4.7,
            "rmsd_l_b": 3.023,
            "rmsd_u_b": 4.704
          }
        ]
      },
      {
        "run": 20,
        "seed": 387911,
        "average": {
          "affinity": -4.867,
          "rmsd_l_b": 3.491,
          "rmsd_u_b": 6.06
        },
        "modes": [
          {
            "mode": 1,
            "affinity": -5.3,
            "rmsd_l_b": 0.0,
            "rmsd_u_b": 0.0
          },
          {
            "mode": 2,
            "affinity": -5.0,
            "rmsd_l_b": 3.642,
            "rmsd_u_b": 6.589
          },
          {
            "mode": 3,
            "affinity": -5.0,
            "rmsd_l_b": 3.52,
            "rmsd_u_b": 6.563
          },
          {
            "mode": 4,
            "affinity": -5.0,
            "rmsd_l_b": 3.488,
            "rmsd_u_b": 6.542
          },
          {
            "mode": 5,
            "affinity": -4.8,
            "rmsd_l_b": 3.598,
            "rmsd_u_b": 6.629
          },
          {
            "mode": 6,
            "affinity": -4.7,
            "rmsd_l_b": 3.588,
            "rmsd_u_b": 6.67
          },
          {
            "mode": 7,
            "affinity": -4.7,
            "rmsd_l_b": 3.008,
            "rmsd_u_b": 4.489
          },
          {
            "mode": 8,
            "affinity": -4.7,
            "rmsd_l_b": 5.016,
            "rmsd_u_b": 8.576
          },
          {
            "mode": 9,
            "affinity": -4.6,
            "rmsd_l_b": 5.555,
            "rmsd_u_b": 8.478
          }
        ]
      }
    ]
  }
}