{
  "rmsd": 1.71,
  "rmsd_method": "C-alpha coordinates",
  "rmsd_tool": "BioPython",
  "docking": {
    "average_affinity": -3.508,
    "runs": [
      {
        "run": 1,
        "seed": 676241,
        "average": {
          "affinity": -3.478,
          "rmsd_l_b": 2.268,
          "rmsd_u_b": 4.569
        },
        "modes": [
          {
            "mode": 1,
            "affinity": -3.7,
            "rmsd_l_b": 0.0,
            "rmsd_u_b": 0.0
          },
          {
            "mode": 2,
            "affinity": -3.5,
            "rmsd_l_b": 2.326,
            "rmsd_u_b": 3.189
          },
          {
            "mode": 3,
            "affinity": -3.5,
            "rmsd_l_b": 3.037,
            "rmsd_u_b": 7.099
          },
          {
            "mode": 4,
            "affinity": -3.5,
            "rmsd_l_b": 2.118,
            "rmsd_u_b": 3.176
          },
          {
            "mode": 5,
            "affinity": -3.5,
            "rmsd_l_b": 1.831,
            "rmsd_u_b": 2.159
          },
          {
            "mode": 6,
            "affinity": -3.4,
            "rmsd_l_b": 2.586,
            "rmsd_u_b": 7.113
          },
          {
            "mode": 7,
            "affinity": -3.4,
            "rmsd_l_b": 4.961,
            "rmsd_u_b": 9.308
          },
          {
            "mode": 8,
            "affinity": -3.4,
            "rmsd_l_b": 1.258,
            "rmsd_u_b": 2.229
          },
          {
            "mode": 9,
            "affinity": -3.4,
            "rmsd_l_b": 2.298,
            "rmsd_u_b": 6.852
          }
        ]
      },
      {
        "run": 2,
        "seed": 624478,
        "average": {
          "affinity": -3.5,
          "rmsd_l_b": 2.509,
          "rmsd_u_b": 5.088
        },
        "modes": [
          {
            "mode": 1,
            "affinity": -3.7,
            "rmsd_l_b": 0.0,
            "rmsd_u_b": 0.0
          },
          {
            "mode": 2,
            "affinity": -3.6,
            "rmsd_l_b": 2.703,
            "rmsd_u_b": 6.977
          },
          {
            "mode": 3,
            "affinity": -3.5,
            "rmsd_l_b": 4.776,
            "rmsd_u_b": 8.856
          },
          {
            "mode": 4,
            "affinity": -3.5,
            "rmsd_l_b": 2.67,
            "rmsd_u_b": 6.875
          },
          {
            "mode": 5,
            "affinity": -3.5,
            "rmsd_l_b": 2.616,
            "rmsd_u_b": 7.467
          },
          {
            "mode": 6,
            "affinity": -3.5,
            "rmsd_l_b": 1.989,
            "rmsd_u_b": 2.939
          },
          {
            "mode": 7,
            "affinity": -3.4,
            "rmsd_l_b": 3.66,
            "rmsd_u_b": 7.413
          },
          {
            "mode": 8,
            "affinity": -3.4,
            "rmsd_l_b": 1.655,
            "rmsd_u_b": 1.915
          },
          {
            "mode": 9,
            "affinity": -3.4,
            "rmsd_l_b": 2.515,
            "rmsd_u_b": 3.346
          }
        ]
      },
      {
        "run": 3,
        "seed": 725880,
        "average": {
          "affinity": -4.067,
          "rmsd_l_b": 4.302,
          "rmsd_u_b": 6.795
        },
        "modes": [
          {
            "mode": 1,
            "affinity": -4.2,
            "rmsd_l_b": 0.0,
            "rmsd_u_b": 0.0
          },
          {
            "mode": 2,
            "affinity": -4.2,
            "rmsd_l_b": 5.589,
            "rmsd_u_b": 8.803
          },
          {
            "mode": 3,
            "affinity": -4.2,
            "rmsd_l_b": 5.093,
            "rmsd_u_b": 8.944
          },
          {
            "mode": 4,
            "affinity": -4.1,
            "rmsd_l_b": 3.945,
            "rmsd_u_b": 8.18
          },
          {
            "mode": 5,
            "affinity": -4.0,
            "rmsd_l_b": 4.804,
            "rmsd_u_b": 6.57
          },
          {
            "mode": 6,
            "affinity": -4.0,
            "rmsd_l_b": 6.346,
            "rmsd_u_b": 9.802
          },
          {
            "mode": 7,
            "affinity": -4.0,
            "rmsd_l_b": 5.256,
            "rmsd_u_b": 8.275
          },
          {
            "mode": 8,
            "affinity": -4.0,
            "rmsd_l_b": 4.515,
            "rmsd_u_b": 5.944
          },
          {
            "mode": 9,
            "affinity": -3.9,
            "rmsd_l_b": 3.172,
            "rmsd_u_b": 4.64
          }
        ]
      },
      {
        "run": 4,
        "seed": 520129,
        "average": {
          "affinity": -3.544,
          "rmsd_l_b": 2.415,
          "rmsd_u_b": 5.053
        },
        "modes": [
          {
            "mode": 1,
            "affinity": -3.7,
            "rmsd_l_b": 0.0,
            "rmsd_u_b": 0.0
          },
          {
            "mode": 2,
            "affinity": -3.7,
            "rmsd_l_b": 2.214,
            "rmsd_u_b": 3.34
          },
          {
            "mode": 3,
            "affinity": -3.7,
            "rmsd_l_b": 1.411,
            "rmsd_u_b": 1.874
          },
          {
            "mode": 4,
            "affinity": -3.6,
            "rmsd_l_b": 4.483,
            "rmsd_u_b": 9.032
          },
          {
            "mode": 5,
            "affinity": -3.5,
            "rmsd_l_b": 2.984,
            "rmsd_u_b": 7.186
          },
          {
            "mode": 6,
            "affinity": -3.5,
            "rmsd_l_b": 2.588,
            "rmsd_u_b": 7.556
          },
          {
            "mode": 7,
            "affinity": -3.4,
            "rmsd_l_b": 2.731,
            "rmsd_u_b": 6.993
          },
          {
            "mode": 8,
            "affinity": -3.4,
            "rmsd_l_b": 1.872,
            "rmsd_u_b": 2.404
          },
          {
            "mode": 9,
            "affinity": -3.4,
            "rmsd_l_b": 3.449,
            "rmsd_u_b": 7.089
          }
        ]
      },
      {
        "run": 5,
        "seed": 353686,
        "average": {
          "affinity": -3.5,
          "rmsd_l_b": 2.331,
          "rmsd_u_b": 4.328
        },
        "modes": [
          {
            "mode": 1,
            "affinity": -3.7,
            "rmsd_l_b": 0.0,
            "rmsd_u_b": 0.0
          },
          {
            "mode": 2,
            "affinity": -3.5,
            "rmsd_l_b": 1.435,
            "rmsd_u_b": 2.018
          },
          {
            "mode": 3,
            "affinity": -3.5,
            "rmsd_l_b": 2.213,
            "rmsd_u_b": 2.62
          },
          {
            "mode": 4,
            "affinity": -3.5,
            "rmsd_l_b": 2.225,
            "rmsd_u_b": 3.186
          },
          {
            "mode": 5,
            "affinity": -3.5,
            "rmsd_l_b": 2.885,
            "rmsd_u_b": 4.213
          },
          {
            "mode": 6,
            "affinity": -3.5,
            "rmsd_l_b": 4.681,
            "rmsd_u_b": 9.233
          },
          {
            "mode": 7,
            "affinity": -3.5,
            "rmsd_l_b": 2.962,
            "rmsd_u_b": 6.963
          },
          {
            "mode": 8,
            "affinity": -3.4,
            "rmsd_l_b": 2.527,
            "rmsd_u_b": 7.492
          },
          {
            "mode": 9,
            "affinity": -3.4,
            "rmsd_l_b": 2.047,
            "rmsd_u_b": 3.227
          }
        ]
      },
      {
        "run": 6,
        "seed": 408447,
        "average": {
          "affinity": -3.478,
          "rmsd_l_b": 2.253,
          "rmsd_u_b": 4.968
        },
        "modes": [
          {
            "mode": 1,
            "affinity": -3.6,
            "rmsd_l_b": 0.0,
            "rmsd_u_b": 0.0
          },
          {
            "mode": 2,
            "affinity": -3.6,
            "rmsd_l_b": 1.456,
            "rmsd_u_b": 2.013
          },
          {
            "mode": 3,
            "affinity": -3.5,
            "rmsd_l_b": 3.721,
            "rmsd_u_b": 7.531
          },
          {
            "mode": 4,
            "affinity": -3.5,
            "rmsd_l_b": 2.912,
            "rmsd_u_b": 7.101
          },
          {
            "mode": 5,
            "affinity": -3.5,
            "rmsd_l_b": 2.289,
            "rmsd_u_b": 3.595
          },
          {
            "mode": 6,
            "affinity": -3.4,
            "rmsd_l_b": 2.245,
            "rmsd_u_b": 7.039
          },
          {
            "mode": 7,
            "affinity": -3.4,
            "rmsd_l_b": 2.621,
            "rmsd_u_b": 7.108
          },
          {
            "mode": 8,
            "affinity": -3.4,
            "rmsd_l_b": 2.204,
            "rmsd_u_b": 2.727
          },
          {
            "mode": 9,
            "affinity": -3.4,
            "rmsd_l_b": 2.833,
            "rmsd_u_b": 7.6
          }
        ]
      },
      {
        "run": 7,
        "seed": 224906,
        "average": {
          "affinity": -3.533,
          "rmsd_l_b": 2.184,
          "rmsd_u_b": 4.555
        },
        "modes": [
          {
            "mode": 1,
            "affinity": -3.7,
            "rmsd_l_b": 0.0,
            "rmsd_u_b": 0.0
          },
          {
            "mode": 2,
            "affinity": -3.6,
            "rmsd_l_b": 2.564,
            "rmsd_u_b": 7.488
          },
          {
            "mode": 3,
            "affinity": -3.6,
            "rmsd_l_b": 2.025,
            "rmsd_u_b": 3.093
          },
          {
            "mode": 4,
            "affinity": -3.5,
            "rmsd_l_b": 1.599,
            "rmsd_u_b": 2.04
          },
          {
            "mode": 5,
            "affinity": -3.5,
            "rmsd_l_b": 2.496,
            "rmsd_u_b": 7.039
          },
          {
            "mode": 6,
            "affinity": -3.5,
            "rmsd_l_b": 2.683,
            "rmsd_u_b": 7.103
          },
          {
            "mode": 7,
            "affinity": -3.5,
            "rmsd_l_b": 4.335,
            "rmsd_u_b": 8.993
          },
          {
            "mode": 8,
            "affinity": -3.5,
            "rmsd_l_b": 1.881,
            "rmsd_u_b": 2.833
          },
          {
            "mode": 9,
            "affinity": -3.4,
            "rmsd_l_b": 2.076,
            "rmsd_u_b": 2.409
          }
        ]
      },
      {
        "run": 8,
        "seed": 824963,
        "average": {
          "affinity": -3.467,
          "rmsd_l_b": 2.072,
          "rmsd_u_b": 3.814
        },
        "modes": [
          {
            "mode": 1,
            "affinity": -3.7,
            "rmsd_l_b": 0.0,
            "rmsd_u_b": 0.0
          },
          {
            "mode": 2,
            "affinity": -3.6,
            "rmsd_l_b": 0.942,
            "rmsd_u_b": 1.342
          },
          {
            "mode": 3,
            "affinity": -3.5,
            "rmsd_l_b": 2.222,
            "rmsd_u_b": 3.28
          },
          {
            "mode": 4,
            "affinity": -3.5,
            "rmsd_l_b": 2.337,
            "rmsd_u_b": 3.751
          },
          {
            "mode": 5,
            "affinity": -3.4,
            "rmsd_l_b": 3.358,
            "rmsd_u_b": 7.309
          },
          {
            "mode": 6,
            "affinity": -3.4,
            "rmsd_l_b": 2.075,
            "rmsd_u_b": 2.43
          },
          {
            "mode": 7,
            "affinity": -3.4,
            "rmsd_l_b": 2.449,
            "rmsd_u_b": 3.372
          },
          {
            "mode": 8,
            "affinity": -3.4,
            "rmsd_l_b": 2.593,
            "rmsd_u_b": 7.547
          },
          {
            "mode": 9,
            "affinity": -3.3,
            "rmsd_l_b": 2.676,
            "rmsd_u_b": 5.294
          }
        ]
      },
      {
        "run": 9,
        "seed": 390152,
        "average": {
          "affinity": -3.5,
          "rmsd_l_b": 2.266,
          "rmsd_u_b": 4.412
        },
        "modes": [
          {
            "mode": 1,
            "affinity": -3.6,
            "rmsd_l_b": 0.0,
            "rmsd_u_b": 0.0
          },
          {
            "mode": 2,
            "affinity": -3.6,
            "rmsd_l_b": 2.216,
            "rmsd_u_b": 3.387
          },
          {
            "mode": 3,
            "affinity": -3.6,
            "rmsd_l_b": 1.091,
            "rmsd_u_b": 1.555
          },
          {
            "mode": 4,
            "affinity": -3.6,
            "rmsd_l_b": 2.754,
            "rmsd_u_b": 6.791
          },
          {
            "mode": 5,
            "affinity": -3.5,
            "rmsd_l_b": 2.545,
            "rmsd_u_b": 7.5
          },
          {
            "mode": 6,
            "affinity": -3.5,
            "rmsd_l_b": 4.489,
            "rmsd_u_b": 9.151
          },
          {
            "mode": 7,
            "affinity": -3.4,
            "rmsd_l_b": 2.393,
            "rmsd_u_b": 3.412
          },
          {
            "mode": 8,
            "affinity": -3.4,
            "rmsd_l_b": 2.205,
            "rmsd_u_b": 2.607
          },
          {
            "mode": 9,
            "affinity": -3.3,
            "rmsd_l_b": 2.698,
            "rmsd_u_b": 5.303
          }
        ]
      },
      {
        "run": 10,
        "seed": 927467,
        "average": {
          "affinity": -3.222,
          "rmsd_l_b": 2.741,
          "rmsd_u_b": 5.333
        },
        "modes": [
          {
            "mode": 1,
            "affinity": -3.4,
            "rmsd_l_b": 0.0,
            "rmsd_u_b": 0.0
          },
          {
            "mode": 2,
            "affinity": -3.4,
            "rmsd_l_b": 2.714,
            "rmsd_u_b": 3.99
          },
          {
            "mode": 3,
            "affinity": -3.3,
            "rmsd_l_b": 2.26,
            "rmsd_u_b": 3.368
          },
          {
            "mode": 4,
            "affinity": -3.2,
            "rmsd_l_b": 3.781,
            "rmsd_u_b": 5.346
          },
          {
            "mode": 5,
            "affinity": -3.2,
            "rmsd_l_b": 2.264,
            "rmsd_u_b": 3.925
          },
          {
            "mode": 6,
            "affinity": -3.2,
            "rmsd_l_b": 2.093,
            "rmsd_u_b": 7.063
          },
          {
            "mode": 7,
            "affinity": -3.1,
            "rmsd_l_b": 7.147,
            "rmsd_u_b": 10.243
          },
          {
            "mode": 8,
            "affinity": -3.1,
            "rmsd_l_b": 2.001,
            "rmsd_u_b": 6.416
          },
          {
            "mode": 9,
            "affinity": -3.1,
            "rmsd_l_b": 2.405,
            "rmsd_u_b": 7.647
          }
        ]
      },
      {
        "run": 11,
        "seed": 109428,
        "average": {
          "affinity": -3.478,
          "rmsd_l_b": 2.895,
          "rmsd_u_b": 4.725
        },
        "modes": [
          {
            "mode": 1,
            "affinity": -3.7,
            "rmsd_l_b": 0.0,
            "rmsd_u_b": 0.0
          },
          {
            "mode": 2,
            "affinity": -3.6,
            "rmsd_l_b": 2.606,
            "rmsd_u_b": 7.52
          },
          {
            "mode": 3,
            "affinity": -3.5,
            "rmsd_l_b": 2.177,
            "rmsd_u_b": 3.256
          },
          {
            "mode": 4,
            "affinity": -3.5,
            "rmsd_l_b": 2.411,
            "rmsd_u_b": 3.2
          },
          {
            "mode": 5,
            "affinity": -3.4,
            "rmsd_l_b": 1.541,
            "rmsd_u_b": 2.061
          },
          {
            "mode": 6,
            "affinity": -3.4,
            "rmsd_l_b": 2.068,
            "rmsd_u_b": 3.168
          },
          {
            "mode": 7,
            "affinity": -3.4,
            "rmsd_l_b": 2.254,
            "rmsd_u_b": 3.375
          },
          {
            "mode": 8,
            "affinity": -3.4,
            "rmsd_l_b": 4.671,
            "rmsd_u_b": 8.801
          },
          {
            "mode": 9,
            "affinity": -3.4,
            "rmsd_l_b": 8.328,
            "rmsd_u_b": 11.143
          }
        ]
      },
      {
        "run": 12,
        "seed": 743540,
        "average": {
          "affinity": -3.378,
          "rmsd_l_b": 2.499,
          "rmsd_u_b": 5.515
        },
        "modes": [
          {
            "mode": 1,
            "affinity": -3.5,
            "rmsd_l_b": 0.0,
            "rmsd_u_b": 0.0
          },
          {
            "mode": 2,
            "affinity": -3.5,
            "rmsd_l_b": 4.688,
            "rmsd_u_b": 8.061
          },
          {
            "mode": 3,
            "affinity": -3.5,
            "rmsd_l_b": 2.931,
            "rmsd_u_b": 6.969
          },
          {
            "mode": 4,
            "affinity": -3.4,
            "rmsd_l_b": 3.074,
            "rmsd_u_b": 6.769
          },
          {
            "mode": 5,
            "affinity": -3.4,
            "rmsd_l_b": 2.081,
            "rmsd_u_b": 6.702
          },
          {
            "mode": 6,
            "affinity": -3.3,
            "rmsd_l_b": 2.809,
            "rmsd_u_b": 7.345
          },
          {
            "mode": 7,
            "affinity": -3.3,
            "rmsd_l_b": 2.465,
            "rmsd_u_b": 3.144
          },
          {
            "mode": 8,
            "affinity": -3.3,
            "rmsd_l_b": 2.15,
            "rmsd_u_b": 6.877
          },
          {
            "mode": 9,
            "affinity": -3.2,
            "rmsd_l_b": 2.29,
            "rmsd_u_b": 3.766
          }
        ]
      },
      {
        "run": 13,
        "seed": 949662,
        "average": {
          "affinity": -3.333,
          "rmsd_l_b": 2.675,
          "rmsd_u_b": 5.779
        },
        "modes": [
          {
            "mode": 1,
            "affinity": -3.5,
            "rmsd_l_b": 0.0,
            "rmsd_u_b": 0.0
          },
          {
            "mode": 2,
            "affinity": -3.5,
            "rmsd_l_b": 2.952,
            "rmsd_u_b": 6.979
          },
          {
            "mode": 3,
            "affinity": -3.4,
            "rmsd_l_b": 2.051,
            "rmsd_u_b": 6.616
          },
          {
            "mode": 4,
            "affinity": -3.3,
            "rmsd_l_b": 3.923,
            "rmsd_u_b": 7.542
          },
          {
            "mode": 5,
            "affinity": -3.3,
            "rmsd_l_b": 3.762,
            "rmsd_u_b": 8.148
          },
          {
            "mode": 6,
            "affinity": -3.3,
            "rmsd_l_b": 2.439,
            "rmsd_u_b": 4.47
          },
          {
            "mode": 7,
            "affinity": -3.3,
            "rmsd_l_b": 2.308,
            "rmsd_u_b": 3.815
          },
          {
            "mode": 8,
            "affinity": -3.2,
            "rmsd_l_b": 3.755,
            "rmsd_u_b": 7.105
          },
          {
            "mode": 9,
            "affinity": -3.2,
            "rmsd_l_b": 2.889,
            "rmsd_u_b": 7.338
          }
        ]
      },
      {
        "run": 14,
        "seed": 32788,
        "average": {
          "affinity": -3.244,
          "rmsd_l_b": 2.551,
          "rmsd_u_b": 4.756
        },
        "modes": [
          {
            "mode": 1,
            "affinity": -3.4,
            "rmsd_l_b": 0.0,
            "rmsd_u_b": 0.0
          },
          {
            "mode": 2,
            "affinity": -3.3,
            "rmsd_l_b": 1.92,
            "rmsd_u_b": 6.45
          },
          {
            "mode": 3,
            "affinity": -3.3,
            "rmsd_l_b": 2.574,
            "rmsd_u_b": 3.704
          },
          {
            "mode": 4,
            "affinity": -3.2,
            "rmsd_l_b": 3.597,
            "rmsd_u_b": 8.143
          },
          {
            "mode": 5,
            "affinity": -3.2,
            "rmsd_l_b": 3.029,
            "rmsd_u_b": 4.341
          },
          {
            "mode": 6,
            "affinity": -3.2,
            "rmsd_l_b": 2.284,
            "rmsd_u_b": 4.002
          },
          {
            "mode": 7,
            "affinity": -3.2,
            "rmsd_l_b": 2.105,
            "rmsd_u_b": 2.959
          },
          {
            "mode": 8,
            "affinity": -3.2,
            "rmsd_l_b": 3.831,
            "rmsd_u_b": 5.633
          },
          {
            "mode": 9,
            "affinity": -3.2,
            "rmsd_l_b": 3.619,
            "rmsd_u_b": 7.568
          }
        ]
      },
      {
        "run": 15,
        "seed": 458783,
        "average": {
          "affinity": -4.122,
          "rmsd_l_b": 4.351,
          "rmsd_u_b": 6.98
        },
        "modes": [
          {
            "mode": 1,
            "affinity": -4.3,
            "rmsd_l_b": 0.0,
            "rmsd_u_b": 0.0
          },
          {
            "mode": 2,
            "affinity": -4.2,
            "rmsd_l_b": 4.937,
            "rmsd_u_b": 8.915
          },
          {
            "mode": 3,
            "affinity": -4.2,
            "rmsd_l_b": 3.627,
            "rmsd_u_b": 5.428
          },
          {
            "mode": 4,
            "affinity": -4.1,
            "rmsd_l_b": 4.723,
            "rmsd_u_b": 5.936
          },
          {
            "mode": 5,
            "affinity": -4.1,
            "rmsd_l_b": 4.322,
            "rmsd_u_b": 8.483
          },
          {
            "mode": 6,
            "affinity": -4.1,
            "rmsd_l_b": 5.408,
            "rmsd_u_b": 8.867
          },
          {
            "mode": 7,
            "affinity": -4.1,
            "rmsd_l_b": 6.025,
            "rmsd_u_b": 10.138
          },
          {
            "mode": 8,
            "affinity": -4.0,
            "rmsd_l_b": 4.858,
            "rmsd_u_b": 8.228
          },
          {
            "mode": 9,
            "affinity": -4.0,
            "rmsd_l_b": 5.256,
            "rmsd_u_b": 6.828
          }
        ]
      },
      {
        "run": 16,
        "seed": 200938,
        "average": {
          "affinity": -3.533,
          "rmsd_l_b": 2.306,
          "rmsd_u_b": 4.313
        },
        "modes": [
          {
            "mode": 1,
            "affinity": -3.7,
            "rmsd_l_b": 0.0,
            "rmsd_u_b": 0.0
          },
          {
            "mode": 2,
            "affinity": -3.7,
            "rmsd_l_b": 1.376,
            "rmsd_u_b": 1.93
          },
          {
            "mode": 3,
            "affinity": -3.5,
            "rmsd_l_b": 4.944,
            "rmsd_u_b": 8.995
          },
          {
            "mode": 4,
            "affinity": -3.5,
            "rmsd_l_b": 2.118,
            "rmsd_u_b": 3.105
          },
          {
            "mode": 5,
            "affinity": -3.5,
            "rmsd_l_b": 2.146,
            "rmsd_u_b": 2.519
          },
          {
            "mode": 6,
            "affinity": -3.5,
            "rmsd_l_b": 2.842,
            "rmsd_u_b": 7.125
          },
          {
            "mode": 7,
            "affinity": -3.5,
            "rmsd_l_b": 2.257,
            "rmsd_u_b": 3.539
          },
          {
            "mode": 8,
            "affinity": -3.5,
            "rmsd_l_b": 2.612,
            "rmsd_u_b": 7.584
          },
          {
            "mode": 9,
            "affinity": -3.4,
            "rmsd_l_b": 2.462,
            "rmsd_u_b": 4.024
          }
        ]
      },
      {
        "run": 17,
        "seed": 978226,
        "average": {
          "affinity": -3.389,
          "rmsd_l_b": 2.348,
          "rmsd_u_b": 4.192
        },
        "modes": [
          {
            "mode": 1,
            "affinity": -3.5,
            "rmsd_l_b": 0.0,
            "rmsd_u_b": 0.0
          },
          {
            "mode": 2,
            "affinity": -3.5,
            "rmsd_l_b": 1.486,
            "rmsd_u_b": 2.095
          },
          {
            "mode": 3,
            "affinity": -3.5,
            "rmsd_l_b": 2.584,
            "rmsd_u_b": 3.843
          },
          {
            "mode": 4,
            "affinity": -3.4,
            "rmsd_l_b": 2.903,
            "rmsd_u_b": 4.293
          },
          {
            "mode": 5,
            "affinity": -3.4,
            "rmsd_l_b": 3.269,
            "rmsd_u_b": 6.96
          },
          {
            "mode": 6,
            "affinity": -3.4,
            "rmsd_l_b": 3.709,
            "rmsd_u_b": 7.567
          },
          {
            "mode": 7,
            "affinity": -3.3,
            "rmsd_l_b": 2.256,
            "rmsd_u_b": 3.103
          },
          {
            "mode": 8,
            "affinity": -3.3,
            "rmsd_l_b": 2.83,
            "rmsd_u_b": 7.247
          },
          {
            "mode": 9,
            "affinity": -3.2,
            "rmsd_l_b": 2.097,
            "rmsd_u_b": 2.618
          }
        ]
      },
      {
        "run": 18,
        "seed": 358383,
        "average": {
          "affinity": -3.456,
          "rmsd_l_b": 2.208,
          "rmsd_u_b": 4.871
        },
        "modes": [
          {
            "mode": 1,
            "affinity": -3.5,
            "rmsd_l_b": 0.0,
            "rmsd_u_b": 0.0
          },
          {
            "mode": 2,
            "affinity": -3.5,
            "rmsd_l_b": 2.226,
            "rmsd_u_b": 6.793
          },
          {
            "mode": 3,
            "affinity": -3.5,
            "rmsd_l_b": 2.577,
            "rmsd_u_b": 7.432
          },
          {
            "mode": 4,
            "affinity": -3.5,
            "rmsd_l_b": 2.183,
            "rmsd_u_b": 3.186
          },
          {
            "mode": 5,
            "affinity": -3.5,
            "rmsd_l_b": 1.815,
            "rmsd_u_b": 3.301
          },
          {
            "mode": 6,
            "affinity": -3.4,
            "rmsd_l_b": 2.566,
            "rmsd_u_b": 7.445
          },
          {
            "mode": 7,
            "affinity": -3.4,
            "rmsd_l_b": 3.336,
            "rmsd_u_b": 8.076
          },
          {
            "mode": 8,
            "affinity": -3.4,
            "rmsd_l_b": 2.207,
            "rmsd_u_b": 3.465
          },
          {
            "mode": 9,
            "affinity": -3.4,
            "rmsd_l_b": 2.96,
            "rmsd_u_b": 4.142
          }
        ]
      },
      {
        "run": 19,
        "seed": 795710,
        "average": {
          "affinity": -3.567,
          "rmsd_l_b": 2.314,
          "rmsd_u_b": 5.075
        },
        "modes": [
          {
            "mode": 1,
            "affinity": -3.7,
            "rmsd_l_b": 0.0,
            "rmsd_u_b": 0.0
          },
          {
            "mode": 2,
            "affinity": -3.6,
            "rmsd_l_b": 2.544,
            "rmsd_u_b": 4.857
          },
          {
            "mode": 3,
            "affinity": -3.6,
            "rmsd_l_b": 2.218,
            "rmsd_u_b": 4.303
          },
          {
            "mode": 4,
            "affinity": -3.6,
            "rmsd_l_b": 3.215,
            "rmsd_u_b": 6.749
          },
          {
            "mode": 5,
            "affinity": -3.6,
            "rmsd_l_b": 2.403,
            "rmsd_u_b": 6.266
          },
          {
            "mode": 6,
            "affinity": -3.5,
            "rmsd_l_b": 2.51,
            "rmsd_u_b": 3.137
          },
          {
            "mode": 7,
            "affinity": -3.5,
            "rmsd_l_b": 3.15,
            "rmsd_u_b": 7.058
          },
          {
            "mode": 8,
            "affinity": -3.5,
            "rmsd_l_b": 2.644,
            "rmsd_u_b": 6.474
          },
          {
            "mode": 9,
            "affinity": -3.5,
            "rmsd_l_b": 2.139,
            "rmsd_u_b": 6.83
          }
        ]
      },
      {
        "run": 20,
        "seed": 360184,
        "average": {
          "affinity": -3.378,
          "rmsd_l_b": 2.206,
          "rmsd_u_b": 3.92
        },
        "modes": [
          {
            "mode": 1,
            "affinity": -3.5,
            "rmsd_l_b": 0.0,
            "rmsd_u_b": 0.0
          },
          {
            "mode": 2,
            "affinity": -3.5,
            "rmsd_l_b": 3.282,
            "rmsd_u_b": 6.815
          },
          {
            "mode": 3,
            "affinity": -3.4,
            "rmsd_l_b": 1.458,
            "rmsd_u_b": 1.973
          },
          {
            "mode": 4,
            "affinity": -3.4,
            "rmsd_l_b": 2.105,
            "rmsd_u_b": 2.561
          },
          {
            "mode": 5,
            "affinity": -3.4,
            "rmsd_l_b": 1.987,
            "rmsd_u_b": 2.745
          },
          {
            "mode": 6,
            "affinity": -3.4,
            "rmsd_l_b": 2.875,
            "rmsd_u_b": 4.212
          },
          {
            "mode": 7,
            "affinity": -3.3,
            "rmsd_l_b": 2.65,
            "rmsd_u_b": 7.495
          },
          {
            "mode": 8,
            "affinity": -3.3,
            "rmsd_l_b": 2.239,
            "rmsd_u_b": 2.87
          },
          {
            "mode": 9,
            "affinity": -3.2,
            "rmsd_l_b": 3.254,
            "rmsd_u_b": 6.608
          }
        ]
      }
    ]
  }
}